ID	OPC	CUSPS
1	26.25	3
2	17.25	1
3	20.375	1
4	31.0	1
5	15.5	1
6	29.25	1
7	17.5	1
8	36.0	1
9	22.75	1
10	25.0	1
11	37.0	1
12	21.75	1
13	41.125	1
14	43.5	1
15	20.125	3
16	23.125	1
17	14.0	1
18	22.375	2
19	16.75	1
20	34.875	1
21	23.0	1
22	49.25	1
23	31.375	1
24	19.25	2
25	25.25	3
26	24.125	3
27	25.125	1
28	32.25	1
29	19.25	1
30	23.125	1
31	15.0	1
32	26.75	2
33	34.5	1
34	25.375	1
35	15.25	2
36	22.75	1
37	90.25	1
38	33.375	1
39	28.375	1
40	16.5	1
41	22.875	1
42	28.25	3
43	16.875	1
44	33.5	1
45	21.0	1
46	30.75	1
47	34.25	3
48	24.75	2
49	30.375	2
50	23.0	2
51	27.25	1
52	32.0	4
53	16.75	1
54	39.5	2
55	30.5	2
56	25.375	1
57	21.75	1
58	20.5	3
59	37.0	1
60	29.0	2
61	20.75	1
62	19.625	2
63	23.375	2
64	23.375	2
65	39.125	1
66	48.125	2
67	29.375	1
68	34.0	1
69	20.625	1
70	53.0	1
71	17.5	1
72	23.5	2
73	41.5	1
74	17.125	1
75	19.25	1
76	31.0	3
77	23.0	1
78	27.5	1
80	16.5	1
81	31.75	1
82	31.625	3
83	20.625	1
84	27.0	1
85	22.625	1
86	22.0	3
87	23.25	1
88	20.375	1
89	37.75	1
90	29.0	3
91	33.75	2
92	23.5	3
93	17.25	1
94	23.75	3
95	29.375	1
97	25.0	1
98	19.75	2
99	38.875	1
100	24.875	2
101	34.0	1
102	17.75	1
103	46.0	1
104	26.625	1
105	27.0	1
106	41.125	1
107	28.25	1
108	24.125	1
109	27.0	2
110	143.5	1
111	20.25	2
112	29.375	1
113	30.0	3
114	24.375	3
115	19.75	1
116	19.75	1
117	31.25	1
118	28.25	1
119	33.375	3
120	18.25	1
121	27.75	3
122	20.25	1
123	69.625	2
124	24.0	1
125	20.0	2
126	22.25	3
127	26.125	1
128	31.375	1
129	24.0	1
130	22.0	3
131	22.875	1
132	34.75	2
133	30.25	2
134	22.75	2
135	22.125	1
136	35.25	2
137	28.0	1
138	19.25	3
139	29.25	2
140	33.125	2
141	24.375	2
142	34.125	1
143	25.625	1
144	22.5	3
145	24.375	1
146	60.875	1
147	22.5	2
148	26.5	1
149	35.5	1
150	17.625	1
151	28.5	2
152	26.375	1
153	23.5	1
154	25.25	3
155	19.5	1
156	17.0	1
157	40.75	1
158	29.0	2
159	26.0	1
160	39.0	1
161	20.75	3
162	22.875	1
163	24.125	1
164	25.875	3
165	36.75	1
166	28.25	1
167	30.625	1
168	19.5	1
169	22.0	2
170	21.75	2
171	24.125	1
172	18.0	3
173	18.0	1
174	18.0	2
175	36.5	1
176	29.25	1
177	21.75	1
178	48.5	2
179	16.75	1
180	27.25	1
181	17.75	1
182	23.0	1
183	48.0	1
184	29.25	1
185	26.375	1
186	24.0	3
187	20.625	1
188	39.5	3
189	22.25	1
190	26.125	1
191	23.25	1
192	29.75	1
193	25.25	1
194	19.25	3
195	44.75	1
196	22.5	1
197	27.75	1
198	126.75	1
199	27.75	3
200	17.75	1
202	22.375	1
203	77.875	1
204	17.625	1
205	26.625	1
206	28.75	1
207	23.5	1
208	28.75	1
209	15.5	1
210	14.5	1
211	80.375	1
212	18.25	1
213	25.0	1
214	28.5	2
215	22.0	2
216	25.5	1
217	17.5	1
218	19.75	3
219	27.125	1
220	15.5	1
221	16.5	1
222	22.75	1
223	25.5	1
224	19.25	3
225	39.125	1
226	21.0	3
227	18.125	2
228	16.5	1
229	25.75	1
230	41.875	1
231	18.5	1
232	28.625	1
233	23.0	1
234	29.25	1
235	26.75	1
237	30.5	2
238	20.625	3
239	32.5	1
240	32.5	1
241	30.25	3
242	34.125	1
243	16.25	1
244	20.5	1
245	68.5	1
246	32.375	1
247	68.625	1
248	100.75	1
249	25.0	3
250	19.25	1
251	17.75	1
252	53.0	1
253	24.125	2
254	24.75	1
255	18.25	1
256	27.0	1
257	14.75	1
258	35.75	2
259	26.125	1
260	16.25	1
261	22.75	1
262	27.0	3
263	17.75	1
264	19.75	1
265	21.375	3
266	27.375	2
267	26.0	1
268	29.75	1
269	23.375	1
270	50.75	1
271	20.25	3
272	26.75	1
273	23.25	1
274	18.5	1
275	21.25	3
276	24.25	1
277	15.5	1
278	22.25	1
279	26.625	1
280	22.75	1
281	31.125	1
282	33.75	1
283	20.0	3
284	30.0	3
285	18.75	1
286	15.75	1
287	57.5	1
288	25.5	2
289	18.75	1
290	33.875	1
291	29.0	1
292	31.25	3
293	19.25	1
294	18.5	2
295	20.875	1
296	26.125	3
297	25.75	3
298	20.25	1
299	23.125	3
300	27.5	2
301	94.375	1
302	64.125	2
303	19.375	1
304	37.625	1
305	37.0	3
306	29.25	2
307	20.5	1
308	24.25	1
309	27.0	3
310	30.875	1
311	44.75	1
312	25.0	1
313	27.0	1
314	19.0	3
315	37.0	1
316	26.75	1
317	19.25	1
318	21.0	3
319	30.0	1
320	26.625	1
321	25.5	1
322	20.25	3
323	17.75	2
324	19.25	1
325	21.0	3
326	19.625	3
327	15.625	1
328	24.25	1
329	15.0	1
330	21.625	1
331	20.0	1
332	29.25	2
333	28.5	1
334	19.125	1
335	32.0	1
336	17.75	2
337	34.75	1
338	22.25	1
339	22.0	3
340	22.0	1
341	25.5	3
342	25.0	1
343	26.0	2
344	35.0	1
345	25.75	2
346	20.25	1
347	19.75	1
348	23.5	1
349	41.625	1
350	17.75	1
351	21.75	1
352	15.5	1
353	20.375	3
354	28.75	1
355	55.75	1
356	26.25	3
357	26.0	1
358	26.5	3
359	20.125	1
360	30.5	1
361	19.25	1
362	18.875	1
363	25.375	1
364	20.75	1
365	22.5	1
366	23.75	1
367	31.0	3
368	23.875	1
369	31.875	2
370	33.5	3
371	36.75	2
372	33.5	1
373	21.125	1
374	20.75	3
375	33.5	1
376	19.0	1
377	35.75	1
378	18.75	1
379	25.875	1
380	17.5	1
381	37.625	1
382	32.75	1
384	19.25	1
385	29.25	1
386	25.125	2
387	19.0	1
388	35.875	1
389	28.25	1
390	21.875	2
391	24.125	3
392	23.5	1
393	19.125	3
394	26.75	2
395	34.75	1
396	19.25	2
397	43.5	1
398	29.25	1
399	24.5	1
400	23.875	1
401	23.5	1
402	24.0	3
403	27.25	1
404	21.25	2
405	29.25	1
406	20.75	3
407	21.125	1
408	21.625	1
409	19.375	1
410	24.0	1
411	19.75	3
412	35.375	1
413	42.625	1
414	44.875	1
415	30.125	1
416	25.0	3
417	15.375	1
418	17.5	1
419	20.125	3
420	24.0	1
421	17.75	1
422	27.25	1
423	23.75	3
424	34.125	1
425	32.25	1
426	28.0	3
427	33.75	2
428	26.75	1
429	26.75	1
430	40.75	1
431	17.25	1
432	29.5	2
433	20.25	3
434	30.875	1
435	31.125	1
436	27.5	1
437	19.25	1
438	21.75	1
439	26.125	1
440	17.25	1
441	25.125	1
442	22.0	3
443	18.0	1
444	35.625	1
445	18.125	1
446	40.5	1
447	23.5	3
448	27.875	1
449	33.375	1
450	17.0	1
451	17.5	1
452	50.75	1
453	15.75	1
454	24.75	1
455	21.375	1
456	31.5	1
457	26.5	2
458	20.125	1
459	15.375	1
460	23.0	3
461	23.5	2
462	25.25	1
463	29.5	1
464	36.875	1
465	18.75	3
466	19.75	1
467	20.75	2
468	21.625	3
469	20.0	3
470	25.5	2
471	25.5	1
472	36.5	1
473	42.75	1
474	26.75	2
475	33.25	1
476	36.0	1
477	44.75	1
478	27.25	1
479	25.0	2
480	16.375	1
481	29.5	1
482	18.0	1
483	27.75	1
484	14.625	1
485	43.625	1
486	30.25	1
487	16.5	3
488	29.0	1
489	22.125	2
490	22.625	1
491	35.625	2
492	21.5	3
493	32.5	2
494	26.25	1
495	24.5	2
496	17.5	1
497	18.75	1
498	19.75	1
499	21.5	1
500	23.25	1
501	22.25	1
502	25.875	3
503	20.0	3
504	18.25	1
505	26.0	1
506	29.25	1
507	22.5	1
508	31.875	2
509	21.25	2
510	28.625	1
511	31.75	1
512	27.375	2
513	24.0	3
514	24.0	1
515	21.875	1
516	34.125	2
517	28.25	1
518	36.375	1
519	29.5	3
520	17.875	1
521	25.5	2
522	16.0	1
523	22.75	1
524	17.625	1
525	25.125	1
526	31.25	1
527	20.25	3
528	33.25	1
529	18.5	1
530	42.25	1
531	26.75	1
532	23.75	1
533	23.25	1
534	24.5	1
535	26.25	1
536	25.75	1
537	38.25	1
538	30.0	1
539	17.5	1
540	20.25	1
541	19.25	1
542	12.75	1
543	36.125	1
544	18.25	1
545	19.25	3
546	27.125	1
547	21.0	3
548	22.125	3
549	38.0	1
550	18.0	1
551	27.75	1
552	18.0	1
553	32.5	1
554	16.5	1
555	29.75	2
556	22.875	1
557	27.75	1
558	21.5	2
559	26.0	2
560	20.0	3
561	22.0	1
562	20.75	2
563	33.0	1
564	22.25	1
565	21.0	1
566	30.625	1
567	24.0	1
568	19.5	1
569	31.875	2
570	25.125	1
571	21.5	2
572	22.375	1
573	20.625	1
574	23.75	1
575	17.75	1
576	21.75	3
577	62.0	1
578	30.625	2
579	33.75	1
580	24.0	1
581	25.75	1
582	26.0	2
583	23.0	1
584	30.375	1
585	28.75	3
586	29.75	1
587	28.75	1
588	18.5	1
589	27.25	1
590	16.75	3
591	38.625	1
592	22.625	1
593	16.75	1
594	26.5	1
595	89.375	2
596	20.0	1
597	52.0	2
598	29.125	1
599	23.875	3
600	28.375	1
601	21.0	3
602	36.125	1
603	36.125	1
604	19.625	1
605	31.75	1
606	38.5	1
607	26.375	1
608	24.0	1
609	22.75	2
610	50.75	1
611	24.25	2
612	23.125	1
613	31.0	1
614	18.125	1
615	25.625	1
616	35.625	1
617	32.875	1
618	33.125	1
619	16.5	1
620	20.25	1
621	40.0	1
622	26.125	2
623	28.0	1
624	30.125	1
625	18.5	1
626	18.375	1
627	28.0	1
628	20.75	2
629	34.0	1
630	28.5	1
631	25.125	2
632	21.125	1
633	28.25	1
634	17.375	1
635	18.5	1
636	19.25	1
637	21.0	1
638	15.75	1
639	24.0	1
640	19.375	2
641	31.5	1
642	22.625	3
643	25.0	3
644	16.75	1
645	28.5	1
646	25.5	1
647	25.625	2
648	35.75	2
649	19.0	1
650	24.375	1
651	31.25	3
652	21.75	1
653	26.875	2
654	22.875	3
655	24.0	1
656	19.25	3
657	23.75	1
658	26.5	3
659	23.875	1
660	26.0	1
661	22.75	2
662	19.5	1
663	21.0	2
664	21.75	1
665	31.75	2
666	16.25	1
667	31.875	1
668	18.375	3
669	18.375	1
670	19.875	1
671	20.75	1
672	22.25	1
673	31.75	2
674	37.75	1
675	64.0	1
676	21.5	3
677	27.375	1
678	25.125	1
679	30.25	1
680	35.25	3
681	69.0	2
682	40.75	1
683	24.625	2
684	24.75	1
685	24.75	1
686	32.25	2
687	32.0	1
688	24.75	3
689	27.875	1
690	25.75	1
691	33.0	1
692	29.375	1
693	42.5	2
694	23.0	1
695	24.5	1
696	25.0	1
697	17.5	1
698	27.25	1
699	16.5	2
700	37.125	1
701	29.5	1
702	36.75	1
703	23.625	1
704	25.25	1
705	23.5	1
706	24.125	1
707	36.5	2
708	67.0	1
709	40.0	1
710	25.75	1
711	24.5	1
712	21.0	1
713	18.625	1
714	17.75	1
715	37.625	1
716	25.125	2
717	19.5	1
718	55.5	1
719	20.75	1
720	25.0	3
721	47.875	1
722	35.0	1
724	32.25	1
725	28.125	1
726	33.0	1
728	25.75	1
729	21.25	1
730	19.25	1
731	21.25	1
732	17.0	1
733	20.75	3
734	29.625	2
735	29.0	2
736	20.5	1
737	15.0	1
738	19.625	1
739	17.5	1
740	19.5	1
741	19.25	1
742	37.375	1
743	15.75	1
744	28.75	1
745	29.25	2
746	48.5	1
747	24.0	2
748	21.75	2
749	24.25	2
750	19.0	3
751	30.625	1
752	18.75	1
753	24.0	1
754	34.875	1
755	19.0	1
756	18.75	1
757	18.625	1
758	30.25	3
759	20.75	1
760	28.25	2
761	31.375	1
762	28.5	3
763	21.75	1
764	22.625	1
765	33.0	1
766	58.25	1
767	64.75	1
768	38.625	1
769	27.375	2
770	23.5	1
771	15.0	1
772	23.5	3
773	28.0	3
774	24.75	2
775	18.5	1
776	22.125	1
777	26.0	1
778	17.75	1
779	19.5	2
780	25.375	2
781	17.375	1
782	38.625	2
783	23.0	1
784	25.75	2
785	28.875	1
786	27.0	1
787	19.75	1
788	19.0	1
789	27.625	1
790	40.125	1
791	23.5	1
792	19.25	1
793	20.5	1
794	34.875	1
795	30.625	1
796	25.875	2
797	43.5	1
798	18.75	1
799	27.125	1
800	20.625	1
801	38.125	1
802	22.625	1
803	23.375	1
804	20.125	1
805	30.875	1
806	23.0	1
807	23.0	1
808	24.75	3
809	26.75	1
810	29.25	1
811	18.625	1
812	25.375	1
814	30.375	2
815	84.75	1
816	19.5	1
817	24.875	2
818	20.5	1
819	53.0	1
820	17.5	1
821	19.5	1
822	18.5	3
823	19.375	1
824	26.75	1
825	29.25	3
826	19.25	3
827	17.875	1
828	22.0	1
829	19.75	1
830	21.125	1
831	18.25	1
832	48.875	1
833	25.5	1
834	31.75	1
835	17.75	1
836	18.625	1
837	19.25	1
838	17.25	1
839	21.0	1
840	31.125	2
841	28.625	2
842	32.75	1
844	26.0	3
845	26.25	1
846	143.75	1
847	22.0	1
848	24.625	1
849	27.375	2
850	24.0	3
851	28.625	2
852	21.25	3
853	35.25	1
854	26.375	2
855	28.625	1
856	29.125	2
857	33.875	1
858	30.125	2
859	27.5	1
860	26.375	2
861	30.75	1
862	19.25	1
863	17.5	1
864	19.25	1
865	23.0	1
866	24.625	1
867	20.0	1
868	28.25	1
869	22.375	2
870	28.5	1
871	27.75	1
872	36.25	1
873	28.75	1
874	38.25	3
875	21.0	1
876	37.75	1
877	17.5	1
878	32.25	1
879	20.25	1
880	43.5	1
881	34.75	1
882	22.125	2
883	30.25	1
884	17.5	1
885	17.25	1
886	43.625	1
887	22.625	1
888	23.75	1
889	18.25	1
890	20.5	2
891	24.0	1
892	16.0	1
893	24.25	1
894	30.75	1
895	31.125	2
896	30.0	2
897	30.5	1
898	25.25	1
899	25.875	1
900	20.5	2
901	20.5	1
902	18.875	1
903	29.875	3
904	23.25	1
905	25.375	1
906	16.875	1
907	28.5	2
908	19.0	1
909	30.75	1
910	25.5	2
911	21.0	1
912	21.75	1
913	24.875	1
914	29.5	1
915	29.75	1
916	21.75	1
917	26.5	2
918	21.75	1
919	30.25	1
920	28.75	1
921	21.25	1
922	24.625	1
923	28.25	2
924	16.5	1
925	30.0	2
926	28.25	1
927	19.5	1
928	16.0	1
929	18.25	1
930	19.875	1
931	21.5	1
932	32.0	1
933	32.625	1
934	36.25	1
936	19.25	1
937	27.0	1
938	32.125	1
939	23.875	1
940	16.125	1
941	17.0	1
942	19.0	1
943	19.0	1
944	25.0	1
945	15.75	1
946	17.5	1
947	37.375	1
948	24.375	2
949	22.875	1
950	17.75	1
951	19.75	1
952	27.25	1
953	24.875	2
954	22.75	2
955	25.25	3
956	44.5	1
957	30.375	1
958	28.25	1
959	21.75	3
960	106.5	1
961	105.5	2
962	21.875	1
963	20.5	3
964	17.375	1
965	35.75	1
966	33.5	1
967	29.625	1
968	20.75	1
969	27.375	1
970	24.625	2
971	16.25	1
972	24.625	1
973	36.125	1
974	16.25	1
975	17.5	3
976	39.875	2
977	24.75	1
978	18.5	1
979	19.5	1
980	26.375	1
981	19.5	1
982	27.0	1
983	23.125	2
984	23.75	3
985	21.25	1
986	17.125	1
987	21.375	3
988	26.75	2
989	31.0	1
990	16.75	1
991	20.0	1
992	25.625	1
993	38.75	2
994	18.375	1
995	18.875	3
996	23.625	1
997	26.5	1
998	17.625	1
999	29.5	1
1000	33.625	1
1001	33.5	2
1002	24.0	1
1003	25.375	3
1004	24.25	1
1005	32.0	2
1006	24.25	2
1007	30.5	1
1008	17.5	1
1009	18.0	1
1010	27.75	1
1011	23.375	1
1012	18.0	1
1013	81.0	1
1014	28.125	3
1015	32.375	1
1016	32.375	1
1017	18.125	2
1018	25.875	1
1019	21.875	3
1020	27.75	1
1021	18.75	1
1022	22.0	1
1023	20.5	1
1024	32.0	1
1025	72.5	1
1026	37.75	2
1027	16.0	1
1028	18.875	1
1029	28.25	1
1030	31.25	2
1031	23.5	3
1032	29.75	2
1033	33.5	2
1034	20.75	2
1035	17.75	1
1036	40.625	1
1037	20.875	1
1038	21.5	1
1039	24.5	3
1040	34.5	1
1041	17.75	1
1042	20.25	2
1043	23.375	1
1044	31.75	2
1045	20.5	1
1046	27.75	1
1047	17.5	1
1048	35.25	3
1049	24.5	2
1050	34.5	1
1051	25.0	1
1052	27.25	1
1053	23.0	3
1054	28.5	1
1055	28.875	1
1056	24.125	1
1057	28.375	1
1058	34.75	1
1059	32.625	1
1060	27.0	1
1061	30.125	1
1062	28.0	1
1063	55.75	1
1064	30.625	1
1065	22.75	2
1066	24.5	2
1067	31.75	1
1068	27.5	3
1069	28.75	3
1070	23.625	3
1071	20.75	1
1072	31.25	1
1073	54.25	1
1074	39.0	1
1075	18.375	1
1076	25.25	2
1077	16.5	1
1078	22.0	2
1079	23.75	1
1080	24.5	1
1081	19.25	1
1082	33.875	2
1083	27.0	1
1084	42.5	1
1085	35.25	1
1086	18.75	1
1087	69.75	1
1088	26.75	1
1089	30.375	1
1090	24.75	2
1091	35.875	1
1092	33.375	1
1093	20.75	3
1094	26.25	3
1096	22.75	3
1097	29.75	1
1098	84.75	1
1099	25.0	2
1100	78.875	1
1101	35.25	1
1102	20.625	3
1103	20.0	3
1104	29.5	1
1105	25.5	1
1106	23.875	1
1107	37.375	1
1108	28.5	1
1109	21.75	2
1110	24.0	1
1111	56.0	2
1112	52.75	1
1113	33.125	1
1114	18.75	1
1115	26.0	2
1116	21.75	1
1117	18.0	1
1118	27.625	1
1119	24.0	2
1120	21.25	1
1121	15.5	1
1122	17.5	1
1123	33.5	1
1124	20.875	2
1125	36.75	1
1126	29.375	1
1127	38.375	1
1128	23.0	1
1129	21.5	3
1130	17.5	1
1131	18.25	1
1132	31.375	1
1133	20.25	3
1134	19.5	1
1135	22.625	2
1136	23.75	3
1137	38.375	1
1138	39.25	1
1139	23.5	1
1140	22.5	3
1141	25.5	2
1142	66.75	1
1143	25.25	1
1144	24.875	2
1145	20.5	2
1146	21.75	1
1147	34.75	1
1148	24.375	3
1149	16.0	1
1150	37.25	2
1151	30.25	2
1152	21.0	2
1153	18.875	1
1154	17.0	1
1155	29.5	2
1156	26.625	1
1157	23.25	1
1158	29.875	2
1159	26.75	1
1160	21.75	1
1161	32.0	1
1162	16.75	1
1163	27.0	2
1164	26.25	1
1165	17.5	2
1166	23.75	1
1167	31.375	1
1168	20.0	1
1169	72.875	1
1170	25.25	1
1171	23.0	1
1172	26.5	1
1173	20.0	1
1174	18.0	1
1175	26.5	1
1176	45.875	2
1177	24.0	1
1178	19.5	1
1179	17.5	1
1180	20.25	2
1181	27.0	1
1182	21.5	1
1183	28.25	1
1184	22.75	3
1185	18.5	3
1186	39.5	1
1187	21.375	1
1188	25.25	1
1189	29.25	1
1190	35.875	1
1192	17.0	1
1193	57.75	1
1194	18.5	1
1195	19.5	3
1196	25.375	1
1197	35.75	1
1198	19.75	1
1199	18.75	1
1200	32.375	1
1201	24.625	1
1202	34.75	1
1203	29.0	2
1204	22.375	1
1205	22.375	1
1206	24.625	3
1207	33.5	1
1208	18.0	1
1209	19.25	1
1210	25.5	2
1211	25.0	2
1212	32.875	1
1213	23.625	2
1214	44.5	1
1215	21.625	1
1216	25.0	2
1217	27.5	1
1218	21.5	1
1219	21.5	1
1220	18.75	1
1221	26.125	1
1222	58.75	1
1223	17.75	3
1224	34.875	1
1225	36.125	3
1226	21.0	1
1227	29.125	1
1228	24.5	1
1229	18.25	1
1230	32.25	1
1231	23.0	1
1232	58.5	1
1233	25.25	1
1234	22.75	3
1235	32.75	1
1236	28.875	2
1237	26.875	1
1238	20.25	1
1239	21.625	3
1240	27.75	3
1241	31.75	1
1242	27.375	1
1243	22.0	2
1244	22.375	2
1245	19.0	3
1246	22.25	1
1247	21.875	1
1248	22.0	2
1249	27.125	2
1250	17.125	1
1251	43.625	3
1252	34.25	2
1253	41.0	1
1254	35.5	1
1255	16.25	1
1256	18.75	1
1257	20.625	3
1258	26.25	3
1259	16.875	1
1260	61.75	1
1261	18.0	1
1262	22.25	1
1263	39.75	2
1264	19.5	3
1265	18.5	3
1266	32.125	2
1267	27.25	2
1268	47.5	1
1269	27.0	3
1270	24.25	2
1271	37.125	2
1272	37.5	1
1273	52.25	1
1274	24.75	1
1275	24.375	1
1276	16.75	1
1277	28.375	3
1278	40.75	1
1279	27.125	1
1280	17.0	1
1281	14.5	1
1282	90.625	1
1283	18.5	1
1284	16.875	1
1285	17.75	2
1286	22.5	2
1287	18.0	1
1288	26.875	1
1289	20.5	1
1290	38.25	2
1291	23.5	1
1292	18.75	1
1293	32.125	1
1294	20.375	1
1295	32.5	1
1296	29.125	1
1297	31.25	1
1298	17.5	1
1299	41.375	1
1300	22.0	1
1301	22.25	3
1302	19.0	1
1303	25.125	1
1304	23.75	1
1305	16.75	1
1306	61.0	1
1307	19.125	2
1308	50.5	1
1309	27.625	3
1310	56.875	1
1311	18.375	1
1312	32.375	1
1313	29.25	1
1314	21.25	3
1315	21.5	1
1316	34.0	1
1317	38.25	1
1318	27.125	1
1319	17.25	1
1320	18.625	1
1321	23.0	1
1322	32.375	1
1323	27.75	2
1324	28.125	3
1325	20.5	1
1326	18.75	2
1327	27.75	2
1328	30.25	2
1329	33.0	1
1330	19.375	1
1331	25.875	1
1332	38.125	1
1333	32.625	2
1334	23.125	1
1335	26.75	1
1337	20.0	2
1338	44.75	1
1339	30.5	1
1340	35.0	1
1341	27.125	2
1342	24.0	3
1343	35.125	2
1344	22.75	2
1346	30.25	3
1347	31.375	1
1348	19.125	1
1349	26.125	1
1350	42.0	1
1351	21.25	3
1352	28.75	1
1353	31.375	1
1354	20.25	1
1355	30.25	2
1356	17.0	1
1357	35.375	1
1358	23.5	1
1359	65.75	1
1360	20.75	3
1361	24.75	1
1362	35.75	1
1363	26.0	1
1364	25.5	1
1365	30.75	1
1366	28.5	1
1367	24.375	1
1368	32.25	2
1369	20.25	1
1370	28.625	3
1371	25.25	2
1372	26.25	1
1373	30.0	1
1374	27.5	1
1375	22.875	1
1376	33.25	1
1377	32.5	2
1378	18.5	1
1379	19.875	1
1380	31.875	1
1381	27.75	1
1382	35.75	2
1383	30.5	1
1384	34.25	1
1385	24.875	1
1386	38.125	1
1387	19.75	1
1388	40.625	1
1389	23.0	3
1390	82.75	1
1391	17.5	1
1392	19.25	1
1393	19.875	1
1394	26.75	1
1395	20.25	1
1396	53.5	1
1397	23.25	1
1398	19.5	1
1399	23.25	3
1400	36.0	2
1401	53.0	1
1402	22.75	2
1403	17.25	1
1404	44.375	1
1405	20.625	3
1406	19.125	2
1407	17.0	1
1408	24.875	1
1409	19.75	1
1410	32.125	3
1411	39.5	1
1413	109.375	1
1414	25.0	3
1415	21.875	1
1416	19.125	1
1417	23.25	1
1418	17.25	1
1419	31.75	2
1420	19.25	1
1421	23.75	1
1422	29.75	1
1423	19.75	1
1424	19.75	2
1425	31.875	2
1426	25.875	1
1427	18.5	1
1428	28.625	1
1429	33.125	3
1430	26.375	2
1431	29.125	3
1432	22.75	1
1433	42.875	1
1434	25.375	1
1435	19.125	1
1436	19.25	3
1437	20.25	3
1438	38.25	1
1439	19.875	3
1440	21.625	3
1441	26.0	1
1442	18.25	2
1443	21.75	3
1444	32.5	1
1445	33.375	1
1446	35.75	1
1447	19.875	1
1448	27.0	2
1449	16.5	1
1450	20.75	1
1451	16.0	1
1452	85.0	1
1453	19.75	1
1454	24.125	1
1455	20.25	2
1456	23.625	1
1457	23.625	1
1458	21.5	3
1459	18.5	1
1460	17.75	3
1461	27.5	1
1462	22.125	3
1463	18.25	3
1464	21.0	1
1465	28.0	2
1466	29.625	2
1467	24.625	1
1468	25.875	2
1469	19.0	1
1470	16.0	1
1471	21.0	2
1472	49.75	1
1473	29.375	1
1474	20.0	1
1475	21.875	1
1476	24.625	1
1477	15.5	1
1478	26.5	3
1479	36.625	1
1480	31.875	2
1481	19.75	1
1482	22.0	2
1483	34.5	1
1484	22.0	1
1485	24.625	1
1486	22.25	1
1487	21.0	2
1488	42.75	3
1489	16.375	1
1490	23.5	1
1491	35.125	1
1492	22.875	1
1493	28.125	1
1494	26.625	1
1495	30.125	1
1496	34.375	1
1497	23.375	2
1498	27.25	1
1499	37.625	1
1500	17.5	1
1501	25.625	1
1502	14.5	1
1503	32.25	1
1504	27.5	1
1505	38.25	1
1506	38.5	3
1507	23.125	2
1508	21.0	1
1510	18.5	1
1511	32.25	1
1512	32.25	1
1513	43.5	1
1514	25.125	1
1515	26.0	2
1516	22.625	1
1517	18.5	1
1518	20.75	1
1519	40.125	1
1521	28.25	1
1522	56.0	1
1523	38.375	3
1524	21.75	3
1525	25.25	2
1526	19.5	3
1527	23.25	3
1528	21.25	3
1529	18.0	1
1530	22.5	3
1531	19.5	1
1532	26.0	3
1533	23.625	1
1534	18.875	1
1535	24.625	1
1536	15.5	1
1537	20.375	1
1538	20.75	1
1539	80.25	1
1540	15.0	1
1541	17.875	1
1542	28.5	2
1543	18.0	3
1544	30.625	3
1545	22.25	3
1546	23.75	1
1547	19.75	2
1548	23.875	2
1549	18.0	1
1550	22.875	1
1551	18.875	1
1552	20.25	1
1553	18.125	1
1554	28.5	1
1555	20.25	1
1556	27.25	1
1557	19.75	1
1558	24.5	3
1559	26.625	2
1560	18.25	1
1561	27.125	2
1562	16.75	1
1563	25.0	1
1564	18.0	1
1565	38.0	1
1566	34.25	2
1567	35.25	2
1568	46.25	3
1569	28.625	1
1570	20.125	1
1571	23.5	3
1572	19.25	3
1573	28.5	2
1574	20.625	3
1575	21.25	3
1576	35.375	2
1577	24.5	2
1578	27.75	1
1579	21.125	3
1580	18.125	1
1581	24.5	3
1582	34.75	1
1583	17.5	1
1584	15.25	1
1585	21.75	1
1586	23.25	1
1587	50.0	1
1588	22.625	1
1589	22.5	1
1590	38.5	1
1591	24.875	1
1592	31.75	1
1593	34.0	1
1594	21.0	3
1595	22.75	2
1596	19.75	1
1597	32.125	1
1598	29.125	2
1599	18.5	1
1600	19.125	3
1601	23.75	1
1602	26.0	3
1603	22.5	1
1604	28.75	3
1605	29.375	1
1606	29.375	1
1607	18.75	2
1608	24.75	2
1609	32.25	3
1610	22.875	3
1611	28.75	1
1612	22.5	2
1613	16.75	1
1614	28.25	1
1615	30.25	3
1616	16.75	1
1617	28.75	1
1618	15.75	1
1619	30.375	1
1620	28.375	1
1621	19.25	3
1622	28.5	1
1623	27.875	2
1624	26.875	1
1625	18.0	1
1626	20.875	3
1627	18.625	1
1628	24.75	3
1629	25.5	2
1630	22.375	1
1631	24.0	1
1632	26.375	1
1633	22.25	1
1634	26.375	1
1635	15.75	1
1636	27.0	1
1637	20.5	1
1638	31.25	1
1639	29.0	1
1640	21.125	3
1641	23.0	1
1642	29.25	3
1643	20.5	1
1644	23.5	1
1645	24.25	1
1646	32.0	1
1647	17.0	1
1648	31.75	1
1649	15.75	1
1650	21.0	3
1651	73.625	1
1652	31.5	1
1653	19.25	2
1654	16.25	1
1655	17.75	1
1656	38.375	1
1657	22.0	3
1658	23.25	1
1659	27.5	1
1660	20.75	3
1661	27.75	1
1662	27.5	1
1663	21.5	1
1664	24.125	3
1665	38.0	1
1666	25.25	2
1667	35.75	1
1668	20.0	3
1669	26.75	1
1670	16.75	1
1671	22.5	1
1672	16.0	1
1673	27.625	1
1674	24.375	2
1675	18.125	1
1676	20.375	1
1677	17.75	1
1678	18.5	1
1679	30.25	1
1680	27.875	1
1681	27.75	1
1682	17.25	1
1683	23.25	3
1684	33.5	1
1685	30.625	2
1686	20.25	2
1687	22.25	1
1688	26.125	2
1689	34.625	2
1690	27.5	3
1691	101.625	2
1692	17.0	1
1693	20.625	3
1694	19.125	1
1695	23.75	2
1696	36.75	1
1697	16.75	1
1698	34.25	2
1699	29.75	1
1700	21.75	1
1701	27.0	3
1702	41.0	2
1703	35.25	2
1704	34.625	1
1705	34.125	1
1706	20.5	1
1707	23.875	1
1708	33.125	1
1709	22.125	1
1710	15.375	1
1711	24.25	3
1712	34.5	1
1713	23.0	2
1714	29.5	2
1715	23.75	2
1716	23.0	1
1717	20.0	1
1718	47.25	1
1719	17.0	3
1720	21.0	3
1721	36.25	1
1722	36.875	1
1723	16.5	1
1724	21.25	1
1725	21.0	2
1726	22.25	1
1727	21.75	1
1728	21.25	1
1729	17.875	1
1730	28.75	3
1731	25.625	1
1732	30.25	1
1733	27.5	1
1734	26.0	2
1735	20.75	2
1736	30.5	1
1737	34.75	1
1738	22.875	1
1739	19.5	1
1740	20.125	1
1741	21.25	3
1742	49.25	3
1743	50.125	1
1744	25.0	1
1745	18.75	1
1746	35.75	2
1747	39.5	1
1748	16.875	1
1749	41.25	2
1750	36.25	1
1751	22.75	1
1752	20.125	3
1753	25.5	1
1754	25.25	3
1755	16.0	1
1756	33.5	1
1757	45.375	1
1758	19.0	1
1759	20.5	3
1760	24.0	1
1761	28.125	2
1762	26.5	1
1763	18.0	1
1764	34.5	1
1765	22.25	3
1766	15.5	1
1767	25.125	2
1768	18.25	3
1769	26.125	2
1770	27.75	1
1771	33.75	1
1772	17.375	1
1773	17.375	1
1774	24.375	2
1775	16.75	1
1776	19.25	1
1777	18.0	1
1778	19.375	2
1779	34.25	1
1780	25.625	1
1781	15.5	1
1782	21.0	1
1783	20.875	1
1784	22.75	1
1785	34.75	1
1786	19.75	1
1787	25.25	1
1788	32.5	1
1789	17.0	1
1790	26.75	2
1791	29.0	1
1792	24.75	1
1793	23.25	3
1794	36.125	2
1795	30.875	1
1796	34.0	2
1797	29.25	1
1798	26.25	1
1799	21.75	3
1800	30.0	3
1801	20.875	1
1802	26.125	1
1803	36.0	1
1804	40.125	1
1805	40.25	1
1806	17.5	1
1807	18.25	2
1808	39.5	1
1809	27.5	1
1810	32.125	2
1811	22.75	2
1812	30.25	1
1813	23.625	3
1814	26.375	1
1815	26.0	1
1816	20.5	1
1817	18.0	1
1818	38.75	1
1819	34.875	1
1820	17.375	1
1821	29.125	1
1822	20.75	1
1823	23.75	2
1824	33.75	1
1825	33.0	2
1826	31.5	2
1827	28.125	1
1828	21.75	1
1829	29.5	1
1830	19.75	1
1831	18.0	1
1832	32.25	1
1833	22.625	3
1834	29.25	2
1835	17.125	1
1836	32.625	1
1837	22.75	1
1838	48.25	1
1839	16.75	1
1840	17.25	1
1841	27.5	2
1842	34.75	2
1843	33.5	1
1844	24.25	1
1845	18.25	2
1846	17.25	3
1847	31.0	1
1848	33.25	3
1849	15.875	1
1850	18.375	1
1851	24.625	1
1852	34.625	1
1853	23.75	1
1854	42.5	1
1855	19.0	3
1856	16.0	1
1857	21.0	3
1858	21.5	2
1859	18.875	1
1860	25.125	1
1861	28.125	1
1862	21.5	2
1863	27.875	2
1864	22.25	3
1865	28.125	2
1866	21.5	1
1867	18.75	1
1868	26.75	1
1869	25.625	1
1870	27.125	2
1871	16.875	1
1872	32.625	2
1873	25.5	1
1874	26.125	2
1875	18.0	1
1876	15.75	1
1877	23.25	2
1878	17.5	1
1879	54.5	1
1880	16.5	1
1881	27.75	1
1882	35.25	1
1883	24.125	1
1884	40.375	3
1885	39.625	1
1886	20.5	2
1887	29.75	1
1888	31.75	1
1889	20.5	1
1890	17.875	1
1891	27.125	3
1892	37.75	1
1893	15.25	1
1894	28.875	1
1895	41.5	1
1896	31.125	2
1897	22.875	2
1899	34.75	1
1900	22.75	1
1901	19.625	1
1902	41.25	1
1903	25.5	1
1904	29.75	1
1905	26.125	1
1906	28.625	2
1907	41.5	1
1908	21.0	1
1909	40.0	1
1910	17.5	1
1911	24.5	1
1912	19.375	1
1913	28.5	1
1914	33.0	3
1915	32.125	1
1916	27.5	1
1917	29.375	2
1918	26.0	1
1919	15.625	1
1920	25.75	1
1921	31.125	1
1922	19.75	1
1923	26.375	3
1924	25.625	2
1925	26.75	3
1926	27.0	2
1927	34.5	1
1928	16.25	1
1929	22.125	3
1930	16.25	3
1931	18.5	1
1932	34.625	1
1933	87.25	1
1934	21.75	1
1935	22.5	1
1936	24.0	3
1937	21.5	1
1938	23.5	1
1939	34.75	1
1940	22.5	3
1941	17.75	1
1942	31.0	1
1943	44.375	1
1944	15.875	1
1945	25.75	1
1946	29.75	3
1947	28.75	2
1948	20.625	1
1949	25.75	1
1950	25.75	1
1951	20.5	3
1952	18.0	1
1953	31.75	1
1954	32.375	1
1955	26.5	1
1956	34.625	1
1957	29.5	1
1958	20.875	1
1959	23.5	1
1960	18.0	2
1961	27.5	1
1962	38.25	1
1963	29.25	3
1964	20.125	1
1965	27.375	1
1966	41.625	3
1967	16.0	1
1968	44.625	1
1969	20.375	1
1970	23.0	1
1971	28.25	2
1972	39.75	1
1973	25.875	2
1974	18.5	1
1975	24.0	1
1976	16.75	1
1977	26.25	1
1978	39.75	1
1979	22.5	1
1980	30.875	1
1981	21.75	2
1982	22.25	1
1983	26.875	1
1984	34.75	1
1985	18.0	1
1986	19.75	3
1987	35.125	1
1988	28.25	1
1989	29.75	1
1990	19.75	1
1991	30.25	1
1992	17.0	1
1993	27.0	1
1994	44.75	1
1995	23.0	3
1996	50.0	1
1997	35.875	1
1998	24.0	1
1999	23.625	1
2000	20.5	1
2001	22.625	1
2002	20.875	1
2003	17.75	1
2004	24.75	1
2005	24.125	3
2006	18.0	3
2007	31.875	1
2008	29.125	3
2009	17.25	1
2010	39.875	1
2011	22.0	3
2012	21.75	1
2013	22.0	3
2014	25.5	3
2015	18.125	1
2016	21.625	1
2017	46.0	2
2018	21.0	1
2019	37.5	2
2020	32.5	1
2021	23.75	1
2023	18.0	1
2024	20.875	3
2025	17.75	1
2026	30.0	1
2027	32.75	1
2028	26.5	2
2029	21.25	3
2030	16.75	1
2031	20.5	3
2032	25.25	1
2033	30.5	1
2034	26.625	1
2035	23.625	2
2036	20.625	1
2037	35.25	1
2038	29.5	1
2039	22.0	1
2040	18.0	1
2041	15.375	1
2042	26.25	2
2043	33.25	1
2044	27.125	1
2045	35.125	1
2046	25.75	1
2047	28.0	2
2048	18.0	1
2049	29.0	2
2050	111.0	1
2051	25.0	3
2052	23.25	3
2053	22.5	1
2054	15.0	1
2055	18.25	1
2056	54.375	2
2057	37.5	1
2058	23.5	1
2059	24.625	2
2060	31.125	2
2061	29.625	1
2062	24.375	2
2063	32.125	1
2064	77.0	1
2065	26.5	2
2066	21.25	3
2067	16.125	1
2068	21.25	1
2069	26.5	1
2070	17.125	1
2071	26.5	1
2072	14.25	1
2073	24.125	1
2074	19.75	3
2075	19.5	2
2076	18.625	1
2077	23.25	3
2078	21.0	1
2079	17.75	1
2080	21.25	3
2081	30.5	1
2082	22.375	3
2083	19.375	1
2084	18.375	1
2085	25.875	2
2086	26.25	1
2087	23.0	1
2088	31.75	1
2089	30.5	2
2090	27.0	3
2091	31.625	1
2092	21.375	3
2093	25.25	1
2094	37.625	1
2095	23.625	1
2096	25.5	1
2097	31.0	1
2098	27.125	1
2099	21.0	3
2100	26.5	1
2101	27.5	3
2102	23.75	1
2103	27.5	3
2104	19.875	3
2105	29.0	1
2107	22.0	1
2108	33.125	1
2109	24.5	1
2110	30.875	1
2111	18.0	1
2112	35.25	2
2113	21.25	2
2114	24.5	3
2115	23.0	3
2116	23.375	2
2117	27.25	3
2118	26.5	1
2119	21.0	1
2120	26.5	2
2121	26.125	3
2122	18.5	1
2123	25.25	1
2124	20.5	3
2125	23.25	1
2126	15.25	1
2127	17.5	1
2128	40.75	1
2129	24.25	3
2130	23.625	2
2131	31.125	1
2132	26.0	1
2133	25.375	1
2134	28.375	1
2135	22.125	3
2136	24.0	3
2137	26.875	1
2138	26.375	1
2139	32.0	1
2140	27.0	1
2141	20.5	2
2142	26.0	1
2143	22.125	1
2144	21.25	3
2145	27.75	1
2146	27.0	3
2147	64.25	1
2148	31.75	1
2149	34.5	1
2150	35.5	2
2151	15.5	1
2152	21.25	1
2153	32.625	1
2154	33.75	1
2155	63.0	4
2156	18.25	1
2157	38.625	1
2158	21.25	1
2159	15.875	1
2160	32.25	2
2161	30.0	2
2163	30.75	1
2164	22.625	2
2165	21.0	3
2166	48.5	1
2167	40.75	1
2168	21.125	1
2169	26.125	2
2170	19.375	1
2171	16.125	1
2172	68.5	2
2173	19.25	3
2174	39.875	1
2175	69.75	1
2176	39.5	1
2177	38.5	2
2178	36.125	1
2179	16.125	1
2180	40.0	1
2181	47.5	1
2182	25.25	2
2183	16.25	1
2184	19.0	1
2185	19.5	1
2186	18.375	1
2187	17.625	1
2188	29.375	2
2189	17.5	1
2190	22.875	1
2191	23.5	1
2192	27.5	1
2193	23.0	3
2194	34.0	1
2195	38.0	1
2196	24.5	3
2197	28.25	2
2198	21.0	1
2199	36.25	2
2200	24.75	2
2201	42.75	3
2202	26.375	3
2203	27.0	2
2204	25.75	1
2205	31.25	1
2206	24.25	1
2207	26.625	1
2208	28.25	1
2209	30.5	1
2210	26.375	2
2211	24.25	1
2212	19.5	1
2213	22.5	1
2214	21.375	3
2215	39.0	1
2216	24.75	2
2217	32.5	1
2218	18.625	1
2219	30.875	1
2220	19.0	1
2221	21.125	3
2223	34.75	1
2224	20.125	1
2225	18.75	1
2226	33.25	2
2227	21.375	1
2228	17.0	1
2229	24.375	2
2230	20.0	1
2231	27.0	1
2232	34.5	1
2233	17.5	1
2234	24.0	1
2235	22.5	1
2236	25.5	1
2237	28.125	3
2238	27.625	1
2239	14.75	1
2240	31.5	1
2241	22.75	1
2242	26.75	3
2243	31.625	1
2244	22.25	1
2245	28.0	1
2246	20.0	3
2247	21.0	3
2248	19.875	1
2249	22.625	3
2250	22.375	1
2251	19.625	2
2252	25.25	1
2253	20.125	2
2254	29.25	1
2255	26.75	1
2256	29.75	1
2257	19.75	1
2258	19.625	1
2259	19.5	1
2260	23.875	2
2261	17.5	1
2262	53.25	1
2263	108.25	1
2264	29.375	1
2265	32.5	1
2266	30.75	1
2267	17.75	2
2268	17.75	1
2269	62.0	1
2270	30.25	1
2271	24.625	2
2272	24.375	2
2273	22.875	1
2274	37.25	1
2275	16.5	1
2276	28.25	1
2277	21.5	1
2278	37.75	1
2279	25.75	1
2280	51.0	2
2281	26.25	1
2282	25.5	1
2283	28.5	2
2284	19.875	3
2285	46.0	1
2286	19.75	1
2287	25.25	1
2288	22.25	1
2289	37.875	1
2290	27.0	3
2291	16.75	1
2292	63.0	1
2293	29.5	2
2294	42.0	1
2295	26.5	1
2296	17.75	1
2297	25.875	2
2298	22.5	1
2299	27.75	3
2300	28.5	2
2301	33.25	1
2302	18.0	1
2303	41.75	1
2304	22.25	1
2305	33.5	1
2306	21.25	1
2307	25.75	1
2308	24.125	1
2309	22.5	3
2310	29.25	1
2311	18.5	1
2312	28.0	1
2313	18.375	1
2314	20.25	1
2315	46.25	2
2316	18.0	3
2317	17.75	1
2318	31.5	1
2319	21.0	1
2320	33.5	1
2321	21.0	3
2322	24.25	2
2323	22.25	1
2324	26.75	1
2325	19.75	1
2326	18.5	1
2327	26.25	1
2328	29.25	1
2329	33.0	1
2330	20.5	1
2331	28.875	3
2332	21.625	1
2333	20.375	1
2334	32.25	1
2335	26.125	2
2336	18.25	1
2337	29.375	1
2338	19.5	2
2339	29.25	1
2340	18.5	1
2341	18.0	1
2342	18.5	3
2343	24.875	1
2344	26.5	1
2346	30.625	1
2347	18.875	1
2348	20.25	1
2349	25.375	3
2350	23.5	1
2351	32.25	1
2352	31.5	1
2353	23.25	1
2354	50.75	1
2355	35.0	2
2356	35.5	1
2357	19.75	1
2358	23.875	3
2359	35.625	2
2360	21.75	1
2361	20.25	1
2362	18.0	2
2363	33.375	1
2364	23.25	1
2365	19.875	1
2366	25.25	3
2367	15.0	1
2368	18.5	3
2369	25.5	1
2370	18.0	1
2371	24.75	2
2372	26.875	2
2373	23.0	1
2374	29.25	2
2375	27.75	1
2376	27.5	1
2377	24.0	2
2378	26.125	1
2379	30.0	2
2380	26.75	3
2381	33.375	1
2382	24.5	1
2383	20.75	1
2384	25.0	1
2385	19.75	1
2386	28.5	1
2387	25.75	2
2388	26.375	1
2389	25.875	1
2390	25.625	2
2391	19.5	3
2392	27.25	1
2393	26.25	1
2394	35.0	1
2395	17.75	1
2396	26.875	1
2397	25.875	1
2398	18.25	1
2399	20.375	1
2400	23.25	1
2401	23.5	1
2402	23.375	1
2403	33.75	2
2404	26.75	1
2405	26.875	1
2406	26.5	1
2407	20.25	1
2408	20.25	1
2409	21.0	1
2410	35.0	1
2411	16.75	1
2412	27.0	2
2413	21.375	1
2414	23.875	1
2415	21.125	2
2416	23.125	1
2417	27.25	2
2418	19.875	1
2419	39.0	3
2420	20.625	1
2421	44.5	2
2422	18.75	1
2423	21.0	2
2424	16.75	1
2425	23.25	1
2426	20.75	2
2427	19.375	3
2428	28.5	1
2429	25.0	1
2430	32.75	1
2431	21.75	1
2432	19.25	1
2433	29.5	1
2434	18.25	1
2435	29.25	3
2436	21.5	1
2437	20.25	3
2438	24.0	3
2439	21.0	1
2440	29.0	1
2441	14.25	1
2442	23.0	1
2443	18.875	1
2444	21.0	1
2445	22.0	1
2446	19.625	1
2447	41.75	1
2448	22.25	2
2449	19.875	3
2450	26.875	2
2451	21.625	1
2452	16.75	1
2453	90.5	2
2454	17.75	1
2455	21.5	1
2456	23.75	1
2457	35.25	1
2458	23.0	1
2459	40.875	2
2460	29.0	1
2461	25.625	1
2462	33.625	1
2463	26.125	1
2464	26.75	1
2465	32.25	1
2466	25.125	1
2467	30.375	1
2468	33.125	1
2469	22.75	2
2470	40.75	1
2471	87.625	1
2472	18.75	2
2473	25.75	3
2474	25.0	3
2475	22.375	1
2476	17.25	1
2477	30.5	1
2478	17.0	1
2479	29.375	2
2480	19.375	1
2481	23.875	1
2482	32.625	1
2483	25.25	3
2484	38.125	1
2485	18.125	1
2486	17.625	1
2487	24.125	1
2488	21.0	3
2489	22.25	1
2490	24.875	1
2491	16.0	1
2492	69.75	1
2493	33.25	1
2494	48.25	1
2495	33.25	1
2496	16.0	1
2497	27.25	1
2498	16.5	1
2499	20.125	3
2500	21.625	1
2501	19.0	2
2502	23.75	1
2503	40.875	1
2504	86.625	2
2505	27.25	3
2506	20.375	1
2507	21.25	1
2508	19.0	2
2509	29.875	2
2510	18.125	2
2511	18.625	2
2512	28.75	1
2513	18.75	1
2514	29.5	1
2515	22.625	2
2516	22.75	1
2517	28.875	1
2518	35.0	2
2519	19.75	1
2520	27.75	3
2521	27.125	2
2522	59.25	1
2523	26.5	1
2524	20.75	3
2525	17.125	1
2526	24.25	1
2527	30.875	1
2528	22.375	3
2529	35.5	2
2530	32.0	1
2531	29.75	3
2532	35.375	1
2533	32.25	1
2534	17.25	1
2535	21.875	2
2536	21.375	1
2537	14.75	1
2538	31.125	1
2539	27.875	2
2540	39.75	1
2541	24.0	3
2542	30.625	3
2543	30.375	2
2544	19.5	2
2545	26.625	1
2546	29.25	1
2547	23.375	2
2548	19.5	1
2549	32.25	1
2550	31.25	1
2551	25.0	1
2552	25.625	2
2553	17.625	1
2554	38.75	1
2555	19.25	1
2556	35.0	1
2557	23.375	2
2558	22.125	1
2559	20.375	1
2560	23.75	2
2561	24.25	1
2562	25.0	1
2563	20.125	2
2564	25.0	1
2565	24.625	1
2566	33.625	1
2567	36.5	1
2568	35.125	1
2569	29.0	2
2570	27.25	1
2571	29.25	1
2572	18.875	3
2573	22.0	1
2574	18.0	1
2575	21.75	3
2576	39.5	2
2577	28.25	1
2578	29.625	2
2579	21.625	2
2580	27.375	3
2581	23.625	2
2582	22.0	1
2583	18.875	1
2584	29.375	2
2585	23.5	1
2586	35.375	2
2587	28.875	1
2588	28.625	3
2589	29.25	2
2590	18.125	1
2591	43.875	1
2592	20.375	1
2593	29.75	2
2594	23.25	1
2595	16.5	1
2596	24.625	1
2597	21.125	3
2598	22.25	1
2599	26.75	1
2600	22.75	2
2601	19.375	1
2602	31.25	2
2603	42.375	1
2604	36.0	1
2605	24.375	2
2606	47.75	1
2607	21.5	1
2608	29.0	1
2609	26.75	1
2610	33.5	1
2611	32.5	1
2612	27.5	3
2613	40.75	2
2614	18.375	2
2615	23.75	1
2616	29.375	1
2617	23.75	1
2618	29.375	1
2619	21.375	1
2620	21.875	3
2621	25.25	2
2622	19.625	1
2623	19.0	1
2624	22.5	2
2625	21.25	1
2626	31.75	1
2627	22.5	1
2628	18.0	1
2629	33.625	1
2630	22.0	3
2631	18.5	1
2632	22.25	3
2633	25.5	1
2634	33.875	1
2635	23.0	2
2636	24.625	1
2637	15.75	1
2638	23.75	1
2639	18.0	1
2640	24.375	1
2641	19.375	1
2642	32.0	2
2643	19.625	1
2644	20.5	3
2645	30.75	2
2646	32.25	2
2647	26.0	2
2648	29.25	1
2649	28.75	1
2650	19.625	1
2651	31.5	1
2652	25.0	1
2653	17.5	1
2654	27.5	1
2655	23.25	2
2656	24.5	1
2657	17.25	1
2658	26.5	1
2659	44.875	1
2660	24.625	1
2661	26.5	1
2662	25.625	1
2663	38.625	2
2664	27.25	2
2665	26.25	1
2666	17.125	1
2667	30.75	1
2668	24.0	1
2669	18.0	1
2670	45.5	3
2671	15.0	1
2672	95.375	1
2673	33.875	1
2674	23.25	1
2675	28.75	1
2676	82.75	1
2677	26.375	2
2678	21.0	3
2679	16.5	1
2680	26.0	1
2681	25.5	1
2682	44.375	4
2683	26.75	1
2684	25.5	3
2685	15.25	1
2686	26.25	1
2687	18.5	1
2688	25.0	1
2689	32.0	2
2690	19.625	1
2691	44.75	1
2692	25.75	1
2693	19.25	1
2694	28.0	1
2695	24.0	3
2696	37.375	1
2697	150.625	1
2698	31.0	1
2699	93.375	1
2700	21.75	1
2701	15.25	1
2702	27.875	2
2703	24.5	1
2704	20.375	1
2705	19.5	1
2706	23.125	2
2707	22.375	2
2708	21.25	1
2709	22.0	1
2710	32.125	1
2711	25.75	2
2712	27.625	2
2713	23.75	1
2714	17.625	1
2715	51.5	1
2716	29.0	1
2717	34.25	1
2718	18.25	1
2719	22.625	1
2720	30.25	2
2721	24.75	1
2722	18.75	2
2723	25.875	2
2724	47.5	2
2725	17.5	1
2726	34.5	1
2727	28.0	1
2728	18.375	1
2729	18.25	1
2730	29.5	1
2731	21.0	1
2732	19.25	1
2733	46.25	1
2734	22.625	3
2735	30.375	2
2736	31.25	2
2737	22.625	1
2738	22.625	3
2739	26.5	2
2740	19.0	3
2741	88.0	1
2742	30.125	3
2743	33.125	1
2744	45.25	3
2745	17.5	1
2746	29.0	1
2747	36.5	1
2748	18.5	1
2749	36.75	3
2750	18.5	1
2751	29.125	1
2752	16.0	1
2753	22.0	1
2754	22.75	1
2755	27.75	1
2756	18.5	1
2757	25.0	1
2758	42.875	1
2759	37.875	1
2760	26.375	1
2761	24.25	1
2762	32.5	1
2763	26.375	2
2764	32.5	1
2765	19.125	1
2766	64.25	3
2767	19.25	2
2768	28.125	2
2769	15.875	1
2770	18.5	1
2771	28.5	1
2772	30.0	3
2773	16.5	1
2774	22.75	1
2775	27.75	2
2776	27.25	3
2777	28.375	1
2778	30.125	1
2779	31.625	1
2780	74.25	2
2781	23.5	2
2782	24.625	2
2783	24.5	1
2784	24.875	1
2785	30.25	2
2786	27.75	3
2787	29.75	1
2788	59.5	1
2789	22.0	2
2790	27.25	1
2791	23.5	1
2792	37.25	1
2793	20.0	3
2794	32.625	2
2795	37.875	1
2796	24.25	1
2797	20.875	3
2798	29.0	1
2799	16.375	1
2800	15.625	1
2801	35.75	1
2802	29.625	1
2803	24.5	3
2804	38.0	2
2805	22.25	1
2806	26.25	1
2807	33.0	1
2808	20.5	1
2809	29.5	1
2810	47.875	1
2811	31.25	1
2812	19.75	1
2813	30.375	1
2814	25.375	1
2815	22.0	1
2816	25.875	3
2817	35.0	2
2818	19.375	3
2819	27.625	1
2820	26.75	2
2821	14.375	1
2822	20.75	1
2823	26.625	3
2824	42.125	1
2825	20.375	3
2826	17.75	1
2827	19.0	3
2828	33.125	1
2829	18.5	1
2830	23.5	1
2831	32.75	2
2832	48.125	1
2833	16.0	1
2834	35.75	1
2835	16.0	1
2836	25.0	1
2837	21.125	1
2838	26.375	1
2839	30.25	1
2840	19.25	1
2841	27.0	2
2842	20.5	1
2843	36.625	1
2844	14.0	1
2845	33.25	1
2846	33.75	2
2847	20.25	3
2848	26.0	2
2849	28.25	2
2850	30.25	1
2851	23.25	1
2852	18.25	1
2853	22.25	3
2854	27.0	1
2855	17.625	1
2856	27.625	2
2857	17.0	1
2858	17.75	1
2859	23.875	2
2860	22.25	3
2861	25.25	2
2862	25.0	3
2863	14.75	1
2864	35.5	1
2865	18.0	1
2866	47.0	1
2867	24.25	1
2868	28.75	2
2869	18.25	1
2870	16.875	1
2871	20.25	3
2872	24.875	1
2873	34.5	1
2874	17.875	1
2875	28.875	3
2876	19.75	1
2877	23.75	3
2878	26.375	3
2879	21.5	3
2880	16.75	1
2881	26.125	2
2882	26.375	1
2883	17.5	1
2884	29.125	2
2885	39.25	1
2886	21.5	1
2887	22.625	3
2888	38.875	1
2889	25.75	2
2890	26.0	2
2891	27.625	3
2892	24.25	1
2893	20.5	3
2894	33.125	1
2895	43.625	1
2896	41.25	1
2897	24.75	3
2898	46.0	1
2899	17.75	3
2900	23.75	1
2902	19.0	1
2903	19.25	1
2904	18.25	1
2905	20.75	3
2906	26.875	1
2907	23.25	3
2908	27.5	1
2909	19.0	2
2910	32.875	1
2911	21.125	1
2912	20.5	1
2913	19.125	2
2914	18.625	1
2915	23.0	2
2916	27.5	1
2917	23.25	2
2918	31.5	2
2919	25.5	3
2920	38.5	2
2921	18.75	2
2922	14.25	1
2923	29.625	1
2924	37.0	1
2925	36.5	2
2926	20.5	1
2927	41.125	2
2928	15.75	1
2929	22.375	1
2930	18.25	1
2931	19.25	3
2932	27.75	1
2933	22.25	3
2934	27.75	2
2935	32.75	1
2936	18.0	1
2937	37.0	1
2938	31.0	3
2939	35.75	1
2940	32.375	1
2941	21.75	1
2942	18.875	1
2943	19.5	1
2944	33.0	1
2945	23.75	1
2946	18.75	1
2947	31.75	3
2948	20.5	1
2949	19.125	1
2950	25.5	1
2951	24.125	1
2952	16.5	1
2953	28.25	2
2954	17.0	1
2955	32.625	1
2956	19.5	1
2957	20.25	2
2958	39.0	2
2959	27.25	3
2960	22.0	1
2961	20.0	1
2962	24.75	1
2963	30.0	1
2964	25.125	1
2965	21.875	1
2966	24.0	1
2967	21.5	2
2968	25.5	1
2969	31.0	1
2970	33.875	2
2971	28.75	2
2972	22.75	1
2973	75.25	1
2974	28.25	1
2975	39.25	2
2976	32.625	1
2977	30.625	1
2978	18.0	1
2979	21.75	2
2980	23.75	3
2981	26.375	2
2982	20.5	1
2983	29.0	1
2984	16.625	1
2985	17.25	1
2986	20.0	1
2987	24.0	2
2988	41.125	1
2989	23.875	1
2990	37.0	1
2991	24.875	3
2992	26.0	1
2993	17.75	1
2994	46.125	1
2995	23.625	2
2996	23.375	2
2997	17.875	1
2998	32.375	2
2999	43.25	1
3000	17.5	1
3001	20.0	1
3002	18.875	1
3003	21.5	1
3004	28.875	1
3005	25.125	2
3006	18.0	1
3007	42.25	2
3008	25.5	1
3009	25.25	1
3010	28.5	1
3011	19.0	3
3012	37.0	2
3013	31.0	2
3014	24.25	2
3015	33.25	1
3016	27.625	1
3017	24.875	2
3018	37.0	3
3019	20.25	2
3020	26.5	2
3021	17.5	1
3022	27.75	1
3023	34.25	1
3024	28.0	2
3025	27.125	1
3026	21.5	1
3027	38.75	1
3028	49.5	1
3029	37.75	1
3030	17.75	1
3031	20.0	3
3032	23.75	3
3033	21.0	3
3034	16.75	2
3035	25.5	1
3036	37.125	1
3037	40.75	1
3038	17.5	1
3039	24.0	1
3040	18.625	1
3041	30.625	1
3042	18.25	1
3043	18.875	2
3044	25.5	2
3045	30.375	1
3046	19.75	1
3047	21.75	1
3048	25.25	2
3049	21.125	3
3050	21.0	3
3051	22.75	2
3052	35.25	1
3053	34.75	1
3054	30.125	1
3055	21.75	1
3056	34.125	1
3057	16.25	1
3058	27.25	1
3059	38.25	1
3060	21.75	2
3061	27.0	2
3062	22.0	2
3063	18.125	3
3064	22.5	3
3065	31.625	1
3066	24.5	3
3067	25.25	1
3068	23.25	1
3069	20.75	1
3070	32.625	2
3071	34.875	2
3072	26.25	1
3073	31.125	1
3074	28.25	1
3075	21.125	1
3076	18.75	3
3077	25.625	3
3078	16.25	3
3079	41.0	1
3080	24.75	1
3081	19.0	2
3082	22.5	1
3083	23.5	1
3085	30.25	2
3086	23.625	3
3087	19.25	1
3088	38.75	1
3089	18.5	3
3090	20.625	1
3091	22.75	1
3092	26.0	2
3093	27.0	1
3094	30.0	1
3095	26.5	1
3096	20.5	3
3097	21.0	2
3098	26.875	1
3099	29.25	3
3100	33.875	1
3101	37.0	1
3102	25.5	2
3103	20.75	1
3104	31.25	1
3105	21.5	3
3106	30.625	1
3107	27.5	1
3108	32.875	1
3109	17.75	1
3110	29.25	1
3111	19.25	1
3112	23.25	3
3113	25.25	2
3114	43.5	1
3115	31.0	1
3116	19.5	2
3117	25.25	2
3118	18.875	1
3119	21.0	1
3120	32.75	3
3121	28.375	1
3122	25.375	2
3123	39.0	1
3124	29.5	1
3125	25.5	1
3126	18.25	1
3127	51.5	1
3128	23.25	2
3129	25.25	3
3130	24.375	1
3131	23.5	3
3132	22.5	2
3133	24.25	3
3134	24.875	1
3135	17.5	2
3136	43.25	1
3137	24.125	3
3138	21.0	3
3139	27.0	2
3140	22.25	1
3141	25.5	1
3142	23.125	2
3143	15.625	1
3144	32.0	2
3145	21.5	1
3146	20.625	1
3147	33.375	1
3148	25.25	1
3149	26.75	1
3150	16.875	1
3151	24.375	3
3152	30.0	2
3153	17.75	2
3154	33.75	3
3155	22.5	1
3156	21.25	1
3157	19.375	1
3158	58.0	1
3159	17.0	1
3160	35.0	1
3161	44.0	2
3162	24.25	1
3163	17.25	2
3164	24.25	3
3165	25.625	1
3166	19.25	3
3167	86.125	1
3168	25.25	2
3169	30.25	1
3170	33.125	2
3171	26.0	3
3172	27.125	2
3173	31.0	1
3174	31.625	1
3175	21.5	1
3176	24.75	2
3177	19.75	3
3178	74.5	1
3179	20.25	1
3180	28.375	2
3181	20.0	2
3182	32.25	1
3183	34.75	1
3184	40.75	1
3185	34.375	2
3186	27.125	1
3187	19.875	1
3188	15.5	1
3189	30.75	2
3190	25.875	1
3191	27.0	1
3192	25.75	1
3193	24.375	3
3194	19.625	1
3195	22.25	3
3196	17.25	1
3197	36.5	1
3198	19.25	1
3199	20.375	1
3200	24.5	1
3201	20.75	3
3202	24.5	3
3203	21.25	1
3204	19.375	3
3205	20.25	3
3206	18.625	1
3207	17.5	1
3208	28.5	1
3209	26.75	3
3210	23.25	1
3211	34.125	1
3212	21.75	3
3213	20.0	2
3214	20.875	1
3215	28.25	1
3216	23.5	1
3217	19.5	2
3218	22.0	1
3219	20.125	1
3220	33.625	1
3221	29.75	1
3222	25.0	1
3223	21.0	3
3224	20.5	1
3225	26.25	1
3226	21.125	1
3227	20.25	2
3228	32.5	3
3229	21.625	2
3230	19.75	1
3231	19.375	1
3232	21.375	1
3233	39.75	1
3234	20.875	1
3235	28.75	1
3236	23.25	1
3237	20.625	3
3238	43.25	1
3239	22.5	2
3240	27.0	1
3241	41.5	3
3242	58.5	1
3243	23.0	3
3244	23.125	2
3245	33.125	4
3246	26.25	1
3247	39.375	1
3248	28.0	1
3249	44.5	1
3250	21.5	2
3251	34.25	1
3252	18.875	1
3253	23.375	1
3254	49.125	1
3255	17.5	3
3256	21.25	1
3257	16.875	1
3258	41.0	1
3259	24.25	1
3260	22.75	1
3261	26.75	3
3262	28.5	2
3263	22.5	2
3264	17.75	3
3265	31.75	1
3266	22.5	2
3267	23.25	3
3268	14.25	1
3269	24.5	2
3270	44.125	1
3271	40.125	1
3272	21.0	1
3273	23.75	2
3274	20.25	1
3275	24.5	2
3276	21.0	1
3277	20.625	1
3278	29.75	1
3279	16.375	2
3280	23.0	2
3281	24.5	1
3282	27.5	2
3283	28.25	2
3284	21.75	1
3285	20.5	3
3286	53.125	1
3287	19.125	1
3288	21.375	3
3289	22.0	3
3290	29.875	3
3291	27.5	1
3292	21.25	2
3293	34.25	2
3294	26.75	1
3295	21.0	1
3296	26.5	1
3297	29.5	1
3298	19.75	1
3299	18.625	1
3300	16.125	1
3301	63.5	3
3302	19.125	1
3303	22.125	2
3304	24.875	1
3305	25.875	1
3306	23.25	1
3307	25.875	2
3309	115.75	1
3310	25.875	1
3311	33.25	1
3312	35.375	1
3313	31.25	1
3314	24.875	1
3316	29.0	1
3317	26.375	1
3318	46.0	1
3319	17.0	1
3320	23.75	1
3321	29.625	1
3322	27.125	1
3323	20.5	1
3324	19.0	2
3325	27.25	1
3326	19.75	1
3327	23.0	2
3328	30.125	1
3329	22.0	2
3330	22.0	1
3331	18.0	3
3332	77.75	1
3333	19.125	1
3334	22.375	2
3335	31.25	1
3336	31.25	1
3337	26.75	3
3338	26.375	1
3339	21.0	1
3340	33.125	1
3341	19.375	1
3342	25.75	1
3343	29.25	1
3344	21.25	3
3345	22.25	1
3346	20.25	3
3347	32.5	2
3348	25.375	1
3349	24.875	1
3350	17.5	1
3351	17.75	1
3352	20.125	1
3353	32.25	1
3354	46.125	2
3355	29.0	2
3356	27.125	1
3357	27.25	3
3358	31.25	1
3359	21.25	1
3360	22.0	1
3361	28.125	3
3362	20.75	1
3363	22.75	1
3364	27.5	3
3365	16.5	1
3366	18.75	1
3367	39.5	1
3368	27.375	1
3369	27.0	1
3370	14.75	1
3371	17.0	1
3372	20.625	1
3373	38.375	1
3374	23.5	3
3375	34.5	1
3376	22.5	1
3377	33.75	1
3379	44.0	1
3380	21.0	1
3381	31.25	2
3382	21.375	1
3383	25.25	1
3384	29.375	1
3385	24.5	1
3386	33.0	1
3387	23.75	3
3388	37.0	2
3389	26.0	2
3390	17.0	1
3391	19.75	3
3392	20.875	1
3393	18.0	1
3394	37.0	3
3395	20.5	2
3397	28.375	2
3398	26.75	2
3399	19.25	1
3400	25.125	1
3401	23.875	1
3402	35.25	1
3403	16.75	1
3404	35.25	3
3406	38.5	1
3407	18.75	1
3408	27.5	2
3409	20.25	2
3410	25.0	1
3411	25.25	1
3412	20.25	1
3413	19.75	3
3414	32.125	1
3415	20.5	1
3416	21.5	3
3417	20.5	1
3418	19.5	1
3419	26.5	2
3420	24.25	3
3421	19.875	1
3422	26.0	1
3423	26.0	1
3424	26.0	2
3425	24.75	1
3426	19.0	1
3427	29.875	1
3428	23.375	3
3429	19.625	1
3430	23.125	1
3431	27.75	3
3432	74.5	1
3433	24.0	1
3434	37.0	1
3435	31.25	3
3436	35.625	1
3437	26.75	2
3438	17.0	1
3439	17.5	1
3440	22.375	1
3441	53.0	1
3442	70.25	1
3443	24.0	1
3444	22.25	3
3445	25.875	2
3446	21.0	3
3447	20.125	1
3448	24.125	1
3449	21.0	1
3450	21.75	2
3451	23.75	1
3452	24.375	1
3453	24.0	2
3454	38.25	1
3455	106.5	1
3456	17.875	1
3457	20.875	1
3458	22.0	1
3459	19.5	1
3460	31.5	1
3461	30.25	1
3462	28.625	1
3463	38.0	3
3464	23.125	1
3465	31.5	1
3466	21.75	1
3467	27.25	1
3468	26.75	1
3469	24.25	1
3470	32.25	2
3471	27.0	1
3472	24.5	1
3473	16.75	1
3474	34.0	2
3475	20.25	2
3476	20.0	1
3478	21.875	1
3479	25.625	1
3480	24.0	3
3481	30.5	1
3482	22.125	1
3483	30.75	1
3484	34.25	1
3485	29.125	1
3486	27.375	1
3487	25.5	1
3488	42.25	1
3489	27.625	1
3490	25.5	1
3491	30.0	1
3492	16.25	1
3493	19.0	1
3494	24.125	2
3495	85.0	1
3496	23.75	3
3497	32.75	1
3498	29.5	1
3499	23.625	3
3500	46.125	1
3501	30.0	2
3502	31.25	1
3503	37.375	2
3504	24.0	1
3505	18.875	1
3506	72.25	1
3507	19.375	1
3508	31.0	1
3509	42.0	2
3510	26.75	1
3511	23.0	1
3512	23.0	1
3513	34.5	3
3514	30.0	1
3515	38.5	1
3516	24.125	3
3517	34.5	2
3518	23.875	3
3519	25.625	1
3520	27.5	1
3521	28.625	1
3522	19.25	3
3523	44.375	1
3524	17.5	1
3525	24.25	1
3526	29.375	2
3527	34.5	3
3528	32.625	1
3529	30.125	1
3530	27.75	1
3531	20.625	1
3532	31.5	1
3533	26.375	1
3534	22.25	1
3535	54.75	1
3536	19.5	1
3537	31.0	3
3538	20.5	1
3539	16.25	1
3540	28.25	1
3541	76.0	1
3542	32.75	1
3543	18.75	1
3544	32.875	1
3545	28.125	1
3546	22.0	2
3547	22.75	1
3548	17.5	1
3549	19.25	3
3550	37.875	1
3551	26.5	1
3552	29.25	1
3553	25.75	1
3554	16.5	1
3555	41.125	1
3556	26.25	1
3557	20.0	1
3558	18.75	2
3559	40.625	1
3560	26.75	1
3561	28.25	1
3562	24.5	1
3563	18.5	1
3564	32.125	1
3565	19.875	1
3566	29.5	1
3567	14.125	1
3568	28.75	2
3569	28.625	1
3570	29.25	1
3571	43.75	1
3572	19.625	1
3573	19.25	2
3574	27.75	1
3575	31.5	1
3576	31.625	1
3577	57.25	1
3578	47.875	1
3579	42.5	1
3580	16.5	1
3581	18.0	1
3582	26.0	1
3583	22.25	3
3584	18.875	1
3585	21.25	3
3587	21.25	3
3588	26.25	3
3589	26.75	2
3590	22.75	2
3591	23.375	1
3592	21.5	1
3593	27.375	2
3594	18.5	1
3595	35.625	1
3596	20.75	3
3597	23.5	1
3598	29.0	3
3599	26.25	2
3600	17.75	1
3601	33.625	1
3602	18.5	1
3603	26.125	1
3604	26.875	1
3605	26.5	1
3606	20.5	2
3607	24.75	1
3608	35.125	1
3609	16.25	1
3610	24.75	1
3611	83.875	1
3612	18.75	3
3613	21.875	1
3614	17.75	1
3615	17.625	1
3616	19.25	1
3617	28.75	1
3618	23.25	3
3619	23.0	3
3620	25.5	1
3621	18.0	1
3622	29.875	2
3623	37.0	2
3624	26.625	1
3625	30.125	1
3626	23.75	2
3627	31.25	2
3628	30.875	1
3629	19.375	3
3631	29.75	2
3632	20.375	3
3633	15.25	1
3634	17.125	1
3635	30.0	1
3636	34.0	1
3637	68.5	1
3638	20.5	1
3639	23.0	3
3640	31.375	1
3641	23.375	3
3642	21.75	3
3643	12.125	1
3644	22.0	1
3645	37.625	1
3646	34.75	1
3647	20.25	1
3648	21.75	3
3649	12.875	1
3650	18.0	1
3651	55.625	1
3652	18.25	1
3653	18.25	1
3654	20.75	2
3655	25.125	3
3656	27.875	1
3657	21.25	3
3658	46.875	1
3659	17.5	1
3660	27.625	1
3661	25.125	2
3662	24.375	1
3663	23.75	1
3664	33.375	2
3665	25.125	3
3666	18.75	1
3667	21.625	1
3668	19.75	2
3669	31.0	2
3670	17.5	1
3671	24.375	1
3672	27.375	1
3673	24.25	1
3674	23.875	3
3675	27.0	1
3677	29.125	1
3678	36.5	3
3679	30.0	1
3680	20.25	2
3681	19.125	1
3682	20.25	1
3683	25.125	1
3684	19.25	1
3685	38.0	2
3686	41.375	1
3687	26.5	2
3688	18.75	3
3689	25.0	1
3690	22.25	1
3691	18.25	1
3692	21.75	1
3693	20.25	3
3694	20.0	3
3695	27.0	1
3696	28.25	2
3697	29.125	1
3698	34.25	1
3700	25.125	1
3701	40.5	1
3702	18.5	2
3703	25.25	2
3704	29.5	1
3705	27.375	2
3706	18.75	1
3707	23.0	3
3708	17.25	1
3709	18.75	1
3710	55.5	2
3711	26.625	3
3712	15.5	1
3713	35.125	1
3714	34.5	1
3715	20.625	1
3716	20.125	1
3717	20.25	2
3718	33.125	1
3719	28.0	1
3720	50.0	1
3721	25.0	2
3722	17.25	1
3723	25.0	2
3724	19.25	3
3725	30.125	2
3727	19.375	1
3728	24.25	1
3729	29.75	2
3730	26.5	3
3731	20.25	3
3732	26.0	3
3733	65.0	1
3734	29.25	2
3735	21.75	3
3736	27.5	3
3737	19.0	2
3738	17.375	2
3739	30.125	1
3740	16.25	1
3741	16.75	1
3742	20.625	1
3743	26.0	1
3744	26.875	1
3745	32.75	1
3746	36.0	1
3747	22.5	3
3748	23.75	1
3749	34.5	2
3750	18.75	1
3751	24.375	1
3752	27.125	2
3753	22.0	1
3754	21.25	1
3755	27.75	2
3756	27.75	1
3757	22.0	2
3758	122.5	1
3759	29.5	1
3760	16.875	1
3761	24.75	2
3762	31.25	1
3763	20.75	3
3764	31.75	2
3765	30.375	1
3766	18.0	3
3767	26.75	1
3768	33.625	1
3769	19.25	1
3770	21.75	2
3771	17.0	1
3772	25.125	1
3773	106.625	1
3774	19.0	1
3775	21.25	3
3776	24.5	1
3777	33.125	1
3778	21.125	1
3779	29.25	2
3780	81.75	1
3781	27.75	2
3782	16.75	3
3783	26.875	1
3784	25.875	1
3785	25.5	3
3786	20.5	1
3787	19.5	2
3788	30.0	1
3789	20.0	1
3790	25.75	1
3791	28.5	2
3792	35.25	1
3793	25.0	3
3794	82.375	1
3795	26.25	1
3796	23.0	3
3797	31.0	1
3798	22.0	1
3799	28.0	1
3800	25.25	2
3801	23.0	2
3802	31.75	1
3803	29.0	1
3804	25.5	3
3805	29.875	1
3806	19.25	1
3807	16.5	1
3808	27.0	1
3809	20.25	1
3810	21.25	1
3811	25.75	3
3812	20.5	3
3813	26.375	2
3814	35.0	1
3815	25.5	2
3816	26.0	1
3817	29.0	1
3818	21.5	1
3819	18.125	1
3820	23.125	1
3821	71.0	3
3822	17.5	3
3823	29.75	1
3824	32.0	1
3825	23.5	2
3826	22.75	1
3827	21.75	3
3828	26.0	3
3829	55.0	1
3831	24.625	1
3832	19.875	1
3833	31.375	2
3834	19.5	3
3835	20.875	3
3836	24.25	2
3837	23.75	3
3838	19.0	1
3839	25.125	1
3840	22.25	1
3841	28.5	3
3842	24.5	2
3843	30.375	1
3844	26.125	1
3845	26.75	1
3846	22.75	3
3847	18.5	1
3848	28.625	2
3849	63.25	1
3850	30.25	1
3851	24.125	1
3852	23.5	1
3853	24.75	1
3854	17.0	1
3855	40.5	4
3856	18.25	1
3857	26.0	3
3858	28.0	1
3859	33.75	1
3860	21.75	1
3861	40.25	1
3862	18.5	1
3863	23.125	1
3864	27.375	3
3865	32.375	1
3866	26.5	1
3867	19.25	2
3868	27.75	1
3869	18.25	1
3870	28.0	1
3871	33.75	2
3872	22.75	3
3873	19.125	1
3874	36.875	1
3875	49.125	1
3876	18.0	1
3877	16.0	1
3878	17.0	1
3879	28.5	1
3880	23.75	3
3881	22.125	1
3882	22.75	1
3883	18.625	1
3884	25.5	1
3885	22.625	1
3886	21.75	2
3887	31.0	3
3888	31.5	3
3889	18.25	1
3890	25.375	2
3891	31.375	1
3892	45.375	2
3893	20.0	2
3894	28.75	1
3895	20.0	1
3896	27.5	1
3897	21.125	3
3898	24.0	1
3899	18.25	1
3900	19.25	1
3901	17.25	1
3902	16.5	1
3903	119.375	1
3904	17.75	1
3905	23.625	1
3906	26.0	3
3907	26.375	1
3908	45.75	1
3909	28.375	2
3910	27.375	1
3911	26.375	1
3912	24.5	1
3913	18.75	1
3914	28.0	1
3915	44.5	3
3916	18.0	1
3917	28.25	1
3918	21.25	3
3919	22.75	1
3920	23.875	1
3921	17.5	1
3922	25.5	2
3923	18.625	1
3924	61.5	2
3925	26.125	2
3926	20.0	3
3927	31.5	2
3928	28.25	1
3929	28.625	2
3930	19.0	2
3931	21.75	1
3932	29.5	1
3933	27.625	1
3934	27.375	1
3935	20.75	1
3936	25.75	2
3937	38.5	1
3938	35.0	1
3939	22.5	1
3940	29.0	1
3941	16.875	1
3942	30.125	1
3943	33.5	1
3944	22.125	1
3945	21.0	3
3946	38.75	2
3947	20.25	1
3948	20.5	3
3949	23.5	2
3950	21.5	2
3951	21.25	1
3952	37.875	1
3953	22.0	1
3954	21.0	2
3955	22.125	3
3956	45.75	1
3957	20.625	1
3958	31.25	1
3959	29.0	1
3960	21.75	1
3961	35.0	3
3962	41.375	1
3963	27.75	1
3964	29.875	3
3965	20.25	1
3966	30.0	2
3967	23.25	1
3968	36.25	1
3969	20.75	1
3970	19.0	1
3971	20.5	1
3972	23.875	1
3973	29.25	1
3974	33.875	2
3975	27.25	2
3976	33.5	1
3977	17.5	1
3978	26.375	1
3979	27.0	1
3980	19.5	1
3981	18.625	3
3982	34.5	1
3983	25.875	1
3984	23.0	3
3985	25.875	1
3986	38.5	3
3987	23.875	1
3988	21.0	2
3989	41.875	2
3990	25.0	2
3991	20.875	3
3992	38.875	1
3993	31.5	2
3994	15.25	1
3995	16.375	1
3996	21.75	1
3997	32.25	2
3998	35.0	1
3999	31.75	1
4000	16.75	1
4001	19.375	1
4002	29.0	1
4003	48.25	1
4004	16.75	1
4005	30.25	1
4006	32.25	2
4007	19.75	1
4008	27.375	3
4009	33.375	1
4010	20.75	3
4011	33.5	1
4012	29.25	1
4013	22.5	1
4014	16.75	1
4015	15.75	1
4016	20.0	1
4017	22.875	1
4018	29.375	3
4019	29.0	1
4020	22.125	1
4021	29.75	2
4022	28.75	1
4023	18.125	1
4024	28.0	1
4025	37.5	1
4026	18.75	1
4027	26.75	1
4028	21.5	3
4029	26.0	1
4030	38.375	1
4031	27.625	2
4032	23.25	3
4033	22.75	1
4034	52.375	1
4035	22.625	3
4036	55.5	1
4037	27.875	1
4038	26.0	1
4039	58.0	1
4040	21.5	1
4041	22.75	1
4042	18.0	1
4043	22.625	1
4044	17.875	2
4045	17.0	1
4046	26.625	1
4047	24.25	1
4048	19.875	3
4049	27.375	1
4050	26.25	3
4051	45.375	1
4052	31.875	2
4053	28.875	2
4054	28.0	3
4055	22.375	2
4056	34.5	1
4057	28.75	1
4058	23.5	1
4059	18.25	3
4060	27.875	1
4061	40.5	1
4062	18.75	1
4063	24.75	1
4064	22.25	1
4065	29.375	3
4066	119.75	2
4067	33.375	1
4068	20.125	1
4069	120.375	1
4070	37.125	1
4071	18.25	1
4072	16.75	1
4073	38.5	1
4074	17.75	1
4075	22.75	1
4076	31.375	1
4077	25.875	1
4078	28.5	1
4079	24.0	1
4080	26.375	2
4081	17.5	2
4082	16.0	2
4083	29.875	2
4084	23.75	2
4085	37.25	1
4086	15.875	1
4087	37.5	1
4088	34.125	1
4089	21.375	1
4090	23.5	1
4091	23.125	1
4093	26.25	1
4094	29.625	3
4095	21.625	1
4096	22.625	3
4097	24.25	1
4098	17.0	1
4099	20.25	2
4100	26.75	3
4101	23.25	3
4102	19.75	1
4103	22.75	1
4104	40.25	1
4105	29.75	1
4106	19.875	2
4107	24.875	1
4108	39.0	3
4109	19.25	1
4110	28.25	1
4111	28.25	1
4112	21.375	1
4113	17.5	1
4114	25.5	2
4115	16.875	1
4116	32.75	2
4117	15.5	1
4118	21.875	3
4119	21.0	1
4120	26.5	3
4121	19.5	3
4122	35.5	2
4123	21.0	1
4124	26.125	1
4125	115.5	2
4126	34.625	2
4127	30.5	1
4128	18.25	1
4129	16.375	1
4130	37.0	1
4131	30.75	2
4132	19.0	1
4133	44.25	1
4134	17.125	1
4135	26.25	1
4136	33.0	1
4137	26.875	1
4138	31.125	1
4139	31.75	1
4140	15.25	1
4141	35.625	2
4142	39.5	1
4143	29.0	1
4144	33.25	1
4145	24.5	3
4146	19.0	1
4147	22.5	1
4148	24.125	1
4149	23.5	2
4150	30.375	1
4151	29.0	1
4152	23.25	1
4153	29.0	2
4154	24.0	1
4155	20.625	1
4156	27.25	3
4157	19.25	1
4158	26.125	2
4159	18.125	1
4160	26.5	1
4161	31.0	1
4162	43.25	1
4163	41.625	2
4164	17.25	1
4165	28.0	1
4166	46.25	1
4167	32.0	1
4168	31.375	1
4169	25.5	1
4170	23.75	1
4171	31.0	1
4172	34.75	1
4173	23.25	3
4174	31.375	1
4175	25.5	2
4176	19.5	1
4177	19.625	1
4178	35.25	1
4179	25.0	1
4180	32.5	1
4181	35.5	2
4182	19.25	3
4183	22.875	1
4184	53.75	1
4185	35.5	1
4186	25.25	3
4187	18.75	1
4188	18.0	1
4189	21.5	1
4190	24.625	1
4191	34.25	3
4192	23.75	1
4193	22.75	1
4194	67.375	1
4195	19.0	1
4196	34.5	2
4197	28.0	1
4199	42.25	1
4200	23.75	2
4201	27.875	1
4202	27.25	1
4203	22.625	1
4204	28.5	1
4205	32.0	1
4206	31.5	2
4207	32.5	1
4208	32.25	1
4209	26.25	1
4210	34.625	1
4211	32.0	1
4212	33.0	1
4213	18.5	1
4214	35.75	1
4215	20.5	2
4216	27.5	1
4217	22.875	2
4218	18.25	1
4219	25.75	2
4220	17.875	3
4221	18.875	3
4222	20.25	1
4223	22.375	1
4224	19.5	1
4225	18.0	2
4226	23.0	1
4227	16.0	1
4228	22.875	1
4229	75.0	1
4230	27.125	2
4231	35.75	1
4232	19.75	2
4233	31.875	1
4234	24.875	1
4235	26.875	1
4236	33.125	2
4237	40.125	1
4238	18.25	1
4239	34.25	1
4240	27.0	1
4241	21.5	1
4242	20.625	3
4243	34.125	1
4244	30.875	1
4245	28.25	3
4246	37.25	1
4247	28.5	2
4248	19.125	3
4249	23.125	1
4250	21.75	3
4251	29.25	3
4252	16.75	1
4253	26.625	1
4254	22.75	1
4255	34.875	1
4256	23.25	2
4257	18.0	1
4258	20.0	2
4259	23.625	1
4260	28.5	1
4261	27.875	1
4263	21.875	1
4264	24.0	1
4265	20.25	3
4266	23.0	1
4267	23.5	1
4268	25.0	2
4269	22.375	2
4270	25.375	3
4271	26.0	3
4272	32.125	2
4273	25.375	2
4274	23.875	1
4275	45.0	2
4276	36.125	1
4277	22.75	3
4278	33.75	1
4279	26.0	1
4280	23.125	1
4281	39.75	1
4282	21.125	2
4283	17.25	1
4285	20.375	1
4286	16.25	1
4287	19.0	1
4288	31.25	1
4289	22.125	1
4290	19.75	3
4291	24.875	1
4292	42.75	1
4293	27.25	2
4294	29.75	1
4295	29.75	1
4296	24.5	1
4297	21.5	1
4298	26.75	3
4299	21.875	1
4300	15.0	1
4301	24.0	3
4302	27.375	2
4303	18.0	2
4304	33.0	1
4305	22.25	3
4306	31.0	1
4307	34.0	1
4308	19.75	1
4309	20.5	2
4310	28.5	4
4311	23.5	3
4312	16.25	1
4313	20.0	1
4314	56.75	1
4315	28.5	3
4316	29.0	1
4317	32.25	1
4318	27.5	1
4319	28.25	1
4320	15.0	1
4321	18.0	1
4322	18.375	2
4323	23.75	3
4324	30.25	1
4325	28.75	1
4326	42.625	4
4327	31.75	1
4328	38.5	1
4329	26.5	3
4330	24.0	3
4331	23.5	3
4332	22.0	3
4333	13.25	1
4334	18.75	3
4335	27.25	1
4336	28.75	2
4337	32.25	1
4338	51.375	2
4339	21.375	3
4340	18.5	1
4341	23.75	1
4342	25.0	2
4343	25.25	3
4344	25.875	2
4345	18.25	1
4346	27.625	1
4347	38.375	1
4348	19.0	3
4349	19.25	1
4350	18.375	2
4351	41.125	1
4352	26.5	1
4353	33.625	1
4354	25.625	1
4355	22.0	2
4356	29.125	1
4357	28.625	1
4358	26.75	1
4359	19.25	1
4360	23.0	3
4361	18.75	1
4362	31.75	1
4363	25.375	2
4364	22.0	3
4365	28.5	3
4366	20.25	1
4367	24.625	1
4368	25.375	1
4369	24.75	3
4370	27.25	1
4371	20.5	3
4372	39.125	1
4373	37.0	1
4374	16.0	1
4375	19.625	1
4376	22.75	1
4377	26.5	3
4378	20.75	1
4379	31.125	1
4380	16.375	2
4381	18.5	1
4382	26.25	2
4383	29.25	2
4384	18.0	1
4385	60.125	1
4386	18.375	1
4387	34.625	1
4388	27.75	1
4389	18.5	1
4390	28.125	2
4391	26.0	1
4392	104.25	1
4393	20.0	2
4394	38.5	2
4395	25.5	3
4396	18.5	2
4397	17.0	1
4398	22.75	1
4399	25.75	1
4400	38.375	1
4401	20.5	3
4402	16.5	1
4403	18.25	1
4404	17.875	1
4405	36.125	1
4406	21.875	1
4407	19.0	1
4408	17.25	1
4409	17.875	1
4410	17.75	2
4411	26.0	1
4412	32.0	1
4413	48.125	1
4414	34.0	1
4415	22.0	2
4416	20.5	3
4417	26.0	2
4418	22.875	3
4419	23.0	3
4420	24.5	2
4421	35.5	1
4422	29.625	1
4423	29.125	1
4424	20.25	1
4425	28.875	2
4426	18.0	1
4427	22.125	1
4428	37.25	1
4429	17.5	1
4430	19.0	1
4431	19.75	1
4432	20.75	2
4433	43.5	1
4434	23.125	1
4435	26.625	1
4436	29.125	3
4437	25.25	1
4438	26.625	1
4439	19.375	3
4440	18.25	1
4441	17.375	1
4442	30.25	2
4443	20.0	1
4444	32.5	1
4445	80.75	1
4446	18.75	3
4447	29.0	1
4448	20.25	1
4449	17.25	1
4450	49.25	1
4451	23.0	1
4452	25.375	2
4453	35.125	1
4454	30.0	2
4455	22.875	1
4456	17.25	1
4457	16.5	1
4458	19.5	1
4459	38.75	3
4460	30.875	1
4461	21.25	3
4462	23.125	2
4463	29.25	1
4464	28.125	2
4465	21.375	1
4466	27.125	1
4467	44.0	3
4468	91.75	1
4469	17.25	1
4470	21.5	3
4471	50.25	1
4472	17.5	1
4473	21.25	1
4474	21.125	3
4475	29.0	1
4476	30.25	1
4477	30.75	1
4478	16.5	1
4479	21.625	1
4480	36.875	1
4481	17.0	1
4482	32.125	2
4483	20.75	1
4484	24.5	3
4485	25.25	1
4486	18.0	1
4487	25.75	1
4488	19.0	1
4489	25.375	1
4490	30.875	1
4491	37.0	1
4492	20.0	3
4493	26.5	1
4494	33.0	1
4495	18.5	1
4496	18.75	1
4497	29.25	1
4498	37.125	3
4499	27.5	1
4500	28.0	1
4501	28.75	1
4502	17.0	1
4503	25.75	1
4504	14.75	1
4505	33.25	2
4506	19.875	3
4507	34.625	1
4508	32.875	2
4509	22.125	3
4510	22.25	1
4511	21.25	2
4512	18.375	1
4513	23.75	1
4514	37.0	1
4515	20.25	1
4516	39.75	1
4517	21.25	3
4518	37.0	1
4519	18.5	1
4520	15.25	1
4521	21.75	3
4522	87.875	1
4523	19.25	1
4524	26.375	1
4525	23.0	1
4526	16.75	1
4527	27.25	2
4528	18.25	1
4529	20.375	1
4530	20.75	2
4531	29.25	1
4532	28.875	1
4533	18.5	3
4534	18.5	1
4535	19.25	1
4536	30.25	2
4537	24.25	2
4538	32.625	2
4539	36.375	2
4540	28.75	1
4541	31.75	1
4542	26.5	2
4543	41.5	1
4544	40.5	2
4545	17.25	1
4546	29.375	1
4547	35.5	1
4548	17.5	1
4549	26.25	2
4550	15.5	1
4551	30.75	1
4552	19.625	3
4553	25.375	2
4554	33.0	1
4555	40.0	1
4556	33.25	1
4557	35.875	2
4558	39.5	2
4559	18.5	1
4560	22.25	2
4561	15.125	1
4562	27.375	1
4563	23.875	1
4564	19.125	1
4565	35.875	1
4566	37.875	1
4567	39.25	1
4568	20.75	2
4569	20.75	1
4570	27.25	1
4571	35.75	1
4572	23.0	1
4573	56.25	3
4574	19.5	1
4575	33.25	1
4576	26.5	1
4577	22.75	3
4578	23.25	3
4579	23.25	1
4580	16.125	1
4581	104.625	1
4582	19.625	1
4583	18.5	1
4584	32.875	2
4585	16.25	1
4586	20.25	1
4587	27.375	3
4588	40.5	1
4589	32.75	1
4591	30.0	1
4592	19.625	3
4593	36.0	1
4594	35.125	2
4595	20.0	1
4596	17.875	1
4597	47.0	1
4598	32.375	2
4599	31.5	3
4600	22.375	3
4601	15.375	1
4602	18.0	1
4603	23.0	2
4604	27.0	1
4605	19.0	1
4606	34.0	1
4607	39.75	1
4608	32.0	2
4609	19.75	1
4610	24.5	1
4611	24.0	1
4612	21.75	2
4613	23.75	3
4614	45.75	1
4615	16.75	1
4616	20.75	1
4617	21.25	1
4618	28.75	2
4619	31.25	1
4620	17.25	1
4621	17.25	1
4622	27.5	3
4623	21.25	1
4624	31.75	1
4625	21.5	1
4626	101.0	1
4627	27.125	1
4628	114.5	1
4629	28.25	1
4630	21.125	3
4631	31.625	1
4632	20.75	3
4633	17.75	2
4634	23.25	2
4635	36.75	2
4636	26.375	2
4637	27.0	1
4638	20.0	1
4639	18.5	1
4640	20.75	1
4641	15.75	1
4642	26.25	1
4643	20.75	1
4644	29.0	2
4645	29.25	1
4646	25.0	1
4647	21.375	3
4648	17.0	1
4649	24.875	1
4650	17.75	1
4651	19.5	3
4652	26.125	1
4653	21.0	3
4654	26.5	1
4655	35.625	1
4656	23.125	2
4657	37.75	4
4658	23.75	1
4659	17.0	1
4660	36.375	1
4661	17.75	1
4662	18.125	1
4663	38.0	1
4664	19.0	1
4665	24.875	1
4666	21.0	2
4667	24.375	1
4668	28.75	1
4669	22.25	3
4670	27.75	2
4671	18.25	1
4672	23.25	1
4673	20.5	1
4674	32.25	3
4675	20.625	3
4676	26.25	1
4677	29.0	1
4678	22.125	1
4679	20.625	3
4680	19.5	3
4681	27.25	1
4682	59.625	1
4683	23.75	1
4684	14.25	1
4685	35.625	1
4686	17.5	1
4687	34.0	1
4688	19.125	1
4689	28.5	1
4690	17.0	3
4691	19.75	1
4692	35.75	2
4693	34.625	1
4694	19.25	1
4695	31.375	1
4696	16.25	1
4697	15.5	1
4698	28.0	2
4699	32.875	1
4700	46.625	1
4701	28.5	3
4702	37.375	1
4703	18.375	1
4704	24.5	1
4705	16.5	1
4706	20.375	2
4707	41.0	1
4708	17.375	1
4709	19.875	1
4710	79.5	1
4711	21.0	2
4712	32.25	2
4713	20.0	3
4714	24.25	1
4715	23.875	1
4716	27.875	1
4717	35.5	1
4718	31.25	1
4719	15.625	1
4720	23.5	1
4721	34.75	1
4722	27.25	1
4723	28.5	1
4724	35.25	1
4725	22.5	2
4726	25.375	1
4727	33.0	1
4728	17.75	1
4729	25.625	1
4730	17.5	1
4731	19.25	1
4732	28.5	2
4733	17.625	1
4734	23.875	1
4735	25.75	2
4736	21.0	1
4737	17.0	1
4738	19.25	1
4739	26.75	1
4740	22.125	1
4741	42.75	3
4742	17.75	1
4743	23.75	1
4744	28.625	1
4745	20.0	2
4746	21.0	3
4747	26.875	1
4748	24.5	1
4749	43.75	1
4750	17.75	1
4751	20.5	1
4752	23.75	1
4753	24.5	1
4754	20.0	3
4755	25.875	1
4756	23.25	1
4757	22.125	1
4758	27.5	3
4759	37.875	2
4760	37.625	1
4761	26.0	3
4762	31.0	1
4763	23.75	3
4764	21.375	1
4765	24.5	1
4766	27.5	1
4767	19.5	1
4768	28.5	1
4769	34.125	1
4770	33.875	1
4771	21.5	1
4772	25.0	1
4773	33.75	2
4774	28.0	1
4775	16.75	1
4776	33.75	1
4777	20.5	1
4778	23.75	1
4779	18.25	1
4780	32.0	1
4781	22.75	1
4782	23.625	1
4783	20.375	1
4784	34.5	1
4785	28.625	1
4786	18.5	2
4787	19.0	1
4788	17.75	1
4789	26.5	1
4790	23.25	3
4791	19.5	1
4792	17.5	1
4793	28.5	1
4794	67.0	1
4795	26.625	1
4796	31.0	1
4797	34.875	1
4798	22.25	3
4799	22.625	1
4800	26.5	3
4801	37.0	1
4802	34.75	1
4803	22.5	3
4804	35.25	1
4805	119.75	1
4806	28.75	1
4807	22.75	1
4808	20.375	1
4809	31.25	1
4810	20.0	1
4811	30.375	2
4812	18.875	1
4813	27.25	1
4814	27.5	1
4815	18.0	1
4816	16.5	1
4817	31.0	1
4818	18.0	2
4819	44.75	1
4820	18.5	1
4821	37.625	1
4822	20.0	1
4823	25.25	2
4824	29.0	3
4825	20.5	2
4826	23.0	1
4827	26.75	1
4828	86.875	1
4829	19.25	1
4830	20.25	1
4831	19.625	2
4832	23.25	1
4833	29.25	1
4834	26.875	1
4835	23.125	1
4836	31.375	2
4837	17.0	1
4838	19.75	1
4839	31.125	1
4840	19.25	1
4841	26.25	1
4842	19.25	1
4843	20.25	2
4844	16.0	1
4845	42.75	1
4846	20.375	3
4847	29.375	1
4848	17.75	3
4849	32.5	1
4850	28.125	1
4851	34.75	1
4852	51.75	1
4853	18.875	1
4854	27.875	2
4855	28.125	2
4856	26.0	2
4857	31.0	1
4858	23.0	1
4859	23.75	2
4860	26.875	1
4861	23.25	1
4862	29.25	2
4863	21.75	1
4864	23.25	1
4865	36.0	2
4866	21.625	3
4867	22.5	1
4868	25.0	2
4869	21.625	3
4870	24.125	1
4871	29.0	1
4872	18.875	3
4873	18.0	1
4874	28.125	2
4875	28.625	1
4876	20.75	1
4877	33.375	1
4878	17.25	1
4879	30.625	1
4880	27.75	1
4881	16.75	1
4882	72.5	1
4883	22.0	1
4884	24.25	1
4885	16.125	2
4886	31.25	1
4887	24.25	1
4888	22.5	1
4889	14.5	1
4890	33.25	1
4891	23.0	3
4892	17.5	1
4893	81.75	1
4894	16.125	1
4895	90.125	1
4896	21.25	1
4897	44.125	1
4898	28.5	3
4899	23.25	1
4900	30.0	2
4901	23.25	1
4902	19.0	1
4903	20.0	1
4904	22.5	1
4905	18.5	3
4906	17.875	1
4907	29.625	1
4908	18.625	1
4909	19.0	1
4910	16.5	1
4911	30.875	1
4912	26.0	1
4913	25.75	1
4914	33.75	2
4915	29.125	1
4916	17.625	1
4917	25.5	1
4918	29.75	2
4919	38.5	1
4920	26.0	1
4921	93.5	1
4922	21.25	1
4923	32.625	3
4924	24.75	2
4925	23.625	2
4926	22.125	1
4927	25.5	1
4928	36.25	1
4929	19.875	1
4930	24.25	3
4931	30.25	2
4932	27.375	1
4933	33.5	2
4934	23.0	1
4935	28.0	1
4936	40.5	1
4937	52.375	1
4938	19.25	1
4939	36.625	1
4940	27.625	2
4941	24.5	1
4943	27.25	1
4944	15.75	1
4945	33.625	1
4946	35.625	2
4947	26.5	1
4948	29.0	1
4949	53.75	1
4950	38.5	2
4951	58.625	2
4952	35.875	1
4953	19.5	1
4954	22.0	2
4955	30.25	1
4956	17.5	1
4957	23.75	1
4958	20.25	1
4959	27.625	1
4960	18.0	2
4961	21.0	2
4962	20.375	1
4963	20.25	1
4964	26.125	1
4965	29.125	2
4966	20.5	1
4967	33.0	1
4968	15.5	1
4969	27.5	1
4970	18.375	1
4971	16.0	1
4972	37.5	1
4973	24.25	1
4974	30.875	1
4975	49.0	1
4976	21.25	3
4977	18.0	1
4978	31.625	1
4979	28.625	1
4980	25.125	1
4981	18.0	2
4982	30.25	2
4983	36.5	2
4984	32.5	1
4985	23.0	3
4986	67.75	1
4987	31.25	1
4988	19.5	1
4989	23.125	2
4990	23.75	3
4991	15.75	1
4992	17.75	1
4993	26.125	1
4994	18.875	1
4995	16.0	2
4996	23.75	1
4997	25.5	1
4998	28.0	2
4999	23.25	2
5001	44.75	1
5002	23.875	1
5003	20.25	2
5004	25.0	1
5005	34.125	1
5006	25.125	2
5007	22.25	1
5008	32.875	1
5009	40.5	1
5010	20.125	3
5011	17.75	1
5012	27.5	1
5013	15.5	1
5014	38.875	2
5015	26.375	1
5016	31.625	1
5017	21.0	1
5018	16.25	1
5019	21.25	1
5020	26.25	3
5021	19.75	1
5022	29.125	1
5023	19.125	2
5024	31.25	1
5025	20.25	3
5026	28.875	1
5027	26.375	1
5028	17.5	1
5029	33.75	1
5030	23.75	1
5031	24.375	1
5032	31.0	1
5033	27.75	1
5034	24.625	1
5035	32.0	1
5036	20.75	1
5037	16.25	2
5038	17.5	1
5039	27.25	1
5040	35.625	1
5041	17.5	1
5042	32.75	2
5043	75.625	1
5044	27.875	1
5045	25.375	3
5046	30.25	2
5047	20.0	1
5048	27.125	1
5049	23.375	2
5050	30.875	1
5051	42.75	3
5052	27.875	3
5053	24.125	1
5054	17.5	1
5055	25.5	1
5056	95.0	1
5057	23.0	1
5058	33.25	1
5059	36.5	1
5060	22.375	1
5061	24.25	2
5062	28.875	3
5063	23.375	1
5064	21.0	3
5065	26.125	1
5066	29.375	3
5067	20.125	1
5068	19.0	3
5069	21.5	1
5070	30.375	1
5071	33.875	2
5072	19.25	1
5073	31.875	1
5074	23.75	1
5075	18.0	1
5076	28.0	1
5077	16.25	1
5078	29.125	1
5079	27.25	1
5080	34.375	1
5081	20.75	2
5082	35.375	1
5083	33.5	1
5084	20.375	3
5085	23.75	1
5086	18.5	1
5087	30.125	3
5088	29.625	1
5089	21.5	2
5090	29.625	2
5091	19.375	1
5092	25.25	1
5093	23.75	3
5094	22.375	3
5095	19.125	3
5096	21.25	3
5097	18.0	1
5098	25.25	2
5099	40.0	1
5100	44.0	1
5101	19.375	2
5102	65.75	1
5103	25.875	2
5104	37.75	1
5105	16.0	1
5106	25.875	2
5107	18.25	3
5108	24.75	1
5109	19.375	1
5110	34.875	1
5111	16.5	1
5112	21.75	3
5113	30.375	1
5114	24.25	3
5115	18.75	1
5116	27.25	1
5117	18.25	1
5118	23.75	2
5119	31.875	1
5120	18.75	1
5121	21.625	2
5122	24.5	3
5123	25.875	1
5124	23.375	2
5125	27.5	2
5126	25.0	3
5127	17.5	3
5128	27.875	2
5129	51.25	1
5130	30.5	1
5131	23.0	1
5132	18.0	1
5133	17.625	3
5134	27.875	1
5135	17.75	1
5136	19.25	1
5137	66.125	1
5138	30.5	2
5139	29.875	1
5140	27.25	1
5141	16.5	1
5142	30.5	1
5143	28.0	2
5144	47.25	1
5145	107.875	1
5146	28.0	1
5147	19.5	3
5148	20.5	2
5149	46.5	1
5150	35.75	2
5151	17.75	1
5152	21.25	3
5153	29.5	2
5154	26.125	1
5156	31.625	3
5157	23.0	2
5158	38.25	1
5159	17.5	1
5160	22.75	1
5161	19.75	1
5162	18.75	1
5163	17.25	3
5164	29.0	2
5165	18.0	2
5166	44.125	1
5168	62.0	1
5169	19.0	2
5170	64.125	1
5171	28.0	3
5172	24.875	3
5174	22.25	2
5175	21.375	1
5176	22.0	2
5177	27.25	2
5178	29.125	1
5179	21.625	1
5180	41.125	2
5181	25.0	3
5182	29.75	1
5183	17.5	1
5184	38.5	1
5185	18.0	1
5186	20.125	1
5187	51.125	1
5188	23.0	3
5189	38.75	2
5190	23.625	1
5191	33.5	1
5192	58.75	2
5193	16.5	1
5194	18.375	1
5195	25.5	1
5196	32.5	1
5197	23.125	2
5198	19.125	2
5199	35.75	1
5200	16.5	1
5201	24.0	1
5202	24.0	1
5203	18.625	1
5204	19.625	1
5205	19.5	1
5206	21.75	3
5207	32.5	1
5208	18.25	2
5209	39.625	1
5210	17.125	1
5211	25.125	1
5212	22.0	1
5213	29.0	1
5214	28.25	1
5215	16.0	1
5216	35.25	2
5217	23.5	1
5218	34.375	1
5219	24.5	1
5220	19.25	1
5221	29.375	1
5222	35.625	1
5223	39.25	2
5224	18.0	3
5225	20.5	2
5226	24.0	1
5227	27.875	1
5228	24.75	3
5229	20.5	1
5230	33.75	1
5231	23.5	3
5232	20.5	1
5233	24.75	1
5234	38.875	1
5235	19.25	1
5236	15.75	2
5237	22.25	2
5238	21.25	1
5239	25.25	1
5240	19.75	3
5241	22.625	1
5242	22.0	2
5243	21.75	1
5244	21.875	1
5245	19.5	1
5246	27.5	1
5247	30.75	2
5248	26.375	2
5249	22.875	2
5250	21.0	3
5251	18.5	1
5252	19.5	1
5253	27.0	1
5255	23.75	2
5256	22.875	1
5257	29.25	2
5258	25.25	1
5259	32.0	1
5260	35.0	1
5261	20.75	1
5262	21.75	1
5263	29.75	1
5264	26.125	1
5265	41.875	1
5266	16.625	1
5267	38.375	3
5268	20.25	1
5269	21.875	3
5270	25.625	1
5271	26.125	1
5272	23.75	2
5273	24.125	1
5274	26.25	2
5275	27.5	1
5276	21.25	1
5277	23.75	1
5278	20.125	2
5279	27.0	1
5280	39.5	1
5281	24.25	1
5282	28.25	3
5283	19.0	3
5284	19.75	3
5285	25.5	1
5286	42.75	1
5287	18.25	1
5288	38.875	1
5289	65.125	2
5290	13.875	1
5291	20.5	1
5292	49.75	1
5293	41.75	4
5294	22.875	2
5295	21.0	1
5296	16.25	1
5297	47.5	1
5298	17.5	1
5299	29.0	1
5300	26.75	1
5301	20.0	1
5302	24.125	2
5303	18.25	1
5304	20.375	1
5305	25.625	1
5306	32.75	1
5307	27.375	1
5308	29.0	1
5309	20.5	1
5310	31.0	1
5311	29.0	2
5312	43.25	3
5313	17.625	1
5314	25.0	1
5315	19.75	1
5316	17.5	1
5317	29.0	3
5318	30.75	1
5319	36.75	1
5320	22.5	1
5321	22.75	1
5322	18.125	1
5323	32.0	1
5324	20.0	3
5325	41.125	2
5326	30.25	1
5327	34.25	1
5328	25.25	1
5329	26.625	2
5330	22.625	1
5331	32.0	2
5332	21.5	2
5333	21.625	3
5334	51.75	1
5335	16.0	1
5336	34.75	1
5337	32.375	1
5338	21.5	3
5339	29.25	2
5340	38.0	1
5341	27.875	2
5342	29.0	1
5343	27.75	1
5344	43.5	2
5345	36.5	1
5346	29.0	1
5347	23.625	1
5348	28.25	1
5349	18.75	1
5350	22.5	1
5351	37.5	1
5352	30.125	1
5353	30.125	1
5354	26.25	1
5355	19.75	3
5356	30.375	2
5357	16.5	1
5358	23.75	1
5359	26.25	2
5360	21.75	2
5361	27.375	1
5362	28.375	1
5363	26.125	1
5364	25.5	1
5365	31.0	1
5366	31.25	1
5368	19.875	1
5369	20.25	1
5370	18.5	1
5371	29.0	2
5372	37.25	1
5373	24.25	3
5374	21.25	2
5375	24.75	1
5376	20.0	1
5377	27.5	1
5378	31.0	1
5379	21.25	3
5380	27.25	1
5381	19.0	3
5382	27.125	3
5383	23.625	2
5384	24.75	1
5385	27.125	1
5386	15.625	1
5387	23.5	2
5388	18.75	1
5389	36.75	2
5390	22.0	3
5391	19.125	1
5392	19.5	2
5393	25.0	1
5394	17.75	1
5395	28.25	2
5396	26.125	1
5397	18.5	1
5398	22.0	3
5399	21.25	1
5400	18.625	1
5401	160.25	1
5402	24.75	1
5403	20.0	1
5404	27.375	1
5405	21.125	1
5406	38.5	1
5407	21.25	3
5408	20.5	1
5409	30.5	2
5410	21.0	1
5411	23.5	2
5412	19.75	1
5413	17.375	1
5414	28.875	1
5415	28.5	1
5417	34.25	1
5418	16.5	1
5419	71.75	1
5420	30.0	1
5421	32.75	1
5422	19.5	1
5423	18.75	1
5424	33.0	1
5425	17.75	1
5426	19.625	1
5427	28.375	1
5428	18.875	1
5429	18.5	1
5430	27.0	2
5431	35.125	1
5432	38.5	2
5433	16.875	1
5434	18.75	2
5435	25.25	2
5436	33.25	1
5437	25.375	1
5438	25.625	2
5439	25.5	2
5440	34.25	1
5441	70.0	1
5442	42.0	1
5443	26.25	3
5444	21.5	3
5445	36.0	1
5446	18.5	1
5447	29.5	2
5448	28.25	3
5449	25.0	2
5450	17.5	1
5451	26.0	2
5452	19.375	3
5453	27.25	1
5454	19.5	1
5455	18.25	1
5456	19.375	1
5457	22.75	1
5458	19.625	1
5459	38.0	1
5460	20.875	1
5461	22.375	1
5462	35.0	1
5463	29.875	1
5464	25.0	2
5465	19.0	1
5466	80.625	1
5467	51.0	1
5468	34.0	1
5469	30.75	1
5470	28.75	1
5471	19.875	1
5472	24.5	3
5473	32.125	1
5474	23.125	1
5475	27.875	1
5476	17.75	1
5477	25.5	3
5478	20.875	1
5479	33.0	1
5480	18.625	1
5481	18.5	1
5482	28.75	3
5483	75.5	1
5484	30.125	1
5485	21.25	3
5486	22.0	3
5487	25.5	1
5488	22.375	2
5489	20.75	2
5490	22.0	1
5491	32.75	2
5492	41.125	1
5493	23.875	2
5494	21.125	1
5495	24.75	3
5496	22.0	2
5497	18.875	1
5498	19.25	1
5499	44.5	1
5500	19.25	2
5501	28.0	3
5502	21.125	3
5503	28.125	1
5504	24.25	3
5505	29.625	1
5506	24.25	2
5507	24.5	1
5508	36.125	1
5509	25.5	1
5510	20.0	3
5511	23.5	1
5512	17.75	3
5513	20.0	1
5514	23.875	1
5515	34.0	2
5516	19.625	3
5517	31.75	1
5518	17.875	1
5519	36.25	1
5520	17.25	1
5521	19.25	1
5522	36.0	1
5523	23.0	1
5524	29.75	1
5525	19.375	1
5526	23.625	1
5527	20.75	1
5528	23.25	1
5529	24.0	1
5530	20.875	1
5531	22.0	3
5532	33.875	2
5533	37.375	1
5534	30.125	2
5535	22.0	1
5536	25.375	1
5537	29.0	1
5538	27.0	1
5539	36.25	1
5540	22.0	1
5541	38.75	1
5542	39.5	1
5543	14.75	1
5544	32.75	2
5545	32.75	2
5546	30.25	1
5547	15.125	1
5548	52.0	1
5549	20.25	1
5550	88.5	1
5551	25.75	2
5552	22.75	2
5553	25.25	2
5554	31.625	3
5555	36.875	1
5556	19.75	1
5557	22.375	2
5558	30.75	1
5559	25.0	2
5560	18.625	1
5561	24.75	1
5562	28.25	1
5563	20.75	1
5564	34.5	2
5565	20.5	1
5566	26.25	1
5567	17.125	1
5568	19.875	1
5569	24.625	1
5570	19.25	2
5571	19.125	1
5572	23.625	1
5573	23.0	1
5574	27.0	3
5575	25.0	1
5576	25.125	1
5577	34.0	1
5578	26.0	1
5579	22.0	3
5580	33.375	1
5581	43.5	3
5582	21.0	3
5583	32.25	1
5584	50.75	2
5585	32.125	1
5586	21.25	3
5587	39.75	1
5588	26.75	1
5589	26.75	3
5590	31.625	2
5591	22.875	1
5592	19.625	3
5593	23.125	1
5594	25.375	1
5595	21.5	2
5596	45.0	1
5597	27.75	1
5598	28.5	1
5599	27.25	2
5600	66.0	3
5601	30.5	1
5602	28.5	1
5603	42.875	1
5604	16.0	1
5605	18.75	1
5606	29.0	3
5607	27.25	1
5608	34.625	1
5609	17.25	1
5610	21.125	1
5611	23.5	1
5612	25.0	1
5613	46.875	1
5614	28.875	1
5615	18.625	1
5616	19.5	3
5617	20.5	3
5618	24.0	1
5619	23.0	3
5620	38.25	1
5621	16.75	1
5622	19.0	3
5623	28.25	1
5624	27.875	1
5625	21.25	1
5626	36.375	1
5627	22.25	1
5628	20.5	3
5629	37.75	1
5630	18.75	1
5631	27.125	1
5632	19.0	3
5633	30.0	2
5634	27.875	1
5635	24.125	2
5636	21.5	1
5637	25.75	2
5638	22.5	1
5639	18.875	1
5640	21.625	3
5641	27.25	1
5642	24.0	1
5643	22.5	1
5644	103.0	1
5646	28.75	1
5647	22.875	1
5648	35.25	1
5649	22.25	1
5650	20.75	2
5651	22.75	1
5652	22.75	1
5653	19.0	1
5654	37.375	1
5655	28.625	1
5656	24.25	1
5657	22.75	3
5658	25.5	2
5659	24.75	1
5660	22.75	1
5661	25.125	1
5662	23.75	2
5663	40.75	2
5664	22.625	3
5665	39.75	1
5666	25.375	1
5667	22.0	2
5668	36.875	1
5669	20.5	1
5670	28.5	2
5671	31.0	2
5672	21.875	2
5673	19.25	3
5674	15.5	1
5675	21.125	1
5676	20.875	1
5677	42.125	1
5678	24.375	1
5679	27.125	2
5680	21.25	2
5681	20.5	1
5682	22.5	2
5683	18.625	1
5684	28.25	2
5685	17.875	1
5686	25.0	1
5687	23.125	2
5688	31.5	1
5689	24.5	3
5690	17.25	1
5691	25.125	1
5692	80.5	1
5693	32.0	1
5694	34.25	1
5695	34.625	1
5696	59.0	1
5697	26.5	1
5698	33.375	1
5699	27.0	3
5700	21.875	1
5701	26.5	1
5702	21.5	3
5703	21.25	1
5704	52.875	1
5705	33.75	1
5706	19.125	2
5707	31.625	2
5708	15.5	1
5709	30.125	1
5710	24.0	3
5711	23.5	1
5712	42.75	1
5713	36.125	1
5714	28.5	2
5715	32.125	1
5716	19.625	1
5717	35.5	2
5718	119.0	1
5719	23.75	1
5720	21.5	3
5721	19.5	3
5722	29.5	1
5723	17.75	1
5724	17.5	3
5725	26.875	1
5726	20.0	2
5727	31.125	1
5728	23.5	1
5729	29.375	2
5730	24.25	1
5731	32.125	1
5732	43.25	1
5733	25.125	3
5734	17.25	1
5735	18.25	1
5736	21.0	3
5737	34.5	1
5738	22.375	1
5739	17.0	1
5740	23.5	1
5741	44.25	1
5742	28.0	3
5743	36.625	2
5744	22.25	1
5745	25.75	1
5746	32.5	1
5747	34.5	1
5748	20.25	1
5749	24.5	1
5750	27.25	1
5751	22.5	1
5752	28.375	1
5753	17.0	1
5754	19.0	1
5755	28.5	1
5756	22.0	1
5757	21.375	1
5758	30.875	3
5759	24.75	1
5760	19.5	1
5761	24.25	1
5762	28.0	2
5763	29.0	1
5764	26.875	1
5765	43.75	4
5767	23.25	2
5768	24.125	1
5769	24.25	3
5770	31.5	2
5771	44.25	1
5772	26.125	1
5773	25.625	1
5774	19.625	1
5775	22.0	1
5776	34.125	1
5777	33.5	1
5778	71.5	1
5779	39.875	2
5780	20.625	3
5781	33.0	2
5782	18.75	1
5783	39.875	1
5784	29.125	1
5785	34.0	2
5786	17.75	1
5787	17.5	1
5788	29.25	1
5789	20.5	1
5790	19.125	1
5791	26.75	2
5792	36.625	1
5793	33.0	1
5794	30.375	2
5795	26.25	1
5796	16.75	1
5797	24.0	3
5798	18.0	1
5799	19.625	1
5800	38.875	1
5801	36.5	1
5802	23.0	1
5803	33.75	4
5804	25.375	1
5805	28.0	1
5806	20.5	3
5807	27.75	1
5808	19.25	2
5809	24.5	1
5810	32.875	1
5811	19.5	1
5812	20.875	1
5813	27.125	1
5814	26.125	1
5815	25.25	1
5816	33.0	1
5817	31.875	2
5818	28.875	2
5819	17.875	1
5820	27.0	3
5821	32.5	1
5822	18.125	1
5823	23.375	1
5824	29.375	2
5825	20.25	1
5826	17.75	1
5827	17.375	1
5828	26.375	2
5829	27.5	1
5830	17.25	1
5831	28.75	1
5832	20.375	1
5833	21.875	2
5834	18.0	1
5835	25.25	2
5837	27.875	1
5838	19.125	1
5839	24.75	2
5840	19.5	3
5841	38.5	1
5842	19.5	3
5843	40.5	1
5844	20.75	1
5845	13.75	1
5846	36.0	2
5847	28.625	3
5848	26.0	2
5849	19.0	1
5850	24.0	3
5851	27.0	1
5852	27.25	2
5853	23.625	1
5854	17.5	1
5855	30.75	1
5856	20.75	1
5857	21.625	3
5858	21.75	1
5859	37.75	3
5860	17.75	3
5861	20.25	1
5862	19.25	1
5863	35.25	1
5864	40.75	1
5865	38.75	1
5866	39.5	3
5867	21.75	1
5868	21.375	3
5869	16.875	1
5870	23.375	1
5871	22.375	1
5872	17.0	1
5873	36.25	1
5874	21.625	1
5875	19.0	1
5876	21.625	1
5877	27.125	1
5878	37.0	1
5879	17.75	1
5880	40.375	1
5881	28.5	2
5882	24.625	1
5883	23.5	1
5884	20.0	1
5885	17.625	1
5886	24.0	1
5887	37.0	3
5888	84.625	1
5889	20.75	1
5890	24.375	1
5891	16.625	1
5892	25.75	1
5893	21.875	1
5894	31.25	2
5895	18.25	1
5896	17.75	1
5897	40.25	1
5898	32.25	2
5899	21.75	3
5900	24.5	3
5901	27.0	1
5902	16.75	1
5903	20.0	3
5904	21.875	1
5905	17.0	1
5906	30.25	1
5907	20.0	1
5908	39.375	1
5909	20.75	3
5910	20.5	1
5911	29.625	1
5912	43.0	2
5913	24.625	1
5914	29.25	1
5915	25.625	1
5916	22.25	3
5917	31.125	3
5918	94.0	2
5919	13.75	1
5920	16.875	2
5921	40.625	1
5922	28.875	1
5923	35.0	1
5924	29.875	1
5925	19.75	3
5926	16.375	1
5927	17.875	1
5928	16.875	1
5929	19.75	1
5930	36.25	1
5931	28.25	2
5932	21.5	3
5933	22.25	3
5934	31.125	1
5935	24.25	1
5936	20.0	3
5937	25.125	2
5938	20.25	3
5939	24.0	2
5940	33.125	1
5941	113.375	1
5942	20.25	1
5943	20.375	1
5944	23.625	1
5945	22.625	1
5946	20.0	3
5947	29.5	1
5948	21.25	2
5949	28.875	2
5950	24.125	3
5951	21.125	2
5952	30.25	1
5953	21.5	1
5954	47.375	1
5955	34.25	1
5956	20.0	3
5957	18.375	1
5958	17.0	1
5959	59.0	1
5960	16.875	1
5961	75.5	2
5962	19.0	1
5963	24.0	2
5964	15.5	1
5965	17.75	1
5966	21.0	1
5967	36.875	1
5968	20.0	3
5969	26.75	2
5970	36.25	1
5971	17.0	1
5972	122.0	1
5973	23.75	3
5974	17.375	1
5975	21.5	1
5976	31.0	1
5977	25.125	2
5978	26.875	1
5979	25.75	2
5980	23.5	1
5981	34.125	2
5982	25.625	1
5983	23.5	1
5984	20.875	1
5985	27.375	2
5986	15.75	1
5987	31.25	1
5988	17.5	1
5989	27.0	2
5990	19.375	1
5991	28.25	1
5992	29.5	2
5993	28.125	2
5994	18.5	3
5995	26.875	1
5996	18.25	1
5997	16.5	1
5998	24.75	3
5999	25.375	1
6000	18.0	1
6001	19.875	2
6002	22.375	1
6003	30.5	1
6004	33.5	3
6005	22.0	1
6006	19.75	1
6007	32.0	2
6008	32.25	1
6009	26.875	1
6010	27.625	1
6011	24.0	1
6012	66.375	1
6013	29.25	1
6014	19.5	1
6015	38.25	1
6016	25.75	3
6017	24.875	1
6018	24.75	1
6019	19.75	3
6020	33.25	1
6021	19.0	1
6022	25.25	1
6023	20.25	1
6024	25.375	1
6025	19.25	1
6026	32.5	1
6027	32.5	1
6028	22.0	1
6029	19.875	3
6030	25.0	1
6031	40.0	1
6032	16.875	1
6033	21.25	1
6034	51.75	1
6035	21.0	2
6036	31.625	1
6037	20.0	1
6038	26.75	1
6039	25.0	1
6040	26.625	1
6041	22.0	3
6042	103.25	3
6043	27.75	2
6044	19.0	2
6045	26.0	1
6046	26.5	3
6047	22.0	1
6048	20.0	2
6049	19.125	3
6050	23.5	1
6051	60.625	1
6052	20.5	1
6053	18.75	1
6054	36.875	2
6055	16.5	1
6056	20.25	2
6057	26.0	1
6058	24.5	1
6059	26.5	2
6060	25.25	3
6061	29.25	1
6062	19.75	1
6063	20.5	3
6064	29.375	1
6065	22.875	1
6066	25.75	2
6067	45.75	2
6068	26.75	1
6069	23.875	1
6070	22.125	3
6071	29.75	1
6072	19.75	1
6073	23.75	3
6074	14.75	1
6075	16.5	1
6076	40.5	1
6077	17.0	3
6078	21.125	1
6079	21.0	3
6080	16.5	1
6081	16.0	1
6082	24.0	1
6083	19.625	1
6084	28.0	1
6085	17.25	1
6086	20.375	3
6087	18.5	3
6088	33.5	1
6089	22.75	3
6090	17.75	1
6091	20.5	3
6092	32.125	1
6093	27.75	2
6094	21.75	1
6095	34.125	1
6096	33.25	1
6097	27.5	2
6098	21.25	3
6099	22.75	1
6100	33.75	1
6101	24.875	3
6102	19.0	1
6103	25.25	3
6104	25.75	1
6105	31.75	1
6106	30.625	1
6107	24.5	1
6108	20.25	1
6109	20.25	3
6110	18.25	1
6111	23.375	1
6112	26.25	1
6113	22.25	1
6114	18.0	2
6115	23.5	2
6116	26.0	2
6117	22.125	1
6118	35.25	1
6119	27.0	1
6120	30.25	2
6121	15.875	3
6122	17.25	1
6123	23.625	2
6124	40.875	1
6125	27.0	1
6126	21.5	1
6127	25.25	2
6128	26.875	1
6129	23.0	1
6130	16.75	3
6131	17.5	1
6132	23.75	1
6133	26.125	2
6134	16.0	1
6135	21.75	1
6136	18.25	1
6137	25.625	3
6138	25.5	1
6139	14.75	1
6140	35.25	2
6141	35.625	1
6142	27.75	2
6143	20.25	3
6144	15.5	1
6145	16.375	1
6146	16.375	1
6147	21.375	1
6148	17.0	1
6149	26.875	1
6150	30.0	1
6151	31.375	1
6152	31.0	1
6153	40.0	1
6154	36.625	1
6155	15.5	1
6156	67.25	1
6157	24.625	1
6158	19.75	3
6159	18.0	1
6160	16.5	1
6161	27.75	1
6162	27.375	1
6163	51.875	1
6164	20.5	3
6165	20.5	3
6166	35.25	1
6167	21.625	2
6168	37.25	1
6169	17.75	1
6170	20.5	1
6171	26.25	1
6172	33.25	2
6173	22.375	1
6174	26.125	1
6175	29.625	3
6176	18.25	2
6177	34.25	1
6178	23.125	2
6179	33.5	1
6180	30.375	1
6181	32.5	1
6182	20.25	3
6183	29.125	1
6184	34.125	1
6185	38.375	1
6186	31.125	2
6187	19.0	1
6188	18.25	1
6189	52.875	1
6190	25.25	1
6191	29.875	1
6192	34.0	1
6193	44.75	1
6194	24.75	3
6195	26.0	3
6196	31.875	1
6197	29.125	1
6199	38.5	1
6200	28.375	1
6201	29.5	1
6202	26.5	1
6203	21.0	3
6204	31.0	1
6205	18.75	1
6206	24.0	1
6207	18.0	1
6208	23.875	3
6209	31.0	2
6210	19.375	1
6211	71.0	3
6212	26.25	1
6213	29.25	1
6214	14.25	1
6215	23.75	3
6216	19.375	1
6217	46.625	1
6218	30.75	1
6219	18.25	1
6220	20.5	2
6221	27.125	1
6222	27.5	2
6223	23.625	2
6224	26.0	2
6225	23.625	2
6226	24.625	1
6227	23.625	1
6228	18.5	1
6229	46.0	1
6230	20.375	1
6231	18.75	1
6232	24.0	1
6233	23.375	1
6234	25.75	1
6235	25.875	1
6236	21.75	3
6237	33.5	1
6238	46.25	1
6239	31.375	2
6240	25.5	2
6241	24.625	1
6242	23.875	1
6243	25.375	3
6244	31.625	1
6245	20.5	1
6246	19.5	1
6247	22.875	1
6248	50.125	3
6249	24.5	1
6250	25.0	1
6251	21.25	1
6252	37.0	2
6253	93.0	1
6254	18.75	3
6255	39.5	1
6256	15.625	3
6257	21.25	3
6258	30.0	2
6259	20.25	2
6260	27.25	1
6261	22.0	2
6262	25.75	1
6263	26.25	1
6264	19.25	1
6265	22.75	3
6266	18.25	1
6267	16.75	1
6268	23.375	1
6269	20.75	2
6270	21.5	1
6271	37.25	1
6272	29.375	3
6274	34.75	1
6275	26.125	1
6276	18.0	1
6277	25.75	3
6278	23.75	1
6279	23.25	2
6280	18.0	1
6281	82.875	1
6282	42.5	1
6283	18.0	1
6284	24.25	2
6285	22.875	3
6286	17.125	1
6287	23.375	1
6288	23.0	2
6289	21.875	2
6290	19.375	1
6291	22.75	2
6292	38.0	1
6293	35.0	1
6294	17.75	1
6295	23.5	1
6296	18.25	1
6297	24.25	1
6298	24.375	2
6299	17.375	1
6300	19.75	3
6301	17.0	1
6302	56.75	1
6303	18.0	1
6304	19.0	1
6305	26.75	2
6306	17.0	1
6307	20.75	1
6308	20.875	3
6309	80.5	2
6310	27.375	1
6311	23.0	1
6312	26.25	3
6313	35.0	1
6314	19.625	1
6315	26.5	1
6316	21.25	1
6317	24.5	1
6318	16.75	1
6319	22.75	1
6320	29.375	2
6321	31.0	2
6322	18.5	1
6323	29.75	1
6324	29.5	2
6325	31.25	1
6326	33.875	1
6327	22.625	2
6328	33.25	2
6329	39.75	2
6330	16.25	3
6331	17.0	1
6332	26.5	1
6333	33.0	2
6334	22.75	2
6335	30.75	1
6337	19.5	3
6338	24.5	1
6339	17.5	3
6340	34.875	1
6341	19.25	1
6342	19.75	1
6343	17.5	1
6344	15.25	1
6345	24.375	3
6346	26.5	3
6347	17.125	1
6348	18.25	1
6349	16.75	1
6350	23.375	1
6351	43.25	1
6352	17.75	1
6353	24.5	1
6354	19.5	1
6355	36.25	1
6356	30.5	2
6357	19.375	1
6358	22.0	3
6359	34.5	1
6360	79.625	1
6361	34.375	1
6362	19.25	1
6363	26.625	2
6364	23.125	1
6365	17.125	1
6366	15.25	1
6367	17.625	1
6368	32.5	2
6369	19.875	1
6370	21.5	1
6371	113.125	1
6372	26.625	1
6373	19.25	1
6374	24.5	2
6375	22.75	1
6376	32.125	1
6377	29.75	3
6378	29.25	2
6379	54.75	1
6380	36.5	2
6381	21.875	2
6382	39.75	1
6383	79.5	1
6384	24.5	1
6385	18.0	1
6386	24.625	1
6387	16.5	1
6388	25.5	1
6389	39.0	1
6390	28.125	3
6391	18.625	1
6392	37.625	1
6393	27.75	1
6394	16.0	1
6395	37.25	1
6396	29.375	2
6397	26.375	1
6398	35.5	1
6399	21.25	3
6400	29.625	2
6401	20.875	3
6402	24.75	3
6403	23.125	2
6404	17.0	1
6405	18.25	1
6406	19.0	1
6407	71.375	3
6408	28.25	1
6409	17.75	1
6410	28.5	1
6411	26.125	1
6412	20.5	1
6413	22.875	1
6414	26.125	1
6415	135.375	1
6416	26.0	3
6417	39.0	1
6418	22.25	3
6419	20.75	1
6420	31.25	1
6421	20.5	3
6422	26.25	3
6423	34.75	1
6424	28.625	2
6425	20.25	1
6426	27.875	1
6427	21.75	2
6428	27.75	1
6429	15.0	1
6430	26.125	2
6431	28.75	2
6432	20.375	1
6433	31.0	2
6434	22.5	1
6435	22.5	3
6436	21.75	1
6437	20.375	3
6438	26.5	1
6439	39.75	2
6440	20.5	1
6441	21.75	1
6442	25.0	1
6443	20.0	3
6444	24.25	3
6445	21.0	1
6446	30.625	1
6447	22.25	1
6448	40.25	1
6449	19.5	1
6450	31.125	1
6451	36.0	2
6452	31.625	1
6453	48.75	2
6454	22.125	3
6455	27.125	1
6456	19.5	1
6457	60.625	1
6458	22.25	1
6459	15.5	1
6460	29.25	1
6461	22.625	2
6462	17.75	1
6463	20.25	3
6464	23.75	1
6465	22.5	1
6466	26.0	1
6467	35.0	2
6468	45.5	1
6469	21.875	2
6470	22.875	3
6471	44.625	2
6472	33.0	2
6473	28.125	1
6474	17.5	1
6475	23.375	1
6476	28.625	1
6477	27.75	1
6478	20.25	1
6479	44.75	2
6480	15.75	1
6481	25.875	2
6482	18.5	1
6483	23.5	3
6484	28.0	3
6485	24.75	3
6486	21.875	3
6487	22.25	3
6488	21.125	2
6489	20.125	1
6490	41.5	1
6491	23.0	1
6492	30.625	1
6493	19.25	1
6494	45.25	1
6495	26.25	1
6496	23.625	1
6497	21.25	1
6498	23.25	2
6499	32.75	1
6500	17.625	3
6501	20.375	3
6502	18.0	1
6503	19.75	1
6504	22.625	1
6505	16.25	1
6506	25.5	3
6507	32.125	1
6508	77.75	3
6509	26.875	1
6510	31.25	1
6511	24.5	1
6512	84.5	1
6513	26.375	1
6514	17.0	1
6515	23.75	1
6516	27.25	1
6517	65.75	2
6518	26.25	2
6519	44.5	1
6520	24.625	3
6521	20.625	2
6522	25.25	1
6523	30.125	3
6524	28.0	1
6525	18.875	1
6526	15.25	2
6527	20.0	1
6528	24.375	1
6529	18.125	1
6530	20.125	2
6531	22.625	1
6532	21.375	1
6533	23.5	2
6534	16.25	1
6535	26.75	2
6536	17.5	1
6537	23.75	1
6538	27.25	1
6539	18.0	2
6540	24.75	3
6541	30.0	1
6542	24.5	1
6543	28.5	2
6544	37.75	1
6545	24.25	2
6546	22.5	1
6547	35.5	1
6548	23.5	2
6549	36.0	1
6550	42.75	1
6551	18.5	1
6552	23.0	1
6553	27.75	3
6554	19.625	1
6555	65.75	1
6556	27.625	2
6557	22.375	1
6558	30.0	1
6559	22.75	1
6560	22.5	3
6561	26.5	1
6562	18.75	1
6563	19.0	3
6564	70.0	2
6565	36.25	1
6566	30.0	1
6567	38.5	1
6568	33.625	1
6569	27.125	3
6570	19.5	1
6572	20.75	3
6573	34.875	1
6574	45.75	1
6575	19.5	1
6576	18.5	2
6577	24.25	3
6578	26.875	1
6579	24.75	1
6580	22.5	2
6581	35.25	1
6582	25.125	1
6583	32.5	1
6584	54.5	2
6585	17.5	1
6586	23.75	3
6587	16.5	1
6588	132.75	1
6589	13.75	1
6590	23.25	1
6591	34.0	1
6592	25.0	2
6593	25.75	1
6594	23.875	2
6595	35.5	2
6596	18.625	1
6597	23.75	3
6598	39.125	1
6599	27.375	1
6600	18.0	3
6601	30.25	1
6602	22.625	3
6603	24.75	1
6604	15.75	1
6605	17.25	1
6606	31.875	1
6607	23.75	2
6608	22.375	1
6609	20.75	3
6610	17.25	1
6611	35.75	1
6612	23.5	1
6613	25.0	1
6614	22.125	1
6615	19.875	1
6616	28.125	2
6617	44.5	1
6618	20.75	1
6619	17.75	1
6620	33.75	2
6621	63.25	1
6622	26.0	1
6623	23.625	1
6624	20.25	3
6625	36.25	1
6626	19.75	2
6627	28.375	2
6628	36.375	1
6629	30.5	3
6630	26.0	3
6631	32.75	1
6632	20.5	1
6633	25.25	1
6634	21.75	1
6635	24.0	2
6636	19.75	1
6637	21.125	1
6638	19.75	1
6639	23.75	1
6640	39.75	1
6641	19.625	1
6642	31.0	1
6643	27.5	1
6644	26.125	1
6645	26.75	1
6646	17.0	1
6647	24.5	1
6648	29.0	2
6649	39.5	1
6650	28.75	1
6651	22.0	2
6652	39.75	3
6653	27.125	1
6654	19.125	1
6655	22.5	1
6656	31.875	1
6657	18.375	1
6658	20.25	1
6659	19.25	1
6660	25.0	2
6661	65.0	1
6662	21.125	2
6663	27.25	1
6664	17.625	2
6665	34.5	2
6666	32.25	1
6667	29.875	2
6668	33.25	2
6669	17.75	1
6670	28.75	1
6671	28.5	1
6672	37.375	1
6673	42.25	3
6674	42.75	1
6675	19.0	1
6677	22.75	2
6678	28.625	1
6679	21.75	2
6680	22.625	1
6681	29.875	1
6682	17.625	1
6683	36.375	2
6684	44.75	1
6685	30.125	1
6686	20.75	1
6687	29.125	3
6688	24.0	1
6689	18.0	1
6690	27.5	2
6691	19.75	2
6692	101.0	1
6693	35.75	1
6694	27.625	1
6695	18.25	1
6696	15.625	1
6697	35.25	1
6698	19.25	1
6699	25.5	1
6700	30.75	2
6701	27.375	1
6702	28.5	1
6703	18.75	1
6704	21.25	3
6705	21.0	2
6706	24.875	1
6707	17.625	1
6708	22.5	1
6709	22.0	3
6710	23.25	2
6711	23.5	1
6712	26.125	1
6713	19.25	1
6714	18.75	3
6715	24.875	1
6716	21.5	2
6717	21.5	1
6718	22.0	2
6719	62.25	2
6720	17.25	1
6721	26.375	2
6722	35.0	1
6723	29.25	1
6724	17.75	2
6725	17.25	1
6726	18.375	3
6727	19.0	1
6728	23.5	1
6729	23.75	1
6730	42.0	1
6731	20.0	1
6732	25.0	1
6733	21.25	3
6734	31.25	2
6735	27.125	2
6736	20.125	3
6737	19.75	3
6738	23.0	1
6739	22.0	3
6740	37.0	1
6741	42.75	1
6742	29.0	1
6743	32.75	2
6744	22.0	3
6745	30.25	1
6746	23.5	2
6747	23.5	1
6748	30.125	1
6749	21.125	1
6750	24.25	1
6751	105.0	1
6752	34.625	3
6753	24.0	1
6754	29.375	1
6755	28.5	1
6756	19.75	3
6757	22.875	2
6758	22.25	3
6759	44.0	1
6760	23.25	2
6761	19.375	1
6762	20.75	3
6763	19.0	3
6764	41.75	1
6765	61.75	1
6766	18.75	1
6767	23.0	2
6768	133.25	1
6769	32.125	1
6770	37.5	1
6771	50.0	1
6772	26.5	2
6773	19.875	1
6774	26.5	2
6775	24.375	1
6776	25.75	2
6777	27.875	2
6778	26.75	1
6779	106.5	2
6780	41.0	1
6781	38.75	1
6782	17.75	1
6783	35.375	1
6784	20.0	3
6785	28.125	3
6786	32.0	2
6787	45.0	1
6788	18.0	1
6789	27.0	3
6790	26.0	1
6791	18.25	1
6792	26.5	1
6793	22.5	1
6794	24.25	1
6795	27.75	3
6796	28.0	3
6797	27.625	1
6798	21.25	1
6799	28.375	2
6800	34.375	1
6801	21.75	3
6802	24.75	1
6803	17.75	1
6804	33.125	1
6805	28.5	2
6806	51.875	1
6807	31.25	1
6808	40.75	2
6809	22.375	2
6810	25.5	3
6811	26.25	3
6812	21.875	2
6813	20.25	1
6814	25.0	2
6815	25.125	1
6816	32.375	1
6817	16.5	1
6818	27.0	1
6819	14.125	1
6820	19.25	1
6821	26.375	2
6822	18.0	1
6823	18.0	1
6824	27.375	1
6825	17.25	1
6826	24.375	1
6827	72.0	1
6828	24.5	1
6829	19.25	1
6830	21.5	3
6831	25.125	2
6832	34.0	1
6834	33.5	1
6835	17.75	1
6836	30.25	3
6837	45.5	1
6838	22.375	1
6839	28.5	1
6840	26.125	2
6841	27.875	1
6842	38.75	1
6843	25.25	1
6844	23.25	1
6845	22.25	1
6846	20.0	1
6847	35.75	2
6848	29.0	1
6849	25.625	2
6850	28.875	1
6851	21.5	2
6852	18.75	2
6853	17.375	3
6854	19.25	1
6855	18.75	1
6856	35.0	3
6857	29.0	1
6858	23.0	1
6859	38.875	1
6860	19.625	1
6861	33.5	1
6862	18.0	1
6863	24.5	2
6864	21.625	3
6865	20.5	3
6866	30.875	2
6867	30.875	1
6868	99.625	1
6869	19.0	1
6870	24.375	1
6871	28.25	1
6872	16.75	1
6873	16.875	1
6874	31.0	2
6875	28.875	2
6876	17.625	1
6877	22.625	3
6878	26.25	1
6879	25.5	2
6880	18.625	1
6881	47.5	1
6882	25.75	2
6883	48.75	1
6884	27.75	1
6885	29.25	1
6886	36.5	1
6887	29.125	2
6888	32.375	1
6889	27.875	2
6890	26.25	1
6891	35.125	1
6892	22.625	1
6893	28.5	1
6894	18.0	1
6895	24.5	1
6896	21.75	1
6897	22.75	1
6898	23.75	3
6899	16.5	1
6900	25.25	1
6901	30.125	3
6902	20.0	3
6903	22.125	1
6904	27.875	2
6905	15.0	1
6906	41.75	1
6907	20.125	1
6908	27.5	3
6909	29.5	1
6910	18.75	1
6911	16.875	1
6912	28.25	2
6913	22.75	1
6914	20.75	1
6915	27.75	1
6916	27.5	1
6917	33.0	1
6918	31.75	1
6919	25.375	3
6920	20.125	2
6921	23.5	1
6922	33.75	1
6923	17.5	1
6924	38.5	1
6925	15.25	1
6926	18.0	1
6927	47.125	2
6928	24.5	1
6929	16.25	1
6930	30.0	1
6931	38.125	1
6932	23.5	1
6933	26.75	1
6934	21.875	1
6935	31.0	2
6936	18.625	2
6937	32.875	2
6938	19.5	1
6939	21.75	3
6940	24.125	1
6941	23.875	2
6942	26.875	1
6943	23.0	1
6944	19.0	1
6945	49.0	1
6946	34.5	2
6947	21.0	3
6948	21.375	1
6949	42.5	1
6950	32.25	1
6951	21.5	1
6952	35.375	1
6953	29.5	2
6954	28.0	1
6955	18.625	1
6956	31.875	2
6957	36.75	1
6958	41.0	1
6959	32.0	2
6960	19.25	1
6961	35.75	1
6962	21.5	1
6963	16.25	1
6964	20.375	1
6965	19.5	3
6966	30.875	1
6967	21.0	3
6968	16.875	1
6969	32.875	1
6970	20.75	1
6971	24.5	1
6972	38.5	1
6973	19.25	1
6974	17.875	1
6975	26.75	1
6976	36.0	1
6977	14.5	1
6978	23.25	1
6979	28.25	2
6980	23.5	2
6981	46.5	2
6982	29.5	1
6983	17.0	1
6984	25.625	1
6985	25.0	2
6986	18.5	1
6987	29.5	2
6988	29.75	1
6989	33.875	1
6990	27.75	2
6991	29.5	1
6992	21.5	3
6993	19.5	1
6994	34.75	1
6995	29.0	1
6996	21.0	1
6997	23.75	1
6998	35.125	1
6999	35.0	1
7000	21.75	1
7001	21.375	1
7002	19.0	1
7003	18.0	3
7004	29.875	1
7005	26.0	1
7006	26.5	1
7007	36.0	1
7008	16.75	1
7009	15.75	1
7010	47.75	3
7011	19.0	1
7012	31.0	1
7013	20.75	1
7014	24.0	1
7015	26.375	2
7016	41.125	1
7017	27.5	2
7018	25.25	1
7019	19.0	1
7020	24.5	1
7021	21.75	1
7022	25.25	1
7023	38.25	2
7024	22.0	1
7025	51.125	1
7026	24.5	1
7027	22.0	3
7028	24.125	1
7029	38.0	1
7030	43.875	1
7031	30.375	1
7032	26.875	1
7033	19.75	1
7034	41.625	2
7035	23.0	1
7036	17.5	1
7037	27.0	2
7038	26.0	2
7039	37.0	2
7040	21.375	1
7041	24.5	3
7042	33.25	1
7043	36.625	1
7044	30.0	1
7045	15.5	1
7046	31.375	1
7047	18.75	1
7048	27.125	1
7049	31.75	2
7050	24.0	1
7051	20.375	1
7052	36.75	1
7053	19.375	1
7054	18.25	1
7055	20.75	2
7056	26.625	1
7057	17.375	2
7058	25.0	3
7059	34.5	1
7060	42.5	1
7061	20.5	1
7062	32.0	2
7063	17.75	1
7064	24.5	1
7065	25.25	2
7066	20.25	3
7067	24.5	1
7068	17.5	2
7069	29.75	2
7070	24.5	1
7071	17.625	1
7072	25.0	3
7073	23.5	1
7074	27.625	1
7075	27.125	1
7076	21.5	1
7077	19.0	1
7078	20.25	1
7079	22.75	1
7080	23.375	1
7081	20.875	3
7082	18.5	3
7083	24.875	3
7084	20.5	1
7085	21.0	1
7086	78.125	1
7087	21.625	1
7088	23.75	1
7089	21.75	1
7090	17.0	1
7091	23.0	3
7092	33.25	1
7093	21.0	2
7094	21.5	3
7095	19.5	1
7096	18.5	2
7097	19.5	1
7098	26.0	1
7099	29.25	1
7100	24.75	2
7101	22.875	1
7102	24.375	1
7103	20.0	1
7104	19.25	2
7105	30.125	2
7106	30.875	1
7107	21.75	1
7108	21.0	3
7109	39.0	1
7110	23.5	2
7111	27.25	1
7112	29.5	1
7113	25.5	1
7114	119.5	1
7115	18.75	2
7116	19.75	1
7117	18.625	1
7118	26.0	1
7119	22.5	1
7120	27.0	2
7121	16.75	1
7122	22.25	1
7123	13.75	1
7124	25.25	1
7125	23.75	1
7126	43.625	1
7127	27.25	2
7128	47.25	1
7129	26.375	1
7130	18.875	1
7131	35.875	1
7132	36.25	1
7133	20.625	1
7134	22.125	1
7135	60.75	1
7136	28.75	2
7137	22.75	1
7138	20.875	1
7139	38.25	1
7140	25.75	2
7141	28.75	1
7142	28.5	1
7143	32.625	1
7144	20.25	1
7145	23.25	1
7146	40.75	2
7147	27.125	1
7148	23.0	1
7149	20.5	1
7150	28.5	3
7151	21.625	3
7152	26.875	2
7153	17.5	1
7154	38.75	1
7155	20.5	1
7156	26.0	1
7157	90.375	1
7158	20.625	1
7159	32.875	1
7160	43.875	1
7161	31.75	1
7162	30.75	2
7163	18.75	1
7164	19.25	3
7165	22.0	2
7166	20.25	1
7167	17.5	1
7168	18.0	1
7169	25.875	2
7170	60.125	1
7171	20.75	1
7172	24.5	1
7173	16.75	1
7174	25.625	2
7175	28.375	1
7176	16.75	1
7177	25.875	1
7178	22.5	1
7179	30.0	1
7180	36.25	1
7181	26.5	1
7182	22.25	1
7183	46.25	2
7184	24.75	2
7185	22.75	1
7186	32.0	1
7187	17.0	1
7188	25.0	3
7189	22.875	3
7190	29.0	2
7191	21.75	1
7192	19.0	2
7193	24.5	1
7194	22.5	2
7195	24.625	2
7196	24.0	3
7197	30.125	1
7198	19.625	1
7199	49.75	1
7200	26.25	1
7201	23.0	3
7202	24.625	2
7203	25.125	1
7204	23.75	3
7205	21.0	1
7206	21.5	1
7207	27.375	3
7208	22.0	1
7209	23.5	1
7210	25.25	2
7211	31.625	2
7212	41.375	1
7213	26.75	3
7214	13.75	1
7215	31.75	2
7216	38.0	1
7217	23.5	4
7218	31.5	1
7219	17.125	2
7220	34.0	1
7221	26.25	1
7222	24.125	1
7223	23.5	1
7224	28.0	2
7225	25.0	1
7226	23.375	1
7227	22.125	1
7228	19.75	1
7229	26.125	3
7230	29.625	1
7231	31.75	1
7232	33.375	3
7233	26.25	2
7234	26.25	1
7236	17.625	1
7237	16.5	1
7238	19.0	1
7239	30.125	1
7240	26.625	1
7241	22.5	3
7242	23.125	1
7243	26.875	1
7244	21.75	3
7245	32.5	1
7246	20.25	1
7247	22.125	3
7248	23.5	1
7249	18.75	1
7250	29.25	2
7251	23.0	1
7252	19.125	1
7253	20.75	2
7254	39.75	1
7255	25.25	3
7256	40.125	1
7257	20.75	1
7258	17.25	1
7259	19.25	1
7260	24.5	1
7261	28.75	2
7262	17.0	1
7263	18.0	2
7264	33.875	2
7265	18.75	1
7266	23.375	1
7267	34.25	2
7268	25.625	2
7269	31.25	1
7270	23.5	3
7271	36.625	1
7272	33.25	1
7273	33.5	1
7274	26.375	1
7275	35.25	1
7276	16.375	1
7277	29.625	1
7278	27.375	1
7279	25.0	1
7280	21.0	1
7281	27.25	2
7282	25.25	3
7283	18.875	1
7284	16.75	1
7285	27.0	1
7286	23.0	1
7287	19.25	1
7288	19.0	1
7289	27.25	1
7290	22.5	3
7291	34.5	1
7292	33.375	1
7293	33.0	1
7294	21.25	1
7295	17.5	1
7296	21.75	1
7297	18.75	1
7298	24.0	3
7299	23.75	1
7300	36.75	3
7301	26.375	1
7302	17.25	1
7303	26.375	1
7304	19.125	1
7305	17.625	1
7306	17.5	1
7307	22.75	1
7308	26.125	2
7309	20.5	1
7310	31.375	2
7311	20.25	3
7312	19.25	3
7313	27.0	1
7314	34.5	1
7315	23.25	3
7316	30.75	1
7318	21.5	3
7319	25.5	1
7320	34.625	1
7321	30.25	1
7322	73.75	1
7323	33.25	1
7324	23.5	1
7325	22.5	3
7326	20.0	1
7327	21.75	1
7328	25.75	1
7329	20.75	2
7330	32.625	1
7331	28.75	3
7332	24.25	2
7333	26.875	3
7334	19.75	2
7335	23.5	3
7336	34.375	2
7337	17.5	1
7338	28.875	3
7339	29.25	1
7340	16.5	3
7341	27.125	1
7342	24.25	1
7343	29.75	1
7344	22.0	3
7345	26.25	1
7346	16.0	1
7347	38.375	1
7348	20.875	1
7349	22.5	1
7351	27.875	2
7352	25.0	2
7353	32.75	1
7354	24.75	1
7355	27.75	2
7356	20.625	1
7357	21.875	1
7358	29.25	1
7359	27.125	2
7360	34.5	2
7361	27.125	3
7362	18.875	1
7363	25.25	1
7364	32.0	1
7365	17.75	1
7366	22.25	3
7367	38.125	2
7368	37.5	1
7369	34.625	1
7370	18.625	1
7371	17.25	1
7372	30.25	1
7373	19.25	2
7374	16.0	1
7375	66.75	1
7376	40.875	1
7377	21.625	2
7378	29.5	3
7379	30.75	1
7380	21.0	1
7381	26.75	1
7382	23.5	1
7383	19.25	1
7384	18.875	1
7385	26.125	1
7386	38.75	1
7387	26.5	1
7388	27.0	2
7389	28.0	1
7390	35.5	1
7391	25.75	1
7392	22.5	2
7393	28.625	2
7394	32.25	1
7395	35.0	1
7396	46.25	2
7397	50.875	1
7398	23.5	2
7399	20.75	1
7400	21.25	1
7401	26.25	1
7402	26.25	1
7403	22.5	2
7404	29.25	1
7405	32.5	2
7406	30.5	2
7407	25.5	1
7408	22.5	1
7409	30.0	3
7410	21.75	3
7411	22.0	1
7412	23.25	1
7413	32.125	2
7414	22.25	3
7415	22.25	1
7416	27.625	2
7417	20.0	1
7418	17.75	1
7419	18.25	1
7420	20.75	3
7421	23.875	1
7422	21.375	1
7423	36.375	2
7424	22.875	1
7425	17.0	1
7426	71.0	1
7427	26.25	1
7428	19.0	2
7429	17.0	1
7430	28.625	1
7431	84.75	1
7432	38.75	1
7433	23.25	1
7434	19.25	1
7435	19.0	1
7436	25.0	3
7437	18.0	2
7438	24.5	2
7439	32.0	1
7440	21.0	1
7441	27.5	1
7442	18.25	1
7444	24.125	1
7445	21.0	1
7446	23.0	1
7447	20.75	3
7448	27.625	1
7449	40.0	3
7450	25.0	1
7451	20.625	1
7452	28.125	2
7453	18.0	1
7454	17.0	1
7455	18.75	1
7456	50.875	1
7457	30.0	2
7458	86.5	1
7459	18.25	1
7460	26.125	2
7461	24.0	1
7462	32.625	1
7463	17.5	2
7464	31.5	1
7465	16.75	1
7466	33.375	1
7467	34.875	1
7468	22.125	2
7469	18.25	2
7470	17.625	1
7471	24.0	1
7472	31.25	2
7473	73.625	1
7474	27.25	2
7475	26.375	2
7476	22.375	3
7477	20.625	1
7478	28.25	2
7479	16.25	1
7480	20.0	1
7481	25.0	1
7482	47.5	1
7483	18.5	2
7484	23.25	1
7485	28.75	1
7486	30.125	2
7487	29.375	1
7488	17.5	1
7489	29.75	2
7490	24.75	1
7491	24.375	2
7492	18.5	1
7493	19.375	3
7494	20.875	3
7495	26.375	1
7496	33.25	2
7497	30.5	2
7498	28.75	2
7499	35.25	1
7500	23.75	1
7501	16.0	1
7502	29.0	2
7503	20.25	2
7504	28.25	3
7505	19.75	3
7506	37.875	2
7507	24.5	2
7508	42.875	1
7509	27.375	2
7510	25.375	1
7511	21.75	3
7512	24.0	1
7513	22.75	1
7514	28.375	2
7515	20.5	1
7516	26.0	2
7517	24.5	1
7518	24.375	2
7519	32.5	1
7520	22.5	2
7521	25.5	3
7522	22.5	3
7523	25.25	1
7524	18.375	1
7525	13.5	1
7526	18.75	1
7527	28.0	1
7528	31.125	1
7529	26.125	1
7530	17.75	1
7531	50.0	1
7532	28.75	2
7533	24.75	3
7534	26.0	1
7535	26.75	1
7536	17.375	1
7537	21.0	2
7538	20.5	3
7539	23.125	1
7540	68.25	1
7541	19.375	1
7542	21.625	3
7543	22.375	1
7544	32.875	2
7545	20.0	3
7546	18.25	1
7547	27.25	1
7548	23.625	1
7549	21.25	1
7550	38.625	1
7551	28.625	3
7552	15.0	1
7553	31.0	1
7554	21.25	1
7555	22.5	1
7556	22.625	2
7557	47.5	1
7558	21.875	1
7559	42.125	1
7560	22.25	2
7561	23.5	1
7562	20.75	3
7563	27.125	1
7564	19.0	3
7565	33.25	1
7566	17.0	1
7567	29.5	1
7568	31.875	1
7569	39.75	1
7570	25.625	1
7571	25.375	2
7572	18.75	3
7573	21.5	1
7574	17.75	1
7575	34.125	1
7576	37.75	1
7577	43.5	1
7578	33.5	1
7579	21.25	2
7580	33.0	1
7581	20.5	1
7582	30.0	3
7583	34.5	1
7584	17.625	1
7585	19.0	1
7586	16.75	1
7587	17.25	1
7588	27.125	2
7589	25.375	1
7590	20.625	3
7591	26.5	1
7592	33.125	1
7593	17.75	1
7594	27.125	3
7596	20.875	3
7597	25.75	1
7598	29.25	1
7599	22.75	1
7600	19.125	1
7601	17.75	1
7602	19.25	1
7603	17.0	1
7604	20.25	1
7605	22.25	3
7606	31.875	2
7607	40.875	1
7608	28.5	1
7609	35.25	1
7610	18.125	1
7611	23.0	2
7612	42.0	1
7613	18.75	2
7614	19.5	1
7615	20.75	1
7616	18.375	1
7617	25.375	1
7618	18.0	1
7619	42.125	1
7620	23.0	1
7621	30.25	2
7622	20.0	2
7623	32.25	1
7624	30.625	2
7625	37.25	3
7626	17.25	1
7627	31.75	1
7628	17.5	1
7629	19.25	1
7630	19.5	1
7631	18.5	2
7632	20.25	1
7633	21.375	1
7634	17.25	1
7635	26.625	2
7636	18.25	1
7637	25.5	1
7638	19.875	1
7639	24.25	1
7640	48.75	1
7641	21.0	1
7642	38.5	1
7643	31.875	1
7644	20.0	1
7645	23.5	2
7646	28.125	2
7647	36.125	1
7648	32.375	1
7649	24.25	3
7650	23.25	3
7651	17.25	1
7652	23.75	1
7653	43.375	2
7654	18.5	1
7655	28.625	2
7656	19.0	1
7657	20.375	1
7658	21.125	3
7659	19.0	1
7660	16.0	1
7661	25.75	3
7662	32.5	1
7663	83.0	1
7664	17.0	1
7665	22.5	1
7666	19.0	1
7667	18.875	1
7668	34.25	1
7669	32.875	1
7670	25.875	1
7671	22.5	1
7672	23.25	2
7673	26.125	2
7674	35.625	1
7675	25.875	2
7676	36.25	1
7677	23.25	3
7678	20.875	1
7679	27.25	1
7680	27.25	1
7681	27.75	1
7682	18.75	3
7683	19.25	3
7684	20.0	1
7685	47.625	1
7686	20.125	1
7687	35.625	2
7688	30.5	1
7689	24.5	1
7690	26.125	2
7691	23.875	1
7692	32.625	1
7693	24.25	1
7694	40.125	2
7695	18.5	1
7696	28.25	1
7697	21.25	1
7698	47.75	1
7699	22.125	3
7700	25.25	2
7701	27.625	1
7702	30.25	1
7703	28.5	1
7704	21.25	1
7705	29.75	1
7706	22.5	1
7707	21.0	2
7708	19.75	1
7709	22.25	1
7710	26.5	1
7711	24.0	1
7712	28.5	1
7713	47.0	3
7714	17.5	1
7715	21.875	3
7716	40.75	1
7717	22.5	1
7718	17.75	1
7719	19.0	1
7720	23.25	2
7721	33.5	1
7722	15.5	1
7723	18.0	1
7724	34.0	2
7725	25.25	3
7726	27.125	3
7727	27.5	2
7728	21.5	2
7729	39.75	2
7730	39.5	1
7731	28.5	1
7732	16.75	1
7733	48.25	1
7734	17.75	1
7735	26.75	1
7736	22.75	1
7737	66.875	3
7738	36.75	1
7739	19.5	1
7740	27.625	1
7741	26.125	1
7742	19.75	1
7743	21.5	2
7744	21.0	1
7745	22.75	1
7746	16.75	3
7747	82.5	1
7748	20.0	1
7749	16.75	1
7750	17.75	1
7751	20.25	1
7752	25.75	3
7753	26.0	2
7754	14.25	1
7755	23.125	1
7756	25.75	1
7757	27.5	1
7758	31.625	1
7759	29.0	1
7760	50.625	1
7761	25.0	2
7762	38.875	1
7763	24.75	2
7764	17.75	1
7765	22.5	1
7766	27.375	1
7767	32.875	1
7768	19.0	1
7769	22.5	1
7770	20.625	3
7771	24.375	1
7772	21.25	3
7774	30.625	2
7775	39.5	1
7776	24.75	1
7777	26.25	3
7778	23.75	1
7779	22.125	1
7780	20.0	2
7781	29.0	2
7782	18.125	1
7783	30.5	1
7784	41.25	1
7785	20.75	1
7786	24.75	2
7787	20.25	2
7788	20.75	1
7789	42.5	1
7790	29.5	2
7791	88.5	1
7792	34.5	1
7793	35.25	1
7794	24.75	1
7795	40.0	1
7796	42.75	3
7797	18.75	2
7798	24.5	3
7799	19.25	1
7800	18.375	1
7801	13.5	1
7802	27.375	1
7803	52.0	2
7804	16.875	1
7805	29.0	2
7806	21.0	3
7807	34.625	1
7808	21.25	1
7809	27.0	1
7810	28.0	2
7811	29.5	2
7812	17.5	1
7813	172.5	1
7814	19.625	1
7815	25.75	1
7816	26.25	1
7817	37.25	1
7818	29.75	1
7819	18.5	1
7820	22.625	2
7821	26.125	1
7822	43.125	1
7823	22.75	3
7824	34.625	1
7825	22.5	1
7826	38.0	1
7827	16.5	1
7828	21.75	3
7829	23.75	2
7830	23.0	1
7831	20.625	3
7832	19.75	3
7833	21.875	2
7834	30.0	1
7835	30.375	2
7836	31.25	2
7837	18.0	3
7838	22.875	1
7840	25.75	2
7841	16.0	1
7842	119.0	1
7844	22.625	1
7845	20.875	3
7846	27.25	1
7847	23.625	1
7848	21.5	3
7849	17.5	1
7850	18.625	1
7851	32.5	1
7852	30.5	2
7853	22.875	2
7854	17.625	1
7855	42.25	2
7856	33.75	2
7857	27.75	1
7858	16.25	1
7859	23.125	1
7860	20.875	1
7861	18.375	1
7862	39.375	1
7863	21.625	1
7864	27.875	2
7865	26.0	2
7866	36.75	1
7867	124.5	1
7868	35.875	1
7869	17.75	3
7870	28.0	1
7871	31.0	1
7872	35.5	1
7873	19.375	1
7874	19.0	3
7875	24.375	1
7876	42.25	1
7877	19.75	1
7878	26.25	3
7879	20.0	1
7880	49.875	1
7881	23.0	3
7882	25.75	2
7883	20.875	2
7884	45.75	1
7885	22.0	1
7886	18.25	2
7887	27.5	1
7888	23.125	1
7889	18.0	2
7890	26.25	2
7891	16.25	1
7892	25.5	2
7893	23.625	3
7894	52.375	1
7895	21.25	2
7896	21.75	2
7897	20.5	3
7898	28.375	3
7899	31.75	1
7900	18.0	1
7901	23.75	1
7902	28.875	2
7903	25.0	3
7904	22.625	2
7905	32.0	1
7906	44.5	1
7907	22.25	1
7908	26.0	2
7909	27.25	3
7910	16.5	1
7911	29.25	1
7912	31.5	1
7913	25.875	2
7914	28.375	1
7915	51.625	3
7916	33.25	2
7917	18.25	3
7918	18.875	3
7919	84.375	1
7920	25.25	2
7921	30.375	1
7922	19.75	2
7923	17.875	1
7924	26.25	3
7925	31.25	2
7926	84.375	1
7927	21.5	1
7928	23.0	3
7929	19.125	1
7930	22.625	1
7931	27.875	2
7932	24.125	1
7933	22.75	1
7934	41.25	3
7935	27.875	1
7936	23.75	1
7938	17.5	1
7939	33.625	1
7940	19.25	1
7941	26.5	2
7943	19.25	1
7944	17.0	1
7945	17.5	1
7946	25.0	3
7947	27.25	1
7948	29.25	1
7949	20.75	1
7950	26.0	1
7951	15.625	1
7952	36.75	1
7953	22.75	3
7954	17.5	3
7955	21.125	1
7956	52.25	1
7957	21.25	3
7959	24.25	1
7961	31.375	1
7962	20.625	2
7963	29.75	1
7964	28.0	1
7965	20.875	2
7966	34.0	1
7967	22.0	2
7968	37.125	1
7969	40.75	1
7970	14.75	1
7971	24.875	3
7972	29.375	1
7973	20.0	1
7974	47.75	1
7975	37.0	1
7976	21.5	3
7977	19.0	3
7978	24.5	1
7979	29.5	1
7980	24.25	3
7981	25.375	1
7982	29.875	2
7983	25.875	1
7984	31.125	3
7985	59.375	1
7986	20.375	1
7987	23.25	2
7988	28.5	1
7989	19.0	1
7990	16.0	1
7991	44.0	1
7992	31.25	1
7993	19.125	2
7994	23.0	2
7995	27.5	1
7996	33.75	1
7997	20.375	1
7998	26.25	1
7999	22.25	1
8000	19.5	3
8001	23.75	1
8002	36.75	1
8003	22.75	1
8004	23.75	2
8005	22.625	3
8006	19.25	1
8007	25.25	3
8008	26.25	1
8009	31.75	2
8010	27.5	2
8011	26.625	1
8012	16.75	1
8013	20.5	1
8014	26.125	1
8015	24.0	1
8016	22.25	3
8017	21.625	1
8018	24.0	3
8019	26.5	1
8020	23.125	1
8021	21.5	2
8022	32.75	1
8023	24.625	2
8024	21.0	1
8025	26.625	1
8026	26.625	2
8027	18.5	1
8028	43.875	2
8029	21.0	1
8030	20.5	1
8031	31.5	1
8032	28.0	1
8033	18.25	1
8034	25.0	2
8035	16.5	1
8036	42.5	4
8037	20.375	1
8038	21.5	1
8039	25.25	2
8040	25.75	1
8041	33.375	1
8042	35.75	1
8043	20.75	1
8044	18.25	1
8045	23.0	2
8046	16.0	1
8047	16.0	1
8048	18.625	1
8049	29.75	1
8050	33.25	1
8051	29.25	2
8052	27.0	3
8053	26.75	1
8054	21.0	1
8055	20.75	3
8056	33.5	1
8057	17.0	3
8058	25.5	1
8059	19.5	3
8060	21.25	1
8061	24.0	3
8062	18.75	1
8063	34.25	1
8064	24.125	1
8065	30.375	3
8067	25.875	1
8068	26.875	1
8069	28.625	1
8070	41.5	1
8071	22.125	3
8072	23.375	3
8073	24.5	3
8074	26.5	1
8075	33.5	1
8076	30.0	2
8077	33.5	3
8078	24.75	1
8079	31.375	1
8080	20.375	3
8081	16.75	1
8082	34.875	2
8083	21.0	1
8084	17.25	1
8085	14.0	1
8086	16.25	1
8087	127.5	1
8088	18.0	1
8089	22.75	1
8090	22.25	1
8091	21.25	1
8092	21.5	3
8093	21.375	3
8094	18.75	3
8095	32.625	1
8096	25.5	1
8097	44.0	1
8098	20.25	3
8099	19.125	3
8100	33.125	1
8101	52.0	2
8102	30.625	2
8103	22.625	1
8104	26.875	1
8105	29.75	2
8106	23.375	1
8107	26.0	1
8108	21.75	2
8109	23.75	2
8110	44.25	3
8111	19.25	1
8112	42.125	1
8113	25.5	1
8114	25.5	1
8115	21.0	3
8116	26.625	1
8117	18.75	1
8118	34.375	1
8119	23.25	1
8120	54.875	1
8121	27.125	2
8122	21.0	1
8123	34.375	1
8124	20.125	1
8125	27.5	3
8126	31.125	1
8127	60.125	3
8128	26.25	1
8129	78.75	1
8130	28.25	2
8131	19.75	1
8132	26.25	2
8133	26.75	1
8134	140.375	1
8135	22.875	1
8136	41.5	1
8137	18.25	2
8138	17.625	1
8139	21.0	2
8140	17.5	1
8141	29.125	1
8142	13.25	1
8143	24.125	1
8144	16.25	3
8145	24.875	1
8146	30.375	1
8147	99.875	1
8148	32.375	1
8149	24.0	2
8150	32.25	1
8151	17.0	1
8152	27.375	1
8153	37.0	1
8154	16.5	3
8155	17.25	1
8156	24.25	3
8157	28.875	1
8158	22.25	3
8159	28.75	1
8160	30.125	2
8161	31.5	1
8162	30.75	2
8163	19.875	1
8164	98.0	3
8165	36.5	3
8166	24.25	1
8167	25.625	2
8168	21.875	1
8169	25.0	1
8170	52.75	1
8171	17.75	2
8173	19.75	1
8174	24.25	1
8175	17.5	1
8176	28.25	1
8177	46.75	1
8178	34.75	1
8179	31.0	1
8180	22.25	1
8181	26.0	1
8182	36.625	1
8183	28.125	2
8184	23.5	3
8185	21.75	1
8186	23.5	3
8187	19.0	1
8188	18.375	1
8189	36.125	1
8190	50.625	1
8191	36.625	1
8192	43.625	2
8193	38.5	1
8194	27.25	3
8195	16.875	1
8196	54.0	1
8197	19.75	2
8198	16.0	1
8199	15.375	1
8200	107.375	1
8201	18.0	2
8202	22.875	3
8203	18.125	1
8204	32.0	1
8205	30.75	2
8206	24.25	1
8207	20.875	2
8208	27.75	1
8209	41.125	1
8210	30.5	1
8211	22.0	3
8212	14.0	1
8213	40.25	1
8214	30.0	3
8215	26.5	1
8216	18.0	1
8217	21.75	2
8218	23.75	1
8219	27.125	2
8220	17.375	1
8221	28.375	2
8222	28.5	1
8223	32.5	3
8224	22.75	1
8225	17.875	1
8226	32.625	3
8227	38.0	2
8228	23.75	3
8229	27.75	1
8230	28.5	1
8231	23.875	1
8232	30.75	1
8233	22.75	1
8234	29.125	1
8235	22.375	1
8236	27.625	1
8237	19.875	1
8238	26.625	1
8239	27.0	1
8240	34.375	1
8241	22.625	1
8242	35.875	1
8243	27.25	1
8244	25.875	1
8245	32.25	1
8246	27.75	1
8247	26.5	2
8248	25.75	2
8249	34.0	1
8250	44.0	1
8251	23.75	2
8252	25.25	3
8253	31.5	2
8254	20.0	3
8255	36.375	1
8256	21.625	3
8257	38.75	1
8258	19.5	1
8259	18.75	1
8260	24.75	3
8261	21.125	3
8262	22.75	1
8263	18.25	1
8264	19.375	3
8265	29.5	1
8266	17.5	1
8267	65.375	1
8268	16.5	1
8269	33.25	2
8270	15.25	1
8271	17.5	1
8272	38.5	1
8273	33.25	1
8274	20.625	3
8275	72.25	2
8276	21.5	1
8277	26.375	1
8278	20.25	1
8279	28.0	1
8280	23.5	1
8281	16.875	1
8282	16.75	1
8283	28.0	1
8284	20.25	1
8285	18.0	1
8286	28.0	3
8287	19.0	1
8288	20.25	1
8289	24.25	2
8290	31.625	1
8291	27.25	2
8292	19.75	3
8293	24.875	1
8294	20.0	3
8295	23.875	1
8296	22.875	1
8297	27.5	1
8298	24.0	3
8299	16.75	1
8300	18.75	1
8301	18.25	1
8302	43.25	1
8303	30.75	1
8304	30.875	1
8305	31.75	2
8306	21.0	1
8307	20.25	1
8308	40.0	1
8309	29.875	1
8310	24.0	1
8311	30.375	3
8312	36.5	1
8313	21.0	1
8314	23.0	3
8315	23.625	2
8316	18.25	1
8317	24.75	1
8318	29.625	1
8319	44.375	1
8320	23.375	1
8321	24.125	1
8322	19.75	1
8323	22.25	1
8324	24.75	1
8325	26.75	1
8326	19.5	3
8327	25.75	2
8328	21.75	3
8329	24.5	3
8330	17.75	1
8331	33.75	1
8332	20.875	1
8333	19.0	1
8334	23.0	1
8335	17.75	1
8336	28.0	1
8337	36.5	2
8338	24.75	1
8339	26.375	1
8340	21.875	3
8341	25.75	3
8342	26.75	1
8344	37.125	2
8345	24.625	2
8346	27.5	1
8347	77.875	1
8348	27.625	1
8349	34.5	1
8350	23.625	1
8351	22.125	1
8352	22.125	1
8353	19.0	2
8354	40.625	1
8355	66.625	1
8357	23.5	2
8358	20.75	3
8359	19.75	3
8360	35.0	1
8361	20.625	1
8362	14.25	1
8363	21.0	2
8364	16.375	2
8365	35.125	1
8366	30.75	1
8367	19.625	1
8368	36.25	1
8369	21.625	3
8370	35.0	1
8371	23.875	3
8372	24.25	1
8373	37.125	3
8374	21.25	3
8375	29.875	2
8376	22.0	1
8377	25.875	1
8378	26.5	3
8379	19.0	1
8380	27.625	1
8381	21.5	2
8382	19.5	2
8383	31.5	4
8384	16.75	1
8385	23.5	2
8386	19.875	1
8387	24.0	1
8388	29.375	1
8389	28.75	1
8390	32.25	1
8391	20.125	1
8392	24.75	1
8393	22.75	1
8394	37.75	2
8395	23.75	1
8396	34.25	2
8397	36.5	1
8398	37.75	3
8399	25.875	1
8400	17.375	1
8401	27.0	2
8402	21.75	1
8403	27.75	2
8404	15.75	1
8405	32.5	1
8406	26.0	1
8407	33.5	1
8408	24.25	1
8409	32.125	2
8410	27.5	1
8411	18.25	3
8412	28.75	2
8413	36.0	1
8414	19.375	2
8415	22.25	2
8416	24.5	1
8417	28.75	1
8418	30.25	2
8419	36.25	1
8420	34.5	1
8421	28.75	2
8422	23.75	1
8423	24.25	3
8424	29.125	1
8425	24.75	1
8426	20.0	1
8427	31.0	2
8428	38.5	3
8429	51.75	1
8430	21.375	2
8431	45.0	1
8432	33.0	1
8433	38.0	1
8434	32.25	1
8435	29.125	3
8436	21.5	3
8437	21.25	1
8438	19.25	1
8439	22.5	1
8440	25.25	2
8441	25.0	1
8442	19.0	3
8443	28.375	2
8444	19.5	1
8445	18.5	2
8446	26.75	3
8447	22.75	1
8448	17.75	3
8449	36.875	1
8450	29.5	1
8451	27.5	1
8452	19.5	1
8453	23.375	1
8454	26.5	1
8455	34.25	2
8456	19.75	3
8457	24.875	1
8458	36.125	1
8459	35.625	1
8460	24.375	1
8461	18.75	1
8462	23.75	1
8463	39.5	1
8464	21.5	3
8465	28.75	1
8466	24.0	1
8467	31.0	1
8468	18.875	1
8469	38.25	2
8470	21.625	1
8471	19.75	1
8472	23.75	2
8473	18.5	1
8474	18.75	1
8475	24.375	1
8476	23.25	2
8477	74.25	1
8478	22.125	3
8479	20.625	2
8480	113.25	1
8481	19.0	2
8482	35.75	3
8483	30.25	1
8484	26.25	1
8485	23.125	3
8486	18.875	1
8487	27.875	1
8488	50.375	1
8489	29.0	1
8490	31.875	2
8491	21.75	1
8492	28.125	1
8493	19.25	1
8494	17.125	1
8495	24.0	2
8496	42.125	1
8497	40.75	1
8498	26.0	3
8499	27.375	1
8500	20.25	1
8501	28.875	1
8502	29.125	3
8503	25.125	1
8504	25.875	1
8505	17.375	1
8506	21.5	1
8507	23.5	1
8508	37.5	1
8509	20.25	1
8510	28.5	3
8511	24.5	3
8512	24.0	3
8513	30.125	2
8514	32.375	1
8515	19.25	3
8516	28.0	5
8517	27.375	1
8518	23.75	1
8519	30.0	2
8520	19.625	1
8521	19.25	1
8522	25.75	2
8523	26.5	1
8524	20.875	3
8525	54.125	1
8526	19.25	1
8527	30.875	1
8528	31.25	2
8529	22.5	3
8530	28.0	1
8531	19.375	1
8532	25.25	1
8533	23.5	3
8534	20.875	1
8535	18.0	1
8536	31.0	1
8537	39.875	1
8538	42.25	1
8539	22.625	2
8540	30.25	1
8541	19.25	1
8542	33.0	1
8543	25.0	1
8544	42.125	1
8545	21.0	3
8546	30.0	1
8547	28.375	1
8548	27.25	1
8549	13.625	1
8550	27.125	2
8551	28.75	1
8552	20.25	3
8553	31.75	3
8554	22.125	3
8555	32.0	2
8556	33.0	1
8557	19.875	3
8558	24.375	2
8559	18.25	2
8560	22.875	1
8561	39.5	1
8562	20.25	3
8563	25.25	3
8564	20.0	1
8565	24.0	1
8566	17.75	1
8567	15.25	1
8568	20.0	1
8569	24.25	1
8570	22.75	2
8571	29.5	2
8572	26.5	1
8573	31.75	1
8574	20.75	1
8575	28.75	1
8576	28.375	2
8577	21.25	1
8578	23.5	2
8579	27.375	1
8580	19.375	1
8581	22.75	1
8582	25.75	3
8583	16.875	1
8584	23.75	1
8585	60.125	1
8586	21.25	1
8587	21.75	1
8588	24.5	2
8589	22.125	2
8590	17.75	1
8591	24.25	1
8592	33.875	2
8593	33.5	1
8594	19.25	1
8595	27.375	2
8596	21.0	3
8597	16.625	1
8598	78.0	1
8599	16.75	1
8600	28.75	1
8601	42.25	1
8602	22.625	2
8603	21.5	3
8604	33.25	1
8605	25.25	1
8606	22.125	1
8607	66.25	1
8608	16.75	1
8609	27.25	3
8610	25.5	2
8611	33.125	1
8612	17.25	1
8613	29.75	1
8614	140.5	1
8615	28.125	1
8616	59.75	1
8617	51.25	1
8618	98.75	1
8619	20.375	1
8620	22.125	2
8621	107.5	1
8622	22.75	1
8623	27.75	1
8624	48.75	1
8625	18.5	2
8626	21.5	1
8627	23.5	1
8628	16.0	1
8629	28.5	1
8630	19.25	3
8631	29.375	1
8632	29.25	3
8633	15.75	1
8634	27.25	2
8635	22.25	3
8636	34.75	2
8637	28.25	1
8639	22.75	3
8640	24.0	1
8641	19.0	2
8642	17.875	1
8643	17.25	1
8644	33.25	2
8645	21.0	1
8646	24.0	3
8647	16.5	1
8648	38.25	1
8649	15.0	1
8650	24.75	1
8651	29.125	2
8652	26.75	1
8653	20.75	1
8654	22.0	1
8655	116.5	2
8656	32.75	1
8657	21.0	2
8658	28.0	1
8659	19.875	1
8660	20.375	3
8661	26.25	1
8662	18.0	1
8663	21.25	1
8664	18.875	2
8665	24.875	1
8666	37.0	1
8667	31.25	1
8668	25.25	3
8669	16.0	1
8670	151.0	1
8671	22.25	2
8672	25.5	1
8673	33.25	1
8674	23.0	1
8675	18.375	2
8676	24.5	3
8677	31.5	2
8678	27.5	1
8679	18.375	1
8680	21.125	1
8681	19.25	1
8682	19.875	1
8683	30.125	1
8684	21.375	3
8685	27.0	1
8686	21.0	3
8687	27.875	1
8688	100.25	1
8689	19.75	1
8690	20.0	3
8691	28.125	1
8692	20.875	1
8693	25.75	2
8694	25.5	1
8695	24.75	2
8696	17.75	3
8697	19.125	1
8698	21.875	3
8699	43.875	2
8700	27.875	2
8701	33.25	2
8702	25.0	1
8703	24.125	1
8704	26.25	1
8705	33.75	1
8706	127.875	1
8707	21.25	1
8708	23.0	1
8709	23.5	1
8710	27.875	1
8711	18.25	1
8712	31.5	1
8713	16.75	1
8714	33.25	2
8715	70.75	1
8716	20.25	1
8717	29.25	3
8718	28.5	1
8719	19.0	1
8720	25.125	1
8721	36.75	1
8722	20.875	1
8723	18.5	1
8724	18.875	1
8725	23.0	1
8726	30.75	1
8727	20.5	3
8728	17.25	1
8729	32.75	1
8730	22.5	1
8731	19.625	1
8732	26.0	3
8733	20.25	1
8734	28.5	1
8735	28.375	2
8736	28.0	2
8737	22.25	3
8738	24.5	2
8739	21.5	3
8740	25.5	1
8741	20.5	1
8742	35.0	1
8743	22.0	2
8744	24.5	3
8745	28.875	1
8746	29.25	1
8747	21.0	3
8748	18.5	1
8749	17.5	1
8750	18.0	1
8751	28.5	2
8752	34.375	1
8753	18.875	1
8754	35.5	1
8755	26.5	1
8756	17.25	1
8757	18.25	1
8758	17.5	1
8759	34.25	1
8760	21.75	3
8761	44.5	1
8762	18.0	2
8763	21.25	2
8764	24.375	1
8765	28.5	1
8766	36.0	1
8767	31.25	1
8768	24.375	1
8769	16.0	1
8770	25.75	3
8771	32.875	1
8772	17.5	1
8773	14.5	1
8774	33.75	1
8775	21.75	1
8776	21.5	3
8777	17.375	1
8778	21.75	3
8779	20.0	1
8780	36.75	1
8781	23.0	3
8782	32.0	1
8783	21.5	1
8784	23.75	1
8785	22.0	1
8786	33.0	2
8787	19.125	1
8788	18.875	3
8789	26.0	1
8790	19.25	1
8791	21.5	3
8792	17.5	1
8793	29.75	1
8794	21.875	1
8795	27.125	1
8796	24.125	1
8797	30.0	2
8798	22.25	3
8799	28.0	3
8800	29.75	1
8801	28.25	1
8802	41.0	1
8803	26.375	1
8804	19.375	1
8805	23.875	3
8806	26.125	1
8807	32.0	2
8809	21.0	3
8810	28.125	1
8811	22.875	1
8812	34.0	2
8813	20.25	1
8814	20.75	1
8815	20.75	1
8816	17.75	1
8817	18.0	1
8818	25.25	1
8819	16.75	1
8820	33.5	2
8821	17.75	1
8822	22.0	3
8823	19.75	3
8824	17.0	1
8825	26.125	2
8826	25.75	4
8827	32.375	2
8829	27.75	1
8830	23.625	1
8831	21.0	1
8832	25.25	1
8833	33.875	1
8834	19.125	1
8835	26.875	1
8836	23.875	3
8837	26.0	3
8838	46.75	2
8839	32.25	1
8840	19.375	1
8841	35.0	1
8842	16.0	1
8843	37.5	1
8844	17.75	1
8845	16.625	1
8846	23.0	3
8847	26.0	1
8848	27.125	1
8849	32.875	1
8850	32.25	1
8851	29.0	1
8852	20.0	1
8853	27.75	1
8854	18.0	1
8855	30.75	1
8856	17.25	1
8857	27.5	1
8858	28.25	2
8859	35.875	1
8860	27.125	1
8861	41.0	2
8862	20.5	1
8863	20.5	2
8864	23.375	1
8865	85.875	1
8866	21.25	1
8867	33.875	1
8868	21.125	1
8869	21.375	1
8871	26.375	1
8872	20.125	3
8873	31.0	1
8874	23.0	1
8875	37.75	3
8876	27.5	3
8877	21.0	1
8878	17.625	1
8879	15.5	1
8880	19.625	3
8881	18.25	1
8882	19.0	3
8883	117.5	1
8884	18.625	1
8885	17.25	1
8886	15.875	1
8887	25.5	2
8888	29.125	2
8889	27.625	3
8890	27.75	2
8891	30.125	1
8892	18.375	1
8893	35.0	1
8894	31.875	1
8895	32.875	1
8896	24.625	1
8897	41.5	2
8898	27.5	1
8899	26.75	1
8900	32.375	1
8901	24.875	1
8902	23.25	1
8903	33.375	1
8904	19.5	1
8905	24.5	1
8906	29.5	1
8907	24.75	1
8908	15.75	1
8909	25.875	1
8910	46.25	1
8911	34.375	2
8912	27.25	1
8913	21.25	2
8914	37.875	1
8915	18.0	2
8916	42.375	1
8917	98.25	1
8918	21.5	3
8919	20.125	3
8920	22.625	1
8921	27.5	2
8922	27.875	1
8923	25.375	3
8924	31.25	1
8925	23.75	1
8926	25.625	1
8927	21.875	3
8928	27.125	1
8929	20.625	1
8930	24.5	2
8931	17.75	3
8932	27.0	2
8933	44.875	3
8934	25.5	2
8935	36.0	1
8936	19.0	1
8937	15.25	1
8939	38.375	1
8940	21.5	1
8941	26.5	1
8942	19.25	1
8943	19.5	1
8944	18.875	2
8945	27.25	1
8946	20.875	1
8947	35.125	3
8948	27.75	2
8949	18.25	1
8950	27.25	1
8951	27.375	1
8952	19.125	1
8953	21.75	3
8954	19.125	2
8955	28.0	1
8956	30.125	1
8957	20.125	1
8958	19.75	1
8959	18.0	1
8960	17.5	1
8961	33.5	1
8962	16.875	1
8963	27.0	2
8964	26.875	2
8965	23.5	3
8966	20.25	1
8967	28.25	2
8968	26.625	1
8969	29.0	1
8970	28.5	1
8971	27.75	2
8972	18.75	1
8973	20.125	1
8974	23.375	1
8975	24.5	1
8976	36.875	1
8977	20.375	1
8978	43.0	1
8979	33.875	1
8980	26.0	2
8981	35.625	1
8982	25.875	1
8983	29.125	1
8984	23.0	1
8985	27.25	1
8986	33.875	1
8987	29.0	1
8988	30.625	1
8989	22.75	1
8990	22.75	3
8991	33.25	2
8992	18.875	1
8993	16.5	1
8994	18.75	2
8995	26.5	1
8996	37.75	1
8997	20.25	1
8998	23.0	1
8999	22.5	2
9000	18.25	1
9001	28.625	1
9002	26.5	3
9003	23.25	1
9004	21.25	1
9005	19.875	1
9006	41.0	1
9007	27.125	1
9008	17.75	1
9009	23.5	3
9010	25.875	3
9011	29.75	1
9012	17.75	1
9013	28.0	1
9014	24.25	1
9015	25.0	1
9016	24.25	2
9017	21.25	3
9018	19.5	2
9019	25.75	1
9020	18.75	1
9021	26.75	1
9022	48.25	1
9023	25.5	1
9024	27.0	2
9025	41.0	2
9026	20.0	3
9027	28.875	2
9028	25.0	1
9029	18.5	1
9030	22.0	3
9031	30.0	1
9032	31.25	1
9033	21.25	1
9034	20.875	3
9036	26.375	1
9037	21.0	1
9038	18.75	2
9039	20.0	1
9040	22.25	3
9041	34.5	2
9042	21.25	1
9043	27.5	1
9044	17.875	1
9045	24.0	1
9046	98.5	1
9047	37.875	1
9048	26.0	1
9049	29.375	2
9050	26.25	1
9051	24.25	1
9052	28.5	2
9053	24.75	3
9054	23.0	1
9055	28.125	1
9056	19.125	1
9057	23.75	1
9058	19.625	1
9059	26.125	1
9060	20.0	3
9061	26.25	1
9062	31.5	1
9063	27.375	1
9064	31.0	1
9065	31.0	1
9066	19.75	1
9067	17.0	1
9068	25.75	1
9069	31.0	1
9070	39.75	2
9071	36.25	1
9072	29.75	1
9073	25.125	2
9074	20.25	1
9075	19.25	3
9076	28.5	1
9077	20.5	1
9078	24.625	1
9079	29.75	1
9080	19.5	1
9081	23.375	3
9082	32.0	2
9083	36.25	2
9084	21.125	1
9085	20.5	1
9086	26.875	1
9087	19.875	3
9088	33.25	1
9089	39.875	1
9090	31.375	1
9091	17.75	1
9092	29.5	1
9093	21.0	1
9094	22.75	2
9095	29.0	3
9096	29.5	1
9097	27.5	1
9098	25.5	3
9099	21.25	3
9100	20.625	2
9101	20.25	2
9102	27.375	3
9103	17.75	1
9104	49.375	1
9105	67.25	1
9106	18.75	2
9107	26.0	1
9108	27.5	2
9109	32.25	2
9110	31.75	1
9111	20.75	1
9112	20.625	1
9113	47.875	1
9114	22.75	1
9115	21.5	1
9116	33.125	1
9117	21.625	1
9118	28.75	2
9119	18.25	3
9120	21.75	1
9121	21.375	1
9122	21.75	1
9123	19.625	1
9124	37.25	1
9125	24.5	1
9126	27.25	1
9127	29.5	1
9128	22.5	3
9129	20.25	3
9130	28.75	1
9131	33.5	3
9132	30.125	1
9133	37.75	2
9134	69.375	2
9135	17.875	1
9136	28.75	2
9137	18.75	1
9138	19.75	1
9139	23.0	1
9140	22.5	1
9141	41.5	1
9142	25.25	1
9143	28.125	1
9144	29.125	1
9145	38.625	2
9146	30.25	1
9147	28.5	2
9148	17.625	1
9149	30.625	1
9150	20.0	1
9151	18.5	1
9152	22.25	2
9153	36.25	1
9154	30.75	3
9155	18.375	1
9156	35.0	1
9157	23.0	3
9158	26.5	1
9159	48.75	1
9160	27.875	1
9161	18.0	1
9162	35.125	1
9163	21.625	2
9164	34.625	3
9165	24.25	1
9166	16.5	1
9167	26.5	2
9168	37.0	2
9169	18.75	1
9170	40.5	2
9171	29.25	1
9172	20.75	1
9173	31.125	2
9174	20.125	1
9175	20.25	2
9176	31.75	2
9177	18.375	3
9178	45.25	1
9179	23.125	1
9180	21.5	3
9181	40.0	2
9182	27.0	1
9183	27.0	1
9184	30.625	3
9185	19.125	1
9186	15.0	1
9187	29.0	2
9188	24.5	1
9189	28.625	2
9190	18.25	1
9191	19.375	1
9192	17.0	1
9193	24.0	1
9194	24.375	3
9195	23.25	1
9196	22.625	3
9197	29.0	1
9198	22.75	2
9199	25.5	2
9200	17.875	1
9201	28.25	1
9202	20.75	1
9203	31.125	1
9204	19.0	1
9205	22.375	3
9206	32.25	1
9207	46.5	1
9208	19.875	1
9209	21.5	1
9210	33.25	1
9211	19.5	1
9212	24.0	1
9213	20.875	1
9214	29.625	1
9215	21.125	1
9216	20.25	1
9217	28.375	1
9218	24.75	3
9219	33.875	2
9220	23.75	2
9221	27.125	2
9222	22.25	1
9223	25.375	1
9224	35.75	1
9225	22.75	1
9226	29.0	3
9227	24.5	2
9228	32.5	1
9229	22.25	1
9230	17.625	1
9231	19.25	1
9232	44.125	1
9233	36.5	1
9234	20.5	3
9235	25.25	1
9236	25.875	1
9237	22.375	1
9238	16.25	1
9239	18.0	1
9240	28.125	2
9241	23.875	1
9242	24.5	1
9243	22.625	1
9244	26.25	1
9245	23.25	1
9246	18.75	1
9247	33.5	2
9248	34.25	3
9249	23.625	1
9250	29.75	1
9251	23.75	3
9252	26.0	3
9253	23.625	1
9254	43.5	1
9255	37.0	2
9256	17.75	3
9257	33.625	1
9258	20.25	1
9259	32.25	3
9260	18.25	1
9261	17.25	3
9262	36.75	1
9263	21.5	2
9264	33.25	1
9265	17.5	1
9266	23.25	3
9267	31.25	2
9268	18.375	1
9269	27.375	3
9270	17.75	1
9271	27.5	1
9272	37.875	3
9273	30.25	1
9274	20.125	1
9275	20.375	1
9276	26.375	2
9277	19.625	1
9278	19.125	1
9279	23.0	1
9280	18.875	1
9281	31.875	1
9282	26.125	3
9283	26.75	2
9284	111.0	1
9285	18.75	3
9286	20.5	1
9287	23.0	1
9288	28.75	1
9289	16.125	1
9290	27.25	2
9291	16.375	1
9292	18.75	1
9293	29.375	1
9294	29.625	1
9295	26.75	3
9296	14.5	1
9297	21.125	1
9298	29.5	1
9299	21.5	1
9300	21.5	1
9301	27.0	3
9302	19.5	2
9303	21.5	1
9304	28.25	3
9305	32.625	3
9306	22.25	1
9307	29.75	3
9308	16.75	1
9309	25.75	2
9310	23.5	1
9311	54.625	2
9312	100.0	1
9313	27.625	1
9314	38.375	2
9315	16.25	1
9316	23.5	3
9317	37.375	3
9318	34.625	2
9319	30.875	1
9320	15.25	1
9321	75.0	1
9322	22.875	3
9323	20.5	3
9324	28.5	2
9325	26.0	3
9326	38.25	1
9327	28.25	2
9328	19.0	1
9329	26.25	1
9330	74.875	1
9331	24.0	2
9332	19.375	1
9333	45.5	1
9334	19.125	3
9335	20.375	3
9336	20.25	3
9337	26.625	1
9338	36.5	1
9339	24.0	1
9340	47.5	1
9341	22.625	1
9342	37.5	3
9343	20.0	3
9344	51.25	1
9345	23.25	1
9346	41.5	1
9347	19.125	1
9348	18.75	1
9349	17.25	1
9350	18.25	1
9351	19.0	3
9352	19.625	3
9353	20.75	3
9354	22.0	1
9355	19.75	3
9356	18.0	3
9357	38.25	1
9358	21.75	3
9359	20.625	3
9360	36.125	3
9361	28.25	1
9362	25.75	1
9363	37.5	2
9364	22.625	1
9365	37.0	1
9366	20.375	3
9367	22.125	3
9368	21.5	3
9369	23.75	2
9370	24.5	2
9371	15.0	3
9372	18.0	1
9373	23.25	1
9374	26.75	1
9375	19.0	2
9376	37.75	1
9377	45.375	1
9378	26.0	1
9379	17.0	1
9380	17.5	1
9381	32.75	1
9382	24.25	1
9383	41.0	1
9384	21.875	1
9385	44.25	1
9386	25.625	1
9387	25.5	1
9388	25.0	1
9389	33.875	1
9390	27.25	1
9391	25.75	1
9392	31.0	1
9393	22.875	1
9394	32.25	2
9395	20.5	1
9396	21.5	3
9397	21.75	1
9398	23.75	1
9399	16.25	1
9400	29.875	1
9401	19.0	1
9402	42.75	2
9403	25.0	2
9404	74.625	1
9405	23.25	3
9406	18.5	1
9407	28.0	3
9408	32.25	1
9409	21.375	3
9410	29.0	2
9411	23.75	3
9412	32.0	1
9413	27.125	1
9414	23.375	1
9415	27.875	1
9416	26.875	1
9417	17.75	1
9418	25.125	1
9419	44.125	1
9420	18.625	3
9421	28.25	3
9422	21.5	1
9423	20.5	3
9424	25.25	1
9425	29.375	1
9426	17.75	1
9427	23.0	2
9428	18.0	2
9429	19.125	1
9430	24.0	1
9431	20.5	2
9432	21.75	1
9433	20.0	1
9434	24.125	2
9435	22.0	3
9436	20.5	1
9437	64.875	1
9438	22.25	1
9439	34.75	1
9440	25.0	1
9441	20.0	3
9442	29.375	1
9443	26.125	1
9444	45.75	1
9445	23.5	1
9446	21.0	3
9447	25.25	2
9448	30.25	1
9449	33.625	1
9450	28.125	1
9451	32.5	1
9452	19.375	1
9453	38.25	1
9454	29.875	3
9455	56.5	1
9456	23.5	3
9457	21.375	3
9458	16.5	1
9459	24.875	1
9460	21.125	1
9461	45.25	2
9462	19.0	1
9463	19.375	1
9464	19.625	1
9465	15.5	1
9466	27.25	1
9467	16.75	1
9468	32.875	2
9469	18.625	1
9470	33.75	1
9471	33.625	1
9472	14.25	1
9473	27.875	1
9474	24.5	2
9475	20.0	3
9476	21.5	1
9477	19.75	1
9478	34.0	2
9479	40.125	1
9480	37.625	2
9481	30.75	1
9482	24.25	1
9483	28.5	1
9484	16.25	1
9485	25.75	1
9486	66.75	1
9487	18.0	1
9488	25.5	3
9489	18.25	2
9490	36.75	1
9491	17.875	2
9492	22.125	2
9493	22.0	1
9494	21.375	1
9495	28.5	2
9496	18.875	1
9497	28.25	2
9498	88.75	1
9499	18.0	1
9500	19.75	1
9501	25.25	1
9502	19.0	1
9503	35.125	2
9504	16.25	3
9505	26.0	3
9506	26.5	1
9507	15.5	1
9508	15.0	1
9509	25.625	2
9510	35.375	1
9511	25.5	3
9512	28.75	1
9513	20.75	2
9514	32.5	1
9515	19.25	3
9516	23.0	1
9517	28.75	3
9518	25.0	1
9519	29.375	2
9520	24.375	1
9521	25.25	1
9522	38.0	1
9523	36.5	2
9524	18.0	1
9525	33.375	1
9526	27.0	1
9527	32.25	1
9528	24.5	2
9529	36.375	1
9530	35.5	1
9531	45.375	1
9532	20.75	1
9533	22.375	3
9534	19.25	3
9535	32.875	1
9536	22.25	1
9537	48.5	3
9538	31.5	2
9539	33.75	3
9540	18.0	1
9541	14.0	1
9542	18.875	1
9543	21.0	2
9544	31.5	1
9545	25.375	1
9546	22.25	1
9547	24.375	1
9548	36.5	1
9549	35.875	1
9550	28.125	1
9551	21.25	1
9552	36.125	1
9553	31.5	2
9554	27.75	1
9555	28.25	2
9556	24.75	1
9557	36.125	1
9558	34.875	1
9559	15.125	1
9560	27.25	2
9561	30.5	1
9562	20.0	1
9563	21.0	1
9564	27.5	1
9565	17.5	3
9566	23.75	3
9567	19.25	1
9568	27.125	3
9569	43.125	1
9570	36.25	1
9571	20.25	3
9572	34.5	1
9573	22.5	3
9574	22.375	3
9575	32.25	1
9576	24.25	1
9577	25.25	1
9578	27.25	1
9579	20.375	3
9580	37.5	3
9581	19.125	1
9582	31.75	1
9583	33.625	1
9584	24.625	1
9585	35.5	1
9586	30.875	1
9587	19.125	1
9588	31.0	1
9589	26.25	1
9590	57.75	3
9591	29.125	1
9592	32.75	1
9593	20.0	1
9594	31.0	1
9595	22.0	1
9596	27.625	2
9597	22.0	1
9598	22.625	2
9599	25.0	1
9600	19.25	3
9601	17.0	1
9602	25.5	1
9603	24.5	1
9604	28.75	1
9605	28.25	2
9606	19.75	3
9607	18.75	1
9608	34.75	1
9609	35.125	1
9610	19.75	3
9611	24.0	2
9612	27.125	1
9613	22.125	1
9614	18.0	1
9615	20.0	3
9616	24.0	1
9617	18.5	1
9618	23.75	2
9619	19.5	1
9620	28.5	3
9621	18.75	1
9622	22.25	3
9623	24.25	1
9624	22.75	1
9625	18.25	1
9626	29.25	3
9627	31.75	1
9628	24.375	3
9629	25.375	1
9630	38.625	1
9631	31.5	1
9632	24.0	2
9633	24.25	2
9634	24.0	1
9635	21.5	3
9636	26.125	2
9637	18.25	1
9638	21.625	3
9639	20.0	1
9640	17.5	1
9641	100.75	1
9642	23.5	2
9643	22.25	1
9644	33.5	2
9645	22.5	3
9646	48.25	2
9647	20.75	1
9648	19.0	1
9649	20.0	2
9650	27.125	3
9651	20.375	2
9652	16.75	1
9653	15.75	1
9654	17.375	1
9655	44.0	1
9656	16.5	3
9657	19.875	1
9658	16.375	1
9659	38.625	1
9660	24.875	1
9661	24.0	1
9662	15.75	1
9663	24.0	1
9664	17.375	1
9665	19.0	1
9666	19.0	1
9667	39.25	1
9668	20.5	1
9669	18.375	1
9670	34.25	1
9671	29.25	2
9672	18.125	1
9673	36.5	1
9674	21.0	1
9675	34.0	2
9676	24.75	1
9677	23.75	1
9678	21.375	1
9679	18.0	2
9680	20.0	3
9681	25.375	2
9682	25.125	2
9683	23.375	1
9684	23.5	1
9685	27.5	1
9686	25.5	3
9687	27.5	1
9688	41.375	1
9689	26.5	1
9690	20.75	1
9691	18.5	1
9692	35.75	1
9693	20.25	3
9694	30.5	2
9695	47.0	1
9696	35.25	2
9697	23.125	1
9698	28.0	2
9699	35.5	2
9700	22.75	2
9701	25.125	1
9702	20.0	1
9703	21.875	1
9704	41.75	1
9705	36.125	1
9706	24.0	1
9707	23.0	1
9708	35.0	2
9709	38.5	1
9710	25.125	3
9711	29.75	1
9712	32.375	2
9713	35.875	2
9714	21.875	2
9715	33.625	1
9716	40.5	1
9717	17.25	1
9719	52.0	1
9720	28.5	1
9721	27.625	3
9722	15.0	1
9723	28.875	2
9724	26.5	2
9725	28.0	1
9726	42.375	1
9727	21.0	3
9728	28.0	1
9729	29.625	1
9730	27.5	2
9731	17.375	1
9732	17.5	1
9733	20.25	1
9734	28.125	2
9735	70.75	1
9736	18.5	1
9737	22.5	3
9738	20.125	1
9739	18.75	1
9740	31.0	1
9741	21.0	3
9742	22.625	1
9743	22.875	1
9744	18.75	1
9745	29.125	2
9746	45.875	1
9747	20.75	3
9748	25.625	1
9749	24.75	2
9750	23.25	1
9751	31.0	1
9752	22.25	1
9753	23.0	1
9754	28.5	1
9755	33.75	1
9756	39.25	1
9757	20.375	1
9758	35.75	3
9759	27.5	1
9760	29.75	1
9761	17.25	1
9762	20.125	2
9763	20.375	1
9764	27.375	1
9765	24.25	1
9766	35.0	1
9767	27.0	1
9768	28.875	1
9769	21.125	2
9770	16.875	1
9771	24.75	3
9772	15.875	1
9773	19.125	1
9774	30.875	1
9775	15.5	1
9776	36.0	1
9777	16.5	1
9778	27.375	1
9779	27.25	1
9780	20.25	3
9781	24.875	1
9782	19.5	1
9783	37.375	1
9784	25.0	1
9785	24.0	1
9786	21.75	3
9787	22.0	2
9788	19.25	1
9789	22.5	3
9790	33.5	1
9791	28.375	2
9792	27.25	1
9793	17.0	1
9794	22.0	2
9795	19.75	1
9796	29.0	1
9797	19.25	1
9798	18.5	1
9799	32.0	1
9800	33.5	1
9801	18.5	1
9802	16.5	1
9803	24.0	1
9804	17.25	3
9805	26.625	3
9806	36.5	1
9807	22.0	1
9808	17.5	1
9809	36.25	2
9810	26.75	1
9811	16.25	1
9813	34.875	2
9814	23.25	2
9815	32.875	1
9816	33.25	1
9817	33.375	3
9818	27.625	1
9819	23.0	3
9820	31.125	1
9821	32.25	1
9822	17.0	1
9823	25.75	3
9824	21.75	1
9825	58.5	1
9826	34.0	1
9827	24.75	1
9828	20.125	3
9829	25.0	1
9830	23.5	2
9831	39.375	2
9832	16.0	1
9833	25.0	1
9834	17.875	2
9835	22.5	1
9836	17.25	1
9837	26.0	1
9838	24.0	2
9839	19.5	1
9840	24.25	1
9841	26.875	3
9842	32.875	2
9843	30.0	1
9844	19.875	1
9845	17.0	1
9846	24.25	1
9847	26.5	3
9848	20.875	1
9849	25.25	1
9850	18.5	1
9851	22.5	2
9852	19.25	2
9853	32.875	1
9854	16.75	1
9855	18.125	1
9856	30.25	2
9857	36.0	1
9858	60.625	1
9859	28.75	1
9860	24.0	1
9861	28.375	1
9862	23.75	1
9864	26.375	1
9865	23.75	1
9866	18.125	3
9867	34.25	2
9868	44.0	1
9869	33.125	2
9870	22.625	1
9871	114.0	1
9872	23.75	3
9873	18.125	1
9874	17.25	1
9875	25.0	1
9876	20.625	1
9877	27.5	1
9878	32.5	2
9879	14.75	1
9880	21.625	1
9881	18.5	1
9882	38.0	1
9883	66.75	3
9884	46.375	1
9885	27.125	1
9886	21.5	1
9887	53.25	1
9888	16.75	1
9889	38.125	2
9890	86.5	1
9891	20.75	1
9892	21.125	1
9893	16.5	1
9894	20.5	1
9895	22.75	3
9896	19.375	1
9897	27.0	1
9898	22.5	2
9899	40.625	1
9900	15.625	1
9901	22.0	1
9902	45.5	1
9903	25.0	1
9904	42.375	1
9905	21.0	2
9906	26.0	1
9907	30.25	1
9908	27.375	1
9909	36.75	1
9910	33.375	2
9911	33.5	1
9912	25.25	1
9913	15.25	1
9914	31.5	3
9915	23.25	3
9916	17.25	1
9918	43.25	2
9919	46.875	1
9920	27.75	3
9921	40.25	1
9922	26.75	2
9923	22.75	1
9924	24.5	1
9925	43.75	1
9926	18.25	1
9927	18.875	1
9928	28.125	3
9929	24.25	1
9930	26.75	2
9931	23.5	1
9932	22.0	1
9933	30.5	2
9934	19.875	1
9935	22.5	3
9936	29.75	1
9937	24.25	1
9938	19.625	1
9939	32.875	1
9940	21.0	1
9941	49.375	1
9942	29.0	1
9943	26.25	2
9944	29.0	1
9945	32.75	1
9946	28.75	3
9947	17.5	1
9948	30.375	1
9949	30.0	1
9950	18.5	1
9951	29.5	1
9952	38.5	2
9953	19.0	2
9954	29.25	1
9955	45.5	1
9956	16.5	1
9957	33.375	3
9958	45.75	1
9959	43.875	1
9960	26.0	2
9961	31.0	1
9962	20.375	1
9963	18.25	1
9964	26.125	1
9965	24.0	1
9966	26.25	1
9967	26.75	1
9968	32.875	1
9969	21.0	1
9970	19.75	2
9971	16.25	1
9972	21.75	1
9973	33.5	1
9974	26.375	1
9975	27.75	1
9976	25.875	1
9977	15.75	1
9978	45.125	1
9979	21.5	3
9980	23.25	2
9981	34.0	1
9982	29.875	2
9983	22.0	2
9984	64.0	1
9985	17.375	1
9986	25.5	1
9988	19.25	1
9989	36.875	1
9990	39.375	1
9991	21.0	1
9992	36.375	4
9993	16.5	1
9994	27.75	1
9995	17.375	1
9996	20.625	3
9997	37.5	2
9998	24.25	1
9999	27.375	1
10000	21.25	3
