ID	OPC	CUSPS
1	11.75	1
2	14.125	1
3	13.75	1
4	15.25	1
5	13.5	1
6	12.875	1
7	15.125	1
8	13.625	1
9	17.75	1
10	17.5	1
11	14.0	1
12	14.375	1
13	12.75	1
14	18.75	1
15	14.25	1
16	13.25	1
17	14.25	1
18	11.5	1
19	17.5	1
20	26.375	1
21	19.0	1
22	32.375	1
23	16.0	1
24	12.5	1
25	15.75	1
26	14.0	1
27	13.25	1
28	13.875	1
29	14.75	1
30	10.5	1
31	13.125	1
32	12.5	1
33	12.25	1
34	22.625	1
35	11.625	1
36	13.625	1
37	21.0	1
38	14.25	1
39	12.875	1
40	14.5	1
41	13.25	1
42	14.5	1
43	12.75	1
44	18.5	1
45	14.5	1
46	15.125	1
47	17.0	1
48	12.625	1
49	27.0	1
50	14.25	1
51	14.375	1
52	18.125	3
53	14.25	1
54	25.125	1
55	14.25	1
56	13.5	1
57	13.75	1
58	13.875	1
59	20.875	1
60	20.125	2
61	13.375	1
62	14.5	1
63	12.25	1
64	11.5	1
65	22.75	1
66	24.25	1
67	12.75	1
68	14.75	1
69	12.625	1
70	22.0	1
71	11.75	1
72	12.75	1
73	22.0	1
74	12.625	1
75	13.0	1
76	14.0	2
77	14.0	1
78	13.75	1
79	12.875	1
80	14.875	1
81	16.625	1
82	15.125	2
83	13.75	1
84	14.5	1
85	11.5	1
86	16.5	1
87	14.875	1
88	14.25	1
89	22.75	1
90	18.75	1
91	13.875	1
92	12.25	1
93	12.0	1
94	13.5	1
95	14.25	1
96	23.0	1
97	12.375	1
98	14.5	1
99	18.5	1
100	14.125	1
101	13.25	1
102	14.25	1
103	16.75	1
104	14.5	1
105	13.625	1
106	20.75	1
107	14.25	1
108	13.625	1
109	18.125	1
110	35.375	1
111	13.25	1
112	15.125	1
113	15.75	1
114	12.625	1
115	12.875	1
116	13.375	1
117	11.875	1
118	16.0	1
119	15.125	1
120	16.0	1
121	16.0	2
122	14.0	1
123	17.0	1
124	16.5	1
125	14.25	1
126	12.25	1
127	13.625	1
128	13.375	1
129	18.125	1
130	13.0	1
131	14.0	1
132	18.25	1
133	17.625	1
134	14.0	1
135	14.5	1
136	18.75	1
137	13.875	1
138	16.75	1
139	12.0	1
140	15.25	1
141	13.0	1
142	14.5	1
143	13.25	1
144	13.25	1
145	14.0	1
146	34.0	1
147	14.0	1
148	14.5	1
149	23.75	1
150	13.5	1
151	13.25	1
152	12.5	1
153	14.25	1
154	12.375	1
155	12.25	1
156	14.75	1
157	22.5	1
158	12.75	1
159	13.5	1
160	11.75	1
161	13.5	1
162	13.625	1
163	13.625	1
164	20.5	1
165	14.125	1
166	13.0	1
167	12.25	1
168	16.375	1
169	13.875	1
170	14.625	1
171	15.125	1
172	12.0	1
173	13.5	1
174	16.0	1
175	13.0	1
176	14.5	1
177	14.0	1
178	14.5	1
179	14.75	1
180	13.25	1
181	13.75	1
182	13.25	1
183	32.0	1
184	25.0	1
185	16.5	1
186	12.25	1
187	18.25	1
188	14.25	2
189	13.5	1
190	14.875	1
191	13.25	1
192	18.75	1
193	19.5	1
194	11.75	1
195	22.0	1
196	12.5	1
197	22.875	1
198	29.875	1
199	17.75	1
200	22.75	1
201	14.125	1
202	25.25	1
203	20.75	1
204	12.75	1
205	14.25	1
206	15.0	1
207	15.625	1
208	13.75	1
209	16.25	1
210	14.5	1
211	63.5	1
212	12.125	1
213	13.25	1
214	13.25	1
215	17.125	1
216	13.25	1
217	15.5	1
218	12.0	1
219	11.0	1
220	12.25	1
221	17.0	1
222	17.25	1
223	18.75	1
224	14.75	1
225	21.25	1
226	12.875	1
227	14.0	1
228	12.5	1
229	14.375	1
230	27.25	1
231	15.5	1
232	14.0	1
233	14.25	1
234	17.5	1
235	15.0	1
236	12.25	1
237	13.375	1
238	12.5	1
239	16.5	1
240	14.5	1
241	16.0	1
242	20.75	1
243	17.25	1
244	17.5	1
245	19.75	1
246	14.0	1
247	27.75	1
248	21.75	1
249	12.5	1
250	12.0	1
251	12.0	1
252	17.75	1
253	15.375	1
254	13.75	1
255	12.0	1
256	17.5	1
257	14.0	1
258	20.5	2
259	14.25	1
260	17.125	1
261	12.25	1
262	13.5	1
263	15.5	1
264	14.5	1
265	14.0	1
266	14.625	1
267	14.5	1
268	25.375	1
269	14.75	1
270	29.375	1
271	14.75	1
272	13.375	1
273	14.75	1
274	14.625	1
275	14.0	1
276	13.75	1
277	13.0	1
278	14.25	1
279	13.625	1
280	11.75	1
281	13.5	1
282	25.625	1
283	12.75	1
284	12.5	1
285	11.75	1
286	12.0	1
287	21.25	1
288	13.375	1
289	15.25	1
290	14.375	1
291	13.75	1
292	14.5	2
293	14.375	1
294	13.375	1
295	13.125	1
296	12.75	1
297	14.0	1
298	13.25	1
299	12.5	1
300	13.0	1
301	30.75	1
302	25.125	1
303	13.75	1
304	13.75	1
305	16.25	3
306	15.25	1
307	12.625	1
308	14.75	1
309	12.75	1
310	24.875	1
311	13.125	1
312	14.0	1
313	13.25	1
314	17.25	1
315	21.0	1
316	14.0	1
317	16.75	1
318	13.25	1
319	18.0	1
320	13.5	1
321	17.875	1
322	13.75	1
323	16.5	1
324	13.0	1
325	13.75	1
326	11.875	1
327	13.75	1
328	16.25	1
329	17.5	1
330	16.625	1
331	12.375	1
332	13.125	1
333	13.75	1
334	16.75	1
335	24.25	1
336	13.625	1
337	19.5	1
338	14.0	1
339	12.5	1
340	13.375	1
341	12.625	1
342	14.625	1
343	14.5	1
344	21.0	1
345	21.0	1
346	14.25	1
347	14.75	1
348	14.625	1
349	25.125	1
350	14.0	1
351	13.75	1
352	13.125	1
353	14.75	1
354	14.25	1
355	28.5	1
356	12.625	1
357	13.625	1
358	13.125	1
359	14.75	1
360	13.5	1
361	17.75	1
362	12.875	1
363	13.0	1
364	13.25	1
365	11.75	1
366	17.5	1
367	15.0	1
368	18.875	1
369	14.0	1
370	13.375	2
371	23.0	1
372	15.25	1
373	14.625	1
374	12.0	1
375	13.25	1
376	14.75	1
377	18.0	1
378	14.5	1
379	14.25	1
380	16.5	1
381	18.875	1
382	19.625	1
383	13.5	1
384	13.5	1
385	13.25	1
386	13.5	1
387	12.0	1
388	18.5	1
389	12.875	1
390	14.25	1
391	12.75	1
392	17.5	1
393	12.75	1
394	13.75	1
395	26.25	1
396	12.25	1
397	20.5	1
398	18.5	1
399	12.25	1
400	13.75	1
401	13.25	1
402	13.5	1
403	23.25	1
404	18.375	1
405	22.5	1
406	15.5	1
407	17.0	1
408	17.25	1
409	17.5	1
410	14.75	1
411	13.75	1
412	13.5	1
413	17.75	1
414	19.5	1
415	11.75	1
416	13.5	1
417	12.25	1
418	14.5	1
419	13.625	1
420	12.625	1
421	12.5	1
422	13.5	1
423	11.5	1
424	13.5	1
425	21.25	1
426	14.25	1
427	13.25	1
428	17.75	1
429	25.125	1
430	19.875	1
431	13.125	1
432	12.75	1
433	15.0	1
434	12.25	1
435	13.75	1
436	13.5	1
437	15.0	1
438	14.25	1
439	13.0	1
440	14.375	1
441	13.125	1
442	13.25	1
443	12.75	1
444	27.125	1
445	10.75	1
446	19.25	1
447	12.625	1
448	21.625	1
449	22.25	1
450	12.75	1
451	17.75	1
452	21.0	1
453	15.25	1
454	16.5	1
455	25.125	1
456	21.0	1
457	13.5	1
458	12.5	1
459	13.0	1
460	13.5	1
461	15.0	1
462	19.625	1
463	13.25	1
464	21.75	1
465	12.0	1
466	12.5	1
467	18.25	1
468	16.5	1
469	16.0	1
470	13.125	1
471	13.375	1
472	13.375	1
473	22.375	1
474	14.625	1
475	14.5	1
476	14.5	1
477	21.875	1
478	14.25	1
479	13.25	1
480	12.0	1
481	17.75	1
482	13.5	1
483	14.625	1
484	14.5	1
485	18.625	1
486	18.0	1
487	12.875	1
488	19.5	1
489	14.0	1
490	14.75	1
491	17.875	1
492	15.0	1
493	13.5	1
494	12.875	1
495	13.0	1
496	18.5	1
497	14.75	1
498	12.75	1
499	15.5	1
500	12.25	1
501	14.125	1
502	13.0	1
503	12.75	1
504	13.0	1
505	23.0	1
506	13.75	1
507	17.0	1
508	18.75	1
509	12.75	1
510	13.5	1
511	19.75	1
512	14.5	1
513	12.625	1
514	13.625	1
515	11.75	1
516	18.75	2
517	15.25	1
518	12.75	1
519	13.125	1
520	11.0	1
521	13.625	1
522	12.625	1
523	14.5	1
524	12.5	1
525	15.375	1
526	14.5	1
527	12.875	1
528	13.5	1
529	14.0	1
530	21.75	1
531	13.75	1
532	14.25	1
533	12.25	1
534	12.5	1
535	21.375	1
536	20.25	1
537	19.875	1
538	14.75	1
539	15.0	1
540	12.625	1
541	13.375	1
542	13.0	1
543	18.0	1
544	14.0	1
545	17.25	1
546	17.625	1
547	14.5	1
548	13.75	1
549	12.875	1
550	15.5	1
551	11.0	1
552	14.5	1
553	19.5	1
554	14.5	1
555	13.0	1
556	14.25	1
557	13.5	1
558	13.625	1
559	15.5	1
560	13.75	1
561	11.625	1
562	14.0	1
563	12.375	1
564	14.5	1
565	11.75	1
566	33.0	1
567	13.375	1
568	13.25	1
569	11.75	1
570	14.0	1
571	14.5	1
572	14.25	1
573	16.25	1
574	13.5	1
575	16.5	1
576	11.375	1
577	54.75	1
578	13.0	1
579	13.5	1
580	16.875	1
581	18.0	1
582	14.5	1
583	24.5	1
584	14.75	1
585	11.0	1
586	12.25	1
587	14.75	1
588	14.75	1
589	21.25	1
590	12.125	1
591	13.625	1
592	31.0	1
593	14.75	1
594	13.75	1
595	35.375	1
596	13.0	1
597	22.75	1
598	14.875	1
599	12.625	1
600	13.875	1
601	15.625	1
602	18.5	1
603	12.75	1
604	14.5	1
605	13.75	1
606	14.5	1
607	12.375	1
608	13.0	1
609	13.25	1
610	23.5	1
611	17.25	2
612	14.375	1
613	14.75	1
614	18.875	1
615	12.875	1
616	13.5	1
617	13.5	1
618	12.625	1
619	11.75	1
620	14.125	1
621	18.875	1
622	13.375	1
623	12.75	1
624	13.375	1
625	12.0	1
626	13.25	1
627	12.625	1
628	14.5	1
629	20.375	1
630	14.5	1
631	14.5	1
632	14.0	1
633	13.875	1
634	12.0	1
635	14.375	1
636	12.875	1
637	14.25	1
638	16.25	1
639	12.5	1
640	14.0	1
641	16.25	1
642	15.25	1
643	12.875	1
644	13.375	1
645	22.75	1
646	15.5	1
647	12.5	1
648	12.75	1
649	14.375	1
650	14.125	1
651	15.75	1
652	13.75	1
653	14.25	1
654	13.75	1
655	14.5	1
656	12.75	1
657	13.375	1
658	12.875	1
659	13.0	1
660	13.5	1
661	13.25	1
662	13.25	1
663	13.25	1
664	17.25	1
665	13.25	1
666	12.75	1
667	22.75	1
668	12.75	1
669	16.25	1
670	13.125	1
671	16.5	1
672	13.5	1
673	15.75	1
674	17.75	1
675	40.375	1
676	12.625	1
677	14.25	1
678	14.25	1
679	20.5	1
680	18.75	1
681	44.125	1
682	20.125	1
683	13.375	1
684	12.75	1
685	14.0	1
686	13.625	1
687	14.75	1
688	13.25	1
689	13.75	1
690	14.25	1
691	12.5	1
692	19.875	1
693	15.125	1
694	17.5	1
695	13.875	1
696	11.75	1
697	19.625	1
698	14.25	1
699	14.625	1
700	13.25	1
701	14.0	1
702	27.25	1
703	13.75	1
704	17.125	1
705	14.5	1
706	13.25	1
707	17.5	2
708	29.625	1
709	19.625	1
710	14.5	1
711	15.0	1
712	13.0	1
713	12.875	1
714	15.625	1
715	13.0	1
716	12.625	1
717	13.625	1
718	26.375	1
719	12.25	1
720	12.75	1
721	19.5	1
722	21.25	1
723	13.0	1
724	13.125	1
725	15.0	1
726	22.25	1
727	27.25	1
728	13.25	1
729	14.25	1
730	13.5	1
731	14.75	1
732	15.25	1
733	16.5	1
734	16.625	1
735	17.875	2
736	11.25	1
737	13.125	1
738	13.75	1
739	16.75	1
740	14.75	1
741	12.875	1
742	20.75	1
743	16.75	1
744	20.875	1
745	11.75	1
746	24.5	1
747	13.0	1
748	15.375	1
749	13.0	1
750	12.75	1
751	18.125	1
752	13.875	1
753	12.875	1
754	21.5	1
755	14.25	1
756	13.25	1
757	14.625	1
758	13.75	2
759	14.0	1
760	18.75	1
761	13.75	1
762	14.5	1
763	12.25	1
764	14.75	1
765	11.75	1
766	20.0	1
767	16.5	1
768	19.0	1
769	13.0	1
770	14.625	1
771	11.75	1
772	12.625	1
773	13.75	1
774	13.875	1
775	15.375	1
776	14.625	1
777	13.5	1
778	15.5	1
779	16.0	1
780	12.0	1
781	14.5	1
782	29.0	1
783	11.875	1
784	12.0	1
785	14.125	1
786	27.0	1
787	13.625	1
788	12.75	1
789	13.75	1
790	13.5	1
791	16.625	1
792	13.5	1
793	12.875	1
794	14.25	1
795	14.625	1
796	11.0	1
797	20.875	1
798	13.875	1
799	14.25	1
800	13.25	1
801	20.375	1
802	13.75	1
803	17.25	1
804	14.0	1
805	16.375	1
806	13.5	1
807	14.75	1
808	13.25	1
809	16.5	1
810	13.125	1
811	12.75	1
812	20.125	1
813	19.5	1
814	14.5	1
815	32.5	1
816	22.625	1
817	14.0	1
818	13.125	1
819	22.5	1
820	14.625	1
821	13.25	1
822	14.75	1
823	13.5	1
824	14.0	1
825	14.0	1
826	15.0	1
827	15.125	1
828	13.25	1
829	14.0	1
830	14.375	1
831	15.5	1
832	20.125	1
833	14.25	1
834	13.75	1
835	15.0	1
836	13.5	1
837	13.75	1
838	15.25	1
839	12.375	1
840	14.0	1
841	14.25	1
842	14.25	1
843	13.625	1
844	14.375	1
845	15.0	1
846	33.75	1
847	16.0	1
848	17.375	1
849	16.125	1
850	13.5	1
851	14.375	1
852	12.0	1
853	20.25	1
854	13.75	1
855	12.75	1
856	13.625	1
857	13.125	1
858	14.25	1
859	18.5	1
860	14.25	1
861	13.5	1
862	14.625	1
863	12.875	1
864	14.75	1
865	13.875	1
866	12.75	1
867	14.25	1
868	17.5	1
869	13.25	1
870	19.75	1
871	14.25	1
872	21.5	1
873	21.5	1
874	33.25	1
875	14.125	1
876	12.0	1
877	14.875	1
878	15.125	1
879	16.875	1
880	25.625	1
881	13.375	1
882	16.875	1
883	12.5	1
884	12.875	1
885	13.375	1
886	13.75	1
887	13.25	1
888	13.5	1
889	16.25	1
890	13.125	1
891	14.375	1
892	12.625	1
893	12.25	1
894	13.25	1
895	12.5	1
896	14.625	1
897	20.75	1
898	14.375	1
899	13.25	1
900	14.75	1
901	13.25	1
902	13.5	1
903	14.25	1
904	12.25	1
905	13.25	1
906	14.25	1
907	13.75	1
908	14.375	1
909	14.625	1
910	15.0	1
911	12.75	1
912	14.25	1
913	12.125	1
914	14.25	1
915	21.25	1
916	16.625	1
917	13.125	1
918	13.625	1
919	13.25	1
920	18.5	1
921	14.0	1
922	13.75	1
923	13.5	1
924	12.5	1
925	11.875	1
926	15.125	1
927	12.75	1
928	14.5	1
929	16.5	1
930	12.5	1
931	13.75	1
932	13.25	1
933	17.75	1
934	29.25	1
935	12.25	1
936	13.25	1
937	19.75	1
938	15.5	1
939	13.375	1
940	12.875	1
941	16.5	1
942	13.375	1
943	12.5	1
944	22.125	1
945	16.0	1
946	14.125	1
947	19.5	1
948	13.25	1
949	13.0	1
950	14.75	1
951	14.125	1
952	19.5	1
953	13.25	1
954	14.75	1
955	12.25	1
956	13.25	1
957	14.375	1
958	17.625	1
959	12.75	1
960	32.0	1
961	44.0	2
962	14.25	1
963	13.75	1
964	12.75	1
965	14.25	1
966	14.625	1
967	17.875	1
968	13.125	1
969	13.125	1
970	13.625	1
971	14.25	1
972	15.375	1
973	17.75	1
974	12.5	1
975	16.75	1
976	14.375	2
977	13.75	1
978	13.5	1
979	13.875	1
980	14.25	1
981	14.25	1
982	12.875	1
983	14.75	1
984	11.875	1
985	14.75	1
986	16.75	1
987	12.0	1
988	15.5	2
989	15.125	1
990	13.0	1
991	12.25	1
992	14.25	1
993	12.75	1
994	14.5	1
995	11.0	1
996	14.75	1
997	14.75	1
998	12.25	1
999	20.75	1
1000	21.375	1
1001	12.25	1
1002	13.875	1
1003	13.625	1
1004	14.75	1
1005	12.625	1
1006	14.125	1
1007	13.5	1
1008	14.25	1
1009	14.75	1
1010	20.5	1
1011	13.0	1
1012	14.75	1
1013	26.25	1
1014	14.25	1
1015	13.0	1
1016	13.25	1
1017	11.5	1
1018	13.0	1
1019	13.25	1
1020	15.625	1
1021	15.5	1
1022	14.0	1
1023	13.5	1
1024	13.375	1
1025	11.5	1
1026	22.5	1
1027	15.0	1
1028	14.0	1
1029	20.625	1
1030	15.25	1
1031	11.125	1
1032	12.75	1
1033	13.25	1
1034	15.375	1
1035	14.5	1
1036	13.375	1
1037	12.5	1
1038	12.625	1
1039	14.875	1
1040	21.0	1
1041	15.125	1
1042	12.875	1
1043	12.25	1
1044	13.75	1
1045	12.75	1
1046	19.75	1
1047	17.25	1
1048	15.125	1
1049	13.25	1
1050	22.875	1
1051	14.75	1
1052	18.0	1
1053	13.5	1
1054	23.125	1
1055	17.75	1
1056	12.625	1
1057	14.0	1
1058	14.25	1
1059	13.0	1
1060	14.75	1
1061	13.5	1
1062	13.25	1
1063	20.75	1
1064	15.75	1
1065	15.5	1
1066	14.5	1
1067	13.875	1
1068	12.75	1
1069	12.625	1
1070	13.5	1
1071	17.75	1
1072	12.75	1
1073	35.0	1
1074	17.25	1
1075	13.5	1
1076	14.25	1
1077	16.5	1
1078	15.0	1
1079	13.625	1
1080	12.75	1
1081	14.5	1
1082	13.25	1
1083	14.25	1
1084	19.75	1
1085	12.75	1
1086	15.75	1
1087	18.75	1
1088	13.625	1
1089	16.0	1
1090	13.0	1
1091	12.125	1
1092	22.5	1
1093	14.375	1
1094	10.5	1
1095	11.5	1
1096	12.0	1
1097	17.625	1
1098	28.75	1
1099	12.0	1
1100	31.375	1
1101	20.875	1
1102	14.25	1
1103	15.0	1
1104	12.25	1
1105	15.375	1
1106	24.5	1
1107	21.0	1
1108	13.5	1
1109	14.25	1
1110	13.75	1
1111	17.25	1
1112	21.75	1
1113	14.0	1
1114	14.75	1
1115	13.5	1
1116	14.5	1
1117	16.75	1
1118	12.375	1
1119	14.25	1
1120	14.5	1
1121	13.0	1
1122	12.625	1
1123	23.375	1
1124	12.75	1
1125	15.875	1
1126	12.25	1
1127	13.75	1
1128	12.75	1
1129	15.75	1
1130	13.75	1
1131	11.375	1
1132	13.25	1
1133	13.875	1
1134	13.5	1
1135	15.25	1
1136	13.0	1
1137	19.75	1
1138	19.75	1
1139	18.25	1
1140	13.25	1
1141	14.5	1
1142	44.25	1
1143	13.125	1
1144	15.5	1
1145	13.25	1
1146	14.25	1
1147	14.875	1
1148	12.0	1
1149	17.0	1
1150	22.375	1
1151	13.5	1
1152	14.75	1
1153	12.625	1
1154	14.5	1
1155	13.375	1
1156	13.25	1
1157	14.625	1
1158	14.25	1
1159	13.25	1
1160	13.5	1
1161	12.5	1
1162	12.5	1
1163	12.75	1
1164	14.25	1
1165	11.625	1
1166	14.25	1
1167	16.125	1
1168	13.0	1
1169	21.5	1
1170	13.25	1
1171	13.25	1
1172	13.75	1
1173	13.75	1
1174	15.25	1
1175	12.5	1
1176	15.5	1
1177	12.875	1
1178	18.0	1
1179	15.75	1
1180	13.375	1
1181	29.5	1
1182	17.5	1
1183	14.5	1
1184	13.25	1
1185	12.125	1
1186	13.0	1
1187	14.25	1
1188	21.75	1
1189	16.25	1
1190	12.625	1
1191	16.0	1
1192	14.5	1
1193	19.75	1
1194	13.5	1
1195	14.5	1
1196	12.625	1
1197	12.625	1
1198	14.625	1
1199	14.0	1
1200	12.5	1
1201	13.125	1
1202	22.625	1
1203	17.875	2
1204	12.5	1
1205	14.0	1
1206	13.25	1
1207	20.25	1
1208	15.0	1
1209	13.0	1
1210	12.75	1
1211	15.25	1
1212	21.75	1
1213	12.875	1
1214	16.625	1
1215	14.375	1
1216	13.625	1
1217	14.75	1
1218	15.75	1
1219	12.0	1
1220	13.25	1
1221	14.5	1
1222	22.0	1
1223	16.5	1
1224	21.75	1
1225	13.25	1
1226	14.5	1
1227	20.25	1
1228	14.875	1
1229	16.5	1
1230	23.0	1
1231	14.75	1
1232	23.25	1
1233	13.625	1
1234	13.375	1
1235	13.5	1
1236	13.125	1
1237	14.5	1
1238	12.0	1
1239	14.25	1
1240	13.0	1
1241	13.0	1
1242	17.75	1
1243	16.0	1
1244	15.25	1
1245	13.0	1
1246	12.375	1
1247	13.375	1
1248	13.25	1
1249	14.75	1
1250	12.75	1
1251	13.0	1
1252	11.5	1
1253	25.375	1
1254	13.75	1
1255	14.125	1
1256	13.125	1
1257	13.625	1
1258	13.75	1
1259	15.75	1
1260	29.25	1
1261	15.75	1
1262	15.0	1
1263	18.125	1
1264	17.25	1
1265	16.25	1
1266	15.5	1
1267	14.375	1
1268	12.0	1
1269	19.5	1
1270	12.875	1
1271	16.0	2
1272	14.0	1
1273	20.0	1
1274	14.5	1
1275	14.25	1
1276	14.0	1
1277	14.25	1
1278	23.625	1
1279	13.125	1
1280	13.125	1
1281	14.0	1
1282	30.375	1
1283	14.0	1
1284	14.5	1
1285	16.25	1
1286	14.25	1
1287	14.25	1
1288	14.25	1
1289	12.5	1
1290	18.75	1
1291	18.5	1
1292	13.0	1
1293	13.625	1
1294	14.0	1
1295	13.75	1
1296	13.5	1
1297	14.25	1
1298	12.75	1
1299	18.75	1
1300	12.0	1
1301	12.25	1
1302	13.25	1
1303	15.125	1
1304	13.0	1
1305	11.5	1
1306	23.375	1
1307	16.25	1
1308	18.625	1
1309	15.625	1
1310	26.375	1
1311	12.5	1
1312	21.25	1
1313	14.5	1
1314	13.25	1
1315	14.125	1
1316	20.5	1
1317	14.75	1
1318	13.625	1
1319	13.375	1
1320	15.75	1
1321	12.75	1
1322	14.0	1
1323	15.0	1
1324	20.375	1
1325	13.75	1
1326	13.0	1
1327	14.75	1
1328	12.75	1
1329	13.0	1
1330	12.75	1
1331	13.125	1
1332	13.5	1
1333	16.375	1
1334	16.625	1
1335	16.0	1
1336	13.5	1
1337	14.875	1
1338	18.5	1
1339	13.5	1
1340	13.25	1
1341	12.75	1
1342	16.375	1
1343	25.5	1
1344	13.125	1
1345	13.125	1
1346	12.875	1
1347	16.5	1
1348	14.5	1
1349	14.25	1
1350	19.5	1
1351	12.25	1
1352	15.25	1
1353	19.5	1
1354	15.125	1
1355	13.25	1
1356	14.25	1
1357	19.0	1
1358	16.125	1
1359	18.5	1
1360	15.0	1
1361	12.25	1
1362	21.5	1
1363	13.625	1
1364	12.5	1
1365	22.125	1
1366	14.25	1
1367	18.25	1
1368	17.375	1
1369	14.0	1
1370	13.875	1
1371	14.875	1
1372	14.0	1
1373	13.875	1
1374	18.0	1
1375	14.125	1
1376	11.75	1
1377	15.25	1
1378	14.875	1
1379	12.5	1
1380	19.0	1
1381	13.875	1
1382	12.5	1
1383	20.875	1
1384	19.75	1
1385	17.625	1
1386	21.875	1
1387	13.25	1
1388	19.75	1
1389	12.75	1
1390	30.25	1
1391	16.75	1
1392	15.75	1
1393	14.125	1
1394	14.125	1
1395	16.0	1
1396	18.5	1
1397	12.25	1
1398	15.5	1
1399	12.125	1
1400	16.25	1
1401	18.5	1
1402	13.25	1
1403	12.5	1
1404	19.75	1
1405	13.0	1
1406	13.75	1
1407	14.375	1
1408	14.25	1
1409	14.625	1
1410	14.0	2
1411	19.5	1
1412	14.5	1
1413	32.0	1
1414	12.25	1
1415	12.75	1
1416	15.0	1
1417	13.25	1
1418	12.5	1
1419	15.5	1
1420	14.0	1
1421	13.625	1
1422	16.5	1
1423	17.75	1
1424	14.5	1
1425	13.25	1
1426	16.0	1
1427	15.125	1
1428	17.0	1
1429	11.75	1
1430	12.75	1
1431	14.125	1
1432	13.375	1
1433	20.5	1
1434	14.5	1
1435	12.5	1
1436	15.0	1
1437	13.75	1
1438	14.0	1
1439	11.75	1
1440	12.5	1
1441	15.5	1
1442	13.5	1
1443	13.75	1
1444	20.5	1
1445	12.5	1
1446	12.625	1
1447	12.75	1
1448	14.75	1
1449	14.25	1
1450	12.375	1
1451	14.5	1
1452	22.125	1
1453	13.25	1
1454	14.0	1
1455	13.25	1
1456	14.0	1
1457	14.0	1
1458	13.125	1
1459	16.0	1
1460	22.75	1
1461	19.25	1
1462	25.75	1
1463	13.375	1
1464	12.25	1
1465	14.5	1
1466	14.125	1
1467	20.0	1
1468	13.125	1
1469	11.125	1
1470	14.5	1
1471	16.5	1
1472	37.875	1
1473	13.125	1
1474	14.0	1
1475	14.0	1
1476	12.25	1
1477	16.25	1
1478	13.25	1
1479	19.0	1
1480	14.5	1
1481	14.75	1
1482	13.875	1
1483	13.125	1
1484	16.25	1
1485	18.0	1
1486	13.25	1
1487	13.75	1
1488	18.5	1
1489	13.0	1
1490	23.5	1
1491	22.125	1
1492	13.0	1
1493	12.625	1
1494	14.5	1
1495	25.375	1
1496	14.5	1
1497	13.0	1
1498	12.125	1
1499	20.25	1
1500	14.25	1
1501	16.25	1
1502	15.5	1
1503	12.125	1
1504	18.5	1
1505	19.875	1
1506	17.25	2
1507	14.0	1
1508	15.875	1
1509	16.375	1
1510	14.5	1
1511	17.625	1
1512	26.875	1
1513	20.75	1
1514	19.25	1
1515	13.25	1
1516	14.5	1
1517	12.5	1
1518	15.625	1
1519	15.0	1
1520	13.0	1
1521	14.0	1
1522	22.5	1
1523	14.25	2
1524	12.0	1
1525	13.0	1
1526	15.375	1
1527	11.875	1
1528	13.75	1
1529	14.875	1
1530	13.875	1
1531	13.25	1
1532	13.125	1
1533	13.375	1
1534	12.25	1
1535	24.25	1
1536	14.125	1
1537	14.25	1
1538	20.25	1
1539	14.25	1
1540	12.5	1
1541	13.25	1
1542	14.25	1
1543	14.875	1
1544	12.125	1
1545	14.25	1
1546	14.25	1
1547	14.5	1
1548	14.25	1
1549	13.25	1
1550	13.5	1
1551	13.375	1
1552	14.25	1
1553	13.625	1
1554	14.0	1
1555	13.75	1
1556	13.375	1
1557	15.125	1
1558	12.25	1
1559	13.625	1
1560	13.75	1
1561	12.875	1
1562	14.875	1
1563	13.5	1
1564	13.25	1
1565	26.125	1
1566	12.0	1
1567	21.625	1
1568	17.375	2
1569	26.625	1
1570	15.5	1
1571	12.875	1
1572	15.125	1
1573	13.0	1
1574	11.625	1
1575	12.5	1
1576	13.75	1
1577	12.875	1
1578	15.25	1
1579	13.0	1
1580	13.625	1
1581	12.625	1
1582	20.125	1
1583	12.0	1
1584	13.75	1
1585	12.25	1
1586	14.0	1
1587	20.0	1
1588	17.25	1
1589	13.75	1
1590	18.125	1
1591	13.125	1
1592	18.25	1
1593	16.25	1
1594	14.25	1
1595	15.5	1
1596	17.0	1
1597	13.25	1
1598	22.0	1
1599	16.125	1
1600	15.0	1
1601	14.75	1
1602	13.0	1
1603	13.625	1
1604	14.25	1
1605	17.5	1
1606	19.5	1
1607	14.625	1
1608	16.5	1
1609	14.75	3
1610	13.25	1
1611	13.875	1
1612	14.5	1
1613	12.875	1
1614	12.125	1
1615	16.125	1
1616	15.25	1
1617	22.75	1
1618	14.25	1
1619	12.75	1
1620	14.0	1
1621	14.25	1
1622	13.75	1
1623	13.125	1
1624	13.125	1
1625	13.75	1
1626	13.75	1
1627	12.75	1
1628	15.0	1
1629	14.25	1
1630	12.375	1
1631	13.375	1
1632	13.5	1
1633	12.75	1
1634	15.125	1
1635	12.5	1
1636	16.0	1
1637	14.5	1
1638	24.75	1
1639	14.375	1
1640	11.5	1
1641	16.375	1
1642	14.25	1
1643	15.375	1
1644	14.25	1
1645	12.875	1
1646	20.5	1
1647	14.25	1
1648	13.0	1
1649	15.0	1
1650	12.75	1
1651	18.5	1
1652	15.0	1
1653	11.75	1
1654	13.125	1
1655	14.25	1
1656	18.5	1
1657	14.0	1
1658	15.0	1
1659	13.875	1
1660	14.5	1
1661	16.375	1
1662	14.0	1
1663	12.25	1
1664	12.375	1
1665	24.625	1
1666	13.25	1
1667	14.0	1
1668	12.0	1
1669	15.0	1
1670	13.125	1
1671	13.25	1
1672	12.75	1
1673	17.75	1
1674	13.5	1
1675	14.5	1
1676	14.875	1
1677	14.75	1
1678	13.25	1
1679	13.125	1
1680	13.5	1
1681	13.5	1
1682	17.5	1
1683	15.625	2
1684	19.375	1
1685	16.375	1
1686	17.0	1
1687	13.75	1
1688	13.5	1
1689	18.75	1
1690	14.125	1
1691	30.5	1
1692	15.5	1
1693	14.75	1
1694	12.625	1
1695	14.0	1
1696	19.875	1
1697	13.5	1
1698	16.625	1
1699	17.875	1
1700	19.75	1
1701	13.75	1
1702	22.0	1
1703	13.0	1
1704	22.75	1
1705	21.125	1
1706	13.375	1
1707	14.0	1
1708	14.0	1
1709	15.5	1
1710	12.125	1
1711	13.125	1
1712	13.375	1
1713	17.375	1
1714	12.75	1
1715	13.625	1
1716	14.75	1
1717	14.125	1
1718	18.5	1
1719	13.0	1
1720	12.75	1
1721	18.5	1
1722	22.125	1
1723	12.625	1
1724	13.0	1
1725	14.375	1
1726	14.25	1
1727	13.75	1
1728	12.375	1
1729	13.375	1
1730	13.5	1
1731	14.25	1
1732	21.5	1
1733	17.25	1
1734	16.25	1
1735	13.0	1
1736	17.25	1
1737	12.75	1
1738	16.0	1
1739	14.0	1
1740	12.25	1
1741	12.75	1
1742	23.875	1
1743	20.0	1
1744	13.5	1
1745	13.0	1
1746	14.0	1
1747	22.75	1
1748	13.75	1
1749	16.5	1
1750	12.375	1
1751	13.125	1
1752	12.375	1
1753	14.25	1
1754	14.5	1
1755	15.0	1
1756	12.375	1
1757	19.625	1
1758	13.625	1
1759	13.75	1
1760	13.125	1
1761	15.0	1
1762	12.625	1
1763	14.5	1
1764	33.75	1
1765	12.375	1
1766	14.5	1
1767	13.5	1
1768	11.125	1
1769	15.375	1
1770	14.25	1
1771	13.875	1
1772	17.0	1
1773	16.75	1
1774	14.25	1
1775	12.625	1
1776	12.625	1
1777	14.875	1
1778	13.625	1
1779	12.5	1
1780	13.125	1
1781	16.625	1
1782	13.75	1
1783	13.0	1
1784	13.625	1
1785	14.0	1
1786	16.0	1
1787	13.5	1
1788	20.125	1
1789	17.5	1
1790	15.625	2
1791	17.875	1
1792	24.0	1
1793	11.0	1
1794	15.0	1
1795	14.25	1
1796	25.25	1
1797	17.0	1
1798	21.5	1
1799	14.375	1
1800	15.125	2
1801	15.25	1
1802	14.25	1
1803	12.875	1
1804	23.25	1
1805	27.125	1
1806	13.125	1
1807	12.375	1
1808	21.75	1
1809	14.375	1
1810	13.25	1
1811	12.5	1
1812	14.25	1
1813	13.25	2
1814	20.75	1
1815	17.125	1
1816	16.125	1
1817	12.75	1
1818	18.5	1
1819	26.125	1
1820	14.875	1
1821	16.75	1
1822	13.625	1
1823	12.5	1
1824	12.875	1
1825	17.125	1
1826	12.875	1
1827	14.25	1
1828	13.375	1
1829	21.75	1
1830	15.25	1
1831	12.625	1
1832	12.5	1
1833	12.875	1
1834	19.0	1
1835	14.0	1
1836	13.5	1
1837	14.25	1
1838	23.0	1
1839	16.5	1
1840	15.5	1
1841	15.125	1
1842	17.75	1
1843	12.75	1
1844	15.875	1
1845	12.0	1
1846	15.75	1
1847	13.25	1
1848	16.375	1
1849	14.0	1
1850	12.5	1
1851	20.25	1
1852	12.875	1
1853	15.0	1
1854	14.75	1
1855	12.0	1
1856	13.125	1
1857	12.0	1
1858	16.25	1
1859	13.75	1
1860	14.5	1
1861	16.625	1
1862	17.5	1
1863	14.0	1
1864	14.5	1
1865	13.125	1
1866	13.5	1
1867	14.0	1
1868	13.625	1
1869	14.5	1
1870	13.625	1
1871	14.0	1
1872	18.875	1
1873	14.125	1
1874	14.75	1
1875	16.5	1
1876	14.5	1
1877	14.5	1
1878	12.25	1
1879	28.125	1
1880	13.125	1
1881	13.375	1
1882	13.875	1
1883	14.25	1
1884	21.75	1
1885	12.75	1
1886	14.125	1
1887	17.5	1
1888	13.375	1
1889	13.75	1
1890	14.75	1
1891	17.5	2
1892	22.625	1
1893	14.0	1
1894	13.75	1
1895	13.375	1
1896	16.75	1
1897	14.5	1
1898	18.5	1
1899	19.0	1
1900	12.0	1
1901	14.125	1
1902	19.5	1
1903	14.75	1
1904	14.625	1
1905	20.75	1
1906	15.0	1
1907	12.0	1
1908	14.5	1
1909	13.5	1
1910	13.125	1
1911	14.125	1
1912	12.75	1
1913	14.5	1
1914	11.75	1
1915	21.25	1
1916	12.875	1
1917	16.0	1
1918	13.75	1
1919	11.0	1
1920	17.75	1
1921	21.0	1
1922	12.5	1
1923	13.75	1
1924	12.875	1
1925	12.875	1
1926	14.25	1
1927	22.125	1
1928	13.125	1
1929	14.5	1
1930	13.125	1
1931	15.5	1
1932	17.0	1
1933	30.875	1
1934	13.5	1
1935	15.125	1
1936	12.125	1
1937	22.5	1
1938	16.25	1
1939	14.25	1
1940	13.5	1
1941	13.0	1
1942	17.5	1
1943	25.875	1
1944	17.5	1
1945	14.25	1
1946	14.25	1
1947	11.75	1
1948	14.5	1
1949	14.625	1
1950	13.125	1
1951	11.625	1
1952	14.625	1
1953	21.0	1
1954	13.375	1
1955	13.875	1
1956	13.0	1
1957	17.0	1
1958	11.875	1
1959	14.25	1
1960	16.25	1
1961	18.0	1
1962	18.75	1
1963	15.625	2
1964	12.25	1
1965	12.75	1
1966	18.0	3
1967	18.0	1
1968	14.0	1
1969	15.125	1
1970	11.875	1
1971	12.5	1
1972	11.75	1
1973	16.25	1
1974	14.25	1
1975	14.125	1
1976	14.75	1
1977	13.75	1
1978	23.375	1
1979	11.25	1
1980	12.25	1
1981	14.5	1
1982	13.375	1
1983	13.0	1
1984	25.625	1
1985	15.625	1
1986	12.75	1
1987	20.0	1
1988	14.625	1
1989	12.75	1
1990	14.0	1
1991	13.375	1
1992	13.375	1
1993	13.875	1
1994	23.875	1
1995	13.0	1
1996	21.0	1
1997	26.75	2
1998	14.25	1
1999	14.5	1
2000	14.5	1
2001	12.25	1
2002	13.75	1
2003	15.75	1
2004	22.5	1
2005	12.0	1
2006	12.0	1
2007	13.625	1
2008	14.25	1
2009	15.25	1
2010	22.0	1
2011	13.25	1
2012	13.0	1
2013	13.625	1
2014	13.625	1
2015	12.0	1
2016	13.75	1
2017	25.5	1
2018	13.5	1
2019	17.5	1
2020	14.25	1
2021	20.125	1
2022	14.0	1
2023	14.75	1
2024	13.25	1
2025	16.0	1
2026	12.875	1
2027	14.75	1
2028	13.5	1
2029	13.5	1
2030	14.25	1
2031	12.0	1
2032	14.5	1
2033	15.5	1
2034	13.625	1
2035	12.125	1
2036	12.75	1
2037	22.75	1
2038	13.5	1
2039	14.75	1
2040	13.125	1
2041	13.25	1
2042	13.0	1
2043	25.25	1
2044	13.375	1
2045	14.75	1
2046	14.75	1
2047	14.0	2
2048	15.25	1
2049	14.0	1
2050	31.5	1
2051	14.0	1
2052	13.875	1
2053	17.0	1
2054	13.625	1
2055	14.75	1
2056	12.375	1
2057	12.0	1
2058	13.375	1
2059	13.375	1
2060	18.25	1
2061	12.5	1
2062	13.25	1
2063	14.5	1
2064	35.0	1
2065	12.25	1
2066	11.375	1
2067	16.75	1
2068	15.5	1
2069	20.125	1
2070	16.75	1
2071	14.5	1
2072	17.625	1
2073	15.75	1
2074	12.0	1
2075	12.75	1
2076	12.25	1
2077	12.0	1
2078	13.625	1
2079	17.75	1
2080	13.875	1
2081	14.25	1
2082	13.625	1
2083	14.625	1
2084	12.75	1
2085	13.5	1
2086	20.25	1
2087	13.5	1
2088	14.25	1
2089	14.25	1
2090	14.25	1
2091	12.25	1
2092	12.625	1
2093	14.25	1
2094	16.25	1
2095	14.0	1
2096	13.75	1
2097	23.75	1
2098	21.0	1
2099	12.625	1
2100	14.375	1
2101	13.5	1
2102	13.75	1
2103	11.75	1
2104	13.75	1
2105	14.75	1
2106	21.25	1
2107	16.75	1
2108	22.375	1
2109	14.0	1
2110	22.75	1
2111	12.625	1
2112	16.25	2
2113	12.25	1
2114	11.625	1
2115	13.25	1
2116	13.375	1
2117	16.5	1
2118	19.5	1
2119	14.5	1
2120	13.5	1
2121	12.5	1
2122	14.75	1
2123	12.0	1
2124	13.5	1
2125	14.75	1
2126	12.25	1
2127	13.25	1
2128	20.875	1
2129	14.25	1
2130	14.5	1
2131	12.75	1
2132	14.125	1
2133	13.5	1
2134	12.625	1
2135	11.5	1
2136	11.625	1
2137	16.25	1
2138	14.75	1
2139	20.25	1
2140	14.875	1
2141	12.625	1
2142	14.125	1
2143	25.375	1
2144	14.0	1
2145	13.5	1
2146	15.875	1
2147	26.25	1
2148	23.875	1
2149	20.75	1
2150	15.625	1
2151	12.875	1
2152	14.5	1
2153	13.5	1
2154	20.25	1
2155	16.375	3
2156	12.5	1
2157	11.625	1
2158	12.75	1
2159	12.375	1
2160	14.375	1
2161	13.875	1
2162	11.5	1
2163	18.875	1
2164	13.375	1
2165	11.75	1
2166	21.75	1
2167	19.0	1
2168	16.25	1
2169	14.625	1
2170	12.875	1
2171	13.25	1
2172	31.875	1
2173	12.125	1
2174	14.375	1
2175	26.5	1
2176	25.625	1
2177	15.75	1
2178	21.25	1
2179	12.875	1
2180	16.5	1
2181	23.375	1
2182	15.75	1
2183	16.0	1
2184	14.75	1
2185	15.125	1
2186	12.25	1
2187	13.125	1
2188	14.5	1
2189	15.75	1
2190	15.625	1
2191	13.25	1
2192	14.5	1
2193	12.5	1
2194	19.5	1
2195	12.375	1
2196	11.875	1
2197	15.0	1
2198	21.5	1
2199	26.0	1
2200	16.75	1
2201	24.75	1
2202	12.0	1
2203	12.625	1
2204	17.75	1
2205	14.5	1
2206	17.75	1
2207	15.125	1
2208	14.25	1
2209	15.25	1
2210	12.75	1
2211	14.0	1
2212	13.25	1
2213	13.125	1
2214	13.75	1
2215	19.0	1
2216	13.75	1
2217	18.0	1
2218	15.875	1
2219	19.25	1
2220	13.5	1
2221	12.5	1
2222	11.75	1
2223	15.625	1
2224	14.0	1
2225	17.5	1
2226	13.25	1
2227	13.5	1
2228	13.375	1
2229	14.25	1
2230	14.125	1
2231	22.5	1
2232	12.75	1
2233	14.5	1
2234	16.75	1
2235	14.75	1
2236	14.125	1
2237	14.5	1
2238	14.0	1
2239	12.75	1
2240	13.625	1
2241	13.25	1
2242	12.625	1
2243	13.75	1
2244	11.875	1
2245	13.625	1
2246	14.375	1
2247	11.875	1
2248	12.375	1
2249	12.5	1
2250	15.75	1
2251	13.5	1
2252	17.25	1
2253	14.625	1
2254	17.75	1
2255	30.75	1
2256	20.375	1
2257	11.25	1
2258	24.25	1
2259	13.25	1
2260	12.75	1
2261	13.75	1
2262	38.0	1
2263	22.75	1
2264	19.0	1
2265	14.5	1
2266	18.75	1
2267	13.125	1
2268	17.375	1
2269	13.625	1
2270	13.5	1
2271	12.875	1
2272	16.0	1
2273	14.25	1
2274	13.875	1
2275	15.25	1
2276	14.75	1
2277	25.75	1
2278	13.25	1
2279	17.5	1
2280	27.375	1
2281	12.75	1
2282	14.25	1
2283	18.25	1
2284	13.75	1
2285	27.125	1
2286	13.5	1
2287	14.25	1
2288	14.375	1
2289	20.5	1
2290	14.25	2
2291	11.5	1
2292	25.5	1
2293	14.875	1
2294	23.875	1
2295	16.25	1
2296	16.0	1
2297	14.75	1
2298	14.375	1
2299	14.25	1
2300	12.5	1
2301	13.75	1
2302	13.625	1
2303	21.75	1
2304	12.875	1
2305	13.0	1
2306	13.625	1
2307	14.75	1
2308	13.25	1
2309	12.25	1
2310	15.0	1
2311	12.0	1
2312	16.125	1
2313	12.0	1
2314	14.25	1
2315	13.25	1
2316	16.125	1
2317	14.25	1
2318	13.5	1
2319	15.125	1
2320	14.625	1
2321	15.25	1
2322	12.125	1
2323	15.25	1
2324	13.625	1
2325	12.375	1
2326	12.75	1
2327	14.5	1
2328	14.5	1
2329	12.625	1
2330	14.0	1
2331	14.0	1
2332	14.75	1
2333	13.25	1
2334	13.0	1
2335	14.25	1
2336	12.75	1
2337	13.0	1
2338	17.25	1
2339	14.0	1
2340	14.0	1
2341	12.0	1
2342	17.75	1
2343	13.75	1
2344	26.625	1
2345	20.75	1
2346	24.625	1
2347	13.0	1
2348	15.125	1
2349	12.625	1
2350	14.5	1
2351	24.875	1
2352	13.375	1
2353	14.75	1
2354	21.375	1
2355	20.0	1
2356	14.75	1
2357	15.25	1
2358	14.875	1
2359	15.5	1
2360	17.0	1
2361	16.75	1
2362	15.0	1
2363	18.5	1
2364	13.75	1
2365	14.5	1
2366	12.625	1
2367	13.25	1
2368	13.875	1
2369	13.375	1
2370	12.75	1
2371	14.75	1
2372	11.75	1
2373	14.625	1
2374	13.25	1
2375	14.5	1
2376	13.25	1
2377	13.75	1
2378	13.625	1
2379	16.5	1
2380	15.375	1
2381	13.375	1
2382	12.5	1
2383	13.625	1
2384	14.0	1
2385	13.375	1
2386	12.875	1
2387	14.0	1
2388	22.125	1
2389	15.0	1
2390	11.875	1
2391	13.5	1
2392	12.625	1
2393	13.875	1
2394	12.875	1
2395	14.75	1
2396	16.75	1
2397	14.625	1
2398	12.5	1
2399	12.125	1
2400	18.0	1
2401	15.75	1
2402	14.75	1
2403	12.375	1
2404	15.0	1
2405	13.25	1
2406	13.25	1
2407	16.0	1
2408	14.25	1
2409	14.75	1
2410	30.0	1
2411	12.875	1
2412	13.25	1
2413	13.375	1
2414	17.125	1
2415	20.5	1
2416	14.0	1
2417	14.375	1
2418	13.5	1
2419	15.375	3
2420	14.25	1
2421	20.375	1
2422	16.25	1
2423	14.5	1
2424	15.5	1
2425	12.5	1
2426	13.25	1
2427	14.5	1
2428	16.0	1
2429	13.25	1
2430	20.5	1
2431	15.25	1
2432	13.75	1
2433	15.5	1
2434	12.25	1
2435	14.0	2
2436	13.75	1
2437	12.75	1
2438	13.625	1
2439	14.625	1
2440	12.75	1
2441	13.625	1
2442	12.75	1
2443	16.125	1
2444	12.5	1
2445	14.5	1
2446	13.375	1
2447	13.5	1
2448	12.25	1
2449	13.75	1
2450	13.0	1
2451	14.5	1
2452	17.0	1
2453	63.375	1
2454	16.75	1
2455	14.625	1
2456	14.0	1
2457	25.75	1
2458	12.625	1
2459	22.625	1
2460	13.25	1
2461	13.625	1
2462	15.5	1
2463	18.75	1
2464	13.0	1
2465	16.625	1
2466	24.75	1
2467	20.5	1
2468	12.0	1
2469	13.125	1
2470	28.75	1
2471	23.125	1
2472	15.75	1
2473	12.375	1
2474	12.625	1
2475	13.0	1
2476	11.75	1
2477	13.25	1
2478	14.0	1
2479	13.75	1
2480	20.5	1
2481	12.5	1
2482	13.0	1
2483	12.625	1
2484	19.25	1
2485	14.25	1
2486	16.75	1
2487	15.125	1
2488	16.75	1
2489	13.375	1
2490	13.0	1
2491	12.25	1
2492	21.5	1
2493	13.75	1
2494	32.25	1
2495	13.5	1
2496	13.25	1
2497	14.0	1
2498	15.5	1
2499	14.75	1
2500	12.0	1
2501	13.625	1
2502	12.25	1
2503	13.75	1
2504	16.375	1
2505	14.0	1
2506	13.75	1
2507	17.875	1
2508	14.125	1
2509	23.625	1
2510	13.5	1
2511	15.25	1
2512	14.75	1
2513	14.0	1
2514	17.625	1
2515	13.25	1
2516	15.375	1
2517	16.0	1
2518	14.125	1
2519	14.5	1
2520	14.25	1
2521	13.125	1
2522	20.5	1
2523	12.75	1
2524	13.875	1
2525	12.5	1
2526	12.75	1
2527	12.875	1
2528	13.0	1
2529	12.875	1
2530	14.0	1
2531	11.875	1
2532	12.75	1
2533	14.875	1
2534	17.125	1
2535	11.875	1
2536	13.0	1
2537	16.25	1
2538	13.0	1
2539	13.0	1
2540	19.75	1
2541	13.25	1
2542	14.25	1
2543	12.375	1
2544	15.875	1
2545	14.0	1
2546	14.0	1
2547	13.125	1
2548	21.0	1
2549	15.5	1
2550	30.0	1
2551	15.25	1
2552	13.0	1
2553	14.0	1
2554	13.75	1
2555	12.125	1
2556	14.0	1
2557	14.375	1
2558	17.75	1
2559	13.0	1
2560	14.625	1
2561	12.375	1
2562	14.0	1
2563	12.5	1
2564	14.625	1
2565	16.5	1
2566	19.0	1
2567	19.75	1
2568	12.25	1
2569	13.5	1
2570	15.5	1
2571	19.0	1
2572	12.75	1
2573	13.25	1
2574	12.625	1
2575	13.5	1
2576	18.75	1
2577	14.375	1
2578	14.625	1
2579	13.25	1
2580	13.25	1
2581	17.75	1
2582	15.5	1
2583	11.25	1
2584	13.75	1
2585	20.0	1
2586	14.125	2
2587	15.125	1
2588	13.0	1
2589	11.0	1
2590	17.0	1
2591	12.25	1
2592	14.625	1
2593	13.625	1
2594	13.75	1
2595	16.0	1
2596	21.75	1
2597	13.0	1
2598	11.75	1
2599	14.125	1
2600	13.625	1
2601	12.875	1
2602	16.0	1
2603	24.75	1
2604	18.75	1
2605	16.5	1
2606	18.625	1
2607	16.5	1
2608	13.875	1
2609	14.25	1
2610	20.5	1
2611	15.25	1
2612	13.0	1
2613	18.875	1
2614	13.25	1
2615	11.375	1
2616	19.5	1
2617	13.625	1
2618	14.375	1
2619	13.5	1
2620	14.25	1
2621	14.75	1
2622	14.25	1
2623	15.75	1
2624	13.5	1
2625	12.875	1
2626	12.125	1
2627	11.75	1
2628	14.0	1
2629	17.875	1
2630	13.5	1
2631	17.375	1
2632	17.375	1
2633	15.0	1
2634	13.5	1
2635	14.125	1
2636	14.125	1
2637	11.5	1
2638	12.625	1
2639	15.25	1
2640	14.75	1
2641	12.25	1
2642	18.375	1
2643	12.125	1
2644	12.75	1
2645	14.625	1
2646	13.25	1
2647	12.5	1
2648	13.5	1
2649	13.0	1
2650	12.625	1
2651	24.375	1
2652	13.25	1
2653	13.0	1
2654	12.75	1
2655	14.375	1
2656	13.375	1
2657	16.75	1
2658	14.25	1
2659	13.125	1
2660	12.5	1
2661	13.25	1
2662	14.875	1
2663	22.25	1
2664	12.625	1
2665	19.0	1
2666	14.0	1
2667	28.5	1
2668	12.75	1
2669	15.25	1
2670	14.125	1
2671	15.625	1
2673	18.625	1
2674	14.75	1
2675	27.25	1
2676	21.375	1
2677	14.5	1
2678	13.5	1
2679	12.875	1
2680	17.75	1
2681	12.75	1
2682	19.5	2
2683	14.5	1
2684	14.0	1
2685	16.0	1
2686	12.25	1
2687	16.25	1
2688	12.25	1
2689	18.25	1
2690	13.375	1
2691	12.75	1
2692	14.5	1
2693	13.25	1
2694	13.5	1
2695	12.625	1
2696	12.25	1
2697	19.875	1
2698	28.125	1
2699	31.125	1
2700	12.75	1
2701	13.5	1
2702	12.0	1
2703	12.125	1
2704	15.25	1
2705	12.25	1
2706	15.25	1
2707	12.5	1
2708	13.75	1
2709	14.0	1
2710	19.125	1
2711	13.75	1
2712	15.0	1
2713	15.5	1
2714	13.5	1
2715	20.75	1
2716	15.25	1
2717	23.875	1
2718	14.5	1
2719	13.625	1
2720	12.75	1
2721	17.5	1
2722	16.0	1
2723	14.0	1
2724	15.75	1
2725	14.25	1
2726	27.125	1
2727	14.0	1
2728	13.0	1
2729	15.0	1
2730	18.25	1
2731	17.625	1
2732	13.5	1
2733	22.375	1
2734	13.25	1
2735	13.75	1
2736	14.5	1
2737	12.25	1
2738	13.5	1
2739	13.25	1
2740	11.375	1
2741	18.75	1
2742	13.875	2
2743	13.125	1
2744	20.75	1
2745	12.25	1
2746	20.5	1
2747	19.75	1
2748	12.375	1
2749	17.625	1
2750	12.0	1
2751	14.75	1
2752	12.5	1
2753	14.5	1
2754	13.875	1
2755	14.5	1
2756	11.5	1
2757	17.25	1
2758	13.75	1
2759	21.0	1
2760	12.5	1
2761	14.625	1
2762	21.0	1
2763	13.0	1
2764	16.75	1
2765	15.0	1
2766	21.125	3
2767	13.5	1
2768	13.5	1
2769	13.375	1
2770	17.375	1
2771	25.75	1
2772	13.75	1
2773	12.375	1
2774	14.375	1
2775	15.25	1
2776	12.875	1
2777	13.25	1
2778	14.5	1
2779	13.375	1
2780	12.25	1
2781	13.625	1
2782	16.75	1
2783	17.0	1
2784	13.375	1
2785	18.125	1
2786	12.5	1
2787	12.25	1
2788	34.25	1
2789	14.0	1
2790	14.25	1
2791	12.0	1
2792	13.625	1
2793	15.5	1
2794	14.0	2
2795	13.5	1
2796	14.625	1
2797	12.25	1
2798	14.0	1
2799	15.5	1
2800	12.25	1
2801	13.5	1
2802	22.25	1
2803	11.75	1
2804	19.75	1
2805	22.0	1
2806	14.25	1
2807	12.5	1
2808	14.75	1
2809	14.0	1
2810	29.0	1
2811	13.125	1
2812	12.75	1
2813	13.5	1
2814	24.25	1
2815	14.5	1
2816	14.25	1
2817	13.875	1
2818	12.875	1
2819	20.75	1
2820	15.0	1
2821	13.75	1
2822	14.125	1
2823	11.25	1
2824	30.25	1
2825	14.0	1
2826	14.75	1
2827	14.5	1
2828	17.25	1
2829	16.25	1
2830	15.5	1
2831	13.875	1
2832	21.0	1
2833	13.375	1
2834	12.75	1
2835	14.75	1
2836	21.125	1
2837	26.5	1
2838	15.75	1
2839	18.25	1
2840	13.25	1
2841	14.125	1
2842	12.625	1
2843	19.125	1
2844	12.25	1
2845	13.5	1
2846	13.125	1
2847	12.75	1
2848	13.25	1
2849	13.375	1
2850	18.0	1
2851	15.5	1
2852	14.75	1
2853	14.5	1
2854	21.25	1
2855	16.25	1
2856	12.5	1
2857	14.125	1
2858	11.5	1
2859	14.75	1
2860	16.375	1
2861	14.0	1
2862	11.5	1
2863	12.375	1
2864	21.5	1
2865	14.0	1
2866	22.375	1
2867	13.625	1
2868	13.5	1
2869	13.75	1
2870	11.75	1
2871	15.0	1
2872	21.5	1
2873	14.75	1
2874	13.0	1
2875	15.0	1
2876	13.625	1
2877	12.25	1
2878	13.125	1
2879	12.75	1
2880	13.25	1
2881	14.25	1
2882	18.75	1
2883	16.875	1
2884	13.25	1
2885	20.875	1
2886	12.625	1
2887	13.5	1
2888	19.0	1
2889	14.625	1
2890	13.25	1
2891	12.875	1
2892	14.25	1
2893	13.5	1
2894	15.5	1
2895	13.875	1
2896	19.75	1
2897	19.0	1
2898	19.75	1
2899	13.375	1
2900	13.5	1
2901	15.125	1
2902	14.75	1
2903	14.25	1
2904	13.75	1
2905	12.5	1
2906	14.0	1
2907	12.875	1
2908	13.5	1
2909	13.5	1
2910	13.5	1
2911	12.375	1
2912	14.375	1
2913	12.625	1
2914	12.75	1
2915	13.875	1
2916	14.25	1
2917	12.5	1
2918	13.125	1
2919	13.25	1
2920	14.25	1
2921	12.5	1
2922	14.875	1
2923	11.75	1
2924	13.125	1
2925	14.5	1
2926	12.25	1
2927	25.0	1
2928	14.5	1
2929	14.125	1
2930	13.0	1
2931	14.875	1
2932	12.75	1
2933	14.875	1
2934	13.125	1
2935	31.25	1
2936	20.875	1
2937	12.25	1
2938	14.0	1
2939	13.375	1
2940	13.0	1
2941	14.0	1
2942	12.0	1
2943	13.5	1
2944	24.5	1
2945	13.625	1
2946	17.0	1
2947	12.25	1
2948	13.25	1
2949	12.125	1
2950	12.625	1
2951	12.5	1
2952	14.5	1
2953	15.625	1
2954	17.75	1
2955	18.875	1
2956	12.375	1
2957	14.625	1
2958	22.875	1
2959	16.25	3
2960	15.0	1
2961	16.0	1
2962	15.25	1
2963	14.0	1
2964	16.5	1
2965	12.625	1
2966	14.0	1
2967	13.25	1
2968	13.5	1
2969	15.0	1
2970	15.5	1
2971	13.25	1
2972	14.0	1
2973	19.0	1
2974	18.375	1
2975	13.25	1
2976	16.5	1
2977	13.0	1
2978	14.5	1
2979	14.625	1
2980	15.0	1
2981	13.5	1
2982	12.0	1
2983	24.5	1
2984	14.875	1
2985	12.0	1
2986	14.0	1
2987	12.875	1
2988	12.5	1
2989	17.5	1
2990	22.625	1
2991	12.0	1
2992	16.125	1
2993	18.0	1
2994	23.25	1
2995	13.0	1
2996	12.5	1
2997	14.75	1
2998	12.0	1
2999	23.75	1
3000	14.0	1
3001	12.625	1
3002	14.25	1
3003	14.5	1
3004	18.0	1
3005	16.5	1
3006	17.5	1
3007	16.5	1
3008	13.25	1
3009	14.0	1
3010	17.0	1
3011	12.75	1
3012	14.75	1
3013	14.625	1
3014	12.5	1
3015	13.375	1
3016	14.5	1
3017	13.25	1
3018	13.5	1
3019	15.0	1
3020	13.375	1
3021	12.0	1
3022	15.125	1
3023	28.0	1
3024	16.75	1
3025	22.5	1
3026	14.0	1
3027	24.5	1
3028	18.5	1
3029	31.75	1
3030	15.75	1
3031	14.0	1
3032	14.25	1
3033	13.75	1
3034	13.125	1
3035	23.75	1
3036	18.75	1
3037	13.625	1
3038	13.75	1
3039	13.375	1
3040	14.0	1
3041	13.375	1
3042	14.0	1
3043	16.25	1
3044	16.0	1
3045	23.375	1
3046	12.75	1
3047	12.875	1
3048	13.75	1
3049	15.75	1
3050	15.25	1
3051	15.75	1
3052	19.5	1
3053	22.625	1
3054	13.5	1
3055	14.0	1
3056	25.75	1
3057	13.0	1
3058	17.75	1
3059	20.5	1
3060	14.25	1
3061	13.75	1
3062	14.375	1
3063	11.125	1
3064	14.5	1
3065	13.0	1
3066	20.25	1
3067	13.625	1
3068	12.5	1
3069	17.5	1
3070	20.75	2
3071	18.625	1
3072	12.5	1
3073	17.125	1
3074	19.0	1
3075	13.0	1
3076	12.875	1
3077	12.125	1
3078	12.25	1
3079	18.5	1
3080	15.5	1
3081	13.25	1
3082	12.125	1
3083	15.0	1
3084	18.5	1
3085	13.0	1
3086	14.625	1
3087	16.5	1
3088	14.25	1
3089	13.625	1
3090	12.25	1
3091	13.75	1
3092	12.125	1
3093	14.25	1
3094	20.875	1
3095	13.125	1
3096	14.75	1
3097	14.75	1
3098	18.0	1
3099	13.5	1
3100	17.0	1
3101	19.875	1
3102	13.375	1
3103	14.25	1
3104	19.25	1
3105	13.25	1
3106	14.5	1
3107	18.5	1
3108	22.0	1
3109	13.5	1
3110	14.25	1
3111	14.125	1
3112	12.0	1
3113	13.25	1
3114	22.5	1
3115	14.25	1
3116	14.5	1
3117	13.375	1
3118	13.375	1
3119	13.5	1
3120	12.125	1
3121	14.25	1
3122	12.875	1
3123	22.0	1
3124	28.125	1
3125	17.0	1
3126	13.5	1
3127	19.75	1
3128	16.5	1
3129	12.5	1
3130	13.375	1
3131	13.625	1
3132	15.75	1
3133	12.0	1
3134	14.25	1
3135	13.625	1
3136	22.125	1
3137	13.125	1
3138	24.0	1
3139	13.25	1
3140	13.625	1
3141	18.375	1
3142	11.75	1
3143	13.625	1
3144	13.25	1
3145	12.125	1
3146	14.5	1
3147	17.5	1
3148	14.375	1
3149	13.5	1
3150	12.75	1
3151	12.25	1
3152	12.625	1
3153	12.875	1
3154	32.75	1
3155	14.375	1
3156	13.375	1
3157	14.25	1
3158	18.0	1
3159	13.0	1
3160	16.75	1
3161	25.75	1
3162	13.0	1
3163	13.75	1
3164	13.75	1
3165	12.75	1
3166	11.5	1
3167	19.75	1
3168	13.75	1
3169	16.125	1
3170	14.5	1
3171	15.5	1
3172	14.25	1
3173	23.625	1
3174	14.375	1
3175	12.5	1
3176	17.375	1
3177	15.0	1
3178	37.75	1
3179	14.25	1
3180	12.25	1
3181	18.75	1
3182	13.375	1
3183	13.25	1
3184	19.75	1
3185	14.5	1
3186	18.0	1
3187	14.5	1
3188	16.75	1
3189	13.625	1
3190	14.25	1
3191	17.5	1
3192	13.0	1
3193	12.25	1
3194	14.5	1
3195	12.0	1
3196	11.25	1
3197	30.0	1
3198	15.5	1
3199	18.5	1
3200	14.875	1
3201	14.125	1
3202	12.25	1
3203	16.75	1
3204	12.375	1
3205	12.5	1
3206	13.25	1
3207	21.25	1
3208	12.5	1
3209	15.5	2
3210	16.5	1
3211	22.125	1
3212	11.875	1
3213	14.5	1
3214	15.75	1
3215	20.5	1
3216	17.25	1
3217	13.75	1
3218	16.125	1
3219	13.75	1
3220	22.0	1
3221	17.5	1
3222	14.5	1
3223	13.375	1
3224	12.75	1
3225	14.75	1
3226	13.0	1
3227	12.0	1
3228	19.75	1
3229	15.25	1
3230	16.75	1
3231	13.75	1
3232	13.25	1
3233	13.75	1
3234	13.0	1
3235	16.375	1
3236	15.25	1
3237	14.125	1
3238	19.75	1
3239	14.5	1
3240	14.25	1
3241	13.75	3
3242	17.625	1
3243	15.0	1
3244	15.75	1
3245	15.0	3
3246	13.5	1
3247	24.25	1
3248	14.0	1
3249	15.0	1
3250	13.125	1
3251	17.0	1
3252	13.25	1
3253	14.375	1
3254	18.0	1
3255	12.5	1
3256	12.5	1
3257	13.25	1
3258	19.625	1
3259	13.75	1
3260	14.75	1
3261	12.75	1
3262	13.375	1
3263	12.75	1
3264	14.75	1
3265	20.0	1
3266	15.0	1
3267	12.75	1
3268	12.5	1
3269	13.125	1
3270	21.25	1
3271	14.0	1
3272	12.75	1
3273	13.0	1
3274	14.25	1
3275	14.875	1
3276	16.5	1
3277	14.25	1
3278	14.75	1
3279	15.0	1
3280	13.375	1
3281	13.0	1
3282	12.625	1
3283	12.5	1
3284	13.5	1
3285	11.5	1
3286	21.5	1
3287	14.0	1
3288	12.0	1
3289	13.0	1
3290	18.375	2
3291	16.5	1
3292	12.875	1
3293	13.25	1
3294	19.0	1
3295	15.25	1
3296	13.75	1
3297	13.375	1
3298	12.375	1
3299	12.5	1
3300	13.875	1
3301	12.75	1
3302	14.25	1
3303	13.75	1
3304	16.875	1
3305	14.375	1
3306	13.125	1
3307	13.5	1
3308	24.875	1
3309	19.75	1
3310	13.625	1
3311	14.75	1
3312	18.5	1
3313	32.25	1
3314	14.5	1
3315	13.25	1
3316	17.0	1
3317	14.5	1
3318	17.625	1
3319	14.75	1
3320	16.0	1
3321	14.0	1
3322	14.25	1
3323	11.75	1
3324	15.5	1
3325	22.0	1
3326	13.375	1
3327	12.0	1
3328	13.25	1
3329	13.625	1
3330	16.25	1
3331	13.0	1
3332	19.25	1
3333	13.25	1
3334	14.125	1
3335	16.375	1
3336	16.75	1
3337	12.875	1
3338	15.0	1
3339	12.5	1
3340	12.125	1
3341	16.5	1
3342	13.125	1
3343	14.5	1
3344	10.5	1
3345	12.375	1
3346	12.5	1
3347	16.25	1
3348	13.0	1
3349	15.375	1
3350	14.5	1
3351	11.75	1
3352	13.75	1
3353	13.125	1
3354	19.0	1
3355	13.25	1
3356	13.25	1
3357	14.5	1
3358	17.75	1
3359	13.0	1
3360	13.125	1
3361	13.5	1
3362	13.0	1
3363	13.5	1
3364	13.625	1
3365	14.75	1
3366	12.75	1
3367	17.75	1
3368	20.5	1
3369	13.375	1
3370	13.625	1
3371	12.375	1
3372	12.875	1
3373	21.0	1
3374	12.5	1
3375	21.625	1
3376	12.125	1
3377	27.5	1
3378	14.125	1
3379	18.75	1
3380	15.125	1
3381	14.0	1
3382	13.25	1
3383	14.75	1
3384	16.25	1
3385	12.5	1
3386	17.5	1
3387	13.5	1
3388	13.25	1
3389	14.0	1
3390	15.0	1
3391	13.75	1
3392	14.0	1
3393	17.875	1
3394	12.5	1
3395	14.75	1
3396	12.25	1
3397	15.0	1
3398	14.125	1
3399	14.75	1
3400	22.0	1
3401	16.25	1
3402	13.25	1
3403	16.25	1
3404	14.875	3
3405	12.0	1
3406	30.375	1
3407	13.25	1
3408	14.75	1
3409	14.125	1
3410	13.5	1
3411	13.25	1
3412	14.25	1
3413	12.5	1
3414	13.5	1
3415	14.25	1
3416	15.75	1
3417	16.75	1
3418	17.375	1
3419	13.0	1
3420	12.25	1
3421	13.375	1
3422	13.125	1
3423	20.75	1
3424	12.0	1
3425	14.5	1
3426	14.125	1
3427	16.75	1
3428	15.875	1
3429	12.5	1
3430	19.125	1
3431	14.75	1
3432	22.25	1
3433	19.0	1
3434	14.25	1
3435	14.75	1
3436	21.125	1
3437	14.5	1
3438	14.25	1
3439	13.25	1
3440	15.0	1
3441	19.75	1
3442	21.75	1
3443	14.5	1
3444	12.75	1
3445	14.5	1
3446	13.125	1
3447	14.75	1
3448	13.375	1
3449	13.875	1
3450	14.0	1
3451	16.5	1
3452	13.25	1
3453	14.75	1
3454	20.5	1
3455	31.875	1
3456	11.75	1
3457	13.625	1
3458	12.625	1
3459	14.25	1
3460	14.5	1
3461	13.5	1
3462	15.25	1
3463	19.625	1
3464	13.75	1
3465	13.25	1
3466	12.875	1
3467	16.75	1
3468	20.25	1
3469	21.375	1
3470	13.0	1
3471	12.25	1
3472	14.0	1
3473	17.0	1
3474	13.625	1
3475	13.5	1
3476	13.0	1
3477	14.375	1
3478	14.0	1
3479	13.25	1
3480	12.5	1
3481	17.625	1
3482	13.625	1
3483	16.0	1
3484	19.75	1
3485	20.5	1
3486	14.0	1
3487	19.25	1
3488	15.5	1
3489	13.375	1
3490	14.0	1
3491	12.75	1
3492	15.0	1
3493	16.75	1
3494	12.625	1
3495	31.5	1
3496	13.75	1
3497	19.25	1
3498	13.75	1
3499	12.0	1
3500	20.5	1
3501	14.375	1
3502	19.75	1
3503	17.25	1
3504	12.625	1
3505	13.875	1
3506	53.25	1
3507	13.0	1
3508	13.25	1
3509	24.5	1
3510	14.5	1
3511	11.5	1
3512	14.75	1
3513	14.25	3
3514	23.375	1
3515	20.75	1
3516	14.125	1
3517	12.625	1
3518	22.75	1
3519	16.75	1
3520	18.625	1
3521	14.25	1
3522	14.75	1
3523	14.5	1
3524	12.25	1
3525	13.75	1
3526	12.5	1
3527	18.75	1
3528	15.0	1
3529	13.0	1
3530	17.5	1
3531	12.875	1
3532	14.75	1
3533	16.5	1
3534	13.0	1
3535	35.0	1
3536	14.5	1
3537	15.75	1
3538	12.5	1
3539	12.25	1
3540	14.0	1
3541	44.25	1
3542	12.375	1
3543	16.75	1
3544	15.0	1
3545	14.5	1
3546	14.75	1
3547	13.625	1
3548	11.25	1
3549	12.0	1
3550	19.5	1
3551	13.625	1
3552	14.75	1
3553	11.875	1
3554	16.75	1
3555	19.375	1
3556	14.75	1
3557	13.625	1
3558	16.75	1
3559	12.625	1
3560	13.375	1
3561	15.125	1
3562	15.5	1
3563	14.75	1
3564	19.5	1
3565	14.25	1
3566	21.0	1
3567	14.25	1
3568	16.25	1
3569	13.375	1
3570	30.5	1
3571	17.5	1
3572	10.875	1
3573	13.875	1
3574	14.25	1
3575	14.75	1
3576	15.5	1
3577	17.625	1
3578	24.875	1
3579	18.5	1
3580	16.5	1
3581	16.0	1
3582	14.375	1
3583	13.625	1
3584	13.25	1
3585	13.0	1
3586	11.5	1
3587	16.25	1
3588	15.75	2
3589	14.0	1
3590	13.75	1
3591	14.875	1
3592	12.625	1
3593	14.0	1
3594	11.0	1
3595	13.0	1
3596	14.25	1
3597	12.875	1
3598	12.75	1
3599	13.375	1
3600	17.25	1
3601	23.25	1
3602	12.0	1
3603	13.25	1
3604	13.75	1
3605	23.75	1
3606	14.625	1
3607	14.25	1
3608	16.875	1
3609	17.0	1
3610	12.375	1
3611	25.875	1
3612	12.875	1
3613	13.25	1
3614	16.75	1
3615	13.875	1
3616	12.875	1
3617	19.5	1
3618	13.75	1
3619	13.25	1
3620	13.5	1
3621	14.875	1
3622	11.625	1
3623	23.5	1
3624	22.0	1
3625	12.5	1
3626	13.5	1
3627	20.75	1
3628	14.0	1
3629	14.5	1
3630	15.75	1
3631	13.5	1
3632	12.0	1
3633	14.0	1
3634	13.5	1
3635	15.0	1
3636	20.0	1
3637	25.75	1
3638	14.0	1
3639	12.5	1
3640	17.5	1
3641	12.5	1
3642	12.0	1
3643	12.5	1
3644	13.25	1
3645	18.375	1
3646	15.0	1
3647	12.25	1
3648	14.5	1
3649	12.75	1
3650	14.5	1
3651	19.25	1
3652	12.0	1
3653	16.0	1
3654	13.125	1
3655	14.25	2
3656	14.0	1
3657	13.0	1
3658	22.125	1
3659	12.0	1
3660	13.625	1
3661	13.375	1
3662	14.25	1
3663	13.25	1
3664	11.75	1
3665	15.0	2
3666	15.5	1
3667	13.375	1
3668	15.0	1
3669	12.375	1
3670	14.375	1
3671	13.75	1
3672	13.5	1
3673	13.75	1
3674	13.25	1
3675	14.75	1
3676	15.125	1
3677	12.375	1
3678	22.625	1
3679	12.25	1
3680	15.375	1
3681	15.5	1
3682	14.0	1
3683	15.375	1
3684	11.125	1
3685	23.5	1
3686	20.25	1
3687	12.25	1
3688	13.875	1
3689	17.0	1
3690	13.125	1
3691	16.5	1
3692	14.5	1
3693	12.0	1
3694	12.75	1
3695	14.0	1
3696	12.5	1
3697	19.0	1
3698	28.75	1
3699	12.75	1
3700	15.25	1
3701	25.375	1
3702	16.375	1
3703	15.75	1
3704	18.75	1
3705	18.125	1
3706	13.5	1
3707	13.0	1
3708	12.75	1
3709	14.25	1
3710	26.0	2
3711	14.75	1
3712	11.75	1
3713	27.0	1
3714	19.0	1
3715	13.0	1
3716	13.625	1
3717	11.625	1
3718	18.75	1
3719	13.625	1
3720	18.25	1
3721	14.5	2
3722	18.25	1
3723	14.125	1
3724	11.625	1
3725	20.0	1
3726	20.0	1
3727	13.0	1
3728	17.0	1
3729	14.375	1
3730	12.0	1
3731	13.5	1
3732	13.625	1
3733	25.25	1
3734	14.375	1
3735	12.0	1
3736	14.25	1
3737	12.75	1
3738	11.75	1
3739	13.25	1
3740	13.0	1
3741	15.0	1
3742	15.75	1
3743	12.375	1
3744	14.25	1
3745	14.25	1
3746	14.875	1
3747	14.0	1
3748	12.5	1
3749	14.875	1
3750	12.75	1
3751	15.375	1
3752	14.25	1
3753	14.5	1
3754	12.875	1
3755	12.75	1
3756	15.0	1
3757	12.875	1
3758	20.375	1
3759	15.0	1
3760	12.75	1
3761	14.5	1
3762	14.0	1
3763	12.875	1
3764	24.5	1
3765	13.75	1
3766	11.875	1
3767	16.75	1
3768	13.25	1
3769	15.25	1
3770	16.5	1
3771	13.25	1
3772	12.625	1
3773	18.5	1
3774	14.625	1
3775	14.5	1
3776	14.75	1
3777	21.25	1
3778	15.875	1
3779	13.25	1
3780	27.5	1
3781	12.625	1
3782	12.0	1
3783	14.5	1
3784	17.125	1
3785	14.125	1
3786	15.0	1
3787	15.25	1
3788	21.375	1
3789	14.375	1
3790	19.125	1
3791	14.75	1
3792	33.0	1
3793	12.0	1
3794	35.625	1
3795	14.125	1
3796	12.875	1
3797	22.375	1
3798	14.125	1
3799	13.125	1
3800	13.25	1
3801	13.125	1
3802	18.125	1
3803	15.375	1
3804	13.0	1
3805	14.25	1
3806	15.75	1
3807	12.875	1
3808	20.0	1
3809	13.25	1
3810	14.25	1
3811	14.5	1
3812	12.75	1
3813	12.0	1
3814	12.875	1
3815	13.75	1
3816	14.25	1
3817	13.875	1
3818	12.75	1
3819	16.0	1
3820	13.75	1
3821	16.375	2
3822	12.125	1
3823	14.0	1
3824	24.5	1
3825	13.25	1
3826	13.0	1
3827	14.5	1
3828	13.375	1
3829	18.0	1
3830	11.625	1
3831	13.5	1
3832	14.625	1
3833	13.75	1
3834	14.75	1
3835	12.5	1
3836	13.0	1
3837	12.625	1
3838	14.25	1
3839	17.875	1
3840	13.5	1
3841	21.25	1
3842	12.875	1
3843	13.75	1
3844	13.25	1
3845	13.375	1
3846	12.0	1
3847	11.75	1
3848	13.5	1
3849	37.25	1
3850	19.875	1
3851	16.25	1
3852	16.5	1
3853	13.625	1
3854	14.125	1
3855	20.125	3
3856	13.75	1
3857	12.5	1
3858	12.25	1
3859	13.5	1
3860	15.5	1
3861	14.75	1
3862	12.75	1
3863	14.25	1
3864	16.75	1
3865	14.0	1
3866	14.0	1
3867	15.75	1
3868	14.25	1
3869	15.0	1
3870	12.5	1
3871	15.5	1
3872	14.25	1
3873	15.5	1
3874	20.75	1
3875	21.0	1
3876	14.5	1
3877	13.25	1
3878	13.25	1
3879	12.625	1
3880	12.0	1
3881	13.375	1
3882	12.5	1
3883	13.375	1
3884	13.75	1
3885	13.375	1
3886	12.75	1
3887	14.25	3
3888	14.75	1
3889	14.5	1
3890	12.75	1
3891	14.25	1
3892	22.375	1
3893	12.75	1
3894	13.875	1
3895	17.5	1
3896	14.5	1
3897	15.0	1
3898	10.875	1
3899	14.0	1
3900	14.0	1
3901	12.5	1
3902	14.125	1
3903	30.0	1
3904	11.5	1
3905	16.75	1
3906	13.625	1
3907	12.75	1
3908	17.25	1
3909	15.25	1
3910	13.0	1
3911	14.0	1
3912	18.0	1
3913	13.5	1
3914	16.0	1
3915	22.5	1
3916	14.75	1
3917	12.375	1
3918	13.25	1
3919	12.125	1
3920	19.5	1
3921	13.5	1
3922	12.5	1
3923	16.125	1
3924	24.5	1
3925	13.25	1
3926	15.0	1
3927	15.0	2
3928	17.5	1
3929	13.125	1
3930	13.125	1
3931	11.5	1
3932	16.0	1
3933	17.5	1
3934	13.0	1
3935	12.5	1
3936	13.25	1
3937	18.75	1
3938	20.75	1
3939	20.0	1
3940	13.25	1
3941	14.25	1
3942	14.25	1
3943	13.125	1
3944	12.25	1
3945	13.5	1
3946	20.625	1
3947	15.25	1
3948	21.5	1
3949	13.125	1
3950	13.75	1
3951	12.875	1
3952	20.75	1
3953	13.75	1
3954	13.0	1
3955	14.0	1
3956	30.875	1
3957	13.25	1
3958	13.625	1
3959	13.625	1
3960	12.375	1
3961	16.375	2
3962	12.5	1
3963	13.125	1
3964	12.625	1
3965	14.375	1
3966	15.75	1
3967	14.0	1
3968	31.75	1
3969	12.5	1
3970	13.25	1
3971	13.875	1
3972	13.5	1
3973	14.0	1
3974	19.25	1
3975	11.5	1
3976	22.5	1
3977	14.25	1
3978	13.375	1
3979	14.5	1
3980	16.5	1
3981	13.0	1
3982	17.0	1
3983	13.125	1
3984	11.75	1
3985	14.875	1
3986	13.0	1
3987	15.375	1
3988	15.25	1
3989	14.875	1
3990	13.0	1
3991	14.625	1
3992	20.75	1
3993	16.75	1
3994	15.75	1
3995	15.25	1
3996	14.25	1
3997	21.375	1
3998	13.25	1
3999	12.5	1
4000	16.0	1
4001	14.5	1
4002	13.125	1
4003	24.125	1
4004	13.0	1
4005	14.875	1
4006	13.375	1
4007	14.0	1
4008	14.875	1
4009	13.125	1
4010	14.75	1
4011	12.375	1
4012	12.625	1
4013	13.0	1
4014	13.625	1
4015	13.125	1
4016	17.75	1
4017	16.375	1
4018	15.0	1
4019	25.125	1
4020	14.25	1
4021	12.5	1
4022	21.125	1
4023	11.125	1
4024	13.375	1
4025	12.875	1
4026	16.25	1
4027	14.5	1
4028	13.875	1
4029	12.5	1
4030	13.75	1
4031	13.125	1
4032	12.0	1
4033	14.75	1
4034	19.75	1
4035	12.25	1
4036	19.0	1
4037	15.0	1
4038	13.25	1
4039	28.5	1
4040	20.5	1
4041	17.5	1
4042	13.25	1
4043	12.25	1
4044	12.25	1
4045	11.625	1
4046	16.25	1
4047	20.75	1
4048	15.375	1
4049	13.625	1
4050	11.625	1
4051	13.25	1
4052	18.875	2
4053	12.625	1
4054	13.75	1
4055	17.0	1
4056	13.875	1
4057	14.25	1
4058	13.75	1
4059	14.5	1
4060	12.625	1
4061	18.5	1
4062	13.875	1
4063	13.75	1
4064	12.625	1
4065	14.75	1
4066	68.0	1
4067	19.625	1
4068	14.375	1
4069	20.5	1
4070	17.75	1
4071	12.0	1
4072	13.25	1
4073	21.375	1
4074	13.75	1
4075	16.0	1
4076	13.5	1
4077	12.5	1
4078	14.25	1
4079	13.0	1
4080	15.5	1
4081	16.0	1
4082	16.0	1
4083	13.25	1
4084	15.5	1
4085	22.625	1
4086	12.75	1
4087	32.25	1
4088	22.0	1
4089	16.75	1
4090	17.0	1
4091	21.5	1
4092	13.5	1
4093	12.75	1
4094	13.25	1
4095	16.125	1
4096	12.5	1
4097	14.625	1
4098	11.0	1
4099	12.75	1
4100	13.0	1
4101	13.0	1
4102	17.5	1
4103	17.5	1
4104	18.125	1
4105	19.75	1
4106	12.625	1
4107	13.0	1
4108	25.375	1
4109	13.125	1
4110	14.75	1
4111	14.0	1
4112	13.75	1
4113	15.25	1
4114	13.5	1
4115	12.75	1
4116	13.25	1
4117	14.125	1
4118	13.75	1
4119	14.5	1
4120	12.75	1
4121	20.0	1
4122	29.0	1
4123	13.75	1
4124	14.75	1
4126	19.375	2
4127	14.25	1
4128	14.5	1
4129	15.75	1
4130	21.375	1
4131	13.0	1
4132	14.25	1
4133	13.25	1
4134	13.625	1
4135	14.25	1
4136	14.0	1
4137	13.5	1
4138	13.0	1
4139	13.875	1
4140	14.0	1
4141	21.625	1
4142	22.0	1
4143	24.75	1
4144	19.75	1
4145	12.75	1
4146	13.875	1
4147	15.75	1
4148	13.5	1
4149	12.875	1
4150	13.25	1
4151	14.75	1
4152	15.625	1
4153	23.125	1
4154	14.0	1
4155	14.625	1
4156	14.5	1
4157	13.875	1
4158	13.625	1
4159	14.375	1
4160	14.25	1
4161	13.375	1
4162	13.5	1
4163	12.75	1
4164	17.25	1
4165	14.0	1
4166	24.25	1
4167	20.5	1
4168	13.0	1
4169	13.5	1
4170	15.0	1
4171	17.75	1
4172	18.5	1
4173	12.5	1
4174	15.25	1
4175	12.0	1
4176	13.625	1
4177	12.625	1
4178	15.5	1
4179	18.375	1
4180	20.75	1
4181	15.125	2
4182	14.5	1
4183	21.0	1
4184	21.875	1
4185	15.5	1
4186	14.5	1
4187	14.0	1
4188	13.125	1
4189	13.75	1
4190	15.375	1
4191	18.0	2
4192	16.25	1
4193	12.625	1
4194	20.75	1
4195	14.25	1
4196	12.625	1
4197	13.375	1
4198	20.5	1
4199	13.75	1
4200	13.625	1
4201	14.0	1
4202	14.375	1
4203	13.125	1
4204	18.75	1
4205	14.125	1
4206	23.875	1
4207	14.25	1
4208	22.625	1
4209	12.625	1
4210	21.75	1
4211	14.5	1
4212	16.125	1
4213	15.25	1
4214	20.5	1
4215	13.125	1
4216	21.5	1
4217	13.25	1
4218	16.625	1
4219	13.25	1
4220	11.5	1
4221	13.0	1
4222	16.5	1
4223	13.125	1
4224	14.0	1
4225	12.25	1
4226	12.5	1
4227	14.5	1
4228	13.25	1
4229	24.0	1
4230	14.0	1
4231	13.0	1
4232	16.375	1
4233	21.0	1
4234	16.0	1
4235	16.5	1
4236	17.25	1
4237	16.75	1
4238	14.125	1
4239	23.0	1
4240	13.625	1
4241	17.5	1
4242	15.125	1
4243	14.25	1
4244	14.0	1
4245	14.0	1
4246	12.875	1
4247	16.25	1
4248	14.75	1
4249	14.25	1
4250	14.125	1
4251	15.75	1
4252	12.25	1
4253	13.0	1
4254	13.125	1
4255	19.5	1
4256	12.75	1
4257	17.75	1
4258	13.125	1
4259	12.75	1
4260	13.625	1
4261	18.625	1
4262	18.875	1
4263	13.75	1
4264	13.625	1
4265	12.75	1
4266	12.5	1
4267	13.375	1
4268	15.125	1
4269	12.75	1
4270	13.0	1
4271	11.25	1
4272	15.5	1
4273	12.625	1
4274	14.0	1
4275	17.5	1
4276	19.5	1
4277	12.5	1
4278	18.25	1
4279	14.25	1
4280	12.25	1
4281	25.75	1
4282	12.25	1
4283	14.375	1
4284	12.25	1
4285	13.125	1
4286	13.75	1
4287	14.75	1
4288	20.5	1
4289	13.5	1
4290	14.5	1
4291	14.75	1
4292	12.25	1
4293	11.0	1
4294	13.5	1
4295	12.5	1
4296	16.5	1
4297	11.875	1
4298	13.25	2
4299	14.25	1
4300	11.75	1
4301	12.875	1
4302	15.5	1
4303	16.75	1
4304	16.5	1
4305	11.75	1
4306	20.75	1
4307	14.375	1
4308	12.75	1
4309	12.25	1
4310	15.25	3
4311	14.75	1
4312	15.0	1
4313	13.5	1
4314	48.125	1
4315	13.5	1
4316	15.375	1
4317	14.0	1
4318	13.25	1
4319	15.875	1
4320	12.75	1
4321	14.75	1
4322	13.25	1
4323	14.5	1
4324	14.5	1
4325	20.375	1
4326	17.0	3
4327	14.625	1
4328	29.625	1
4329	14.25	1
4330	20.75	1
4331	11.75	1
4332	12.75	1
4333	13.75	1
4334	14.75	1
4335	13.625	1
4336	12.0	1
4337	19.75	1
4338	21.5	1
4339	13.0	1
4340	14.25	1
4341	14.0	1
4342	13.0	1
4343	15.75	2
4344	13.0	1
4345	13.75	1
4346	17.25	1
4347	13.75	1
4348	13.625	1
4349	15.75	1
4350	13.875	1
4351	13.0	1
4352	24.5	1
4353	22.0	1
4354	17.0	1
4355	15.125	1
4356	14.125	1
4357	13.375	1
4358	13.5	1
4359	12.5	1
4360	13.75	1
4361	11.375	1
4362	12.125	1
4363	13.25	1
4364	13.5	1
4365	14.125	1
4366	12.5	1
4367	14.25	1
4368	14.125	1
4369	12.5	1
4370	13.125	1
4371	14.625	1
4372	19.0	1
4373	12.625	1
4374	16.0	1
4375	14.25	1
4376	14.875	1
4377	13.5	1
4378	14.25	1
4379	27.625	1
4380	11.75	1
4381	11.75	1
4382	15.0	1
4383	25.125	1
4384	14.75	1
4385	16.0	1
4386	12.5	1
4387	19.75	1
4388	15.875	1
4389	12.5	1
4390	16.5	1
4391	12.0	1
4392	37.125	1
4393	12.5	1
4394	24.375	1
4395	12.75	1
4396	16.0	1
4397	14.25	1
4398	15.25	1
4399	14.75	1
4400	14.75	1
4401	12.0	1
4402	18.5	1
4403	14.25	1
4404	13.0	1
4405	20.75	1
4406	14.25	1
4407	14.875	1
4408	13.5	1
4409	12.25	1
4410	15.75	1
4411	13.125	1
4412	21.5	1
4413	26.5	1
4414	16.75	1
4415	17.0	1
4416	12.5	1
4417	15.375	1
4418	13.75	1
4419	14.75	1
4420	13.375	1
4421	18.5	1
4422	12.25	1
4423	14.0	1
4424	13.0	1
4425	14.5	1
4426	14.0	1
4427	13.625	1
4428	12.5	1
4429	13.875	1
4430	14.125	1
4431	12.125	1
4432	14.5	1
4433	13.5	1
4434	13.375	1
4435	12.25	1
4436	12.75	1
4437	13.625	1
4438	13.375	1
4439	14.75	1
4440	12.75	1
4441	14.25	1
4442	12.5	1
4443	16.0	1
4444	12.25	1
4445	42.875	1
4446	13.5	1
4447	19.625	1
4448	16.75	1
4449	16.625	1
4450	19.875	1
4451	14.875	1
4452	13.5	1
4453	19.0	1
4454	13.125	1
4455	11.75	1
4456	13.375	1
4457	14.25	1
4458	13.375	1
4459	13.0	1
4460	20.75	1
4461	13.0	1
4462	15.25	1
4463	25.625	1
4464	14.25	1
4465	12.0	1
4466	18.75	1
4467	25.5	1
4468	24.0	1
4469	16.0	1
4470	13.75	1
4471	25.25	1
4472	13.5	1
4473	12.0	1
4474	13.375	1
4475	25.375	1
4476	13.0	1
4477	13.5	1
4478	13.625	1
4479	14.125	1
4480	21.625	1
4481	15.625	1
4482	12.0	1
4483	20.75	1
4484	13.5	1
4485	13.375	1
4486	13.875	1
4487	13.625	1
4488	13.5	1
4489	14.125	1
4490	16.0	1
4491	20.25	1
4492	15.625	1
4493	13.375	1
4494	14.0	1
4495	17.25	1
4496	12.5	1
4497	28.25	1
4498	17.125	2
4499	14.0	1
4500	19.625	1
4501	18.25	1
4502	16.25	1
4503	13.375	1
4504	12.75	1
4505	19.75	1
4506	12.75	1
4507	22.0	1
4508	16.25	1
4509	13.5	1
4510	11.25	1
4511	14.75	1
4512	15.25	1
4513	17.25	1
4514	27.25	1
4515	20.5	1
4516	21.125	1
4517	14.5	1
4518	19.5	1
4519	13.5	1
4520	13.25	1
4521	13.0	1
4522	19.625	1
4523	16.0	1
4524	13.125	1
4525	24.375	1
4526	14.25	1
4527	13.25	1
4528	14.125	1
4529	12.25	1
4530	14.5	1
4531	24.875	1
4532	13.125	1
4533	14.125	1
4534	16.25	1
4535	16.25	1
4536	12.0	1
4537	13.25	1
4538	20.75	1
4539	13.375	1
4540	14.25	1
4541	22.75	1
4542	14.0	1
4543	17.75	1
4544	27.5	1
4545	13.375	1
4546	18.75	1
4547	11.5	1
4548	13.625	1
4549	14.5	2
4550	15.375	1
4551	22.125	1
4552	14.25	1
4553	13.625	1
4554	22.75	1
4555	12.0	1
4556	14.125	1
4557	15.0	2
4558	19.25	1
4559	12.0	1
4560	14.5	1
4561	14.0	1
4562	19.5	1
4563	14.0	1
4564	14.0	1
4565	13.875	1
4566	16.75	1
4567	12.75	1
4568	15.75	1
4569	13.5	1
4570	14.75	1
4571	13.5	1
4572	13.25	1
4573	23.0	1
4574	14.5	1
4575	25.0	1
4576	12.375	1
4577	13.5	1
4578	15.25	1
4579	17.625	1
4580	12.875	1
4581	22.875	1
4582	13.75	1
4583	14.5	1
4584	13.25	1
4585	18.375	1
4586	14.5	1
4587	21.0	1
4588	14.375	1
4589	15.75	1
4590	11.5	1
4591	15.625	1
4592	13.75	1
4593	12.75	1
4594	13.375	1
4595	15.5	1
4596	12.5	1
4597	14.25	1
4598	14.5	1
4599	15.5	2
4600	14.625	1
4601	13.5	1
4602	13.75	1
4603	13.25	1
4604	17.5	1
4605	13.75	1
4606	18.75	1
4607	18.5	1
4608	14.375	1
4609	14.25	1
4610	20.25	1
4611	13.375	1
4612	12.75	1
4613	11.25	1
4614	13.875	1
4615	14.25	1
4616	12.75	1
4617	13.25	1
4618	13.375	1
4619	18.25	1
4620	12.5	1
4621	11.875	1
4622	13.25	1
4623	13.75	1
4624	13.375	1
4625	14.25	1
4626	32.75	1
4627	13.875	1
4628	19.75	1
4629	12.25	1
4630	15.25	1
4631	23.5	1
4632	13.125	1
4633	12.75	1
4634	15.25	1
4635	13.5	1
4636	13.375	1
4637	15.25	1
4638	23.5	1
4639	14.5	1
4640	14.25	1
4641	12.625	1
4642	24.25	1
4643	13.5	1
4644	13.0	1
4645	22.5	1
4646	17.5	1
4647	14.75	1
4648	14.25	1
4649	13.125	1
4650	14.5	1
4651	12.0	1
4652	14.75	1
4653	12.125	1
4654	18.75	1
4655	20.25	1
4656	14.5	1
4657	17.5	3
4658	13.875	1
4659	17.0	1
4660	14.25	1
4661	16.75	1
4662	10.75	1
4663	20.875	1
4664	14.125	1
4665	14.75	1
4666	16.75	1
4667	15.25	1
4668	13.25	1
4669	14.5	1
4670	14.25	1
4671	13.625	1
4672	12.375	1
4673	13.375	1
4674	23.75	1
4675	11.75	1
4676	16.5	1
4677	13.625	1
4678	14.25	1
4679	13.75	1
4680	12.75	1
4681	14.25	1
4682	22.25	1
4683	12.75	1
4684	12.5	1
4685	18.75	1
4686	17.5	1
4687	33.0	1
4688	11.25	1
4689	12.75	1
4690	13.625	1
4691	12.0	1
4692	17.5	1
4693	19.75	1
4694	12.75	1
4695	13.375	1
4696	15.375	1
4697	12.625	1
4698	14.0	1
4699	17.75	1
4700	35.875	1
4701	13.625	1
4702	13.5	1
4703	13.0	1
4704	14.25	1
4705	12.75	1
4706	17.125	1
4707	31.5	1
4708	16.5	1
4709	13.75	1
4710	21.0	1
4711	14.25	1
4712	13.375	1
4713	14.125	1
4714	13.625	1
4715	14.5	1
4716	15.75	1
4717	20.0	1
4718	21.5	1
4719	12.75	1
4720	13.5	1
4721	14.5	1
4722	16.5	1
4723	26.375	1
4724	20.625	1
4725	22.0	1
4726	16.5	1
4727	24.25	1
4728	14.75	1
4729	14.75	1
4730	15.5	1
4731	14.25	1
4732	12.25	1
4733	14.25	1
4734	14.75	1
4735	14.875	1
4736	14.25	1
4737	14.5	1
4738	14.0	1
4739	14.375	1
4740	16.75	1
4741	21.25	1
4742	14.25	1
4743	12.75	1
4744	13.25	1
4745	13.375	1
4746	18.25	1
4747	13.75	1
4748	11.5	1
4749	11.75	1
4750	14.125	1
4751	12.0	1
4752	16.25	1
4753	14.0	1
4754	11.0	1
4755	14.0	1
4756	12.25	1
4757	13.75	1
4758	13.75	1
4759	15.0	1
4760	13.125	1
4761	12.875	1
4762	14.25	1
4763	11.5	1
4764	14.0	1
4765	13.375	1
4766	23.625	1
4767	15.875	1
4768	13.125	1
4769	19.5	1
4770	13.0	1
4771	13.5	1
4772	15.75	1
4773	18.125	1
4774	14.0	1
4775	15.25	1
4776	18.5	1
4777	13.5	1
4778	12.25	1
4779	17.75	1
4780	20.875	1
4781	13.75	1
4782	13.75	1
4783	14.25	1
4784	14.75	1
4785	17.5	1
4786	12.875	1
4787	12.5	1
4788	15.0	1
4789	16.75	1
4790	11.75	1
4791	14.75	1
4792	13.625	1
4793	12.5	1
4794	26.125	1
4795	18.125	1
4796	14.375	1
4797	17.875	1
4798	16.625	1
4799	13.375	1
4800	13.5	1
4801	13.5	1
4802	24.75	1
4803	12.75	1
4804	21.75	1
4805	29.25	1
4806	18.5	1
4807	12.375	1
4808	13.75	1
4809	26.0	1
4810	14.25	1
4811	12.875	1
4812	14.625	1
4813	13.0	1
4814	16.0	1
4815	13.0	1
4816	16.625	1
4817	13.0	1
4818	16.5	1
4819	26.0	1
4820	13.75	1
4821	17.5	1
4822	17.0	1
4823	14.0	1
4824	15.125	1
4825	13.75	1
4826	14.0	1
4827	14.375	1
4828	20.0	1
4829	11.625	1
4830	13.625	1
4831	14.5	1
4832	12.0	1
4833	13.75	1
4834	14.0	1
4835	14.875	1
4836	15.75	1
4837	12.75	1
4838	13.25	1
4839	13.25	1
4840	12.75	1
4841	14.25	1
4842	14.375	1
4843	16.25	1
4844	16.875	1
4845	21.0	1
4846	12.75	1
4847	14.25	1
4848	17.0	1
4849	15.125	1
4850	14.25	1
4851	15.25	1
4852	21.25	1
4853	14.0	1
4854	12.75	1
4855	13.0	1
4856	17.0	1
4857	13.25	1
4858	19.5	1
4859	14.75	1
4860	13.625	1
4861	12.75	1
4862	14.625	1
4863	13.375	1
4864	16.25	1
4865	15.0	1
4866	12.75	1
4867	15.875	1
4868	13.375	1
4869	22.75	1
4870	14.0	1
4871	13.375	1
4872	12.75	1
4873	16.375	1
4874	13.75	1
4875	12.875	1
4876	12.5	1
4877	14.75	1
4878	16.25	1
4879	13.5	1
4880	14.5	1
4881	14.875	1
4882	19.75	1
4883	15.0	1
4884	13.75	1
4885	15.125	1
4886	13.75	1
4887	14.25	1
4888	13.75	1
4889	13.5	1
4890	16.0	1
4891	11.0	1
4892	13.75	1
4893	13.5	1
4894	15.75	1
4895	27.875	1
4896	12.125	1
4897	21.125	1
4898	11.375	1
4899	12.875	1
4900	13.125	1
4901	13.75	1
4902	14.0	1
4903	13.5	1
4904	11.25	1
4905	14.75	1
4906	14.25	1
4907	14.25	1
4908	12.0	1
4909	13.0	1
4910	14.75	1
4911	15.25	1
4912	13.5	1
4913	13.5	1
4914	13.0	1
4915	14.5	1
4916	17.0	1
4917	14.125	1
4918	22.75	1
4919	12.25	1
4920	18.0	1
4921	13.5	1
4922	13.75	1
4923	13.5	1
4924	13.125	1
4925	14.0	1
4926	14.75	1
4927	13.375	1
4928	13.5	1
4929	12.625	1
4930	15.25	1
4931	13.375	1
4932	19.0	1
4933	13.5	1
4934	13.25	1
4935	12.75	1
4936	29.25	1
4937	22.25	1
4938	12.625	1
4939	22.5	1
4940	13.125	1
4941	16.875	1
4942	12.25	1
4943	13.75	1
4944	12.875	1
4945	12.0	1
4946	12.75	1
4947	14.375	1
4948	14.375	1
4949	19.5	1
4950	15.375	2
4951	25.75	1
4952	18.5	1
4953	13.25	1
4954	14.25	1
4955	14.375	1
4956	12.875	1
4957	12.625	1
4958	14.25	1
4959	15.875	1
4960	14.25	1
4961	13.25	1
4962	13.0	1
4963	12.375	1
4964	12.875	1
4965	15.5	1
4966	13.0	1
4967	28.875	1
4968	14.0	1
4969	14.0	1
4970	10.625	1
4971	12.25	1
4972	13.25	1
4973	19.75	1
4974	20.625	1
4975	11.875	1
4976	15.5	1
4977	14.0	1
4978	18.5	1
4979	13.375	1
4980	14.25	1
4981	13.875	1
4982	13.0	1
4983	13.25	1
4984	31.375	1
4985	15.0	1
4986	21.5	1
4987	19.75	1
4988	14.0	1
4989	15.375	1
4990	12.625	1
4991	16.5	1
4992	13.875	1
4993	20.375	1
4994	13.125	1
4995	16.0	1
4996	12.25	1
4997	13.25	1
4998	12.5	1
4999	14.125	1
5000	12.125	1
5001	21.75	1
5002	14.5	1
5003	15.25	1
5004	16.875	1
5005	21.75	1
5006	17.25	1
5007	14.75	1
5008	19.75	1
5009	18.75	1
5010	14.625	1
5011	15.5	1
5012	11.75	1
5013	11.5	1
5014	28.25	1
5015	13.25	1
5016	13.0	1
5017	13.0	1
5018	12.0	1
5019	13.125	1
5020	14.25	1
5021	14.25	1
5022	14.5	1
5023	12.625	1
5024	13.5	1
5025	14.5	1
5026	16.5	1
5027	13.25	1
5028	11.5	1
5029	13.5	1
5030	13.375	1
5031	17.25	1
5032	18.0	1
5033	14.5	1
5034	13.375	1
5035	18.75	1
5036	14.25	1
5037	16.875	1
5038	11.625	1
5039	13.25	1
5040	22.25	1
5041	13.75	1
5042	12.75	1
5043	47.875	1
5044	18.0	1
5045	12.25	1
5046	11.625	1
5047	14.5	1
5048	12.875	1
5049	21.25	1
5050	16.75	1
5051	26.25	1
5052	13.75	1
5053	20.75	1
5054	15.0	1
5055	15.0	1
5056	26.25	1
5057	12.125	1
5058	12.625	1
5059	16.75	1
5060	14.25	1
5061	14.25	1
5062	12.75	1
5063	12.875	1
5064	14.75	1
5065	26.5	1
5066	16.0	1
5067	15.75	1
5068	16.75	1
5069	15.5	1
5070	12.875	1
5071	14.25	1
5072	14.75	1
5073	16.5	1
5074	14.0	1
5075	16.875	1
5076	13.25	1
5077	18.25	1
5078	14.75	1
5079	13.875	1
5080	19.5	1
5081	16.75	1
5082	17.875	1
5083	27.375	1
5084	14.75	1
5085	20.75	1
5086	15.5	1
5087	15.5	3
5088	13.75	1
5089	13.5	1
5090	13.0	1
5091	13.25	1
5092	13.875	1
5093	12.5	1
5094	15.5	1
5095	14.625	1
5096	12.875	1
5097	11.125	1
5098	12.0	1
5099	23.875	1
5100	19.625	1
5101	15.125	1
5102	15.25	1
5103	12.5	1
5104	21.0	1
5105	16.625	1
5106	13.5	1
5107	12.625	1
5108	13.5	1
5109	12.75	1
5110	14.375	1
5111	17.25	1
5112	14.0	1
5113	33.125	1
5114	12.625	1
5115	13.25	1
5116	18.5	1
5117	16.5	1
5118	12.0	1
5119	14.125	1
5120	13.375	1
5121	13.625	1
5122	12.75	1
5123	30.25	1
5124	15.5	1
5125	13.375	1
5126	20.25	1
5127	20.5	1
5128	14.75	1
5129	19.0	1
5130	21.0	1
5131	14.75	1
5132	15.125	1
5133	14.0	1
5134	14.5	1
5135	13.875	1
5136	17.25	1
5137	24.0	1
5138	13.125	1
5139	14.5	1
5140	14.25	1
5141	14.25	1
5142	12.75	1
5143	14.25	1
5144	13.375	1
5145	24.0	1
5146	14.75	1
5147	13.0	1
5148	13.5	1
5149	23.75	1
5150	22.125	1
5151	14.25	1
5152	14.25	1
5153	13.75	1
5154	13.5	1
5155	22.75	1
5156	13.875	1
5157	11.625	1
5158	23.0	1
5159	12.5	1
5160	13.5	1
5161	16.5	1
5162	13.0	1
5163	13.625	1
5164	15.25	1
5165	13.375	1
5166	19.75	1
5167	13.25	1
5168	44.75	1
5169	15.0	1
5170	20.5	1
5171	15.75	1
5172	12.875	1
5173	18.5	1
5174	16.25	1
5175	15.125	1
5176	14.125	1
5177	12.375	1
5178	14.125	1
5179	14.0	1
5180	18.0	1
5181	18.5	1
5182	12.75	1
5183	16.75	1
5184	12.375	1
5185	16.75	1
5186	12.75	1
5187	18.5	1
5188	14.5	1
5189	27.875	1
5190	16.75	1
5191	13.0	1
5192	13.25	1
5193	12.75	1
5194	12.625	1
5195	22.0	1
5196	26.375	1
5197	14.0	1
5198	13.125	1
5199	13.75	1
5200	11.75	1
5201	14.25	1
5202	24.75	1
5203	14.5	1
5204	12.75	1
5205	12.625	1
5206	13.625	1
5207	13.25	1
5208	15.25	1
5209	17.5	1
5210	14.75	1
5211	12.875	1
5212	13.125	1
5213	24.75	1
5214	25.0	1
5215	14.0	1
5216	13.5	1
5217	14.25	1
5218	16.5	1
5219	13.125	1
5220	14.875	1
5221	14.0	1
5222	14.5	1
5223	14.0	1
5224	13.5	1
5225	13.0	1
5226	18.25	1
5227	14.25	1
5228	13.5	2
5229	13.75	1
5230	21.5	1
5231	11.75	1
5232	14.0	1
5233	17.125	1
5234	13.5	1
5235	12.0	1
5236	13.125	1
5237	13.125	1
5238	13.75	1
5239	13.375	1
5240	14.75	1
5241	14.0	1
5242	16.0	1
5243	14.75	1
5244	14.25	1
5245	13.5	1
5246	12.75	1
5247	12.875	1
5248	16.5	1
5249	12.625	1
5250	14.625	1
5251	15.0	1
5252	12.75	1
5253	13.5	1
5254	22.5	1
5255	14.125	1
5256	14.5	1
5257	13.625	1
5258	13.25	1
5259	15.625	1
5260	19.75	1
5261	15.5	1
5262	12.5	1
5263	13.125	1
5264	16.875	1
5265	18.75	1
5266	15.5	1
5267	13.5	1
5268	12.5	1
5269	14.875	1
5270	14.25	1
5271	18.75	1
5272	13.75	1
5273	14.5	1
5274	14.125	1
5275	22.625	1
5276	12.5	1
5277	12.5	1
5278	18.5	1
5279	13.75	1
5280	18.5	1
5281	13.125	1
5282	13.5	1
5283	13.125	1
5284	11.75	1
5285	13.625	1
5286	25.0	1
5287	13.5	1
5288	20.5	1
5289	13.25	1
5290	13.5	1
5291	16.875	1
5292	19.5	1
5293	18.125	3
5294	13.375	1
5295	15.625	1
5296	13.0	1
5297	16.75	1
5298	11.0	1
5299	15.25	1
5300	14.5	1
5301	12.125	1
5302	14.5	1
5303	14.375	1
5304	14.25	1
5305	13.125	1
5306	13.125	1
5307	14.375	1
5308	14.25	1
5309	13.125	1
5310	13.375	1
5311	12.25	1
5312	15.0	1
5313	11.75	1
5314	13.25	1
5315	13.75	1
5316	15.5	1
5317	11.75	1
5318	15.5	1
5319	22.375	1
5320	13.125	1
5321	11.25	1
5322	12.75	1
5323	13.75	1
5324	12.875	1
5325	16.25	1
5326	14.25	1
5327	26.125	1
5328	18.625	1
5329	16.0	1
5330	14.5	1
5331	13.125	1
5332	13.875	1
5333	13.0	1
5334	13.75	1
5335	17.0	1
5336	12.5	1
5337	14.0	1
5338	14.25	1
5339	14.375	1
5340	14.0	1
5341	14.25	1
5342	13.25	1
5343	14.25	1
5344	25.0	1
5345	21.75	1
5346	13.25	1
5347	14.875	1
5348	13.375	1
5349	14.0	1
5350	14.25	1
5351	12.5	1
5352	13.75	1
5353	12.375	1
5354	14.0	1
5355	13.5	1
5356	13.875	1
5357	17.125	1
5358	13.5	1
5359	13.0	1
5360	11.5	1
5361	12.5	1
5362	13.375	1
5363	15.375	1
5364	14.0	1
5365	14.625	1
5366	17.75	1
5367	26.75	1
5368	15.125	1
5369	15.0	1
5370	13.5	1
5371	13.125	1
5372	25.25	1
5373	11.625	1
5374	17.5	1
5375	14.875	1
5376	12.625	1
5377	12.5	1
5378	13.5	1
5379	13.25	1
5380	24.625	1
5381	14.75	1
5382	14.5	1
5383	13.125	1
5384	13.5	1
5385	13.5	1
5386	16.5	1
5387	12.875	1
5388	13.75	1
5389	14.125	1
5390	13.625	1
5391	11.75	1
5392	17.0	1
5393	14.375	1
5394	13.5	1
5395	14.375	1
5396	14.25	1
5397	13.5	1
5398	13.375	1
5399	14.5	1
5400	14.5	1
5401	62.875	1
5402	17.0	1
5403	14.5	1
5404	13.375	1
5405	16.0	1
5406	14.5	1
5407	11.0	1
5408	13.125	1
5409	13.25	1
5410	12.25	1
5411	14.75	2
5412	13.0	1
5413	12.875	1
5414	14.25	1
5415	10.875	1
5416	13.5	1
5417	21.75	1
5418	14.125	1
5419	27.625	1
5420	20.625	1
5421	14.875	1
5422	18.125	1
5423	13.875	1
5424	15.0	1
5425	14.5	1
5426	14.75	1
5427	14.125	1
5428	12.5	1
5429	14.25	1
5430	13.25	1
5431	21.75	1
5432	26.75	1
5433	13.75	1
5434	15.5	1
5435	12.5	1
5436	19.625	1
5437	12.5	1
5438	14.5	1
5439	13.0	1
5440	12.75	1
5441	21.0	1
5442	19.5	1
5443	14.125	1
5444	13.5	1
5445	11.75	1
5446	14.75	1
5447	13.5	1
5448	14.25	1
5449	12.5	1
5450	14.5	1
5451	11.75	1
5452	14.75	1
5453	16.625	1
5454	16.75	1
5455	15.25	1
5456	14.0	1
5457	14.25	1
5458	13.75	1
5459	14.75	1
5460	14.0	1
5461	12.0	1
5462	17.625	1
5463	13.25	1
5464	13.375	1
5465	14.125	1
5466	26.25	1
5467	20.25	1
5468	14.25	1
5469	25.125	1
5470	15.0	1
5471	14.0	1
5472	12.0	1
5473	12.0	1
5474	12.625	1
5475	16.5	1
5476	13.125	1
5477	12.75	1
5478	13.0	1
5479	20.75	1
5480	12.5	1
5481	13.75	1
5482	13.5	1
5483	24.125	1
5484	13.375	1
5485	12.5	1
5486	14.5	1
5487	14.0	1
5488	12.875	1
5489	13.0	1
5490	13.25	1
5491	12.25	1
5492	18.5	1
5493	13.25	1
5494	16.0	1
5495	14.0	1
5496	15.0	1
5497	12.375	1
5498	13.375	1
5499	19.5	1
5500	12.625	1
5501	15.625	1
5502	14.875	1
5503	14.25	1
5504	14.5	1
5505	16.25	1
5506	14.0	1
5507	13.5	1
5508	18.75	1
5509	12.75	1
5510	15.0	1
5511	13.5	1
5512	13.125	1
5513	14.25	1
5514	18.125	1
5515	21.0	2
5516	12.75	1
5517	20.5	1
5518	15.25	1
5519	14.375	1
5520	13.0	1
5521	16.0	1
5522	22.25	1
5523	15.625	1
5524	21.5	1
5525	11.75	1
5526	13.5	1
5527	15.25	1
5528	14.0	1
5529	13.375	1
5530	13.375	1
5531	13.0	1
5532	14.25	1
5533	13.75	1
5534	14.5	1
5535	17.125	1
5536	18.0	1
5537	18.0	1
5538	12.25	1
5539	20.125	1
5540	16.0	1
5541	17.75	1
5542	13.75	1
5543	13.375	1
5544	13.0	1
5545	12.125	1
5546	14.25	1
5547	13.625	1
5548	19.875	1
5549	13.75	1
5550	26.625	1
5551	12.25	1
5552	14.5	1
5553	14.125	1
5554	14.75	2
5555	15.125	1
5556	12.125	1
5557	17.5	1
5558	14.5	1
5559	13.5	1
5560	13.75	1
5561	13.75	1
5562	17.375	1
5563	20.5	1
5564	26.375	1
5565	14.25	1
5566	21.5	1
5567	14.5	1
5568	12.875	1
5569	14.0	1
5570	16.25	1
5571	15.25	1
5572	12.75	1
5573	13.375	1
5574	13.25	1
5575	14.625	1
5576	13.25	1
5577	12.5	1
5578	14.75	1
5579	15.75	1
5580	16.5	1
5581	21.375	1
5582	15.5	1
5583	21.75	1
5584	19.375	1
5585	15.75	1
5586	13.75	1
5587	14.75	1
5588	13.75	1
5589	13.125	1
5590	12.5	1
5591	24.375	1
5592	14.5	1
5593	13.75	1
5594	13.5	1
5595	13.125	1
5596	17.5	1
5597	13.0	1
5598	16.75	1
5599	13.25	1
5600	14.5	1
5601	14.0	1
5602	16.125	1
5603	20.5	1
5604	13.0	1
5605	16.375	1
5606	12.625	1
5607	14.375	1
5608	23.5	1
5609	14.625	1
5610	14.5	1
5611	13.5	1
5612	13.25	1
5613	24.25	1
5614	13.0	1
5615	13.5	1
5616	13.5	1
5617	13.0	1
5618	12.625	1
5619	12.875	1
5620	23.0	1
5621	13.5	1
5622	12.75	1
5623	12.0	1
5624	14.5	1
5625	13.0	1
5626	24.5	1
5627	13.125	1
5628	13.25	1
5629	18.5	1
5630	15.25	1
5631	14.25	1
5632	14.5	1
5633	18.75	1
5634	13.375	1
5635	16.5	1
5636	17.25	1
5637	13.375	1
5638	13.375	1
5639	14.0	1
5640	15.75	1
5641	15.625	1
5642	13.125	1
5643	13.0	1
5644	20.75	1
5645	11.625	1
5646	20.0	1
5647	15.0	1
5648	11.5	1
5649	13.25	1
5650	11.625	1
5651	13.125	1
5652	13.5	1
5653	13.5	1
5654	14.125	1
5655	13.25	1
5656	14.0	1
5657	14.5	1
5658	14.0	1
5659	13.625	1
5660	12.0	1
5661	15.125	1
5662	12.0	1
5663	19.75	1
5664	14.25	1
5665	25.125	1
5666	17.875	1
5667	12.25	1
5668	15.0	1
5669	15.5	1
5670	14.25	1
5671	13.0	1
5672	14.5	1
5673	13.75	1
5674	14.75	1
5675	13.125	1
5676	13.375	1
5677	27.625	1
5678	12.625	1
5679	14.625	1
5680	15.5	1
5681	13.75	1
5682	15.625	1
5683	17.875	1
5684	13.25	1
5685	11.75	1
5686	13.75	1
5687	12.75	1
5688	13.5	1
5689	14.75	1
5690	13.0	1
5691	14.0	1
5692	22.5	1
5693	14.625	1
5694	16.0	1
5695	24.25	1
5696	31.5	1
5697	20.5	1
5698	21.25	1
5699	19.75	1
5700	13.25	1
5701	14.25	1
5702	14.125	1
5703	14.25	1
5704	35.75	1
5705	27.125	1
5706	14.25	1
5707	13.125	1
5708	13.125	1
5709	20.75	1
5710	16.0	1
5711	15.25	1
5712	20.75	1
5713	12.875	1
5714	13.5	1
5715	19.0	1
5716	14.25	1
5717	23.875	1
5718	33.0	1
5719	13.25	1
5720	14.25	1
5721	12.5	1
5722	18.75	1
5723	14.125	1
5724	12.75	1
5725	18.25	1
5726	15.0	1
5727	14.5	1
5728	14.5	1
5729	13.75	1
5730	13.25	1
5731	17.875	1
5732	14.75	1
5733	16.75	1
5734	17.375	1
5735	14.5	1
5736	15.875	1
5737	18.0	1
5738	14.0	1
5739	14.75	1
5740	13.0	1
5741	13.0	1
5742	12.5	1
5743	18.5	1
5744	13.5	1
5745	13.625	1
5746	21.875	1
5747	13.25	1
5748	15.0	1
5749	13.625	1
5750	13.25	1
5751	13.75	1
5752	12.5	1
5753	17.0	1
5754	13.375	1
5755	25.5	1
5756	13.625	1
5757	16.75	1
5758	13.25	2
5759	14.375	1
5760	16.0	1
5761	12.375	1
5762	12.625	1
5763	14.25	1
5764	13.375	1
5765	13.75	3
5766	12.875	1
5767	13.75	1
5768	17.625	1
5769	11.75	1
5770	13.375	1
5771	27.375	1
5772	14.5	1
5773	13.625	1
5774	14.5	1
5775	13.125	1
5776	15.5	1
5777	13.75	1
5778	32.5	1
5779	19.875	1
5780	14.75	1
5781	18.875	1
5782	12.25	1
5783	26.125	1
5784	15.125	1
5785	21.5	1
5786	13.125	1
5787	12.75	1
5788	15.375	1
5789	31.25	1
5790	13.125	1
5791	13.0	1
5792	12.25	1
5793	13.75	1
5794	15.25	1
5795	15.125	1
5796	14.5	1
5797	12.75	1
5798	16.125	1
5799	13.375	1
5800	19.5	1
5801	20.5	1
5802	13.875	1
5803	20.25	3
5804	13.375	1
5805	22.25	1
5806	14.25	1
5807	17.25	1
5808	11.5	1
5809	13.125	1
5810	12.75	1
5811	14.5	1
5812	12.5	1
5813	14.25	1
5814	13.0	1
5815	14.125	1
5816	20.0	1
5817	18.25	1
5818	16.625	1
5819	14.625	1
5820	12.875	1
5821	20.0	1
5822	12.75	1
5823	14.25	1
5824	13.375	1
5825	12.0	1
5826	15.625	1
5827	13.25	1
5828	14.625	1
5829	21.25	1
5830	12.0	1
5831	14.375	1
5832	15.5	1
5833	14.75	1
5834	13.5	1
5835	16.625	1
5836	18.5	1
5837	14.25	1
5838	14.0	1
5839	14.375	1
5840	16.5	1
5841	13.75	1
5842	12.75	1
5843	18.5	1
5844	11.75	1
5845	14.25	1
5846	14.5	1
5847	12.0	1
5848	12.25	1
5849	18.125	1
5850	12.5	1
5851	14.375	1
5852	14.5	1
5853	14.0	1
5854	13.75	1
5855	22.125	1
5856	18.125	1
5857	12.75	1
5858	12.5	1
5859	15.75	3
5860	16.75	1
5861	13.25	1
5862	14.25	1
5863	13.875	1
5864	21.25	1
5865	18.75	1
5866	11.75	1
5867	17.0	1
5868	11.75	1
5869	16.0	1
5870	13.5	1
5871	16.0	1
5872	13.875	1
5873	13.5	1
5874	13.0	1
5875	13.5	1
5876	14.25	1
5877	22.25	1
5878	17.5	1
5879	16.75	1
5880	21.25	1
5881	14.875	1
5882	16.75	1
5883	19.5	1
5884	14.375	1
5885	12.0	1
5886	12.125	1
5887	21.75	1
5888	24.375	1
5889	14.375	1
5890	17.75	1
5891	13.375	1
5892	13.25	1
5893	22.0	1
5894	19.5	1
5895	15.5	1
5896	14.25	1
5897	24.0	1
5898	16.25	1
5899	14.0	1
5900	12.5	1
5901	20.0	1
5902	16.25	1
5903	14.25	1
5904	13.125	1
5905	13.25	1
5906	17.75	1
5907	13.25	1
5908	22.5	1
5909	12.5	1
5910	17.0	1
5911	19.25	1
5912	20.75	1
5913	16.25	1
5914	13.625	1
5915	13.5	1
5916	12.125	1
5917	13.75	2
5918	60.0	1
5919	12.875	1
5920	12.0	1
5921	19.75	1
5922	16.375	1
5923	21.75	1
5924	14.75	1
5925	17.5	1
5926	12.375	1
5927	14.5	1
5928	13.25	1
5929	15.125	1
5930	19.75	1
5931	13.375	1
5932	14.0	1
5933	11.25	1
5934	19.0	1
5935	24.0	1
5936	12.5	1
5937	13.25	1
5938	12.625	1
5939	14.125	1
5940	16.75	1
5941	22.5	1
5942	14.5	1
5943	16.875	1
5944	13.5	1
5945	15.625	1
5946	12.625	1
5947	15.5	1
5948	14.5	1
5949	14.5	1
5950	12.75	1
5951	17.0	1
5952	16.5	1
5953	14.25	1
5954	14.25	1
5955	12.75	1
5956	14.625	1
5957	16.5	1
5958	17.25	1
5959	34.625	1
5960	12.375	1
5961	35.375	2
5962	13.5	1
5963	13.25	1
5964	13.125	1
5965	13.5	1
5966	14.625	1
5967	20.5	1
5968	15.0	1
5969	13.625	1
5970	12.625	1
5971	13.25	1
5972	33.375	1
5973	15.25	1
5974	12.5	1
5975	12.625	1
5976	23.0	1
5977	13.0	1
5978	13.0	1
5979	14.25	1
5980	14.5	1
5981	14.25	1
5982	16.5	1
5983	14.25	1
5984	13.75	1
5985	14.0	1
5986	13.375	1
5987	25.0	1
5988	13.25	1
5989	14.25	1
5990	13.25	1
5991	18.25	1
5992	14.5	1
5993	22.75	1
5994	11.5	1
5995	26.625	1
5996	13.75	1
5997	15.0	1
5998	16.75	1
5999	14.125	1
6000	14.75	1
6001	12.875	1
6002	13.625	1
6003	12.125	1
6004	12.875	1
6005	12.5	1
6006	15.125	1
6007	13.75	1
6008	15.75	1
6009	13.375	1
6010	13.625	1
6011	13.75	1
6012	23.75	1
6013	12.125	1
6014	13.375	1
6015	27.0	1
6016	12.25	1
6017	14.25	1
6018	14.5	1
6019	13.25	1
6020	22.75	1
6021	13.0	1
6022	15.0	1
6023	13.0	1
6024	14.25	1
6025	13.0	1
6026	13.0	1
6027	14.5	1
6028	20.75	1
6029	12.5	1
6030	13.625	1
6031	29.375	1
6032	12.75	1
6033	14.75	1
6034	19.875	1
6035	12.625	1
6036	13.25	1
6037	13.0	1
6038	14.5	1
6039	14.125	1
6040	13.75	1
6041	13.25	1
6042	14.0	2
6043	13.5	1
6044	13.375	1
6045	12.75	1
6046	14.5	1
6047	14.25	1
6048	14.875	1
6049	20.0	1
6050	12.75	1
6051	34.125	1
6052	19.0	1
6053	12.0	1
6054	20.875	1
6055	16.875	1
6056	16.25	1
6057	14.625	1
6058	14.75	1
6059	14.125	1
6060	12.875	1
6061	16.75	1
6062	15.75	1
6063	12.75	1
6064	17.75	1
6065	14.875	1
6066	14.625	1
6067	22.625	1
6068	14.25	1
6069	20.0	1
6070	15.0	1
6071	12.75	1
6072	14.75	1
6073	12.5	1
6074	12.0	1
6075	14.625	1
6076	19.75	1
6077	16.25	1
6078	13.5	1
6079	13.75	1
6080	13.0	1
6081	12.625	1
6082	17.875	1
6083	14.25	1
6084	12.5	1
6085	15.125	1
6086	12.5	1
6087	12.625	1
6088	19.0	1
6089	12.25	1
6090	17.0	1
6091	14.5	1
6092	22.375	1
6093	12.125	1
6094	21.75	1
6095	11.875	1
6096	20.125	1
6097	12.0	1
6098	17.5	1
6099	15.5	1
6100	17.625	1
6101	13.375	1
6102	13.75	1
6103	12.875	1
6104	11.75	1
6105	12.5	1
6106	24.875	1
6107	14.25	1
6108	14.0	1
6109	14.625	1
6110	12.0	1
6111	14.5	1
6112	13.0	1
6113	11.75	1
6114	17.0	1
6115	16.875	1
6116	15.125	1
6117	13.375	1
6118	13.5	1
6119	15.5	1
6120	27.75	1
6121	12.625	1
6122	15.125	1
6123	13.25	1
6124	23.75	1
6125	20.625	1
6126	25.5	1
6127	12.25	1
6128	16.0	1
6129	13.875	1
6130	12.25	1
6131	14.25	1
6132	13.625	1
6133	12.75	1
6134	15.5	1
6135	13.75	1
6136	14.5	1
6137	13.5	1
6138	14.25	1
6139	12.75	1
6140	17.75	1
6141	16.0	1
6142	15.25	1
6143	14.5	1
6144	13.25	1
6145	16.5	1
6146	13.0	1
6147	12.5	1
6148	12.625	1
6149	12.75	1
6150	34.875	1
6151	17.75	1
6152	16.25	1
6153	19.375	1
6154	23.0	1
6155	13.75	1
6156	20.25	1
6157	13.75	1
6158	16.625	1
6159	14.0	1
6160	15.0	1
6161	21.625	1
6162	17.75	1
6163	24.25	1
6164	14.5	1
6165	14.75	1
6166	14.5	1
6167	15.5	1
6168	19.5	1
6169	14.5	1
6170	13.75	1
6171	14.75	1
6172	22.875	1
6173	14.625	1
6174	14.375	1
6175	14.875	1
6176	14.0	1
6177	20.25	1
6178	12.75	1
6179	18.25	1
6180	14.25	1
6181	21.25	1
6182	12.5	1
6183	14.5	1
6184	13.875	1
6185	19.25	1
6186	12.5	1
6187	18.25	1
6188	12.5	1
6190	14.0	1
6191	13.75	1
6192	25.75	1
6193	19.0	1
6194	12.75	1
6195	15.25	1
6196	13.75	1
6197	14.0	1
6199	17.75	1
6200	13.0	1
6201	14.25	1
6202	12.25	1
6203	12.75	1
6204	26.75	1
6205	14.5	1
6206	27.125	1
6207	18.25	1
6208	13.75	1
6209	13.0	1
6210	13.5	1
6211	20.5	1
6212	14.5	1
6213	21.75	1
6214	13.125	1
6215	12.5	1
6216	12.25	1
6217	21.5	1
6218	12.25	1
6219	17.5	1
6220	13.375	1
6221	20.25	1
6222	13.5	1
6223	13.25	1
6224	13.5	1
6225	13.0	1
6226	15.625	1
6227	14.0	1
6228	14.75	1
6229	30.875	1
6230	13.5	1
6231	14.75	1
6232	13.75	1
6233	14.875	1
6234	13.5	1
6235	24.0	1
6236	11.5	1
6237	16.5	1
6238	19.5	1
6239	15.5	1
6240	11.5	1
6241	16.75	1
6242	13.75	1
6243	12.75	1
6244	13.0	1
6245	15.75	1
6246	22.75	1
6247	17.0	1
6248	14.0	1
6249	12.0	1
6250	14.25	1
6251	14.75	1
6252	27.75	1
6253	42.125	1
6254	14.25	1
6255	21.0	1
6256	12.0	1
6257	13.0	1
6258	14.75	1
6259	13.125	1
6260	14.5	1
6261	12.0	1
6262	14.75	1
6263	13.5	1
6264	12.75	1
6265	13.0	1
6266	11.625	1
6267	14.0	1
6268	14.75	1
6269	15.25	1
6270	14.0	1
6271	28.0	1
6272	13.25	1
6273	12.375	1
6274	17.5	1
6275	14.625	1
6276	12.5	1
6277	15.5	1
6278	12.5	1
6279	13.25	1
6280	14.375	1
6281	19.875	1
6282	20.625	1
6283	13.0	1
6284	12.75	1
6285	14.75	1
6286	13.375	1
6287	27.25	1
6288	11.875	1
6289	16.75	1
6290	14.5	1
6291	15.5	1
6292	18.75	1
6293	14.75	1
6294	13.125	1
6295	12.0	1
6296	13.25	1
6297	15.0	1
6298	12.75	1
6299	14.0	1
6300	13.75	1
6301	13.125	1
6302	20.875	1
6303	14.25	1
6304	13.375	1
6305	14.5	1
6306	16.75	1
6307	14.25	1
6308	16.5	1
6309	34.5	1
6310	13.125	1
6311	13.75	1
6312	12.625	1
6313	14.875	1
6314	13.25	1
6315	14.0	1
6316	14.25	1
6317	14.375	1
6318	15.0	1
6319	13.625	1
6320	14.5	1
6321	12.75	1
6322	13.25	1
6323	22.125	1
6324	13.25	1
6325	13.625	1
6326	13.5	1
6327	14.25	1
6328	12.25	1
6329	22.0	1
6330	12.25	1
6331	15.625	1
6332	16.375	1
6333	19.5	1
6334	16.25	1
6335	13.875	1
6336	12.125	1
6337	12.75	1
6338	13.125	1
6339	12.875	1
6340	12.375	1
6341	14.5	1
6342	16.5	1
6343	12.125	1
6344	15.5	1
6345	15.375	1
6346	11.25	1
6347	13.0	1
6348	13.25	1
6349	13.0	1
6350	13.875	1
6351	30.0	1
6352	14.75	1
6353	14.375	1
6354	13.5	1
6355	23.25	1
6356	14.0	1
6357	11.25	1
6358	13.75	1
6359	17.625	1
6360	27.25	1
6361	12.5	1
6362	15.75	1
6363	15.0	1
6364	24.5	1
6365	13.125	1
6366	13.0	1
6367	16.0	1
6368	13.25	1
6369	13.5	1
6370	12.25	1
6371	37.875	1
6372	14.125	1
6373	14.0	1
6374	13.0	1
6375	13.75	1
6376	15.25	1
6377	14.0	1
6378	13.25	1
6379	14.25	1
6380	13.0	2
6381	12.25	1
6382	27.0	1
6383	27.25	1
6384	13.625	1
6385	13.25	1
6386	14.5	1
6387	13.875	1
6388	14.625	1
6389	19.0	1
6390	12.5	1
6391	15.375	1
6392	21.25	1
6393	14.75	1
6394	13.125	1
6395	14.5	1
6396	17.0	1
6397	13.5	1
6398	27.625	1
6399	13.25	1
6400	15.875	1
6401	12.25	1
6402	13.375	1
6403	12.75	1
6404	15.625	1
6405	13.0	1
6406	14.25	1
6407	14.875	1
6408	13.25	1
6409	14.75	1
6410	16.25	1
6411	18.25	1
6412	13.5	1
6413	14.125	1
6414	13.25	1
6415	61.625	1
6416	13.0	1
6417	14.875	1
6418	14.875	1
6419	18.125	1
6420	14.125	1
6421	12.375	1
6422	13.625	1
6423	13.75	1
6424	17.0	1
6425	15.625	1
6426	17.5	1
6427	12.0	1
6428	17.0	1
6429	13.75	1
6430	14.375	1
6431	14.0	1
6432	15.0	1
6433	15.25	1
6434	14.0	1
6435	14.25	1
6436	14.125	1
6437	14.75	1
6438	13.0	1
6439	21.5	1
6440	14.5	1
6441	17.25	1
6442	12.5	1
6443	11.75	1
6444	12.625	1
6445	14.5	1
6446	13.625	1
6447	13.125	1
6448	21.0	1
6449	14.125	1
6450	12.0	1
6451	14.0	1
6452	24.75	1
6453	27.5	1
6454	14.25	1
6455	23.25	1
6456	13.75	1
6457	24.0	1
6458	13.0	1
6459	12.5	1
6460	14.5	1
6461	14.75	1
6462	12.625	1
6463	13.75	1
6464	15.5	1
6465	14.25	1
6466	14.75	1
6467	13.625	1
6468	32.125	1
6469	12.5	1
6470	14.25	1
6471	23.5	1
6472	12.0	1
6473	27.25	1
6474	12.0	1
6475	12.375	1
6476	14.0	1
6477	13.75	1
6478	15.75	1
6479	23.0	1
6480	13.25	1
6481	14.75	1
6482	16.0	1
6483	13.875	1
6484	13.875	1
6485	14.75	1
6486	14.875	1
6487	12.25	1
6488	15.875	1
6489	15.25	1
6490	20.0	1
6491	15.75	1
6492	13.75	1
6493	15.25	1
6494	21.5	1
6495	12.5	1
6496	12.125	1
6497	15.0	1
6498	12.0	1
6499	11.625	1
6500	17.75	1
6501	14.375	1
6502	16.5	1
6503	14.5	1
6504	13.875	1
6505	13.0	1
6506	11.5	1
6507	24.75	1
6508	14.25	1
6509	17.75	1
6510	20.125	1
6511	13.0	1
6512	23.375	1
6513	16.0	1
6514	15.25	1
6515	13.625	1
6516	14.5	1
6517	32.5	2
6518	15.5	1
6519	20.0	1
6520	13.5	1
6521	15.0	1
6522	12.0	1
6523	11.25	1
6524	17.0	1
6525	12.5	1
6526	12.75	1
6527	13.75	1
6528	19.25	1
6529	13.25	1
6530	16.375	1
6531	12.875	1
6532	14.75	1
6533	13.0	1
6534	12.75	1
6535	13.5	1
6536	14.125	1
6537	13.5	1
6538	25.5	1
6539	13.0	1
6540	14.625	1
6541	13.25	1
6542	14.0	1
6543	14.5	1
6544	19.75	1
6545	13.125	1
6546	13.75	1
6547	26.625	1
6548	13.25	1
6549	13.25	1
6550	20.875	1
6551	13.5	1
6552	14.25	1
6553	11.75	1
6554	12.5	1
6555	21.25	1
6556	13.25	1
6557	13.5	1
6558	14.5	1
6559	14.75	1
6560	15.0	1
6561	13.375	1
6562	14.0	1
6563	12.625	1
6564	45.5	1
6565	33.75	1
6566	16.25	1
6567	22.25	1
6568	13.375	1
6569	13.625	1
6570	15.625	1
6571	19.0	1
6572	13.75	1
6573	13.0	1
6574	20.75	1
6575	14.75	1
6576	12.75	1
6577	12.625	1
6578	13.0	1
6579	14.125	1
6580	14.25	1
6581	14.5	1
6582	15.0	1
6583	19.5	1
6584	26.625	1
6585	14.375	1
6586	12.0	1
6587	12.75	1
6588	56.875	1
6589	12.5	1
6590	11.75	1
6591	24.75	1
6592	11.875	1
6593	14.5	1
6594	14.5	1
6595	18.25	1
6596	15.75	1
6597	14.75	1
6598	12.75	1
6599	14.25	1
6600	11.875	1
6601	22.0	1
6602	14.0	1
6603	14.375	1
6604	12.75	1
6605	14.375	1
6606	14.5	1
6607	12.625	1
6608	13.75	1
6609	16.75	1
6610	13.75	1
6611	25.25	1
6612	14.5	1
6613	17.5	1
6614	13.0	1
6615	14.0	1
6616	15.0	1
6617	17.625	1
6618	13.375	1
6619	12.75	1
6620	21.0	1
6621	20.5	1
6622	16.25	1
6623	13.75	1
6624	12.0	1
6625	23.0	1
6626	14.5	1
6627	16.625	1
6628	24.75	1
6629	13.125	1
6630	14.5	1
6631	14.5	1
6632	12.5	1
6633	14.0	1
6634	13.625	1
6635	12.0	1
6636	13.375	1
6637	12.625	1
6638	13.5	1
6639	15.75	1
6640	22.125	1
6641	12.5	1
6642	13.875	1
6643	13.625	1
6644	15.75	1
6645	12.625	1
6646	15.25	1
6647	13.625	1
6648	13.375	1
6649	24.375	1
6650	21.875	1
6651	15.5	1
6652	25.125	1
6653	14.25	1
6654	12.75	1
6655	12.5	1
6656	20.375	1
6657	15.5	1
6658	12.75	1
6659	14.75	1
6660	14.25	1
6661	27.0	1
6662	15.125	1
6663	12.875	1
6664	13.625	1
6665	13.875	1
6666	13.25	1
6667	14.25	1
6668	14.5	1
6669	12.5	1
6670	14.0	1
6671	23.25	1
6672	12.875	1
6673	20.5	1
6674	20.5	1
6675	13.25	1
6676	28.25	1
6677	12.25	1
6678	14.5	1
6679	14.125	1
6680	13.5	1
6681	15.875	1
6682	15.75	1
6683	12.75	1
6684	18.75	1
6685	15.25	1
6686	12.875	1
6687	14.0	1
6688	18.0	1
6689	12.5	1
6690	12.5	1
6691	15.25	1
6692	32.625	1
6693	13.375	1
6694	22.75	1
6695	14.875	1
6696	14.75	1
6697	17.5	1
6698	14.0	1
6699	12.375	1
6700	13.625	1
6701	13.5	1
6702	12.125	1
6703	13.75	1
6704	14.75	1
6705	13.5	1
6706	12.75	1
6707	12.375	1
6708	12.5	1
6709	12.5	1
6710	12.625	1
6711	12.25	1
6712	14.125	1
6713	14.0	1
6714	14.75	1
6715	12.375	1
6716	13.625	1
6717	13.25	1
6718	14.125	1
6719	16.0	1
6720	15.25	1
6721	13.625	1
6722	11.125	1
6723	13.0	1
6724	17.875	1
6725	15.625	1
6726	12.75	1
6727	15.25	1
6728	14.5	1
6729	13.75	1
6730	23.625	1
6731	14.0	1
6732	20.75	1
6733	14.25	1
6734	14.25	1
6735	13.0	1
6736	11.375	1
6737	14.75	1
6738	12.5	1
6739	12.875	1
6740	19.25	1
6741	19.0	1
6742	14.0	1
6743	13.625	2
6744	13.5	1
6745	12.0	1
6746	13.25	1
6747	13.5	1
6748	12.75	1
6749	13.25	1
6750	15.5	1
6751	18.75	1
6752	14.75	1
6753	13.875	1
6754	12.25	1
6755	14.0	1
6756	20.25	1
6757	14.5	1
6758	13.0	1
6759	24.0	1
6760	13.0	1
6761	14.75	1
6762	12.25	1
6763	14.5	1
6764	13.875	1
6765	26.75	1
6766	13.625	1
6767	13.25	1
6768	22.0	1
6769	13.25	1
6770	13.0	1
6771	12.125	1
6772	13.875	1
6773	12.625	1
6774	12.875	1
6775	13.375	1
6776	14.25	1
6777	13.25	1
6778	13.25	1
6780	23.0	1
6781	28.875	1
6782	12.0	1
6783	21.0	1
6784	12.75	1
6785	14.25	1
6786	13.0	1
6787	20.75	1
6788	16.75	1
6789	14.25	1
6790	12.75	1
6791	13.0	1
6792	13.0	1
6793	13.5	1
6794	20.625	1
6795	14.5	1
6796	16.25	2
6797	14.75	1
6798	13.0	1
6799	13.375	1
6800	19.25	1
6801	14.75	1
6802	13.375	1
6803	16.75	1
6804	18.25	1
6805	14.75	1
6806	34.0	1
6807	13.75	1
6808	13.5	1
6809	12.375	1
6810	15.25	1
6811	11.25	1
6812	13.125	1
6813	13.5	1
6814	12.5	1
6815	13.75	1
6816	15.0	1
6817	13.0	1
6818	13.25	1
6819	13.25	1
6820	17.5	1
6821	13.375	1
6822	12.5	1
6823	14.125	1
6824	14.375	1
6825	11.5	1
6826	17.5	1
6827	18.5	1
6828	11.875	1
6829	14.625	1
6830	14.5	1
6831	14.25	1
6832	12.25	1
6833	19.5	1
6834	14.25	1
6835	16.25	1
6836	14.625	1
6837	25.0	1
6838	14.25	1
6839	14.5	1
6840	13.25	1
6841	16.375	1
6842	14.0	1
6843	13.25	1
6844	12.25	1
6845	13.625	1
6846	13.25	1
6847	13.0	1
6848	14.5	1
6849	12.25	1
6850	14.25	1
6851	14.0	1
6852	16.0	1
6853	16.5	1
6854	13.0	1
6855	13.375	1
6856	14.5	1
6857	14.25	1
6858	12.75	1
6859	19.5	1
6860	17.0	1
6861	13.25	1
6862	13.75	1
6863	13.25	1
6864	12.0	1
6865	14.25	1
6866	18.75	1
6867	26.0	1
6868	18.5	1
6869	13.75	1
6870	17.5	1
6871	15.75	1
6872	14.5	1
6873	12.5	1
6874	13.0	1
6875	12.5	1
6876	12.5	1
6877	13.125	1
6878	13.625	1
6879	14.375	1
6880	13.375	1
6881	19.5	1
6882	13.625	1
6883	15.875	1
6884	26.125	1
6885	17.0	1
6886	14.75	1
6887	22.875	2
6888	12.25	1
6889	13.0	1
6890	14.5	1
6891	13.0	1
6892	13.125	1
6893	16.625	1
6894	15.0	1
6895	13.25	1
6896	13.0	1
6897	15.25	1
6898	13.625	1
6899	13.375	1
6900	13.5	1
6901	16.5	1
6902	20.25	1
6903	17.5	1
6904	13.25	1
6905	13.5	1
6906	19.5	1
6907	14.25	1
6908	13.875	2
6909	14.25	1
6910	12.875	1
6911	11.75	1
6912	15.25	1
6913	14.125	1
6914	13.0	1
6915	13.625	1
6916	16.375	1
6917	29.0	1
6918	14.5	1
6919	14.0	1
6920	13.25	1
6921	16.875	1
6922	14.0	1
6923	12.75	1
6924	23.5	1
6925	13.125	1
6926	14.0	1
6927	16.25	1
6928	13.5	1
6929	13.375	1
6930	28.0	1
6931	18.5	1
6932	18.5	1
6933	17.75	1
6934	14.875	1
6935	12.75	1
6936	14.125	1
6937	22.25	1
6938	13.375	1
6939	16.125	1
6940	13.25	1
6941	11.75	1
6942	14.0	1
6943	14.5	1
6944	13.25	1
6945	14.5	1
6946	25.625	1
6947	12.0	1
6948	11.875	1
6949	29.5	1
6950	13.5	1
6951	12.75	1
6952	19.125	1
6953	12.5	1
6954	13.5	1
6955	15.0	1
6956	14.0	1
6957	15.5	1
6958	33.25	1
6959	14.75	1
6960	15.75	1
6961	21.375	1
6962	14.0	1
6963	13.125	1
6964	13.75	1
6965	14.75	1
6966	16.25	1
6967	14.75	1
6968	13.5	1
6969	15.0	1
6970	12.25	1
6971	12.75	1
6972	28.5	1
6973	12.0	1
6974	13.25	1
6975	20.5	1
6976	25.75	1
6977	17.75	1
6978	15.75	1
6979	15.25	1
6980	13.5	1
6981	19.125	2
6982	16.125	1
6983	14.125	1
6984	18.75	1
6985	14.375	1
6986	13.0	1
6987	14.625	1
6988	33.5	1
6989	15.375	1
6990	14.875	1
6991	21.0	1
6992	12.625	1
6993	13.0	1
6994	13.75	1
6995	12.125	1
6996	14.0	1
6997	12.875	1
6998	15.5	1
6999	13.25	1
7000	13.25	1
7001	14.25	1
7002	17.25	1
7003	12.25	1
7004	13.5	1
7005	13.625	1
7006	11.75	1
7007	22.25	1
7008	16.75	1
7009	12.625	1
7010	24.25	1
7011	14.5	1
7012	15.75	1
7013	12.0	1
7014	13.375	1
7015	14.625	1
7016	19.75	1
7017	16.25	1
7018	17.875	1
7019	14.125	1
7020	15.0	1
7021	14.75	1
7022	13.5	1
7023	27.0	1
7024	12.875	1
7025	25.125	1
7026	12.5	1
7027	14.625	1
7028	13.5	1
7029	21.125	1
7030	19.75	1
7031	12.375	1
7032	14.0	1
7033	11.75	1
7034	19.25	1
7035	12.75	1
7036	13.25	1
7037	14.5	1
7038	13.5	1
7039	16.75	1
7040	13.5	1
7041	13.125	1
7042	21.125	1
7043	14.125	1
7044	16.0	1
7045	14.375	1
7046	12.875	1
7047	16.5	1
7048	14.5	1
7049	15.0	2
7050	14.75	1
7051	13.75	1
7052	18.0	1
7053	15.0	1
7054	13.125	1
7055	12.875	1
7056	14.75	1
7057	12.625	1
7058	15.0	1
7059	19.75	1
7060	26.5	1
7061	14.5	1
7062	13.125	1
7063	12.625	1
7064	13.375	1
7065	18.5	2
7066	14.125	1
7067	12.0	1
7068	13.75	1
7069	11.75	1
7070	13.25	1
7071	16.25	1
7072	14.0	1
7073	14.5	1
7074	14.25	1
7075	13.5	1
7076	12.25	1
7077	13.75	1
7078	14.75	1
7079	14.0	1
7080	15.375	1
7081	14.375	2
7082	14.0	1
7083	12.125	1
7084	13.5	1
7085	13.25	1
7086	18.625	1
7087	21.75	1
7088	12.125	1
7089	14.75	1
7090	17.25	1
7091	11.5	1
7092	13.375	1
7093	14.25	1
7094	11.75	1
7095	12.875	1
7096	12.875	1
7097	13.625	1
7098	14.75	1
7099	15.75	1
7100	12.625	1
7101	13.75	1
7102	13.375	1
7103	14.125	1
7104	12.0	1
7105	13.75	1
7106	20.75	1
7107	14.75	1
7108	12.5	1
7109	21.75	1
7110	14.25	1
7111	17.0	1
7112	14.375	1
7113	13.375	1
7114	20.75	1
7115	14.125	1
7116	13.125	1
7117	11.75	1
7118	14.25	1
7119	12.625	1
7120	15.75	1
7121	11.75	1
7122	12.375	1
7123	12.5	1
7124	12.75	1
7125	17.5	1
7126	19.75	1
7127	14.125	1
7128	27.375	1
7129	14.75	1
7130	14.0	1
7131	13.625	1
7132	13.5	1
7133	12.125	1
7134	13.375	1
7135	27.125	1
7136	13.5	1
7137	14.0	1
7138	13.375	1
7139	18.0	1
7140	12.875	1
7141	19.75	1
7142	17.25	1
7143	12.75	1
7144	14.125	1
7145	14.5	1
7146	18.125	1
7147	13.875	1
7148	13.0	1
7149	13.625	1
7150	14.25	1
7151	11.5	1
7152	14.5	1
7153	15.0	1
7154	31.25	1
7155	12.5	1
7156	15.75	1
7157	38.875	1
7158	13.875	1
7159	21.25	1
7160	31.375	1
7161	14.75	1
7162	16.5	1
7163	17.125	1
7164	15.25	1
7165	14.25	1
7166	17.25	1
7167	13.75	1
7168	12.5	1
7169	13.625	1
7170	21.75	1
7171	14.5	1
7172	13.0	1
7173	14.0	1
7174	13.125	1
7175	17.375	1
7176	12.625	1
7177	14.125	1
7178	13.25	1
7179	19.5	1
7180	13.875	1
7181	12.5	1
7182	13.75	1
7183	16.875	2
7184	13.0	1
7185	13.875	1
7186	12.25	1
7187	15.0	1
7188	15.25	1
7189	14.5	1
7190	16.5	1
7191	13.375	1
7192	14.5	1
7193	16.5	1
7194	11.875	1
7195	13.625	1
7196	15.125	1
7197	13.625	1
7198	12.0	1
7199	18.75	1
7200	14.25	1
7201	13.25	1
7202	21.0	2
7203	14.5	1
7204	12.375	1
7205	15.0	1
7206	13.0	1
7207	13.625	1
7208	12.0	1
7209	14.625	1
7210	15.875	1
7211	12.375	1
7212	18.75	1
7213	14.5	1
7214	11.5	1
7215	14.25	1
7216	17.625	1
7217	17.375	3
7218	14.5	1
7219	12.5	1
7220	23.25	1
7221	14.25	1
7222	14.0	1
7223	13.875	1
7224	11.75	1
7225	14.0	1
7226	13.75	1
7227	14.5	1
7228	13.375	1
7229	17.0	1
7230	15.0	1
7231	16.75	1
7232	14.25	1
7233	14.0	1
7234	13.375	1
7235	14.375	1
7236	15.25	1
7237	12.5	1
7238	12.125	1
7239	13.375	1
7240	12.75	1
7241	15.5	1
7242	13.25	1
7243	14.25	1
7244	14.5	1
7245	22.5	1
7246	13.25	1
7247	11.5	1
7248	13.5	1
7249	13.25	1
7250	24.375	1
7251	12.0	1
7252	17.75	1
7253	12.0	1
7254	14.125	1
7255	12.625	1
7256	13.75	1
7257	17.0	1
7258	11.75	1
7259	15.0	1
7260	13.0	1
7261	12.875	1
7262	13.0	1
7263	12.25	1
7264	15.0	1
7265	14.75	1
7266	13.125	1
7267	15.0	2
7268	13.5	1
7269	14.5	1
7270	14.5	1
7271	20.75	1
7272	15.0	1
7273	32.5	1
7274	13.375	1
7275	14.875	1
7276	14.0	1
7277	16.0	1
7278	14.25	1
7279	13.375	1
7280	12.5	1
7281	14.0	1
7282	13.25	1
7283	13.0	1
7284	14.5	1
7285	12.5	1
7286	14.0	1
7287	13.375	1
7288	13.5	1
7289	15.75	1
7290	14.125	1
7291	21.5	1
7292	13.125	1
7293	14.5	1
7294	15.5	1
7295	14.0	1
7296	12.125	1
7297	15.5	1
7298	12.625	1
7299	12.0	1
7300	12.125	1
7301	15.0	1
7302	13.375	1
7303	14.125	1
7304	12.25	1
7305	13.625	1
7306	14.5	1
7307	14.5	1
7308	13.75	1
7309	18.0	1
7310	13.5	1
7311	16.25	1
7312	13.0	1
7313	15.375	1
7314	13.5	1
7315	11.625	1
7316	15.0	1
7317	14.5	1
7318	15.0	1
7319	16.5	1
7320	12.0	1
7321	14.25	1
7322	45.0	1
7323	13.5	1
7324	12.75	1
7325	12.5	1
7326	14.0	1
7327	13.25	1
7328	16.0	1
7329	14.0	1
7330	12.625	1
7331	14.5	1
7332	13.25	1
7333	12.75	1
7334	14.5	1
7335	13.0	1
7336	14.25	1
7337	13.375	1
7338	12.0	1
7339	17.625	1
7340	14.25	1
7341	14.5	1
7342	14.625	1
7343	20.75	1
7344	16.75	1
7345	12.25	1
7346	14.5	1
7347	18.75	1
7348	13.625	1
7349	16.875	1
7350	13.25	1
7351	12.875	1
7352	12.625	1
7353	29.75	1
7354	12.875	1
7355	12.75	1
7356	16.25	1
7357	14.125	1
7358	16.25	1
7359	13.5	1
7360	20.375	1
7361	13.625	1
7362	13.25	1
7363	12.75	1
7364	17.75	1
7365	14.25	1
7366	14.75	1
7367	12.0	1
7368	24.125	1
7369	17.0	1
7370	13.25	1
7371	15.5	1
7372	18.5	1
7373	15.0	1
7374	14.625	1
7375	20.5	1
7376	19.0	1
7377	13.25	1
7378	14.5	1
7379	15.625	1
7380	12.75	1
7381	12.375	1
7382	16.75	1
7383	13.375	1
7384	14.25	1
7385	14.125	1
7386	13.625	1
7387	16.875	1
7388	13.75	1
7389	27.125	1
7390	21.125	1
7391	14.5	1
7392	14.0	1
7393	14.75	1
7394	22.0	1
7395	20.25	1
7396	18.5	1
7397	21.875	1
7398	14.25	1
7399	14.625	1
7400	15.125	1
7401	13.375	1
7402	14.0	1
7403	13.5	1
7404	15.5	1
7405	15.5	1
7406	13.625	1
7407	13.625	1
7408	13.25	1
7409	13.5	1
7410	14.625	1
7411	13.25	1
7412	26.25	1
7413	14.5	1
7414	13.5	1
7415	12.875	1
7416	14.0	1
7417	14.5	1
7418	14.0	1
7419	13.625	1
7420	11.375	1
7421	13.5	1
7422	14.0	1
7423	15.0	1
7424	15.375	1
7425	16.5	1
7426	19.0	1
7427	14.875	1
7428	16.125	1
7429	14.75	1
7430	21.25	1
7431	22.0	1
7432	13.375	1
7433	12.375	1
7434	14.75	1
7435	14.25	1
7436	12.25	1
7437	14.75	1
7438	14.375	1
7439	13.25	1
7440	13.5	1
7441	13.875	1
7442	13.5	1
7443	25.375	1
7444	13.625	1
7445	17.125	1
7446	17.5	1
7447	14.375	1
7448	12.0	1
7449	25.75	1
7450	13.0	1
7451	17.5	1
7452	14.25	1
7453	14.875	1
7454	13.625	1
7455	15.5	1
7456	13.125	1
7457	13.5	1
7458	49.75	1
7459	13.0	1
7460	13.375	1
7461	18.125	1
7462	14.125	1
7463	13.875	1
7464	11.75	1
7465	15.75	1
7466	13.0	1
7467	15.0	1
7468	13.25	1
7469	13.5	1
7470	15.375	1
7471	14.5	1
7472	24.0	1
7473	49.5	1
7474	13.5	1
7475	14.125	1
7476	14.0	1
7477	12.0	1
7478	13.25	1
7479	12.75	1
7480	13.0	1
7481	12.75	1
7482	30.625	1
7483	13.875	1
7484	16.75	1
7485	15.0	1
7486	12.5	1
7487	12.375	1
7488	17.0	1
7489	14.0	1
7490	14.25	1
7491	14.25	1
7492	16.875	1
7493	13.0	1
7494	13.75	1
7495	13.875	1
7496	27.875	1
7497	12.875	1
7498	12.0	1
7499	19.0	1
7500	14.125	1
7501	14.25	1
7502	13.5	1
7503	14.375	1
7504	14.5	1
7505	13.25	1
7506	13.5	1
7507	16.0	1
7508	20.5	1
7509	12.25	1
7510	12.375	1
7511	12.125	1
7512	17.5	1
7513	13.5	1
7514	14.25	1
7515	15.75	1
7516	13.0	1
7517	12.875	1
7518	12.25	1
7519	12.875	1
7520	14.0	1
7521	13.875	1
7522	12.25	1
7523	15.125	1
7524	12.875	1
7525	14.0	1
7526	14.0	1
7527	15.0	1
7528	20.5	1
7529	14.125	1
7530	16.75	1
7531	19.25	1
7532	14.25	1
7533	13.625	1
7534	13.125	1
7535	14.375	1
7536	11.75	1
7537	17.375	1
7538	16.0	1
7539	15.25	1
7540	29.875	1
7541	12.25	1
7542	14.5	1
7543	14.25	1
7544	16.625	1
7545	12.25	1
7546	15.75	1
7547	13.75	1
7548	17.25	1
7549	12.75	1
7550	20.125	1
7551	14.75	1
7552	13.125	1
7553	17.0	1
7554	12.75	1
7555	13.5	1
7556	13.5	1
7557	14.125	1
7558	15.5	1
7559	14.0	1
7560	13.625	1
7561	14.25	1
7562	20.25	1
7563	13.125	1
7564	14.25	1
7565	16.875	1
7566	15.25	1
7567	13.75	1
7568	18.0	1
7569	27.75	1
7570	19.625	1
7571	13.25	1
7572	12.75	1
7573	13.5	1
7574	13.5	1
7575	12.75	1
7576	14.25	1
7577	21.5	1
7578	18.0	1
7579	13.0	1
7580	14.25	1
7581	15.75	1
7582	15.125	3
7583	13.5	1
7584	12.5	1
7585	14.25	1
7586	17.0	1
7587	13.5	1
7588	15.875	1
7589	14.25	1
7590	12.375	1
7591	12.75	1
7592	18.25	1
7593	14.75	1
7594	15.0	1
7595	15.0	1
7596	14.0	1
7597	13.25	1
7598	14.0	1
7599	20.125	1
7600	12.25	1
7601	12.5	1
7602	13.25	1
7603	15.75	1
7604	17.25	1
7605	13.875	1
7606	18.375	2
7607	13.0	1
7608	13.0	1
7609	21.375	1
7610	14.5	1
7611	14.5	1
7612	12.25	1
7613	12.75	1
7614	13.375	1
7615	13.625	1
7616	13.375	1
7617	16.25	1
7618	16.5	1
7619	16.75	1
7620	13.875	1
7621	13.125	1
7622	13.0	1
7623	22.0	1
7624	13.25	1
7625	14.25	3
7626	14.5	1
7627	19.75	1
7628	16.75	1
7629	13.0	1
7630	13.0	1
7631	14.25	1
7632	14.5	1
7633	13.625	1
7634	15.0	1
7635	14.5	1
7636	11.5	1
7637	14.25	1
7638	13.25	1
7639	12.75	1
7640	22.25	1
7641	11.75	1
7642	28.25	1
7643	14.375	1
7644	14.0	1
7645	13.25	1
7646	13.125	1
7647	13.5	1
7648	19.5	1
7649	12.25	1
7650	13.375	1
7651	14.875	1
7652	13.375	1
7653	13.25	1
7654	13.75	1
7655	26.75	1
7656	12.875	1
7657	12.75	1
7658	15.5	1
7659	17.5	1
7660	13.5	1
7661	12.875	1
7662	14.5	1
7663	57.25	1
7664	17.25	1
7665	12.0	1
7666	13.75	1
7667	14.875	1
7668	27.25	1
7669	14.25	1
7670	14.625	1
7671	14.125	1
7672	13.5	1
7673	14.25	1
7674	21.0	1
7675	15.5	1
7676	16.25	1
7677	14.875	1
7678	13.625	1
7679	17.5	1
7680	14.0	1
7681	18.625	1
7682	11.25	1
7683	15.75	1
7684	11.75	1
7685	14.875	1
7686	13.375	1
7687	13.125	1
7688	22.0	1
7689	13.5	1
7690	12.125	1
7691	12.375	1
7692	13.5	1
7693	15.5	1
7694	16.5	2
7695	13.625	1
7696	12.375	1
7697	12.25	1
7698	19.75	1
7699	14.75	1
7700	13.75	1
7701	14.25	1
7702	22.75	1
7703	18.75	1
7704	14.25	1
7705	25.0	1
7706	14.125	1
7707	14.125	1
7708	14.0	1
7709	15.25	1
7710	14.0	1
7711	16.75	1
7712	20.75	1
7713	26.5	3
7714	17.0	1
7715	13.25	1
7716	22.25	1
7717	24.875	1
7718	12.5	1
7719	17.75	1
7720	14.375	1
7721	19.5	1
7722	13.375	1
7723	12.375	1
7724	14.375	1
7725	12.5	1
7726	14.25	1
7727	12.25	1
7728	14.25	1
7729	12.0	1
7730	28.75	1
7731	14.75	1
7732	17.0	1
7733	15.5	1
7734	14.25	1
7735	15.375	1
7736	14.625	1
7737	25.75	3
7738	12.5	1
7739	13.5	1
7740	13.25	1
7741	13.375	1
7742	14.75	1
7743	13.25	1
7744	12.375	1
7745	14.0	1
7746	14.5	1
7747	45.75	1
7748	13.375	1
7749	12.375	1
7750	14.25	1
7751	13.75	1
7752	13.375	1
7753	12.25	1
7754	12.75	1
7755	12.625	1
7756	20.75	1
7757	24.5	1
7758	12.75	1
7759	12.875	1
7760	20.125	1
7761	12.5	1
7762	25.25	1
7763	13.375	1
7764	14.5	1
7765	12.75	1
7766	13.0	1
7767	14.5	1
7768	14.75	1
7769	13.0	1
7770	13.375	1
7771	15.125	1
7772	14.75	1
7773	22.75	1
7774	12.875	1
7775	23.375	1
7776	12.75	1
7777	13.25	1
7778	12.5	1
7779	13.0	1
7780	12.75	1
7781	22.375	1
7782	16.75	1
7783	15.375	1
7784	18.875	1
7785	14.0	1
7786	16.25	1
7787	17.625	1
7788	13.0	1
7789	23.125	1
7790	14.75	1
7791	24.0	1
7792	12.25	1
7793	12.75	1
7794	13.625	1
7795	13.375	1
7796	24.25	1
7797	13.5	1
7798	12.5	1
7799	12.25	1
7800	14.5	1
7801	12.625	1
7802	14.125	1
7803	15.25	1
7804	13.0	1
7805	13.0	1
7806	12.75	1
7807	13.625	1
7808	12.75	1
7809	16.125	1
7810	13.25	1
7811	15.625	1
7812	16.625	1
7813	38.0	1
7814	11.75	1
7815	17.0	1
7816	13.875	1
7817	20.75	1
7818	13.625	1
7819	13.0	1
7820	15.75	1
7821	18.625	1
7822	14.125	1
7823	14.75	1
7824	21.5	1
7825	11.625	1
7826	12.375	1
7827	14.75	1
7828	14.5	1
7829	15.0	1
7830	25.25	1
7831	14.5	1
7832	15.25	1
7833	13.75	1
7834	14.25	1
7835	14.75	1
7836	12.625	2
7837	12.5	1
7838	16.75	1
7839	13.0	1
7840	14.25	1
7841	14.5	1
7842	25.25	1
7843	19.0	1
7844	12.75	1
7845	12.5	1
7846	14.0	1
7847	13.625	1
7848	13.0	1
7849	15.25	1
7850	12.75	1
7851	13.875	1
7852	21.25	1
7853	14.75	1
7854	12.75	1
7855	18.375	2
7856	12.25	1
7857	13.25	1
7858	14.0	1
7859	12.5	1
7860	13.0	1
7861	12.25	1
7862	21.25	1
7863	13.5	1
7864	12.625	1
7865	12.25	1
7866	18.25	1
7867	21.5	1
7868	18.875	1
7869	14.75	1
7870	13.625	1
7871	14.0	1
7872	13.0	1
7873	13.25	1
7874	15.625	1
7875	14.25	1
7876	20.375	1
7877	12.625	1
7878	12.0	1
7879	15.5	1
7880	12.25	1
7881	12.25	1
7882	12.75	1
7883	13.0	1
7884	19.75	1
7885	14.125	1
7886	13.0	1
7887	25.375	1
7888	14.25	1
7889	11.5	1
7890	14.25	1
7891	11.75	1
7892	16.5	1
7893	12.25	1
7894	23.5	1
7895	14.0	1
7896	13.5	1
7897	12.75	1
7898	14.125	1
7899	16.75	1
7900	14.5	1
7901	13.625	1
7902	14.125	1
7903	14.5	1
7904	13.0	1
7905	12.75	1
7906	19.75	1
7907	14.0	1
7908	13.375	1
7909	13.375	1
7910	16.75	1
7911	15.75	1
7912	13.75	1
7913	13.25	1
7914	14.0	1
7915	19.75	1
7916	14.0	1
7917	13.5	1
7918	11.5	1
7919	41.0	1
7920	14.125	1
7921	15.25	1
7922	12.75	1
7923	14.375	1
7924	15.375	3
7925	14.125	1
7926	22.875	1
7927	14.5	1
7928	14.375	1
7929	15.75	1
7930	12.375	1
7931	14.25	1
7932	14.75	1
7933	14.25	1
7934	22.75	1
7935	16.0	1
7936	13.5	1
7937	13.375	1
7938	16.75	1
7939	22.25	1
7940	14.25	1
7941	13.125	1
7942	23.75	1
7943	14.25	1
7944	16.875	1
7945	14.0	1
7946	12.25	1
7947	13.375	1
7948	13.375	1
7949	14.0	1
7950	13.5	1
7951	15.25	1
7952	28.0	1
7953	12.25	1
7954	15.0	1
7955	13.25	1
7956	24.5	1
7957	13.125	1
7958	11.5	1
7959	13.75	1
7960	16.0	1
7961	12.875	1
7962	13.375	1
7963	14.25	1
7964	12.875	1
7965	14.75	1
7966	20.5	1
7967	15.5	1
7968	18.5	1
7969	19.75	1
7970	12.5	1
7971	11.625	1
7972	14.25	1
7973	12.625	1
7974	23.25	1
7975	26.5	1
7976	12.875	1
7977	11.25	1
7978	15.75	1
7979	19.5	1
7980	12.125	1
7981	13.75	1
7982	13.25	1
7983	13.375	1
7984	15.0	2
7985	26.125	1
7986	11.875	1
7987	12.5	1
7988	14.0	1
7989	13.125	1
7990	13.125	1
7991	16.625	1
7992	14.625	1
7993	13.375	1
7994	14.625	1
7995	16.875	1
7996	13.25	1
7997	16.75	1
7998	13.125	1
7999	13.25	1
8000	16.0	1
8001	17.375	1
8002	31.25	1
8003	12.75	1
8004	13.375	1
8005	13.5	1
8006	15.0	1
8007	12.0	1
8008	16.875	1
8009	13.75	1
8010	11.75	1
8011	12.75	1
8012	16.5	1
8013	15.375	1
8014	18.25	1
8015	13.25	1
8016	14.75	1
8017	13.25	1
8018	12.25	1
8019	16.25	1
8020	14.25	1
8021	12.125	1
8022	14.25	1
8023	12.75	1
8024	14.75	1
8025	16.0	1
8026	17.375	2
8027	13.625	1
8028	17.625	2
8029	12.875	1
8030	13.5	1
8031	13.625	1
8032	13.625	1
8033	14.0	1
8034	13.875	1
8035	13.25	1
8036	16.0	3
8037	13.125	1
8038	15.25	1
8039	14.0	1
8040	20.75	1
8041	13.25	1
8042	13.875	1
8043	17.5	1
8044	17.0	1
8045	13.75	1
8046	17.25	1
8047	13.25	1
8048	14.25	1
8049	14.25	1
8050	15.375	1
8051	11.75	1
8052	13.5	1
8053	13.125	1
8054	14.5	1
8055	13.5	1
8056	17.375	1
8057	12.875	1
8058	14.125	1
8059	13.75	1
8060	12.0	1
8061	10.5	1
8062	15.0	1
8063	14.25	1
8064	12.125	1
8065	15.25	2
8066	19.5	1
8067	14.0	1
8068	14.75	1
8069	13.0	1
8070	19.25	1
8071	14.625	1
8072	13.75	1
8073	13.0	1
8074	14.25	1
8075	13.0	1
8076	13.0	1
8077	14.0	2
8078	13.25	1
8079	19.0	1
8080	14.625	1
8081	14.75	1
8082	16.75	1
8083	13.0	1
8084	16.75	1
8085	17.25	1
8086	14.25	1
8087	35.125	1
8088	14.0	1
8089	12.125	1
8090	12.875	1
8091	14.125	1
8092	12.0	1
8093	13.75	1
8094	16.75	1
8095	22.0	1
8096	16.625	1
8097	24.0	1
8098	16.125	1
8099	14.5	1
8100	17.0	1
8101	35.0	1
8102	15.75	1
8103	11.75	1
8104	13.25	1
8105	13.625	1
8106	13.5	1
8107	15.0	1
8108	14.25	1
8109	13.375	1
8110	15.125	3
8111	12.5	1
8112	24.875	1
8113	16.5	1
8114	20.5	1
8115	15.75	1
8116	14.125	1
8117	17.0	1
8118	21.375	1
8119	14.125	1
8120	14.75	1
8121	14.25	1
8122	14.75	1
8123	21.75	1
8124	17.75	1
8125	14.25	1
8126	19.0	1
8127	14.25	1
8128	13.875	1
8129	13.25	1
8130	16.5	1
8131	13.25	1
8132	12.25	1
8133	15.125	1
8134	27.0	1
8135	14.5	1
8136	22.25	1
8137	14.25	1
8138	11.75	1
8139	15.0	1
8140	14.25	1
8141	18.375	1
8142	13.25	1
8143	14.5	1
8144	13.625	1
8145	13.5	1
8146	12.875	1
8148	14.5	1
8149	13.25	1
8150	21.5	1
8151	14.625	1
8152	13.0	1
8153	14.125	1
8154	14.75	1
8155	13.0	1
8156	14.0	1
8157	16.5	1
8158	13.5	1
8159	15.5	1
8160	23.5	1
8161	14.625	1
8162	14.625	1
8163	17.25	1
8164	15.0	3
8165	16.25	2
8166	13.75	1
8167	13.625	1
8168	12.0	1
8169	15.625	1
8170	21.125	1
8171	12.875	1
8172	11.875	1
8173	18.5	1
8174	13.75	1
8175	12.75	1
8176	25.125	1
8177	30.0	1
8178	13.75	1
8179	13.25	1
8180	12.0	1
8181	14.375	1
8182	13.125	1
8183	13.0	1
8184	12.25	1
8185	16.125	1
8186	14.5	1
8187	18.25	1
8188	17.25	1
8189	20.75	1
8190	20.0	1
8191	18.75	1
8192	20.125	1
8193	12.625	1
8194	13.0	1
8195	13.5	1
8196	28.75	1
8197	12.5	1
8198	12.5	1
8199	11.625	1
8200	25.375	1
8201	13.875	1
8202	13.75	1
8203	12.125	1
8204	16.25	1
8205	13.5	1
8206	25.75	1
8207	13.875	1
8208	14.0	1
8209	18.75	1
8210	12.875	1
8211	12.0	1
8212	13.25	1
8213	17.125	1
8214	11.0	1
8215	13.625	1
8216	11.0	1
8217	13.25	1
8218	14.0	1
8219	11.5	1
8220	13.0	1
8221	13.375	1
8222	14.0	1
8223	21.25	1
8224	13.375	1
8225	15.75	1
8226	11.5	1
8227	22.5	2
8228	14.0	1
8229	20.75	1
8230	12.625	1
8231	14.875	1
8232	17.375	1
8233	14.125	1
8234	13.25	1
8235	13.5	1
8236	14.25	1
8237	12.375	1
8238	14.0	1
8239	13.5	1
8240	16.0	1
8241	15.375	1
8242	26.875	1
8243	13.0	1
8244	13.125	1
8245	13.75	1
8246	17.25	1
8247	13.375	1
8248	13.0	1
8249	28.375	1
8250	19.75	1
8251	13.25	1
8252	12.75	1
8253	14.75	1
8254	13.75	1
8255	17.25	1
8256	14.75	1
8257	18.125	1
8258	14.5	1
8259	12.625	1
8260	12.25	1
8261	13.0	2
8262	15.25	1
8263	14.5	1
8264	13.5	1
8265	14.125	1
8266	13.625	1
8267	14.0	1
8268	15.25	1
8269	14.0	1
8270	15.5	1
8271	13.0	1
8272	13.25	1
8273	19.5	1
8274	12.5	1
8275	25.25	1
8276	12.25	1
8277	16.75	1
8278	14.25	1
8279	16.0	1
8280	14.5	1
8281	15.25	1
8282	16.75	1
8283	15.25	1
8284	11.25	1
8285	12.5	1
8286	14.75	1
8287	16.25	1
8288	16.5	1
8289	12.75	1
8290	20.0	1
8291	12.75	1
8292	14.875	1
8293	13.75	1
8294	12.875	1
8295	13.125	1
8296	14.25	1
8297	14.25	1
8298	12.375	1
8299	16.25	1
8300	17.25	1
8301	13.75	1
8302	27.0	1
8303	19.875	1
8304	13.5	1
8305	12.625	1
8306	13.0	1
8307	14.125	1
8308	33.75	1
8309	15.375	1
8310	13.75	1
8311	14.25	1
8312	29.5	1
8313	11.875	1
8314	11.0	1
8315	13.25	1
8316	13.375	1
8317	13.875	1
8318	13.5	1
8319	19.75	1
8320	17.5	1
8321	13.125	1
8322	14.375	1
8323	17.0	1
8324	13.0	1
8325	15.375	1
8326	14.5	1
8327	15.375	1
8328	14.75	1
8329	11.5	1
8330	17.0	1
8331	14.25	1
8332	14.25	1
8333	18.25	1
8334	13.125	1
8335	16.5	1
8336	14.25	1
8337	20.0	1
8338	14.5	1
8339	13.375	1
8340	12.0	1
8341	12.75	1
8342	13.875	1
8343	12.5	1
8344	15.5	1
8345	13.5	1
8346	13.375	1
8347	22.75	1
8348	16.75	1
8349	23.5	1
8350	13.625	1
8351	14.125	1
8352	14.25	1
8353	14.0	1
8354	25.25	1
8355	22.75	1
8356	24.25	1
8357	15.75	1
8358	14.75	1
8359	14.75	1
8360	12.0	1
8361	24.25	1
8362	13.125	1
8363	14.375	1
8364	13.375	1
8365	18.5	1
8366	25.0	1
8367	12.5	1
8368	14.375	1
8369	20.5	1
8370	16.5	1
8371	10.75	1
8372	14.25	1
8373	15.75	3
8374	12.25	1
8375	13.0	1
8376	13.25	1
8377	24.0	1
8378	14.75	1
8379	13.625	1
8380	17.25	1
8381	13.375	1
8382	12.75	1
8383	15.375	3
8384	11.5	1
8385	12.625	1
8386	14.5	1
8387	16.625	1
8388	16.0	1
8389	15.0	1
8390	21.25	1
8391	14.25	1
8392	12.5	1
8393	14.875	1
8394	15.25	1
8395	13.375	1
8396	19.5	1
8397	14.5	1
8398	19.0	1
8399	13.25	1
8400	13.375	1
8401	13.375	1
8402	17.5	1
8403	18.25	1
8404	11.5	1
8405	18.25	1
8406	29.0	1
8407	15.0	1
8408	11.25	1
8409	13.25	1
8410	14.0	1
8411	13.625	1
8412	14.125	1
8413	21.125	1
8414	12.5	1
8415	13.125	1
8416	15.125	1
8417	13.25	1
8418	13.125	1
8419	12.5	1
8420	30.375	1
8421	13.125	1
8422	20.5	1
8423	12.375	1
8424	14.5	1
8425	12.125	1
8426	14.25	1
8427	14.125	1
8428	28.75	1
8429	22.5	1
8430	14.375	1
8431	21.0	1
8432	22.75	1
8433	18.5	1
8434	29.0	1
8435	13.0	1
8436	11.75	1
8437	13.0	1
8438	13.5	1
8439	15.0	1
8440	14.75	1
8441	19.5	1
8442	12.875	1
8443	12.75	1
8444	17.25	1
8445	11.75	1
8446	13.25	1
8447	14.5	1
8448	11.75	1
8449	17.75	1
8450	17.875	1
8451	13.25	1
8452	13.5	1
8453	11.0	1
8454	14.25	1
8455	12.0	1
8456	14.75	1
8457	13.625	1
8458	13.875	1
8459	14.5	1
8460	14.5	1
8461	16.75	1
8462	12.75	1
8463	30.5	1
8464	14.25	1
8465	18.5	1
8466	12.75	1
8467	23.25	1
8468	16.5	1
8469	14.375	1
8470	14.0	1
8471	13.5	1
8472	14.25	1
8473	14.75	1
8474	12.75	1
8475	16.75	1
8476	13.125	1
8477	18.5	1
8478	13.125	1
8479	14.0	1
8480	49.0	1
8481	16.0	1
8482	16.5	3
8483	14.0	1
8484	13.75	1
8485	11.75	1
8486	14.5	1
8487	13.5	1
8488	17.5	1
8489	14.25	1
8490	15.75	1
8491	13.125	1
8492	13.25	1
8493	14.625	1
8494	13.75	1
8495	17.0	1
8496	18.75	1
8497	19.5	1
8498	13.5	1
8499	14.0	1
8500	15.0	1
8501	18.5	1
8502	14.375	1
8503	13.25	1
8504	12.625	1
8505	14.0	1
8506	12.75	1
8507	16.0	1
8508	12.0	1
8509	12.25	1
8510	14.5	1
8511	12.625	1
8512	17.125	1
8513	14.625	1
8514	18.5	1
8515	15.875	1
8516	20.75	1
8517	13.375	1
8518	14.25	1
8519	19.0	1
8520	12.25	1
8521	17.5	1
8522	14.375	1
8523	14.125	1
8524	14.875	1
8525	27.5	1
8526	11.625	1
8527	13.375	1
8528	21.125	1
8529	12.75	1
8530	14.0	1
8531	13.5	1
8532	13.375	1
8533	13.5	1
8534	17.875	1
8535	15.25	1
8536	13.875	1
8537	13.5	1
8538	21.75	1
8539	13.5	1
8540	14.25	1
8541	18.5	1
8542	30.5	1
8543	12.5	1
8544	11.75	1
8545	14.5	1
8546	14.25	1
8547	14.25	1
8548	14.125	1
8549	13.25	1
8550	12.0	1
8551	13.0	1
8552	13.0	1
8553	14.0	2
8554	13.0	1
8555	14.75	1
8556	12.375	1
8557	13.5	1
8558	13.5	1
8559	11.875	1
8560	14.625	1
8561	34.625	1
8562	11.875	1
8563	13.625	1
8564	15.125	1
8565	13.125	1
8566	14.5	1
8567	15.875	1
8568	17.0	1
8569	13.25	1
8570	13.75	1
8571	14.0	1
8572	27.5	1
8573	13.75	1
8574	13.5	1
8575	14.0	1
8576	15.0	1
8577	12.75	1
8578	13.75	1
8579	14.25	1
8580	13.0	1
8581	17.5	1
8582	13.25	1
8583	14.75	1
8584	14.0	1
8585	17.75	1
8586	14.75	1
8587	14.875	1
8588	14.0	1
8589	16.75	1
8590	15.75	1
8591	17.25	1
8592	16.75	1
8593	16.0	1
8594	14.0	1
8595	13.875	1
8596	12.0	1
8597	12.5	1
8598	27.25	1
8599	14.5	1
8600	14.25	1
8601	24.0	1
8602	17.875	1
8603	13.75	1
8604	14.625	1
8605	13.125	1
8606	13.0	1
8607	25.5	1
8608	14.75	1
8609	14.25	1
8610	13.125	1
8611	12.0	1
8612	16.375	1
8613	13.375	1
8614	61.5	1
8615	13.75	1
8616	20.5	1
8617	23.75	1
8618	23.5	1
8619	14.25	1
8620	14.5	1
8621	25.0	1
8622	15.375	1
8623	14.5	1
8624	32.5	1
8625	14.875	1
8626	13.375	1
8627	16.75	1
8628	13.25	1
8629	15.125	1
8630	11.75	1
8631	20.0	1
8632	17.125	1
8633	10.5	1
8634	14.125	1
8635	12.125	1
8636	23.125	1
8637	14.0	1
8638	12.875	1
8639	12.25	1
8640	14.375	1
8641	15.25	1
8642	11.25	1
8643	15.0	1
8644	22.875	1
8645	13.25	1
8646	17.0	1
8647	16.0	1
8648	13.125	1
8649	13.625	1
8650	14.0	1
8651	13.0	1
8652	18.0	1
8653	17.5	1
8654	13.25	1
8655	60.75	1
8656	19.875	1
8657	13.375	1
8658	12.0	1
8659	13.375	1
8660	14.75	1
8661	20.5	1
8662	14.875	1
8663	13.625	1
8664	12.0	1
8665	13.25	1
8666	23.625	1
8667	10.5	1
8668	13.25	1
8669	17.5	1
8670	19.625	1
8671	13.625	1
8672	17.5	1
8673	15.0	1
8674	13.0	1
8675	12.25	1
8676	15.75	1
8677	13.375	1
8678	17.5	1
8679	12.0	1
8680	12.0	1
8681	13.375	1
8682	14.0	1
8683	14.875	1
8684	12.5	1
8685	13.375	1
8686	16.5	1
8687	14.125	1
8688	30.0	1
8689	16.75	1
8690	13.25	1
8691	14.25	1
8692	12.75	1
8693	15.5	1
8694	13.25	1
8695	13.125	1
8696	12.0	1
8697	13.375	1
8698	11.875	1
8699	20.5	1
8700	13.75	1
8701	14.0	1
8702	15.25	1
8703	14.625	1
8704	14.5	1
8705	17.75	1
8706	19.75	1
8707	13.5	1
8708	20.75	1
8709	16.25	1
8710	21.0	1
8711	13.5	1
8712	13.125	1
8713	14.0	1
8714	13.375	1
8715	18.5	1
8716	13.75	1
8717	15.5	1
8718	14.75	1
8719	15.5	1
8720	20.5	1
8721	30.25	1
8722	14.75	1
8723	13.25	1
8724	13.75	1
8725	13.5	1
8726	13.75	1
8727	15.0	1
8728	12.875	1
8729	14.75	1
8730	13.25	1
8731	22.875	1
8732	13.25	1
8733	14.5	1
8734	13.5	1
8735	14.0	1
8736	13.875	1
8737	12.0	1
8738	14.0	1
8739	14.125	1
8740	14.25	1
8741	13.75	1
8742	15.0	1
8743	13.25	1
8744	13.625	1
8745	13.375	1
8746	17.0	1
8747	14.5	1
8748	14.0	1
8749	14.25	1
8750	13.125	1
8751	22.875	1
8752	21.0	1
8753	14.25	1
8754	19.375	1
8755	14.0	1
8756	17.0	1
8757	17.25	1
8758	12.75	1
8759	19.625	1
8760	14.0	1
8761	18.5	1
8762	11.75	1
8763	12.75	1
8764	13.125	1
8765	24.25	1
8766	14.0	1
8767	12.25	1
8768	14.625	1
8769	13.875	1
8770	14.5	1
8771	13.375	1
8772	17.5	1
8773	13.625	1
8774	19.5	1
8775	12.0	1
8776	12.75	1
8777	15.375	1
8778	14.75	1
8779	14.125	1
8780	13.25	1
8781	14.875	1
8782	16.25	1
8783	14.75	1
8784	14.0	1
8785	17.25	1
8786	23.0	1
8787	13.25	1
8788	12.125	1
8789	14.625	1
8790	14.25	1
8791	15.75	1
8792	13.375	1
8793	24.5	1
8794	12.625	1
8795	13.375	1
8796	14.125	1
8797	15.0	1
8798	14.0	1
8799	13.5	1
8800	12.75	1
8801	13.125	1
8802	13.75	1
8803	19.875	1
8804	14.75	1
8805	12.75	1
8806	12.75	1
8807	12.125	1
8808	13.5	1
8809	11.875	1
8810	20.75	1
8811	15.125	1
8812	14.5	1
8813	14.75	1
8814	14.625	1
8815	12.0	1
8816	14.75	1
8817	13.0	1
8818	19.75	1
8819	13.5	1
8820	15.625	1
8821	12.75	1
8822	14.25	1
8823	14.75	1
8824	12.5	1
8825	12.5	1
8826	19.75	1
8827	11.5	1
8828	13.125	1
8829	17.0	1
8830	13.875	1
8831	14.25	1
8832	15.0	1
8833	14.5	1
8834	14.0	1
8835	14.25	1
8836	13.0	1
8837	13.625	1
8838	21.75	1
8839	19.625	1
8840	14.25	1
8841	21.75	1
8842	16.5	1
8843	12.25	1
8844	15.25	1
8845	10.5	1
8846	12.375	1
8847	13.125	1
8848	14.25	1
8849	17.0	1
8850	14.75	1
8851	13.875	1
8852	15.0	1
8853	27.0	1
8854	14.25	1
8855	13.625	1
8856	14.75	1
8857	14.875	1
8858	13.125	1
8859	23.0	1
8860	17.5	1
8861	28.75	1
8862	14.625	1
8863	13.625	1
8864	14.5	1
8865	19.5	1
8866	21.25	1
8867	20.5	1
8868	12.75	1
8869	22.75	1
8870	12.0	1
8871	14.0	1
8872	13.125	1
8873	12.0	1
8874	13.25	1
8875	17.0	2
8876	20.75	1
8877	13.0	1
8878	14.0	1
8879	15.5	1
8880	13.0	1
8881	13.25	1
8882	14.5	1
8883	33.5	1
8884	14.625	1
8885	13.625	1
8886	13.0	1
8887	15.875	1
8888	13.625	1
8889	12.75	1
8890	18.5	1
8891	16.5	1
8892	12.75	1
8893	17.0	1
8894	11.75	1
8895	13.25	1
8896	14.75	1
8897	24.375	1
8898	13.25	1
8899	17.875	1
8900	17.5	1
8901	15.125	1
8902	12.625	1
8903	20.25	1
8904	12.5	1
8905	14.75	1
8906	13.375	1
8907	13.0	1
8908	17.5	1
8909	13.5	1
8910	32.375	1
8911	13.125	1
8912	13.625	1
8913	13.25	1
8914	17.5	1
8915	15.0	1
8916	13.0	1
8917	23.25	1
8918	12.5	1
8919	14.25	1
8920	15.0	1
8921	14.25	1
8922	16.5	1
8923	15.0	1
8924	13.0	1
8925	13.75	1
8926	13.5	1
8927	13.0	1
8928	14.5	1
8929	16.75	1
8930	13.75	1
8931	12.5	1
8932	12.875	1
8933	20.75	1
8934	13.375	1
8935	16.5	1
8936	12.75	1
8937	14.25	1
8938	30.875	1
8939	14.75	1
8940	13.0	1
8941	13.0	1
8942	12.75	1
8943	14.5	1
8944	13.5	1
8945	23.25	1
8946	12.25	1
8947	15.75	2
8948	16.5	1
8949	11.75	1
8950	17.875	1
8951	21.25	1
8952	13.0	1
8953	14.75	1
8954	13.875	1
8955	14.25	1
8956	17.0	1
8957	14.0	1
8958	16.0	1
8959	11.25	1
8960	14.0	1
8961	12.5	1
8962	14.0	1
8963	15.0	1
8964	14.0	1
8965	13.75	1
8966	14.5	1
8967	15.125	1
8968	19.375	1
8969	13.25	1
8970	12.875	1
8971	12.0	1
8972	12.5	1
8973	13.5	1
8974	14.25	1
8975	13.25	1
8976	20.875	1
8977	14.25	1
8978	13.5	1
8979	23.5	1
8980	13.875	1
8981	24.25	1
8982	13.5	1
8983	18.375	1
8984	14.75	1
8985	17.0	1
8986	13.125	1
8987	17.75	1
8988	12.25	1
8989	14.25	1
8990	12.5	1
8991	14.5	1
8992	17.0	1
8993	11.75	1
8994	12.75	1
8995	33.0	1
8996	13.75	1
8997	14.25	1
8998	12.875	1
8999	16.5	1
9000	15.75	1
9001	24.5	1
9002	12.0	1
9003	14.25	1
9004	18.25	1
9005	13.25	1
9006	19.5	1
9007	13.375	1
9008	12.875	1
9009	12.75	1
9010	15.875	1
9011	15.875	1
9012	14.25	1
9013	14.25	1
9014	14.75	1
9015	14.0	1
9016	13.25	1
9017	14.625	1
9018	13.75	1
9019	14.125	1
9020	13.75	1
9021	13.5	1
9022	34.125	1
9023	13.0	1
9024	13.0	1
9025	19.875	1
9026	15.125	1
9027	14.0	1
9028	12.5	1
9029	17.625	1
9030	12.75	1
9031	14.5	1
9032	16.75	1
9033	12.875	1
9034	14.25	1
9035	13.5	1
9036	19.0	1
9037	14.25	1
9038	14.5	1
9039	13.5	1
9040	12.125	1
9041	14.0	1
9042	13.25	1
9043	13.875	1
9044	11.5	1
9045	13.625	1
9046	30.0	1
9047	23.375	1
9048	15.25	1
9049	14.25	1
9050	17.75	1
9051	14.375	1
9052	14.5	1
9053	13.375	1
9054	12.75	1
9055	15.5	1
9056	13.125	1
9057	14.75	1
9058	15.0	1
9059	13.625	1
9060	13.75	1
9061	13.125	1
9062	25.875	1
9063	12.625	1
9064	14.0	1
9065	19.75	1
9066	15.5	1
9067	18.0	1
9068	16.75	1
9069	13.0	1
9070	13.125	1
9071	12.125	1
9072	13.25	1
9073	18.75	1
9074	16.375	1
9075	14.5	1
9076	13.5	1
9077	14.125	1
9078	14.25	1
9079	15.0	1
9080	13.25	1
9081	14.0	1
9082	16.75	2
9083	16.0	1
9084	22.0	1
9085	13.75	1
9086	13.5	1
9087	16.0	1
9088	18.125	1
9089	29.375	1
9090	14.0	1
9091	14.5	1
9092	12.875	1
9093	12.625	1
9094	17.0	1
9095	14.0	3
9096	17.125	1
9097	13.625	1
9098	13.5	1
9099	15.375	1
9100	12.75	1
9101	13.25	1
9102	13.75	1
9103	11.75	1
9104	28.5	1
9105	20.75	1
9106	15.375	1
9107	13.375	1
9108	14.625	1
9109	13.875	1
9110	14.25	1
9111	15.0	1
9112	12.5	1
9113	21.375	1
9114	14.25	1
9115	12.375	1
9116	22.5	1
9117	12.625	1
9118	14.375	1
9119	14.375	1
9120	16.75	1
9121	15.125	1
9122	14.25	1
9123	17.75	1
9124	22.0	1
9125	13.25	1
9126	14.25	1
9127	17.0	1
9128	12.75	1
9129	13.75	1
9130	14.25	1
9131	15.25	2
9132	13.375	1
9133	16.5	2
9134	25.25	1
9135	13.5	1
9136	21.5	1
9137	13.75	1
9138	12.25	1
9139	14.75	1
9140	12.5	1
9141	22.0	1
9142	20.75	1
9143	21.0	1
9144	16.0	1
9145	14.25	1
9146	13.375	1
9147	14.125	1
9148	13.875	1
9149	13.125	1
9150	13.0	1
9151	13.75	1
9152	14.25	1
9153	19.0	1
9154	15.0	1
9155	19.75	1
9156	18.5	1
9157	12.375	1
9158	25.5	1
9159	20.125	1
9160	17.5	1
9161	14.25	1
9162	21.0	1
9163	13.875	1
9164	15.125	3
9165	18.25	1
9166	11.625	1
9167	12.5	1
9168	21.75	1
9169	13.125	1
9170	21.125	1
9171	17.375	1
9172	12.25	1
9173	14.5	1
9174	14.5	1
9175	13.625	1
9176	12.875	1
9177	12.5	1
9178	17.875	1
9179	13.875	1
9180	13.375	1
9181	12.375	1
9182	12.875	1
9183	13.125	1
9184	16.125	1
9185	14.25	1
9186	12.625	1
9187	14.0	1
9188	15.625	1
9189	14.0	1
9190	12.625	1
9191	14.0	1
9192	11.875	1
9193	14.0	1
9194	13.0	1
9195	12.0	1
9196	15.5	1
9197	14.5	1
9198	14.5	1
9199	16.0	1
9200	14.0	1
9201	15.0	1
9202	14.25	1
9203	16.625	1
9204	11.75	1
9205	13.5	1
9206	13.75	1
9207	26.75	1
9208	14.0	1
9209	12.375	1
9210	18.5	1
9211	13.25	1
9212	16.0	1
9213	16.25	1
9214	14.125	1
9215	14.0	1
9216	14.375	1
9217	19.25	1
9218	13.375	1
9219	13.25	1
9220	13.375	1
9221	15.125	1
9222	12.875	1
9223	15.0	1
9224	13.5	1
9225	13.375	1
9226	13.5	1
9227	15.0	1
9228	13.75	1
9229	14.0	1
9230	14.5	1
9231	12.375	1
9232	14.125	1
9233	20.75	1
9234	11.75	1
9235	15.125	1
9236	14.25	1
9237	14.25	1
9238	13.5	1
9239	14.75	1
9240	12.25	1
9241	17.125	1
9242	17.5	1
9243	23.75	1
9244	14.625	1
9245	14.625	1
9246	13.0	1
9247	13.375	1
9248	25.5	1
9249	14.25	1
9250	16.625	1
9251	11.75	1
9252	11.25	1
9253	18.0	1
9254	19.0	1
9255	28.5	1
9256	13.875	1
9257	13.5	1
9258	13.375	1
9259	13.375	2
9260	14.0	1
9261	13.125	1
9262	12.25	1
9263	13.375	1
9264	27.125	1
9265	13.75	1
9266	13.625	1
9267	13.5	1
9268	16.125	1
9269	13.875	1
9270	15.0	1
9271	12.25	1
9272	19.5	2
9273	15.75	1
9274	14.875	1
9275	14.75	1
9276	13.125	1
9277	14.75	1
9278	18.0	1
9279	16.875	1
9280	14.75	1
9281	26.25	1
9282	13.375	1
9283	14.625	1
9284	21.5	1
9285	13.875	1
9286	13.75	1
9287	12.625	1
9288	13.25	1
9289	13.25	1
9290	11.25	1
9291	14.0	1
9292	12.375	1
9293	13.5	1
9294	12.0	1
9295	18.5	1
9296	12.75	1
9297	13.5	1
9298	15.25	1
9299	25.5	1
9300	13.125	1
9301	13.0	1
9302	12.0	1
9303	14.25	1
9304	11.75	1
9305	14.75	2
9306	18.5	1
9307	14.125	1
9308	16.625	1
9309	13.125	1
9310	15.75	1
9311	24.375	1
9312	62.75	1
9313	14.25	1
9314	22.5	1
9315	11.75	1
9316	14.25	1
9317	14.5	1
9318	18.25	1
9319	15.0	1
9320	14.75	1
9321	24.125	1
9322	12.625	1
9323	14.0	1
9324	16.75	1
9325	13.125	1
9326	24.125	1
9327	13.125	1
9328	14.25	1
9329	16.125	1
9330	20.5	1
9331	13.25	1
9332	15.375	1
9333	20.0	1
9334	14.0	1
9335	13.0	1
9336	16.25	1
9337	13.0	1
9338	21.125	1
9339	12.25	1
9340	18.5	1
9341	14.75	1
9342	11.5	2
9343	12.625	1
9344	30.0	1
9345	13.125	1
9346	22.875	1
9347	13.625	1
9348	14.0	1
9349	16.25	1
9350	17.125	1
9351	14.5	1
9352	13.375	1
9353	14.0	1
9354	14.25	1
9355	17.125	1
9356	15.0	1
9357	18.25	1
9358	13.375	1
9359	14.5	1
9360	21.0	1
9361	12.25	1
9362	14.5	1
9363	25.875	1
9364	15.0	1
9365	14.0	1
9366	13.625	1
9367	12.75	1
9368	12.625	1
9369	12.75	1
9370	14.25	1
9371	12.25	1
9372	16.625	1
9373	16.5	1
9374	12.25	1
9375	15.0	1
9376	29.5	1
9377	22.25	1
9378	14.75	1
9379	12.75	1
9380	12.875	1
9381	20.75	1
9382	14.25	1
9383	21.25	1
9384	16.5	1
9385	19.5	1
9386	14.375	1
9387	23.25	1
9388	16.75	1
9389	12.875	1
9390	14.5	1
9391	13.25	1
9392	12.0	1
9393	13.125	1
9394	17.5	1
9395	13.0	1
9396	12.625	1
9397	12.25	1
9398	13.625	1
9399	13.625	1
9400	25.625	1
9401	14.0	1
9402	20.5	1
9403	13.25	1
9404	22.25	1
9405	14.75	1
9406	14.125	1
9407	14.375	1
9408	14.5	1
9409	14.75	1
9410	12.5	1
9411	15.125	1
9412	24.875	1
9413	14.25	1
9414	15.25	1
9415	14.25	1
9416	13.75	1
9417	14.0	1
9418	13.0	1
9419	24.5	1
9420	14.125	1
9421	13.875	2
9422	12.75	1
9423	11.75	1
9424	13.875	1
9425	22.25	1
9426	15.125	1
9427	16.0	1
9428	16.0	1
9429	12.75	1
9430	13.75	1
9431	13.75	1
9432	18.25	1
9433	16.5	1
9434	13.5	1
9435	23.5	1
9436	13.375	1
9437	18.75	1
9438	14.75	1
9439	14.125	1
9440	16.75	1
9441	14.5	1
9442	12.5	1
9443	14.5	1
9444	22.0	1
9445	12.875	1
9446	14.125	1
9447	13.5	1
9448	19.875	1
9449	13.375	1
9450	14.75	1
9451	12.5	1
9452	13.375	1
9453	12.75	1
9454	19.0	1
9455	22.25	1
9456	12.75	1
9457	13.5	1
9458	12.875	1
9459	13.375	1
9460	15.75	1
9461	24.0	1
9462	15.5	1
9463	15.5	1
9464	15.0	1
9465	12.5	1
9466	23.0	1
9467	14.75	1
9468	19.875	1
9469	14.125	1
9470	21.0	1
9471	12.25	1
9472	11.875	1
9473	16.0	1
9474	14.0	1
9475	11.75	1
9476	15.75	1
9477	14.75	1
9478	13.75	1
9479	22.0	1
9480	14.625	2
9481	13.375	1
9482	17.625	1
9483	14.5	1
9484	16.25	1
9485	14.125	1
9486	22.625	1
9487	13.0	1
9488	13.25	1
9489	17.0	1
9490	21.875	1
9491	12.875	1
9492	12.125	1
9493	14.25	1
9494	13.0	1
9495	12.75	1
9496	14.625	1
9497	15.5	1
9498	20.375	1
9499	13.625	1
9500	16.25	1
9501	13.375	1
9502	13.0	1
9503	12.75	1
9504	13.25	1
9505	12.125	1
9506	20.625	1
9507	13.25	1
9508	12.375	1
9509	14.75	1
9510	19.75	1
9511	13.125	1
9512	14.25	1
9513	16.75	1
9514	12.0	1
9515	12.75	1
9516	12.0	1
9517	13.875	1
9518	15.25	1
9519	11.5	1
9520	11.75	1
9521	13.25	1
9522	21.875	1
9523	16.75	2
9524	15.375	1
9525	16.0	1
9526	12.75	1
9527	20.25	1
9528	12.875	1
9529	13.0	1
9530	20.5	1
9531	19.25	1
9532	11.0	1
9533	14.0	1
9534	17.5	1
9535	19.75	1
9536	13.75	1
9537	17.5	2
9538	13.0	1
9539	16.0	2
9540	13.25	1
9541	12.5	1
9542	13.75	1
9543	13.25	1
9544	18.5	1
9545	14.25	1
9546	13.125	1
9547	14.0	1
9548	19.375	1
9549	25.125	1
9550	12.625	1
9551	12.25	1
9552	14.5	1
9553	25.375	1
9554	14.25	1
9555	12.75	1
9556	14.75	1
9557	21.0	1
9558	12.75	1
9559	12.875	1
9560	15.125	1
9561	18.125	1
9562	12.5	1
9563	12.625	1
9564	16.75	1
9565	13.625	1
9566	11.875	1
9567	13.25	1
9568	15.5	2
9569	21.5	1
9570	13.375	1
9571	12.0	1
9572	13.125	1
9573	12.75	1
9574	12.0	1
9575	24.0	1
9576	12.375	1
9577	18.375	1
9578	14.625	1
9579	13.25	1
9580	14.75	1
9581	12.75	1
9582	12.5	1
9583	11.25	1
9584	13.25	1
9585	15.5	1
9586	14.375	1
9587	14.75	1
9588	14.5	1
9589	14.25	1
9590	17.125	1
9591	16.75	1
9592	27.375	1
9593	14.5	1
9594	12.5	1
9595	13.0	1
9596	12.375	1
9597	13.25	1
9598	14.25	1
9599	13.25	1
9600	13.0	1
9601	12.25	1
9602	28.5	1
9603	14.5	1
9604	12.0	1
9605	13.25	1
9606	12.75	1
9607	14.75	1
9608	13.875	1
9609	22.25	1
9610	14.75	1
9611	14.125	1
9612	14.125	1
9613	14.5	1
9614	13.25	1
9615	12.375	1
9616	17.0	1
9617	13.25	1
9618	12.25	1
9619	12.875	1
9620	11.875	1
9621	13.125	1
9622	14.5	1
9623	14.75	1
9624	13.375	1
9625	16.5	1
9626	13.25	1
9627	13.125	1
9628	11.0	1
9629	13.5	1
9630	20.5	1
9631	13.625	1
9632	17.125	1
9633	13.0	1
9634	15.0	1
9635	14.5	1
9636	14.625	1
9637	10.5	1
9638	12.875	1
9639	13.75	1
9640	14.75	1
9641	31.375	1
9642	19.75	1
9643	17.5	1
9644	19.75	1
9645	14.375	1
9646	28.25	2
9647	14.0	1
9648	12.625	1
9649	13.875	1
9650	14.5	1
9651	13.125	1
9652	16.0	1
9653	17.0	1
9654	12.875	1
9655	19.125	1
9656	14.25	1
9657	13.5	1
9658	11.0	1
9659	11.875	1
9660	14.25	1
9661	16.0	1
9662	13.5	1
9663	17.25	1
9664	14.0	1
9665	14.0	1
9666	14.125	1
9667	25.625	1
9668	14.75	1
9669	13.375	1
9670	17.625	1
9671	18.5	1
9672	13.0	1
9673	30.25	1
9674	12.375	1
9675	14.0	1
9676	13.0	1
9677	12.75	1
9678	12.625	1
9679	15.5	1
9680	14.5	1
9681	14.5	1
9682	16.375	1
9683	16.25	1
9684	14.5	1
9685	18.125	1
9686	12.25	1
9687	13.125	1
9688	26.0	1
9689	12.125	1
9690	15.5	1
9691	14.625	1
9692	19.75	1
9693	14.75	1
9694	14.25	1
9695	22.75	1
9696	12.625	1
9697	13.5	1
9698	12.875	1
9699	13.625	1
9700	13.875	1
9701	14.875	1
9702	12.75	1
9703	19.75	1
9704	14.25	1
9705	13.0	1
9706	14.0	1
9707	13.625	1
9708	12.625	1
9709	29.75	1
9710	14.0	1
9711	18.25	1
9712	16.0	1
9713	14.0	2
9714	13.25	1
9715	14.25	1
9716	24.0	1
9717	13.5	1
9718	14.25	1
9719	20.875	1
9720	13.0	1
9721	13.375	1
9722	13.125	1
9723	13.5	1
9724	13.0	1
9725	14.25	1
9726	18.75	1
9727	12.75	1
9728	14.25	1
9729	18.0	1
9730	15.0	1
9731	12.375	1
9732	15.0	1
9733	12.25	1
9734	13.375	1
9735	18.875	1
9736	11.75	1
9737	15.25	1
9738	12.75	1
9739	14.25	1
9740	19.125	1
9741	14.5	1
9742	12.875	1
9743	14.5	1
9744	15.75	1
9745	13.125	1
9746	20.375	1
9747	12.125	1
9748	13.375	1
9749	12.875	1
9750	14.75	1
9751	13.25	1
9752	15.0	1
9753	14.5	1
9754	14.0	1
9755	14.25	1
9756	22.125	1
9757	14.75	1
9758	13.5	3
9759	14.5	1
9760	12.75	1
9761	13.5	1
9762	12.625	1
9763	14.5	1
9764	22.0	1
9765	11.5	1
9766	20.75	1
9767	16.125	1
9768	13.0	1
9769	16.25	1
9770	13.0	1
9771	14.625	1
9772	14.25	1
9773	12.5	1
9774	12.75	1
9775	15.25	1
9776	19.5	1
9777	14.125	1
9778	13.75	1
9779	14.875	1
9780	14.5	1
9781	12.875	1
9782	14.0	1
9783	13.375	1
9784	14.75	1
9785	12.75	1
9786	14.25	1
9787	13.5	1
9788	14.0	1
9789	12.25	1
9790	22.75	1
9791	12.5	1
9792	19.5	1
9793	12.625	1
9794	12.875	1
9795	16.0	1
9796	24.0	1
9797	13.5	1
9798	13.0	1
9799	15.75	1
9800	12.25	1
9801	12.625	1
9802	14.875	1
9803	13.5	1
9804	17.0	1
9805	16.5	3
9806	18.5	1
9807	12.25	1
9808	15.0	1
9809	26.25	1
9810	17.5	1
9811	17.25	1
9812	24.5	1
9813	14.75	1
9814	16.0	1
9815	11.625	1
9816	18.5	1
9817	16.75	3
9818	25.25	1
9819	14.25	1
9820	18.0	1
9821	18.75	1
9822	13.75	1
9823	13.0	1
9824	14.625	1
9825	20.0	1
9826	18.0	1
9827	12.5	1
9828	13.5	1
9829	20.875	1
9830	13.375	1
9831	16.0	1
9832	14.0	1
9833	22.5	1
9834	16.25	1
9835	13.25	1
9836	11.75	1
9837	14.0	1
9838	13.25	1
9839	14.25	1
9840	15.875	1
9841	19.625	1
9842	11.75	1
9843	13.375	1
9844	13.625	1
9845	13.375	1
9846	21.25	1
9847	12.75	1
9848	14.75	1
9849	17.125	1
9850	14.0	1
9851	12.75	1
9852	14.75	1
9853	13.125	1
9854	16.75	1
9855	16.25	1
9856	12.875	1
9857	13.0	1
9858	44.375	1
9859	13.625	1
9860	13.375	1
9861	13.5	1
9862	14.25	1
9863	11.625	1
9864	14.375	1
9865	16.375	1
9866	17.0	1
9867	15.5	1
9868	16.375	1
9869	16.75	2
9870	16.5	1
9871	55.125	1
9872	13.0	1
9873	13.375	1
9874	16.875	1
9875	13.125	1
9876	13.375	1
9877	14.75	1
9878	13.125	1
9879	12.0	1
9880	16.5	1
9881	14.125	1
9882	21.75	1
9883	16.25	1
9884	27.875	1
9885	21.0	1
9886	14.5	1
9887	19.25	1
9888	15.0	1
9889	14.75	1
9890	26.375	1
9891	13.625	1
9892	14.125	1
9893	11.625	1
9894	14.125	1
9895	12.125	1
9896	12.875	1
9897	13.5	1
9898	16.5	1
9899	20.5	1
9900	15.875	1
9901	12.75	1
9902	31.125	1
9903	17.625	1
9904	20.75	1
9905	14.25	1
9906	13.375	1
9907	19.0	1
9908	14.625	1
9909	15.625	1
9910	23.5	1
9911	22.25	1
9912	14.0	1
9913	14.75	1
9914	16.125	1
9915	12.75	1
9916	14.25	1
9917	13.375	1
9918	18.75	2
9919	20.25	1
9920	13.125	1
9921	18.75	1
9922	13.625	1
9923	13.5	1
9924	17.0	1
9925	18.5	1
9926	13.75	1
9927	13.5	1
9928	18.75	1
9929	15.625	1
9930	13.25	1
9931	13.125	1
9932	12.125	1
9933	17.0	1
9934	11.5	1
9935	12.0	1
9936	12.375	1
9937	18.25	1
9938	13.0	1
9939	17.0	1
9940	13.0	1
9941	19.0	1
9942	17.5	1
9943	13.25	1
9944	17.125	1
9945	13.25	1
9946	16.0	1
9947	14.0	1
9948	12.875	1
9949	11.875	1
9950	17.0	1
9951	17.25	1
9952	14.75	1
9953	13.75	1
9954	19.75	1
9955	27.5	1
9956	17.0	1
9957	15.625	3
9958	17.5	1
9959	20.75	1
9960	14.75	1
9961	23.125	1
9962	13.75	1
9963	13.75	1
9964	13.0	1
9965	13.0	1
9966	14.0	1
9967	15.0	1
9968	19.25	1
9969	12.25	1
9970	14.5	1
9971	16.5	1
9972	12.75	1
9973	12.875	1
9974	15.375	1
9975	21.0	1
9976	13.75	1
9977	13.125	1
9978	22.125	1
9979	14.0	1
9980	13.5	1
9981	19.75	1
9982	12.875	1
9983	13.0	1
9984	22.0	1
9985	13.75	1
9986	13.125	1
9987	12.625	1
9988	14.625	1
9989	12.5	1
9990	13.25	1
9991	13.5	1
9992	15.5	3
9993	16.75	1
9994	13.375	1
9995	13.625	1
9996	14.5	1
9997	28.875	1
9998	15.75	1
9999	14.25	1
10000	12.75	1
