ID	OPC	CUSPS
1	52.75	4
2	18.75	1
3	25.0	1
4	38.0	3
5	20.5	1
6	27.375	2
7	23.5	1
8	48.875	1
9	36.375	1
10	39.375	1
11	36.0	3
12	31.125	1
13	60.875	4
14	127.625	1
15	26.75	3
16	19.375	1
17	22.0	1
18	26.375	3
20	65.875	2
21	34.25	1
22	65.25	1
23	56.0	4
24	20.0	2
25	36.125	3
26	31.0	3
27	22.25	1
28	24.5	1
29	17.5	1
30	17.375	1
31	17.25	1
32	48.0	3
33	53.25	5
34	62.75	3
35	35.5	3
36	33.0	4
37	199.75	1
38	30.125	1
39	34.875	2
40	25.25	1
41	19.5	1
42	71.75	3
43	16.75	1
44	43.0	1
45	29.375	1
46	26.0	1
47	38.25	3
48	26.125	2
49	46.75	1
50	26.75	2
51	33.0	4
52	61.5	5
53	19.25	1
54	60.25	1
55	38.875	2
56	22.0	3
57	16.5	3
58	37.75	3
60	65.5	3
61	21.0	3
62	25.125	1
63	38.5	2
64	30.875	3
65	36.0	1
66	59.5	1
67	39.875	3
69	16.5	1
70	104.375	1
71	20.75	3
72	39.0	3
73	61.75	1
74	16.25	1
75	26.0	3
76	62.875	4
77	24.625	2
78	30.125	3
79	32.125	3
80	20.0	1
81	33.5	1
82	67.0	3
83	22.5	1
84	18.75	1
85	14.375	1
86	63.75	5
87	34.125	4
88	18.75	1
89	74.0	1
90	32.75	3
91	38.125	2
92	54.25	4
93	28.375	3
94	29.0	3
95	16.5	1
96	113.75	2
97	25.625	1
98	25.5	2
99	46.375	2
100	25.0	3
101	60.875	1
102	34.875	3
103	75.375	1
104	39.875	3
105	96.75	1
106	86.75	1
107	23.25	1
108	22.0	1
110	279.25	1
111	36.875	2
112	31.75	3
113	46.5	5
114	24.25	3
115	16.625	1
116	22.125	1
117	79.5	1
118	56.625	3
119	38.5	3
120	23.875	1
121	48.75	4
122	21.875	2
123	174.625	3
124	35.875	1
125	48.5	2
126	33.0	3
127	21.0	1
128	23.5	1
129	38.75	2
130	25.875	3
131	33.875	1
132	38.875	1
134	31.5	2
135	23.75	2
136	76.875	2
137	43.25	3
138	70.375	3
139	29.75	2
140	77.75	4
141	39.75	2
142	45.0	3
143	25.25	1
144	29.0	4
145	18.5	1
146	86.125	1
147	30.5	2
148	20.375	3
149	87.25	1
150	22.25	2
151	27.625	2
152	34.25	3
153	33.25	1
154	50.25	3
155	28.875	3
156	21.25	1
157	47.0	1
158	65.625	4
159	16.25	2
160	51.75	1
161	36.375	3
162	19.25	1
163	14.0	1
164	55.125	4
165	40.0	1
166	26.25	3
167	31.0	1
168	19.0	1
169	33.375	3
170	28.25	2
171	21.0	1
172	36.75	3
173	24.375	3
174	21.0	3
175	46.625	2
176	44.75	1
177	19.25	1
178	124.125	2
179	23.5	2
180	81.0	1
181	19.75	1
182	19.25	1
185	43.25	1
186	59.25	4
187	81.5	5
189	22.25	3
190	33.5	1
191	28.5	1
193	52.375	4
194	42.375	4
195	141.875	2
196	36.625	2
197	39.25	1
200	97.875	5
201	40.0	2
202	88.0	5
203	231.75	1
204	16.75	1
205	35.625	1
206	24.125	2
207	21.25	2
208	39.25	2
209	16.0	1
210	19.0	2
211	113.0	1
212	17.25	2
213	19.5	1
214	43.25	3
215	34.375	2
216	26.0	2
218	46.25	3
219	29.25	2
220	18.25	1
221	22.25	1
222	31.375	3
223	56.375	5
224	33.0	3
225	115.75	3
226	28.0	3
227	33.0	3
228	19.5	3
229	55.0	4
230	40.875	1
231	28.5	1
232	31.75	1
233	20.5	1
234	60.5	2
235	31.625	3
236	78.875	3
237	25.5	2
238	32.5	4
239	63.125	3
240	49.875	3
241	81.5	3
242	65.5	3
243	22.25	1
244	33.75	5
245	131.0	1
246	61.5	2
247	143.75	1
248	230.125	1
249	43.0	4
250	28.75	1
251	18.125	1
252	120.125	2
253	27.125	2
254	29.25	4
255	25.375	3
256	74.25	3
257	17.0	1
258	51.125	3
259	33.75	2
260	29.5	3
261	29.25	3
262	26.75	3
264	29.0	2
265	41.0	3
266	22.5	2
267	20.75	1
268	35.5	1
269	30.0	1
270	62.25	1
271	36.375	3
272	25.25	4
274	24.0	3
275	35.125	4
276	40.125	3
277	21.0	2
278	16.0	1
279	30.75	1
280	26.75	1
281	48.875	2
282	64.0	1
283	26.5	3
284	44.125	3
285	14.875	1
286	19.5	2
287	150.75	1
288	24.5	2
289	29.0	1
290	47.375	1
291	45.75	1
292	46.25	3
293	18.75	1
294	32.25	2
295	17.75	2
296	56.5	4
297	39.5	4
298	14.875	1
299	31.625	4
300	38.5	2
301	178.125	1
302	202.5	4
303	63.0	5
304	29.5	4
306	24.75	2
307	15.5	1
308	33.0	3
309	29.75	3
310	49.375	1
311	62.625	1
312	19.0	3
313	49.375	3
314	35.25	3
315	133.375	5
316	15.0	1
318	62.75	5
319	28.25	1
320	28.25	2
321	29.5	1
322	32.75	3
323	33.5	3
324	24.75	2
325	35.875	3
326	41.5	3
327	18.75	1
328	29.125	3
329	24.25	2
330	33.0	4
331	16.5	1
332	34.0	2
333	41.125	3
334	19.25	1
335	98.75	5
336	24.75	3
337	98.125	3
338	24.75	2
339	42.0	3
340	26.5	1
341	68.125	5
342	29.125	1
343	27.75	2
344	63.0	2
345	56.0	4
346	28.125	1
347	28.0	4
348	29.0	4
349	64.5	1
350	28.75	2
351	27.0	1
352	20.75	2
353	35.5	3
354	39.5	4
355	128.25	1
356	35.875	3
357	27.625	1
358	38.875	3
359	23.125	1
360	40.5	1
361	24.25	1
362	22.75	3
363	20.75	3
364	36.25	3
365	20.75	3
366	43.625	4
367	42.75	3
368	43.625	4
369	49.75	2
370	44.875	3
371	110.5	2
372	55.25	1
373	28.25	1
374	36.625	3
375	29.0	1
376	20.875	3
377	74.75	3
378	16.75	2
379	38.0	3
380	21.75	2
381	96.375	3
382	79.0	3
383	43.0	3
384	25.75	1
385	41.625	1
386	29.875	3
387	17.25	1
388	26.875	1
389	101.25	1
390	25.75	2
391	45.25	4
392	103.75	3
393	23.75	3
394	26.0	2
395	49.125	1
396	24.0	1
397	108.375	2
398	58.25	1
399	17.75	1
400	27.125	2
401	33.625	1
402	30.0	3
403	39.0	3
404	36.75	3
405	46.5	1
406	51.25	3
407	23.75	1
408	19.0	1
409	27.0	1
410	39.375	1
411	38.375	3
412	35.375	1
413	83.5	1
414	125.75	1
415	31.625	1
416	29.375	4
417	18.25	1
418	20.0	3
419	44.75	3
420	49.75	1
422	31.5	1
423	32.0	3
424	58.375	5
425	29.0	1
426	26.25	3
427	39.875	2
428	64.875	3
429	54.125	2
430	95.25	2
431	30.375	2
432	55.0	3
433	24.5	3
434	71.75	5
435	33.375	1
436	32.25	1
437	23.25	2
438	22.5	3
439	24.125	1
440	26.125	1
441	21.25	2
442	41.0	3
443	16.75	2
444	70.0	1
445	19.25	3
446	47.25	1
447	51.375	3
448	77.375	4
449	75.75	2
450	20.0	3
451	23.375	1
452	131.25	5
453	27.75	1
454	50.75	3
455	40.0	1
456	69.625	4
457	38.0	2
458	22.75	3
460	47.625	3
461	37.25	3
462	30.125	1
463	53.625	3
464	50.25	1
465	29.0	3
466	33.75	1
467	42.5	3
468	33.25	3
469	34.875	4
470	35.125	2
471	19.25	3
472	52.5	5
473	48.25	1
474	24.0	2
475	42.75	5
476	48.875	4
477	52.5	1
478	36.375	1
479	38.0	2
480	20.5	3
481	53.25	4
482	19.75	3
483	36.25	1
484	23.375	3
485	66.25	3
486	72.75	4
487	28.0	3
488	39.75	2
489	35.5	3
490	46.0	4
491	114.25	3
492	40.125	3
493	33.125	3
494	35.5	4
495	22.75	2
496	22.25	1
497	22.375	3
498	30.25	3
499	19.75	3
500	22.25	3
501	20.5	1
502	52.75	3
503	61.25	4
504	26.375	1
505	119.75	3
506	24.25	1
507	24.25	1
509	27.125	2
510	35.125	4
511	99.875	6
512	25.75	2
513	25.0	3
514	17.25	1
515	43.75	5
516	62.75	2
517	27.75	4
518	73.5	4
519	61.0	3
520	29.125	3
521	28.125	2
522	21.5	3
523	18.625	1
524	21.25	2
525	24.0	2
526	93.0	4
527	35.375	4
528	52.375	1
529	18.0	1
530	102.5	2
531	37.5	4
532	19.25	3
533	50.125	2
534	18.0	1
535	43.75	3
536	43.375	1
537	66.375	1
538	42.625	3
539	21.5	2
540	18.5	1
541	34.125	3
542	13.75	2
543	119.5	3
544	28.5	2
545	29.0	3
546	34.5	3
547	46.25	3
548	37.25	3
549	35.0	1
550	19.5	1
551	25.75	1
552	16.0	1
553	142.25	4
554	21.25	1
555	56.75	3
556	19.25	1
557	36.5	3
558	25.75	2
559	31.875	3
560	34.125	3
561	25.875	3
562	31.5	2
563	23.875	1
564	22.25	2
565	13.5	1
566	50.25	3
567	19.25	3
568	21.5	1
569	128.5	2
570	33.75	3
571	31.875	3
572	19.5	3
573	41.25	4
576	47.25	3
577	102.25	1
578	40.5	2
579	32.25	1
580	17.125	1
581	91.25	5
582	24.75	2
583	32.25	1
584	33.375	3
585	41.125	3
586	22.375	1
587	85.0	5
588	22.125	3
589	86.125	4
590	34.0	3
591	93.375	5
592	40.5	1
593	25.75	1
594	22.25	3
595	205.375	2
596	20.625	1
597	210.0	3
598	46.25	5
599	28.875	3
600	25.75	4
601	45.0	3
602	110.75	3
603	35.125	4
604	30.0	3
605	29.25	1
607	35.625	3
608	29.0	2
609	24.5	3
610	137.875	1
611	44.0	2
612	34.625	1
613	31.0	1
614	46.625	4
615	23.5	2
616	41.5	1
617	41.0	1
618	57.875	3
619	15.75	3
620	19.5	1
621	68.0	3
622	31.25	2
623	29.25	1
624	27.375	1
625	15.875	2
626	32.625	2
627	43.0	3
628	24.875	2
629	70.75	2
630	35.5	1
631	28.875	2
632	25.75	2
633	19.25	1
634	23.25	2
635	25.0	1
636	18.625	1
637	24.125	2
638	21.5	1
639	31.25	1
640	36.375	3
641	69.125	3
642	38.125	3
643	36.625	3
644	14.625	1
645	45.75	1
646	27.625	3
648	51.875	2
649	20.875	1
650	42.5	3
651	55.75	4
652	22.25	3
653	36.0	3
654	58.5	4
655	25.25	1
656	18.75	1
657	38.0	3
658	36.875	3
659	25.25	3
660	27.25	1
661	39.5	3
662	19.5	1
663	40.625	3
664	33.25	3
665	44.75	4
666	14.0	1
667	72.25	3
668	66.75	5
669	29.0	1
670	15.75	1
671	47.5	5
672	26.75	1
673	51.0	3
674	83.0	5
675	103.375	1
676	38.25	3
677	43.5	1
678	20.125	1
679	28.5	1
680	56.5	4
681	107.0	1
682	119.75	3
683	45.5	3
684	21.75	1
685	24.0	1
686	23.5	2
687	92.5	5
688	36.25	3
689	39.375	3
690	22.75	1
691	71.0	5
692	23.75	1
693	96.625	2
694	47.75	1
695	18.0	1
696	19.0	3
697	42.75	5
698	17.75	1
699	38.25	3
700	40.5	5
701	51.0	3
702	61.375	1
703	30.25	1
704	39.625	1
705	20.625	1
706	29.75	1
707	52.625	2
708	113.625	2
709	58.25	1
710	29.625	3
711	18.125	1
712	16.75	1
713	16.875	1
714	27.75	3
715	103.75	2
716	30.375	3
717	25.625	2
718	163.625	2
719	19.75	2
720	48.125	3
721	115.375	1
722	68.25	2
723	35.5	3
724	40.75	2
725	34.125	1
726	62.375	3
727	167.25	1
728	16.5	3
729	22.375	1
730	15.875	1
731	24.25	3
732	20.625	1
733	58.5	5
734	29.25	2
735	43.375	2
736	16.5	1
737	19.0	2
739	32.5	2
740	24.5	2
741	20.25	1
742	133.75	3
743	27.25	3
744	84.625	3
745	54.375	2
746	64.0	1
747	27.125	2
748	36.5	2
749	21.5	2
750	28.0	3
751	30.25	1
752	17.75	1
753	34.25	1
754	81.125	3
755	21.375	1
756	29.125	1
757	24.375	2
759	21.625	2
760	80.25	5
761	38.5	3
762	66.5	3
763	22.875	1
764	25.0	1
765	54.875	3
766	255.875	2
767	92.75	1
768	76.125	3
769	40.0	2
770	22.875	1
771	25.75	3
772	34.5	4
773	46.75	3
774	38.375	3
775	21.125	3
776	31.5	4
778	23.625	3
779	34.375	3
780	45.25	2
781	21.5	2
782	66.25	1
783	17.625	3
784	49.875	4
785	45.5	3
786	61.125	1
787	18.625	1
788	16.75	1
789	33.25	1
790	68.5	1
791	79.375	4
792	75.75	1
793	17.75	3
794	58.75	2
795	39.75	4
796	29.25	2
797	90.25	1
798	29.75	3
799	22.5	1
800	17.25	1
801	47.5	1
802	21.5	3
803	39.375	3
804	20.25	3
805	26.75	1
806	38.5	1
807	41.875	2
808	43.0	3
809	65.375	3
810	55.25	1
811	21.5	2
812	43.25	1
813	151.125	2
814	34.125	2
815	114.625	1
816	87.125	5
817	34.125	2
818	22.25	1
819	125.375	1
820	19.25	1
821	25.375	3
822	30.25	3
823	24.5	1
824	26.5	1
825	40.5	3
826	37.0	3
827	29.0	2
829	21.5	1
830	28.0	1
831	34.25	2
832	71.5	3
833	28.875	1
834	56.875	3
835	28.25	2
836	28.75	1
837	25.5	1
838	26.625	1
839	19.625	1
840	30.75	2
841	42.25	3
842	39.0	3
843	27.75	3
844	50.25	4
845	23.5	3
846	311.0	1
847	23.25	1
848	30.0	2
849	59.875	4
850	31.25	3
851	28.75	3
852	48.0	3
853	88.75	3
854	37.0	3
855	35.5	1
856	40.25	4
857	26.5	1
858	27.5	2
859	76.75	3
860	33.0	2
861	27.75	1
862	22.0	3
863	29.375	3
864	24.5	2
865	19.625	1
866	44.25	4
867	22.5	2
868	39.125	3
869	26.25	3
870	60.25	4
871	49.875	1
872	81.0	3
873	54.375	1
874	81.5	3
875	31.25	1
876	65.25	2
877	23.0	3
878	37.0	3
879	21.75	1
880	65.5	1
881	28.75	1
882	30.0	2
883	38.0	3
884	19.625	1
885	17.5	1
886	92.375	1
887	27.5	1
888	36.5	1
889	27.625	3
890	32.5	2
891	18.25	1
892	18.75	1
893	13.5	2
894	32.75	1
895	54.0	3
896	39.25	3
897	44.0	1
898	39.5	2
899	20.25	1
900	24.875	2
901	22.25	3
902	24.0	1
903	24.0	3
904	19.375	3
905	37.5	2
906	22.625	1
907	25.5	2
908	27.0	3
909	30.875	1
910	56.0	6
911	22.75	3
912	31.625	2
913	39.75	4
914	44.75	3
915	49.625	3
916	23.0	1
917	45.875	2
918	14.5	1
919	46.625	3
920	46.625	1
921	28.5	1
922	16.5	1
923	44.875	3
924	17.75	1
925	39.5	3
926	30.875	3
927	20.25	3
928	29.25	1
929	24.25	2
930	32.0	3
931	23.25	1
932	38.875	4
933	35.0	1
934	56.25	1
935	32.0	4
936	20.75	3
937	64.5	3
938	67.375	3
939	33.375	1
940	17.75	1
941	23.5	1
942	19.75	3
943	20.5	3
945	18.5	3
946	23.5	1
947	94.75	3
948	32.75	3
949	26.875	3
950	21.625	1
951	24.125	2
952	36.25	1
953	28.125	2
954	36.0	2
955	36.25	3
956	74.5	1
957	88.0	1
958	70.0	1
959	23.75	3
960	192.0	1
961	157.5	2
962	32.625	2
963	36.25	3
964	28.5	3
965	39.125	4
966	88.75	1
967	33.25	1
968	16.75	1
969	18.75	1
970	40.25	3
971	17.75	1
972	21.5	2
974	19.5	3
975	30.0	3
976	59.625	2
977	22.0	1
978	23.125	2
979	17.0	1
980	48.375	5
981	17.0	1
982	37.125	4
983	33.75	3
984	42.625	3
985	26.0	1
986	24.625	3
987	41.125	3
988	41.75	2
989	19.0	1
990	13.75	2
991	20.0	1
992	23.75	3
993	61.625	4
994	22.5	1
995	38.0	4
996	16.5	1
997	35.625	1
998	23.0	1
999	68.0	3
1000	141.875	3
1001	37.125	3
1002	17.0	1
1003	54.125	3
1004	47.0	4
1005	41.25	3
1006	59.375	4
1007	48.0	2
1008	22.125	1
1009	26.5	2
1011	22.5	2
1012	22.5	1
1013	176.25	1
1014	26.0	3
1015	46.5	3
1016	29.25	3
1017	27.5	3
1018	32.75	4
1019	41.625	3
1020	39.125	3
1021	23.0	1
1022	27.25	1
1023	30.0	3
1024	65.25	1
1025	168.625	1
1026	84.75	3
1027	19.0	3
1028	19.75	1
1029	38.75	2
1030	60.625	2
1031	50.375	3
1032	70.5	4
1033	53.875	2
1034	36.875	3
1035	28.125	3
1036	117.0	1
1037	17.5	1
1038	18.75	3
1039	60.5	3
1040	57.875	1
1041	32.125	2
1042	33.75	2
1043	26.375	1
1044	34.75	2
1045	25.25	1
1046	63.0	3
1047	27.75	1
1048	56.5	3
1049	22.0	2
1050	131.75	3
1051	18.75	1
1052	29.5	4
1053	37.5	4
1054	47.0	5
1055	41.25	1
1056	29.75	3
1057	20.25	1
1058	56.5	3
1059	35.75	4
1060	27.25	4
1061	37.125	1
1062	30.625	2
1063	106.75	3
1064	62.5	1
1065	33.375	3
1066	43.625	2
1067	38.5	4
1068	28.75	3
1069	34.5	3
1070	31.75	3
1071	41.125	1
1072	32.0	5
1073	87.875	2
1074	50.5	1
1075	30.0	2
1076	27.0	3
1077	21.75	1
1078	28.25	2
1079	39.5	2
1080	21.625	3
1081	27.75	1
1082	48.75	3
1083	35.5	3
1084	74.25	3
1085	35.75	3
1086	30.0	1
1087	142.25	2
1088	22.25	1
1089	46.875	3
1090	39.5	2
1091	47.75	1
1092	56.125	3
1093	30.0	3
1094	65.75	4
1095	41.0	3
1096	43.375	3
1097	33.625	1
1098	167.5	1
1099	33.25	2
1100	130.5	1
1101	97.75	1
1102	26.5	3
1103	47.125	5
1104	35.5	4
1105	24.0	2
1106	38.0	1
1107	42.375	1
1108	39.875	4
1109	36.125	3
1110	19.5	2
1111	107.5	2
1112	119.625	1
1113	54.5	3
1114	22.375	1
1115	25.25	3
1116	28.375	3
1117	26.5	1
1118	22.5	1
1119	35.5	3
1120	24.5	2
1121	19.0	2
1122	25.25	3
1123	35.75	1
1124	36.0	2
1125	71.25	2
1126	24.625	1
1127	56.5	5
1128	19.375	3
1129	43.625	3
1130	16.5	1
1131	31.875	1
1132	82.75	3
1133	36.25	3
1134	20.625	1
1135	42.375	3
1136	53.75	3
1137	49.375	1
1138	101.25	1
1139	52.5	5
1140	34.375	3
1141	32.625	3
1142	100.625	1
1143	17.5	1
1144	32.5	2
1145	26.125	2
1146	29.75	1
1147	33.875	3
1148	52.625	4
1149	20.625	1
1150	110.125	2
1151	41.75	2
1152	27.0	2
1153	28.125	1
1154	21.25	3
1155	42.625	4
1156	66.375	1
1157	33.625	1
1158	42.25	3
1159	43.25	3
1160	17.375	3
1161	58.25	3
1162	30.25	3
1163	38.5	4
1164	20.25	3
1165	20.5	2
1166	21.75	3
1167	75.25	4
1168	39.0	4
1169	76.375	1
1170	47.0	4
1171	43.75	5
1172	36.375	2
1173	29.25	1
1174	23.125	1
1176	114.25	4
1177	30.875	1
1178	23.0	3
1179	23.5	1
1180	28.125	2
1181	45.0	1
1182	39.75	3
1183	36.75	3
1184	34.75	3
1185	69.125	3
1186	104.5	1
1187	20.25	1
1188	84.875	4
1189	65.125	3
1190	51.875	3
1191	36.25	2
1192	23.75	1
1193	197.75	3
1195	29.5	3
1196	28.0	1
1197	73.5	1
1198	33.125	1
1199	17.0	1
1200	39.0	1
1201	26.0	1
1202	51.0	1
1203	77.625	3
1204	26.5	3
1205	41.5	4
1206	46.75	4
1207	43.75	1
1208	28.0	1
1209	19.5	1
1210	36.875	2
1211	39.75	4
1212	89.625	5
1213	25.0	2
1214	39.0	1
1215	36.75	5
1216	28.0	2
1217	39.75	4
1218	20.25	1
1219	16.75	1
1220	30.0	3
1221	23.0	2
1222	119.625	2
1223	39.375	3
1224	70.5	3
1225	83.25	5
1226	28.0	1
1227	59.75	4
1228	18.875	1
1229	52.0	4
1230	79.0	3
1231	26.75	2
1232	113.5	1
1233	30.375	4
1234	33.5	3
1235	42.625	4
1236	35.625	3
1237	38.75	3
1238	24.5	3
1239	44.0	3
1240	27.0	3
1241	65.75	4
1242	34.625	2
1243	40.75	2
1244	52.5	3
1245	32.25	3
1246	35.375	3
1247	18.5	1
1248	25.0	2
1249	37.0	3
1250	30.5	2
1251	69.5	5
1252	69.875	3
1253	64.75	1
1254	29.75	2
1255	32.125	3
1256	19.875	2
1257	35.5	3
1258	46.125	3
1259	33.0	3
1260	176.375	1
1261	20.75	1
1262	19.5	1
1263	75.875	1
1264	44.625	4
1265	27.75	3
1266	38.5	3
1267	30.25	3
1268	100.875	1
1269	37.875	3
1270	20.0	3
1271	60.125	2
1272	28.875	1
1273	150.25	1
1274	45.0	1
1275	26.875	1
1276	27.875	2
1277	30.0	3
1278	126.25	1
1279	34.375	2
1280	17.375	2
1281	16.5	2
1282	163.25	1
1283	21.0	2
1284	18.0	1
1285	28.25	2
1286	35.875	2
1287	19.5	1
1288	18.75	1
1289	29.625	1
1290	78.0	2
1291	105.0	4
1292	20.125	3
1293	104.25	2
1294	42.5	2
1295	39.75	3
1296	33.0	3
1297	34.125	1
1298	24.75	3
1299	127.25	3
1300	26.375	3
1301	40.0	3
1302	27.25	3
1303	20.0	1
1304	23.25	2
1305	14.75	1
1306	72.75	2
1307	31.125	2
1308	110.0	1
1309	43.5	3
1310	90.25	1
1311	32.25	2
1312	38.0	1
1313	33.5	1
1314	35.5	3
1315	18.75	2
1316	58.25	2
1317	84.5	1
1319	25.5	2
1320	24.25	1
1321	15.75	1
1322	33.75	3
1323	42.5	2
1324	45.0	4
1325	27.5	1
1326	32.625	2
1327	38.375	3
1328	39.5	3
1329	22.5	1
1330	21.75	3
1331	20.25	2
1332	35.75	4
1333	38.25	2
1334	39.625	3
1335	42.0	4
1336	26.5	3
1337	38.125	3
1338	162.75	1
1339	41.125	3
1340	73.25	4
1341	49.75	2
1342	51.0	3
1343	77.0	1
1344	37.25	2
1345	26.75	4
1346	41.25	3
1347	55.625	3
1348	26.875	3
1349	23.5	1
1350	127.0	1
1351	29.0	3
1352	47.75	3
1353	109.25	3
1354	25.0	1
1355	69.75	4
1356	25.875	3
1357	169.0	3
1358	42.625	1
1359	173.75	1
1360	31.0	3
1361	48.75	3
1362	45.75	1
1363	15.75	1
1364	18.625	1
1365	72.75	2
1366	31.25	1
1367	36.25	1
1368	32.75	3
1369	30.625	3
1370	28.0	3
1371	36.5	2
1372	17.0	1
1373	32.0	1
1374	39.625	4
1375	18.375	1
1376	38.75	2
1377	52.375	2
1378	29.75	3
1379	27.375	1
1380	83.0	3
1381	34.0	4
1382	58.25	3
1383	89.25	1
1384	42.75	1
1385	39.5	3
1386	138.25	1
1387	29.125	2
1388	82.125	2
1389	29.375	3
1390	130.375	1
1391	24.25	1
1392	30.625	1
1393	33.25	2
1394	31.25	1
1395	21.125	1
1396	107.125	1
1397	17.25	1
1398	29.25	2
1399	51.75	4
1400	48.375	3
1401	167.125	1
1402	37.375	4
1403	17.375	1
1404	140.5	1
1405	63.0	4
1406	50.5	4
1407	18.0	1
1408	20.5	1
1409	26.625	2
1410	64.0	4
1411	73.0	2
1412	40.0	5
1413	195.5	1
1414	59.0	4
1415	28.875	1
1416	19.25	1
1417	31.625	3
1418	25.75	3
1419	68.875	3
1420	31.25	1
1421	17.375	2
1422	43.5	3
1423	24.5	2
1424	22.75	3
1425	69.25	4
1426	48.875	3
1427	21.0	2
1429	49.375	5
1430	27.75	2
1431	32.0	3
1432	21.0	1
1433	121.625	1
1434	61.0	5
1435	19.5	3
1436	59.5	3
1437	44.375	3
1438	36.75	1
1439	51.0	3
1440	44.875	3
1441	36.25	3
1442	34.125	3
1443	31.75	3
1444	34.125	1
1445	33.0	2
1446	31.5	1
1447	22.25	1
1448	42.5	2
1449	28.75	1
1450	14.75	1
1451	17.0	2
1452	126.75	1
1453	21.0	3
1454	41.75	3
1455	36.5	2
1456	26.5	1
1457	25.75	1
1458	50.375	4
1459	33.0	2
1460	39.375	4
1461	78.125	4
1462	57.875	4
1463	21.25	3
1464	20.5	1
1465	26.875	3
1466	44.0	2
1467	31.0	1
1468	28.75	2
1469	15.75	1
1470	21.125	1
1471	28.25	2
1472	48.25	1
1473	16.25	1
1474	18.75	3
1475	24.625	2
1476	26.75	3
1477	20.0	3
1478	29.5	3
1480	41.0	2
1481	23.5	1
1482	21.125	3
1483	45.5	1
1484	25.375	3
1485	34.0	4
1486	26.75	1
1487	32.5	2
1488	181.75	4
1489	18.75	1
1490	39.0	1
1491	110.25	2
1492	21.5	3
1493	164.375	5
1494	29.375	3
1495	54.75	1
1496	60.5	3
1497	30.0	2
1498	18.0	1
1499	74.125	1
1500	29.0	3
1502	21.25	3
1503	64.875	3
1504	43.75	3
1505	68.375	3
1506	90.875	6
1507	26.5	2
1508	36.75	3
1509	49.0	4
1510	24.625	3
1511	68.75	3
1512	47.0	1
1513	88.25	2
1514	29.75	1
1515	39.375	3
1516	18.75	1
1517	16.75	1
1518	33.25	1
1519	43.5	1
1520	35.75	3
1521	42.75	3
1522	107.75	1
1523	81.125	4
1524	30.5	3
1525	26.5	3
1526	26.25	3
1527	37.25	3
1528	35.75	3
1530	28.25	3
1531	32.625	2
1532	30.75	3
1533	16.75	1
1534	16.0	1
1535	60.875	4
1536	21.5	2
1537	28.25	1
1538	22.625	1
1539	169.0	1
1540	21.75	3
1541	18.0	2
1542	34.625	3
1543	36.0	3
1545	25.875	3
1546	26.25	2
1547	24.75	2
1548	43.5	3
1549	22.125	3
1550	52.75	1
1551	27.0	1
1552	23.75	3
1553	18.25	1
1554	37.0	2
1555	26.0	2
1556	31.875	1
1557	21.0	1
1558	54.875	4
1559	29.25	2
1560	21.75	3
1561	36.625	3
1562	25.5	3
1563	23.375	3
1564	26.625	2
1565	54.25	1
1566	47.875	2
1567	59.375	1
1568	94.5	3
1569	40.75	1
1570	22.875	2
1571	36.0	3
1572	32.375	3
1573	58.75	3
1574	42.25	3
1575	46.75	3
1576	46.75	2
1577	36.25	3
1578	54.75	3
1579	40.25	3
1580	26.25	3
1581	27.5	3
1582	39.25	1
1583	25.75	1
1584	14.875	1
1585	15.25	1
1586	52.75	4
1588	40.75	5
1589	27.0	1
1590	115.875	2
1591	18.125	1
1592	70.0	3
1593	36.875	1
1594	37.125	3
1595	28.0	2
1596	26.125	2
1597	38.25	2
1598	72.25	4
1599	30.125	3
1601	38.0	3
1602	27.5	3
1603	19.25	2
1604	29.75	3
1605	47.5	2
1606	39.25	3
1607	35.0	3
1608	43.375	3
1609	69.25	5
1610	50.125	3
1611	29.0	3
1613	25.125	3
1614	27.75	2
1615	57.875	4
1616	23.5	1
1617	48.875	5
1618	18.5	1
1619	40.875	3
1620	51.0	4
1621	18.5	2
1622	26.0	1
1623	29.625	2
1624	23.5	4
1625	29.875	3
1626	41.375	3
1627	18.25	2
1628	34.875	3
1629	36.75	3
1630	24.25	1
1631	18.75	1
1632	24.5	1
1633	25.5	3
1634	32.25	1
1635	17.5	2
1636	35.875	2
1637	19.5	3
1638	96.5	3
1639	39.25	1
1640	31.0	3
1641	24.875	1
1642	30.0	3
1643	35.0	1
1644	37.5	1
1645	60.0	2
1646	72.125	2
1647	18.0	1
1648	32.75	1
1649	30.75	3
1650	29.75	3
1651	121.0	3
1652	55.25	4
1653	18.75	1
1654	18.875	2
1655	20.25	1
1656	142.75	1
1657	38.75	3
1658	20.75	3
1659	34.375	2
1660	34.5	5
1661	30.0	2
1662	36.75	2
1663	25.25	3
1664	24.75	3
1665	94.875	2
1666	26.625	2
1667	42.0	3
1668	37.25	4
1669	33.875	3
1670	19.125	1
1671	23.125	1
1672	15.75	1
1673	56.5	4
1674	28.0	2
1675	26.75	1
1676	21.75	3
1677	18.25	1
1678	37.25	2
1679	45.25	1
1680	43.0	5
1681	33.25	1
1682	20.25	1
1683	56.25	4
1684	43.375	1
1685	52.0	2
1686	24.0	1
1687	25.0	2
1688	32.75	2
1689	68.0	4
1690	60.75	3
1691	243.875	2
1692	30.5	2
1693	29.0	3
1694	26.25	3
1695	34.375	2
1696	57.375	3
1697	16.625	1
1698	38.25	1
1699	64.875	2
1700	26.25	1
1701	33.0	3
1702	81.5	4
1703	83.75	3
1704	88.0	2
1705	99.25	1
1706	40.75	2
1707	32.625	1
1708	65.625	1
1709	30.625	2
1710	24.75	3
1711	38.75	3
1712	37.75	1
1713	23.75	2
1714	46.75	3
1715	28.25	2
1716	34.5	1
1717	19.5	3
1718	110.75	1
1719	28.0	3
1720	33.75	4
1721	98.0	1
1722	48.5	1
1723	21.625	1
1724	22.5	1
1725	28.625	1
1726	22.75	3
1727	15.25	1
1728	16.125	2
1729	16.75	1
1730	58.625	3
1731	35.125	2
1732	40.75	1
1733	32.625	3
1734	47.25	3
1735	33.25	2
1736	45.75	4
1737	36.75	1
1738	28.875	2
1739	26.25	3
1740	16.0	2
1741	28.75	3
1742	63.5	3
1743	84.5	1
1744	16.5	1
1745	31.25	2
1746	29.625	3
1747	55.375	2
1748	15.25	1
1749	119.0	2
1750	33.0	1
1751	19.75	1
1752	29.0	4
1753	17.75	1
1754	65.75	4
1755	15.75	1
1756	47.875	3
1757	108.0	2
1758	17.75	1
1759	44.875	3
1760	23.875	1
1761	37.75	2
1762	36.75	2
1763	17.25	1
1764	63.5	1
1765	37.75	3
1766	21.25	3
1767	38.125	2
1768	16.0	1
1769	28.625	2
1770	21.0	1
1771	65.0	1
1772	29.25	3
1773	24.5	2
1774	37.125	2
1775	17.75	1
1776	19.75	1
1777	19.375	1
1778	26.0	3
1779	62.75	4
1780	17.0	1
1781	22.25	3
1782	18.75	1
1783	27.25	1
1784	25.25	1
1785	43.25	2
1786	19.75	1
1787	24.0	3
1788	150.5	2
1789	24.875	1
1790	44.75	2
1791	56.625	3
1792	170.25	5
1793	40.625	4
1794	49.5	3
1795	65.25	1
1796	107.0	5
1797	30.25	1
1798	59.875	3
1799	38.25	4
1800	55.25	4
1801	29.25	3
1802	32.75	1
1803	39.875	3
1804	118.0	1
1805	62.75	1
1806	17.25	3
1807	31.375	2
1808	39.25	1
1809	17.5	1
1810	71.125	4
1811	29.5	3
1812	33.25	1
1813	55.0	4
1814	58.875	4
1815	29.5	1
1816	37.625	4
1817	26.5	3
1818	128.375	1
1819	47.75	1
1820	30.625	3
1821	27.0	1
1822	16.25	1
1823	35.625	2
1824	45.5	3
1825	41.5	3
1826	41.375	2
1827	30.75	1
1828	20.25	3
1829	30.75	1
1830	35.0	2
1831	19.375	1
1832	29.75	3
1833	31.0	3
1834	68.875	3
1835	19.25	1
1836	28.375	1
1837	25.625	1
1838	65.5	1
1839	25.75	2
1840	29.375	3
1841	56.125	2
1842	65.125	2
1843	41.0	4
1844	28.5	1
1845	24.25	3
1846	35.25	3
1847	82.25	1
1848	88.0	4
1849	23.875	3
1850	35.125	2
1851	46.75	4
1852	61.125	2
1853	31.625	2
1854	96.125	2
1855	33.125	3
1856	17.25	1
1857	22.5	3
1858	37.0	3
1859	28.625	1
1860	20.75	3
1861	38.625	1
1862	30.25	3
1863	33.25	2
1864	30.5	3
1865	28.125	2
1866	26.25	3
1867	30.875	3
1868	50.25	3
1869	22.125	2
1870	45.375	2
1871	19.5	1
1872	42.125	1
1873	17.625	1
1874	30.0	2
1875	22.5	2
1876	20.25	1
1877	31.25	2
1878	18.25	3
1879	89.375	1
1880	25.375	3
1882	39.0	3
1883	21.25	1
1884	116.875	6
1885	61.0	5
1886	21.0	3
1887	58.0	3
1888	46.0	1
1889	38.625	3
1890	24.625	3
1891	41.5	3
1892	88.25	3
1893	14.75	1
1894	68.25	1
1895	53.0	1
1896	109.5	4
1897	33.25	3
1898	66.375	1
1899	91.625	3
1900	22.0	3
1901	45.375	4
1902	139.25	1
1903	18.0	1
1904	112.625	4
1906	30.0	2
1907	64.0	1
1908	28.0	1
1909	118.0	2
1910	16.0	1
1911	41.875	3
1912	27.25	2
1913	24.75	1
1914	59.0	3
1915	64.5	3
1916	32.5	3
1917	75.375	5
1918	16.0	1
1919	23.25	3
1920	64.875	2
1921	55.25	3
1922	16.75	1
1923	33.0	3
1924	35.625	2
1925	33.875	3
1926	24.875	3
1927	53.5	1
1928	27.875	2
1929	55.625	3
1930	23.25	3
1931	21.5	3
1932	81.5	3
1933	175.125	1
1934	26.875	2
1935	44.875	3
1936	31.875	3
1937	48.375	5
1938	37.375	3
1939	36.5	1
1940	27.25	3
1941	17.25	3
1943	64.5	1
1944	22.0	1
1945	35.5	1
1946	34.5	3
1947	34.625	2
1948	22.25	2
1949	54.625	1
1950	29.5	3
1951	33.875	3
1952	20.75	3
1953	34.0	1
1954	33.25	2
1955	24.0	3
1956	33.75	1
1957	56.375	4
1958	21.25	2
1959	19.375	1
1960	21.25	3
1961	48.875	3
1962	38.0	1
1963	55.625	3
1964	17.75	1
1965	25.25	1
1966	56.75	3
1967	20.0	2
1968	96.25	1
1969	19.625	1
1970	22.125	1
1971	33.875	2
1972	92.75	1
1973	28.375	2
1974	20.625	1
1975	37.0	1
1976	17.75	1
1977	31.625	2
1978	109.0	2
1979	28.5	3
1980	39.5	3
1981	26.0	2
1982	23.625	2
1983	25.75	3
1984	53.5	2
1985	106.0	1
1986	36.25	3
1987	105.25	4
1988	34.375	1
1989	81.75	1
1990	28.125	1
1991	45.75	3
1992	37.0	1
1993	31.875	1
1994	120.25	2
1995	27.75	3
1996	157.125	2
1997	57.625	1
1998	42.0	3
1999	33.625	4
2000	18.75	1
2001	26.5	3
2002	23.0	1
2004	80.5	3
2005	23.25	3
2006	16.0	3
2007	55.0	1
2008	31.0	3
2009	21.75	1
2010	114.875	2
2011	29.0	3
2012	16.75	1
2013	39.75	5
2014	40.375	3
2015	26.125	2
2016	26.625	1
2017	95.125	3
2018	36.25	2
2019	79.125	2
2020	64.5	3
2021	25.25	1
2022	37.0	2
2023	18.25	1
2024	38.0	3
2025	36.75	2
2026	28.25	1
2027	27.75	1
2028	35.0	3
2029	36.625	3
2030	19.0	1
2031	27.625	3
2032	27.0	1
2033	77.25	3
2034	17.0	1
2035	33.25	2
2036	29.25	1
2037	118.5	4
2038	34.5	3
2039	20.25	1
2040	27.0	3
2041	14.75	1
2042	24.75	2
2043	56.0	1
2044	29.5	2
2045	48.625	3
2046	28.0	1
2047	37.75	2
2048	30.0	3
2049	22.5	3
2050	202.25	1
2051	30.25	3
2052	31.0	4
2053	33.75	3
2054	20.75	1
2055	20.25	3
2056	114.375	3
2057	47.75	3
2058	35.75	1
2059	28.5	2
2060	104.875	5
2061	38.75	2
2062	31.875	2
2063	22.0	2
2064	147.75	1
2065	40.875	4
2066	68.75	5
2067	21.375	1
2068	20.25	1
2069	66.125	3
2070	19.625	1
2071	21.5	1
2072	39.25	3
2073	31.0	3
2074	36.375	3
2075	24.25	2
2076	27.0	1
2077	37.75	3
2078	23.75	1
2079	45.375	5
2080	29.0	3
2081	31.5	2
2082	38.75	3
2083	32.25	2
2084	32.625	3
2085	26.5	2
2086	38.25	3
2087	41.875	1
2088	42.625	5
2089	58.75	4
2090	26.75	3
2091	49.625	4
2092	32.75	4
2093	33.0	1
2094	70.0	1
2095	25.0	1
2096	19.375	3
2097	43.5	1
2099	36.25	3
2100	24.5	1
2101	27.5	3
2102	33.5	1
2103	37.25	3
2104	41.375	3
2105	27.5	2
2106	61.125	3
2107	81.375	4
2108	42.75	1
2109	18.125	1
2110	72.0	3
2111	16.75	1
2112	60.0	4
2113	19.75	3
2114	39.875	3
2115	68.75	4
2116	24.25	2
2117	49.0	3
2118	50.0	3
2119	31.125	1
2120	39.0	3
2121	45.5	4
2122	34.875	2
2123	25.75	1
2124	33.0	3
2125	19.125	1
2126	26.625	2
2127	17.25	1
2128	96.0	1
2129	27.75	3
2130	23.75	2
2131	33.0	1
2132	35.5	1
2133	21.0	3
2134	19.125	2
2135	28.25	3
2136	41.0	4
2137	66.0	3
2138	22.5	3
2139	49.0	3
2140	19.0	1
2141	20.0	2
2142	21.25	1
2143	84.25	5
2144	35.5	3
2145	32.625	1
2146	47.625	3
2147	216.125	3
2148	39.25	1
2149	64.0	1
2150	72.75	3
2151	17.5	3
2152	20.875	1
2153	53.5	1
2156	20.5	3
2157	61.75	1
2158	21.75	3
2159	19.25	2
2160	52.5	3
2161	37.75	3
2162	33.75	4
2163	57.875	1
2164	31.5	2
2165	33.0	3
2166	157.875	1
2167	57.375	2
2168	20.75	1
2170	41.5	3
2171	22.25	1
2172	116.375	1
2173	40.75	3
2174	38.625	1
2175	97.75	1
2176	53.25	3
2177	60.5	6
2178	91.0	3
2179	25.75	3
2180	85.5	4
2181	68.5	1
2182	39.5	3
2183	28.625	3
2184	21.125	1
2185	51.75	5
2186	23.0	1
2187	21.0	3
2188	29.25	2
2189	21.5	1
2190	25.5	1
2191	20.125	3
2192	33.5	2
2193	25.25	3
2194	26.5	1
2195	44.375	1
2196	42.0	3
2197	30.75	3
2198	42.625	5
2199	59.5	3
2200	40.875	3
2201	137.375	4
2202	44.25	4
2203	39.5	2
2204	30.75	1
2205	77.75	3
2206	53.625	4
2207	49.5	2
2208	47.0	3
2209	30.5	1
2210	44.75	3
2211	40.75	1
2212	22.125	1
2213	23.5	2
2214	41.625	3
2215	60.0	1
2216	31.5	2
2217	57.75	2
2218	31.25	1
2219	125.5	3
2220	21.0	3
2221	40.625	3
2222	51.25	3
2223	88.0	1
2224	20.875	1
2226	45.5	2
2227	27.0	1
2228	19.5	3
2229	37.875	2
2230	17.75	1
2232	72.375	3
2233	20.75	1
2234	37.25	3
2235	33.5	4
2236	24.25	1
2237	31.0	3
2238	20.0	1
2239	13.25	1
2240	62.5	2
2242	58.75	3
2243	34.625	1
2244	15.375	2
2245	35.125	3
2246	35.75	3
2247	47.5	3
2248	23.25	3
2249	34.125	3
2250	45.25	3
2251	31.375	3
2252	38.875	4
2253	24.75	3
2254	48.75	2
2255	45.25	1
2256	43.25	1
2257	18.0	1
2258	53.625	4
2259	35.75	2
2260	29.0	3
2261	20.0	1
2262	69.375	1
2265	71.25	1
2266	74.375	3
2267	25.0	2
2268	21.75	1
2269	106.875	1
2270	42.25	1
2271	30.5	2
2272	33.25	2
2273	31.625	3
2274	47.625	3
2275	30.125	3
2276	19.375	1
2277	153.625	5
2278	85.25	2
2279	39.25	5
2280	88.125	3
2281	48.0	1
2282	28.25	1
2283	60.875	4
2284	36.75	3
2285	59.0	1
2286	24.125	1
2287	21.75	3
2288	29.375	1
2289	70.875	3
2291	28.75	2
2292	103.5	1
2293	60.25	2
2294	54.5	1
2295	33.0	1
2296	30.25	1
2297	39.875	3
2298	22.25	3
2299	26.5	3
2300	61.75	3
2301	44.0	1
2302	22.0	3
2303	122.0	1
2304	16.0	1
2305	57.5	3
2306	24.0	3
2307	51.0	3
2308	23.625	1
2309	64.625	4
2310	40.5	3
2311	28.25	2
2312	35.0	1
2313	16.0	1
2314	37.5	3
2315	156.375	2
2316	38.0	3
2317	26.25	2
2318	81.0	1
2319	19.0	2
2320	83.125	5
2321	33.375	3
2322	20.25	3
2323	27.0	2
2324	25.75	1
2325	19.0	3
2326	17.75	1
2327	25.5	1
2328	26.75	1
2329	26.75	2
2330	17.25	1
2331	29.75	3
2332	21.625	1
2333	22.75	2
2335	32.125	2
2336	17.5	3
2337	34.875	1
2338	61.375	3
2339	29.0	1
2340	18.0	3
2341	21.625	3
2342	20.0	1
2343	21.25	2
2344	48.75	1
2345	153.625	1
2346	39.5	1
2347	26.0	1
2348	21.5	1
2349	28.875	3
2350	27.125	2
2351	53.0	1
2352	47.5	2
2353	28.5	2
2354	92.0	1
2355	97.5	3
2356	45.125	5
2357	23.75	3
2358	29.25	3
2359	45.375	2
2360	43.125	4
2361	42.875	5
2362	29.25	3
2364	22.5	1
2365	25.5	1
2366	34.75	3
2367	29.25	3
2368	37.375	3
2369	17.0	1
2370	18.25	3
2371	39.375	3
2372	39.25	2
2373	26.625	1
2374	31.125	3
2375	21.5	1
2376	36.5	1
2377	41.25	2
2378	17.0	1
2379	38.875	3
2380	35.5	3
2381	41.375	4
2382	103.0	3
2383	29.75	3
2384	19.25	1
2385	28.0	1
2386	17.25	1
2387	37.625	2
2388	40.75	2
2389	39.875	3
2390	34.25	2
2391	39.125	3
2392	36.875	1
2393	42.25	2
2394	32.0	2
2395	19.375	2
2396	55.875	3
2397	65.625	1
2398	24.75	3
2399	15.375	3
2400	37.875	3
2401	39.25	4
2402	24.375	2
2403	54.0	3
2405	33.75	4
2406	28.0	1
2407	21.125	3
2408	19.25	1
2409	28.75	3
2410	52.25	1
2411	15.125	1
2412	28.5	2
2413	17.25	2
2414	26.875	3
2415	45.0	4
2416	26.875	2
2417	23.75	2
2418	27.75	3
2419	66.375	4
2420	46.5	2
2421	66.0	1
2422	26.25	2
2423	27.5	2
2424	21.5	3
2425	45.125	5
2426	28.0	3
2427	34.25	3
2428	50.75	3
2429	28.875	4
2430	67.0	1
2431	28.0	1
2432	15.5	1
2433	41.625	2
2434	32.0	3
2435	56.125	4
2436	22.375	1
2437	39.625	3
2438	55.125	4
2439	17.5	1
2440	49.5	5
2441	23.75	3
2442	28.5	2
2443	27.0	2
2444	21.75	1
2445	20.25	1
2446	17.75	1
2447	40.0	3
2448	23.125	1
2449	27.0	3
2450	46.5	2
2451	20.75	1
2453	114.5	1
2454	32.375	2
2455	28.25	1
2456	40.25	1
2457	52.625	1
2458	13.75	1
2459	60.75	1
2460	46.625	4
2461	39.375	1
2462	93.125	4
2464	31.25	3
2465	38.0	3
2466	73.75	3
2467	108.375	3
2468	45.5	4
2469	35.0	2
2470	36.375	1
2471	144.125	2
2472	33.75	3
2473	30.75	3
2474	48.25	3
2475	29.0	1
2476	25.75	2
2477	32.0	4
2478	20.75	3
2479	31.75	2
2480	26.25	2
2481	58.625	4
2482	41.25	3
2483	30.125	3
2484	68.0	2
2485	19.0	1
2486	18.5	1
2487	23.5	1
2488	43.0	4
2489	22.25	3
2490	20.75	1
2491	16.25	1
2492	168.75	2
2493	123.0	3
2494	58.5	1
2495	35.125	1
2496	14.875	1
2497	19.625	1
2498	24.5	3
2499	41.75	3
2500	19.5	1
2501	24.25	2
2502	30.625	1
2503	66.25	2
2504	184.375	3
2505	35.25	3
2506	20.75	1
2507	32.0	1
2508	39.375	3
2509	60.0	1
2510	16.25	2
2511	37.0	3
2512	34.5	3
2513	19.0	1
2514	110.5	5
2515	29.5	2
2516	19.0	1
2517	52.375	5
2518	47.25	2
2519	17.5	1
2520	44.25	3
2521	29.375	2
2522	119.25	1
2523	63.75	3
2524	55.875	4
2525	18.875	1
2526	28.75	1
2527	33.5	3
2528	30.0	3
2529	58.625	2
2530	58.5	4
2531	64.5	4
2532	44.0	4
2533	47.375	3
2534	21.75	2
2535	31.75	3
2536	24.75	2
2537	25.75	2
2538	22.25	1
2539	65.5	4
2540	51.625	3
2541	44.5	3
2542	69.625	4
2543	39.0	2
2544	46.625	3
2545	20.5	1
2546	30.0	3
2547	35.625	2
2548	41.375	4
2549	80.25	5
2550	43.75	1
2551	19.5	1
2552	34.0	3
2553	18.75	1
2554	76.25	1
2555	16.0	2
2556	49.75	3
2557	39.625	2
2558	34.875	2
2559	20.75	1
2560	29.25	1
2561	18.0	3
2562	25.5	1
2563	30.5	2
2564	27.75	1
2565	33.0	2
2566	36.25	1
2567	102.625	3
2568	58.625	3
2569	28.25	2
2570	34.5	3
2571	44.0	2
2572	18.75	3
2573	19.875	1
2574	17.0	1
2575	25.625	3
2576	50.75	2
2577	42.5	1
2578	105.5	3
2579	34.0	2
2580	57.375	5
2581	38.875	3
2582	16.5	1
2583	17.0	3
2584	29.75	2
2585	28.0	1
2586	50.25	2
2587	26.0	2
2588	51.75	3
2589	56.25	4
2590	30.75	3
2591	51.75	1
2592	21.5	1
2593	33.75	2
2594	27.25	1
2595	20.5	1
2596	77.25	3
2597	40.0	3
2598	20.5	2
2599	17.75	1
2600	39.625	3
2601	13.0	1
2603	56.375	1
2605	43.25	4
2606	45.875	1
2607	50.0	4
2608	61.75	3
2609	31.5	1
2610	55.5	1
2611	47.5	2
2612	33.0	3
2613	58.125	3
2614	21.625	3
2615	17.75	1
2617	15.75	1
2618	30.75	3
2619	23.125	1
2620	38.5	3
2621	45.125	2
2622	63.125	4
2623	25.25	2
2624	33.375	2
2625	35.75	2
2626	50.25	1
2627	37.25	3
2628	18.5	3
2629	43.5	4
2630	28.0	3
2631	58.5	5
2632	36.0	3
2633	17.0	1
2634	63.75	4
2635	31.625	2
2636	34.25	1
2637	20.5	3
2638	17.25	1
2639	21.125	2
2640	36.0	4
2641	17.75	2
2642	67.875	3
2643	20.0	3
2644	33.25	3
2645	48.875	3
2646	64.75	3
2648	20.75	1
2649	27.5	1
2650	19.75	3
2651	169.75	5
2652	50.5	4
2653	22.125	1
2654	29.75	3
2655	26.75	3
2656	46.5	2
2657	20.25	2
2658	55.125	1
2659	128.25	1
2660	31.125	1
2661	29.625	3
2662	17.5	1
2663	108.25	2
2664	33.75	2
2665	65.75	3
2666	19.75	2
2667	47.5	1
2668	55.25	3
2669	28.375	1
2670	94.75	5
2671	32.0	1
2672	178.0	1
2673	37.375	2
2674	34.0	2
2675	41.5	2
2676	136.75	1
2677	43.875	3
2678	33.0	3
2679	19.75	2
2680	25.25	1
2681	27.0	3
2682	108.5	4
2683	22.25	3
2684	78.75	4
2685	19.75	1
2686	15.25	3
2687	23.5	1
2688	43.5	1
2689	58.875	3
2690	18.0	1
2691	52.875	3
2692	22.5	1
2693	22.0	1
2694	21.75	3
2695	25.75	4
2696	65.75	1
2697	277.25	1
2698	63.0	1
2699	150.75	1
2700	20.25	1
2701	25.5	3
2702	45.75	2
2703	58.75	3
2704	22.625	1
2705	26.0	2
2706	27.75	2
2707	31.375	3
2708	71.5	1
2709	18.0	1
2710	45.375	2
2711	25.125	2
2712	26.25	3
2713	90.0	3
2714	20.125	1
2715	237.625	3
2716	40.0	2
2717	53.875	1
2718	21.625	2
2719	17.75	1
2720	38.375	2
2721	47.0	2
2722	41.625	2
2723	27.625	3
2725	20.625	1
2727	42.875	1
2728	24.0	3
2729	27.875	1
2730	89.0	4
2731	27.25	2
2732	28.25	1
2733	60.375	1
2734	28.5	3
2735	27.5	2
2736	66.75	2
2737	19.75	3
2738	34.5	3
2739	34.0	2
2740	38.25	3
2741	217.5	1
2742	53.875	4
2743	51.5	1
2744	72.5	2
2745	21.5	1
2746	65.75	4
2747	132.25	3
2748	19.5	3
2749	52.5	3
2750	23.0	3
2751	38.125	4
2752	16.75	2
2753	18.875	1
2754	17.5	1
2755	19.0	1
2756	31.25	2
2757	36.0	3
2758	44.25	1
2759	122.5	1
2760	16.125	1
2761	19.5	1
2762	59.5	2
2763	36.0	2
2764	43.5	3
2765	25.5	3
2766	101.0	3
2767	27.0	2
2768	42.625	2
2769	16.75	1
2770	20.5	3
2771	41.75	1
2772	26.25	3
2773	16.5	1
2774	27.0	1
2775	44.125	3
2776	27.5	3
2777	29.875	3
2778	60.125	5
2779	46.75	1
2780	200.25	2
2781	35.0	2
2782	46.0	3
2783	31.0	3
2784	25.125	1
2785	36.75	1
2786	37.875	3
2787	42.0	2
2788	93.25	1
2789	39.75	3
2790	23.25	2
2791	24.25	2
2792	89.125	3
2793	30.0	3
2794	38.0	2
2795	33.0	1
2796	24.25	1
2797	46.0	3
2798	27.0	1
2799	31.0	2
2800	20.625	2
2801	45.0	5
2802	88.375	3
2803	32.75	3
2804	98.125	3
2805	38.25	1
2806	17.25	1
2807	34.375	5
2808	18.25	2
2809	25.25	1
2810	59.0	1
2811	44.75	1
2812	16.25	1
2813	32.0	3
2814	43.25	1
2815	18.25	1
2816	38.75	3
2817	40.625	2
2818	29.875	3
2819	51.625	5
2820	33.5	2
2821	24.125	3
2822	30.375	3
2823	31.125	4
2824	57.75	1
2825	28.0	3
2826	23.0	1
2827	33.375	3
2829	22.625	1
2830	26.75	2
2831	38.125	3
2832	113.25	3
2833	19.0	2
2834	25.25	1
2835	25.625	3
2836	60.75	4
2837	41.25	1
2838	32.0	3
2839	89.25	5
2840	16.25	1
2841	45.0	3
2842	15.25	3
2843	38.5	1
2844	22.5	3
2845	56.125	5
2846	45.25	2
2847	51.0	3
2848	29.0	2
2849	27.0	2
2850	42.625	1
2851	38.25	3
2852	30.0	2
2853	24.5	3
2854	37.5	1
2855	22.5	2
2856	35.125	2
2857	22.0	1
2858	21.25	1
2859	26.75	2
2860	65.75	4
2861	32.75	3
2862	54.5	3
2863	18.25	1
2864	80.125	3
2865	30.5	3
2866	73.25	1
2867	26.375	2
2868	25.75	2
2869	28.25	3
2870	17.25	1
2871	30.875	3
2872	91.25	3
2873	33.0	1
2874	16.25	3
2875	54.75	4
2876	31.875	2
2877	53.625	4
2878	57.0	3
2879	33.375	3
2880	23.375	3
2881	28.5	2
2883	42.375	3
2884	26.25	2
2885	80.0	2
2886	16.875	1
2887	69.25	6
2888	81.375	1
2889	28.875	2
2890	23.5	3
2891	23.875	3
2892	36.25	1
2893	36.5	3
2894	74.375	5
2895	42.0	2
2896	84.375	3
2897	113.5	5
2898	99.0	2
2899	36.25	3
2900	18.25	1
2901	19.25	3
2902	17.5	1
2903	22.5	3
2904	26.0	2
2905	30.0	3
2906	20.25	2
2907	31.75	3
2908	25.75	1
2909	47.0	2
2910	49.375	3
2911	15.0	1
2912	22.75	1
2913	27.625	2
2914	17.25	3
2915	38.0	3
2916	21.0	3
2917	30.75	2
2918	43.25	2
2919	24.75	3
2921	20.5	3
2922	23.25	3
2923	50.0	3
2924	44.0	3
2925	60.375	2
2926	15.875	1
2927	58.5	1
2928	25.25	3
2929	16.5	1
2930	18.5	1
2931	29.0	3
2932	32.875	3
2933	47.875	4
2934	26.25	4
2935	37.75	1
2936	59.75	5
2937	50.5	1
2938	60.125	4
2939	43.75	3
2940	42.125	1
2941	23.375	1
2942	15.75	1
2943	30.0	3
2944	86.5	3
2945	50.25	3
2946	20.5	1
2947	59.75	5
2948	24.25	2
2949	20.25	2
2950	61.75	3
2951	17.5	1
2952	18.75	2
2953	42.0	2
2954	28.5	2
2955	69.375	4
2956	16.25	1
2957	46.625	3
2958	58.5	1
2959	63.625	4
2960	25.0	3
2961	23.25	1
2962	16.75	1
2963	35.25	3
2964	44.375	5
2965	24.375	1
2966	19.25	2
2967	30.25	2
2968	33.125	3
2969	36.625	1
2970	92.375	4
2971	42.5	3
2972	75.875	2
2973	106.25	3
2974	31.5	2
2975	71.375	3
2976	52.25	3
2977	34.625	2
2978	18.5	2
2979	45.375	2
2980	31.125	3
2981	30.0	3
2982	25.25	2
2983	37.375	1
2984	17.375	1
2985	19.625	2
2986	21.875	3
2987	22.25	2
2988	81.375	4
2989	30.125	1
2990	40.25	1
2991	51.625	3
2992	37.75	5
2993	23.0	2
2994	114.625	2
2995	30.75	2
2996	45.375	2
2997	27.25	1
2998	49.25	3
2999	130.0	3
3000	20.125	1
3001	21.0	1
3002	18.75	3
3003	29.25	1
3004	67.875	5
3005	29.75	2
3006	52.375	4
3008	39.875	2
3009	26.75	4
3010	46.5	2
3011	26.75	3
3012	86.0	2
3013	38.5	3
3014	41.0	4
3015	65.25	3
3016	38.625	3
3017	27.5	2
3018	114.125	3
3019	27.25	2
3020	33.25	2
3021	25.5	3
3022	52.125	3
3023	59.25	1
3024	44.625	4
3025	41.5	1
3026	33.0	4
3027	46.5	1
3028	133.25	1
3029	46.0	1
3030	19.5	1
3031	29.5	3
3032	45.25	3
3033	35.25	3
3034	28.25	2
3035	41.375	1
3036	67.0	3
3037	81.75	1
3038	32.875	3
3039	18.125	3
3040	29.5	2
3041	42.125	2
3042	28.25	1
3043	36.125	3
3044	37.25	3
3045	45.5	1
3046	15.625	2
3047	23.5	1
3048	33.875	3
3049	37.75	3
3050	41.125	3
3051	28.25	2
3052	62.375	1
3053	80.5	2
3054	43.0	1
3055	35.875	3
3056	54.25	1
3057	16.0	1
3058	47.0	2
3059	109.5	3
3060	35.0	3
3061	32.625	2
3062	22.75	2
3063	18.75	3
3064	36.75	3
3065	36.875	5
3066	70.75	4
3067	31.25	1
3068	15.75	1
3069	34.375	1
3070	69.25	3
3071	46.125	2
3072	32.125	2
3073	33.5	2
3074	95.125	4
3075	25.75	2
3076	24.375	3
3077	22.875	3
3078	21.75	3
3079	78.125	2
3080	29.25	1
3081	34.625	3
3082	16.25	1
3083	37.0	1
3084	157.75	1
3085	48.0	2
3086	53.0	4
3087	26.0	1
3088	89.75	1
3089	55.5	4
3090	24.25	3
3091	22.25	2
3092	36.5	3
3093	34.375	3
3094	57.625	4
3095	18.375	1
3096	51.0	4
3097	33.25	2
3098	62.0	2
3099	29.75	3
3100	96.125	4
3101	67.25	1
3102	23.25	3
3103	34.125	2
3104	40.375	1
3105	37.5	3
3107	28.375	3
3108	59.75	1
3109	25.125	1
3110	27.75	1
3111	19.5	1
3112	42.25	3
3113	23.0	2
3114	70.25	1
3115	26.375	2
3116	30.25	2
3117	36.875	2
3118	31.0	2
3119	23.0	1
3120	61.5	4
3121	46.25	1
3122	24.0	3
3123	87.0	2
3124	55.625	1
3125	73.625	4
3126	21.75	1
3127	157.125	3
3128	36.25	2
3129	76.25	5
3130	16.75	1
3131	32.5	3
3132	37.875	2
3133	29.0	4
3134	30.875	1
3135	20.125	3
3136	67.5	1
3137	29.125	3
3138	67.25	5
3139	44.25	2
3140	99.5	5
3141	34.25	2
3142	35.25	2
3143	29.75	3
3144	24.0	2
3145	21.5	3
3146	15.75	1
3147	57.5	2
3148	66.625	2
3149	27.5	3
3150	24.25	1
3151	30.25	4
3152	54.875	2
3153	27.625	3
3154	61.5	1
3155	27.75	1
3156	28.5	1
3157	28.25	1
3158	95.875	2
3159	17.5	1
3160	53.0	1
3161	66.0	1
3162	25.5	3
3163	23.75	2
3164	53.625	3
3165	24.75	1
3166	60.0	4
3167	195.875	1
3168	31.375	2
3169	112.0	3
3170	42.0	3
3171	43.5	3
3172	24.0	3
3173	61.75	2
3174	27.5	4
3175	37.875	1
3176	27.25	2
3177	32.375	3
3178	110.5	1
3179	19.0	1
3180	58.75	3
3181	37.0	2
3182	35.25	1
3183	38.5	1
3184	89.875	4
3185	87.625	6
3186	37.25	1
3187	24.375	1
3188	23.0	1
3189	32.0	2
3190	25.25	2
3191	30.625	1
3192	29.75	3
3193	60.0	5
3194	17.75	1
3195	37.625	4
3196	36.5	3
3197	53.375	1
3198	29.5	3
3199	26.125	2
3200	19.5	1
3201	46.5	3
3202	43.75	4
3204	26.0	3
3205	34.0	4
3206	21.0	2
3207	62.75	5
3208	60.125	2
3209	57.625	4
3210	46.625	2
3212	38.625	3
3213	22.5	2
3214	45.75	4
3215	110.25	3
3216	42.25	3
3217	21.5	3
3218	26.25	1
3219	29.75	3
3220	51.875	2
3221	34.375	1
3222	23.75	1
3223	85.625	3
3224	25.625	1
3225	18.625	1
3226	40.25	3
3227	21.25	2
3228	68.125	4
3229	28.25	2
3230	23.25	1
3231	25.0	1
3232	27.25	3
3233	51.375	1
3234	34.0	5
3235	36.75	1
3236	22.0	3
3237	36.75	3
3238	112.75	1
3239	31.0	3
3240	21.25	1
3241	69.5	5
3242	123.5	1
3243	107.875	3
3244	49.5	3
3245	68.25	4
3246	17.75	1
3247	94.375	2
3248	19.0	1
3249	51.5	2
3250	26.625	2
3251	85.875	5
3252	27.0	1
3253	18.5	1
3254	69.125	1
3255	28.625	3
3256	18.625	1
3257	23.25	2
3258	54.5	1
3259	19.5	1
3260	22.25	1
3261	44.625	3
3262	54.5	3
3263	26.5	2
3264	32.125	3
3266	40.625	3
3267	33.5	3
3268	14.625	2
3269	28.0	3
3270	100.75	2
3271	67.75	4
3272	20.0	2
3273	33.0	2
3274	18.125	1
3275	39.5	3
3276	45.5	3
3277	28.5	2
3278	70.5	3
3279	29.375	3
3280	30.75	2
3281	30.375	3
3282	58.75	5
3283	30.75	2
3284	23.75	2
3285	36.5	3
3286	112.5	3
3287	29.875	1
3288	35.0	3
3289	40.0	3
3291	82.625	2
3292	41.625	3
3293	30.375	2
3294	109.0	6
3295	24.875	1
3296	27.75	3
3297	33.875	1
3298	23.125	2
3299	24.125	3
3300	18.75	1
3301	153.75	3
3302	34.75	2
3303	32.125	2
3304	24.25	1
3305	19.25	1
3306	37.75	1
3307	25.75	3
3308	195.875	1
3309	265.75	1
3310	19.0	1
3311	88.125	5
3312	61.125	3
3313	64.25	1
3314	46.25	3
3315	32.5	4
3316	33.25	1
3317	27.25	2
3318	58.125	1
3319	25.5	1
3320	18.5	3
3321	41.25	1
3322	21.25	3
3323	23.375	3
3324	30.75	2
3325	79.75	4
3326	15.875	2
3327	40.5	4
3328	38.25	3
3329	32.625	2
3330	26.125	1
3331	22.0	3
3332	114.375	1
3333	21.75	1
3334	27.0	2
3335	62.0	3
3336	41.25	5
3337	27.0	3
3338	17.25	1
3339	18.125	3
3340	45.125	3
3341	29.625	2
3342	36.25	1
3343	40.75	4
3344	43.75	3
3345	14.875	1
3346	35.875	4
3347	51.5	4
3348	29.25	3
3349	20.375	1
3350	24.625	1
3351	26.5	1
3352	16.5	1
3353	39.25	4
3354	77.625	2
3355	33.625	2
3356	33.25	1
3357	39.0	3
3358	71.25	2
3359	20.875	1
3360	28.75	1
3361	42.875	3
3362	52.0	3
3363	19.5	1
3364	29.25	3
3365	23.75	3
3366	18.25	3
3367	62.0	1
3368	105.0	4
3369	43.75	3
3370	19.75	1
3371	13.0	1
3372	29.625	1
3373	123.375	3
3374	32.875	3
3375	46.75	1
3376	20.125	3
3377	54.0	3
3378	40.75	3
3379	118.625	2
3380	18.5	1
3381	30.375	2
3382	25.0	3
3383	29.125	1
3384	30.25	1
3385	17.5	1
3386	59.5	2
3387	34.0	3
3388	42.125	3
3389	41.375	3
3390	31.75	3
3391	41.25	3
3392	29.625	1
3393	20.0	1
3394	45.625	3
3395	60.375	3
3396	42.0	4
3397	35.25	3
3398	23.5	3
3399	27.125	1
3400	84.125	4
3401	41.625	3
3402	43.5	2
3403	31.25	2
3404	51.5	3
3405	31.25	4
3406	42.75	1
3407	14.5	1
3408	52.875	2
3409	32.625	3
3410	20.75	3
3411	56.375	4
3412	21.75	1
3413	26.5	3
3414	104.75	1
3415	17.0	1
3416	43.375	3
3417	27.375	1
3418	32.5	3
3419	39.25	3
3420	38.875	5
3421	21.0	1
3422	23.25	1
3423	36.375	3
3424	43.5	3
3425	27.5	2
3426	18.75	1
3427	76.375	4
3428	40.0	3
3429	24.0	3
3430	52.75	2
3431	42.125	3
3432	159.0	2
3433	32.5	3
3434	30.75	3
3435	55.875	4
3436	48.0	1
3437	37.375	2
3438	21.75	1
3439	24.25	3
3440	18.0	1
3441	107.875	2
3442	201.0	2
3443	38.75	3
3444	64.5	3
3445	41.25	4
3446	33.125	3
3447	23.75	2
3448	16.75	1
3449	18.625	1
3450	29.5	2
3451	51.625	3
3452	51.75	1
3453	35.75	2
3454	109.0	3
3455	169.125	1
3456	25.5	3
3457	28.125	3
3458	23.875	1
3459	32.375	3
3460	25.5	1
3461	46.375	1
3462	33.0	3
3463	39.375	1
3464	26.25	1
3465	36.5	3
3466	17.5	1
3467	48.625	2
3468	30.5	1
3469	50.5	3
3470	59.625	3
3471	26.25	2
3472	31.75	3
3473	21.0	1
3474	47.625	2
3475	38.375	3
3476	20.0	1
3477	40.375	4
3478	50.375	3
3479	34.0	1
3480	35.5	4
3481	67.625	3
3482	27.5	4
3483	36.875	1
3484	38.625	2
3485	53.375	2
3486	25.0	2
3488	57.0	3
3489	32.0	5
3490	19.75	3
3491	25.0	1
3492	18.375	3
3493	20.75	1
3494	31.25	2
3495	159.5	1
3496	32.5	3
3497	49.25	3
3498	36.75	3
3499	42.25	3
3500	71.25	1
3501	40.25	2
3502	53.875	1
3503	55.375	3
3504	28.5	3
3505	24.75	2
3506	116.875	1
3507	22.5	1
3508	51.25	3
3509	62.75	2
3510	23.25	3
3511	52.0	1
3512	31.625	1
3513	50.875	3
3514	42.0	1
3515	61.75	3
3516	30.875	4
3517	48.125	3
3518	36.875	4
3519	103.875	4
3520	97.5	5
3521	26.25	2
3522	17.5	3
3523	96.875	2
3524	22.5	2
3525	27.0	1
3526	56.75	2
3527	70.25	3
3528	47.75	2
3529	26.5	2
3530	27.0	1
3531	17.5	2
3532	50.875	3
3533	36.875	1
3534	21.375	3
3535	137.875	1
3536	19.5	2
3537	84.625	4
3538	29.125	2
3539	16.75	1
3540	33.0	1
3541	112.75	1
3542	41.875	5
3543	21.5	1
3544	24.125	1
3545	19.75	1
3546	42.25	2
3547	17.25	1
3548	29.0	3
3549	39.5	3
3550	58.25	1
3551	29.0	2
3552	52.625	5
3553	50.5	1
3554	23.875	3
3555	93.25	1
3556	36.5	3
3557	17.75	1
3558	30.25	3
3559	35.0	1
3560	18.5	1
3561	55.125	1
3562	18.375	1
3563	18.0	3
3565	28.25	2
3566	43.5	1
3568	87.75	5
3569	18.75	1
3570	36.5	1
3571	48.375	1
3572	16.75	1
3573	29.375	3
3574	26.25	2
3575	77.75	4
3576	48.75	3
3577	101.5	2
3578	66.75	1
3579	66.875	3
3580	19.5	2
3581	32.125	2
3582	25.625	2
3583	28.0	3
3584	28.625	1
3585	55.25	4
3586	57.0	4
3587	50.625	3
3588	57.125	4
3589	28.0	2
3590	33.875	3
3591	43.125	4
3592	16.375	1
3593	23.25	3
3594	17.75	1
3595	43.5	1
3596	34.625	3
3597	15.25	1
3598	29.25	3
3599	26.875	2
3600	25.0	3
3601	68.5	3
3602	15.5	1
3603	18.25	1
3604	28.5	4
3605	44.25	1
3606	45.25	2
3607	45.625	4
3608	91.375	2
3609	22.0	1
3610	41.5	1
3611	127.625	1
3612	38.375	3
3613	36.25	3
3614	18.75	1
3615	21.5	3
3616	28.25	2
3617	81.0	3
3618	52.25	3
3619	25.75	3
3620	45.75	4
3621	20.875	1
3622	22.125	2
3623	55.125	3
3624	75.75	3
3625	30.375	4
3626	38.25	2
3627	55.875	4
3628	34.125	3
3629	36.875	3
3630	36.0	1
3631	42.75	4
3632	50.25	4
3633	27.5	2
3634	21.25	1
3635	69.625	5
3636	59.5	3
3637	146.5	2
3638	25.0	2
3639	34.125	3
3640	27.75	2
3641	33.5	3
3642	33.75	3
3644	18.5	1
3645	65.375	3
3646	89.5	1
3647	20.0	1
3648	26.75	3
3649	23.25	2
3650	19.0	2
3651	117.375	3
3652	15.875	1
3653	45.5	3
3654	23.25	2
3655	60.375	4
3656	35.5	1
3657	68.5	3
3658	136.0	2
3659	13.5	1
3660	31.75	3
3661	33.125	2
3662	29.375	1
3663	19.625	2
3664	56.75	3
3665	68.5	5
3666	20.5	3
3667	17.5	2
3668	29.375	2
3669	40.5	2
3670	19.25	3
3671	16.5	1
3672	32.625	2
3673	20.375	3
3674	32.875	3
3675	37.5	2
3676	39.5	2
3677	46.375	1
3678	62.75	1
3679	29.25	1
3680	32.75	3
3681	21.0	2
3682	18.0	1
3683	31.25	4
3684	21.75	1
3685	107.125	2
3686	96.75	1
3687	36.75	2
3688	31.0	3
3689	27.375	1
3690	29.375	3
3691	21.0	1
3692	28.75	3
3693	28.625	4
3694	25.0	3
3695	18.0	1
3696	29.25	3
3697	80.125	4
3698	36.5	1
3699	41.5	3
3700	63.25	3
3701	124.875	1
3702	32.25	2
3703	36.25	2
3704	34.375	2
3705	46.0	2
3706	29.25	3
3707	31.25	4
3708	22.25	2
3709	43.25	3
3710	137.5	3
3711	25.5	3
3712	18.375	1
3713	57.375	2
3714	122.0	3
3715	31.5	2
3716	26.75	1
3717	42.25	3
3718	45.75	2
3719	27.375	4
3720	174.5	1
3721	33.25	2
3722	27.875	1
3723	35.5	3
3724	45.5	3
3725	69.5	4
3726	203.5	1
3727	26.375	1
3728	63.25	3
3729	32.75	2
3730	34.625	3
3731	31.75	3
3732	47.75	4
3733	79.125	1
3734	35.0	2
3735	45.875	4
3736	45.0	3
3737	30.625	3
3738	25.5	3
3739	37.75	3
3740	27.25	2
3741	28.625	1
3742	33.25	2
3743	54.5	2
3744	18.75	1
3745	33.25	3
3746	52.375	4
3747	47.25	3
3748	17.625	1
3749	33.375	2
3750	23.75	1
3751	28.25	2
3752	26.0	3
3753	26.5	1
3754	21.0	1
3755	35.375	3
3756	22.25	2
3757	34.75	2
3758	188.875	1
3759	64.0	4
3760	21.25	3
3761	38.0	3
3762	33.125	3
3763	40.875	3
3764	45.0	2
3765	43.75	1
3766	30.0	3
3767	57.625	2
3768	25.375	4
3769	20.75	3
3770	35.125	2
3771	20.0	3
3772	16.75	1
3774	19.5	1
3775	34.375	3
3776	22.5	1
3777	46.0	1
3778	20.0	1
3779	25.25	2
3780	154.0	1
3781	71.0	3
3782	29.75	4
3783	36.75	3
3784	28.5	1
3785	27.25	3
3786	16.75	1
3787	34.25	2
3788	36.0	2
3789	18.25	3
3790	29.5	1
3791	36.0	2
3793	59.75	4
3794	146.375	1
3795	21.0	1
3796	46.875	3
3797	32.75	1
3798	33.0	1
3799	35.5	3
3800	21.75	2
3801	24.0	3
3802	63.625	3
3803	31.25	1
3804	32.5	3
3805	28.75	1
3806	19.75	1
3807	20.5	1
3808	41.125	1
3809	18.125	1
3810	27.375	1
3811	36.5	4
3812	47.875	3
3813	27.25	2
3814	33.0	2
3815	39.5	3
3816	18.75	1
3817	32.875	5
3818	17.25	1
3819	21.5	1
3820	24.625	1
3821	167.0	3
3822	28.875	3
3823	38.75	4
3824	98.125	5
3825	22.875	2
3826	14.875	1
3827	35.125	3
3828	41.0	3
3829	116.75	1
3830	49.75	3
3831	23.5	2
3832	54.125	5
3833	52.75	2
3834	28.75	3
3835	39.5	3
3836	36.75	3
3837	33.0	3
3838	23.875	2
3839	45.875	4
3840	20.75	1
3841	51.125	4
3842	39.5	2
3843	35.625	4
3844	20.5	1
3845	37.75	1
3846	41.375	3
3847	17.0	1
3848	32.625	2
3850	25.375	1
3851	50.875	3
3852	44.75	3
3853	30.5	3
3854	25.25	2
3855	77.125	4
3856	23.875	1
3857	34.75	3
3858	36.375	1
3859	33.75	1
3860	28.25	2
3861	66.25	3
3862	21.5	3
3863	25.875	3
3864	41.5	3
3865	39.375	1
3866	32.25	4
3867	23.875	3
3868	35.75	4
3870	49.75	4
3871	84.0	2
3872	58.125	4
3873	28.0	1
3874	115.25	3
3875	124.5	1
3876	31.375	1
3877	20.0	3
3878	27.0	3
3879	25.25	1
3880	38.625	4
3881	22.25	2
3882	22.75	1
3883	26.875	1
3884	41.125	4
3885	17.5	1
3886	24.0	2
3887	74.0	4
3888	91.0	5
3889	26.5	2
3890	28.0	2
3891	38.625	4
3892	152.625	2
3893	28.625	2
3894	33.375	1
3895	84.125	2
3896	23.5	2
3897	36.125	3
3898	12.5	1
3899	28.75	3
3900	24.625	1
3901	21.0	1
3902	18.5	1
3903	251.25	1
3904	27.25	3
3905	40.25	3
3906	65.0	3
3907	45.75	3
3908	80.5	2
3909	27.5	2
3910	27.25	1
3911	26.5	1
3912	36.25	3
3913	15.5	1
3914	54.375	1
3915	55.625	2
3916	31.25	3
3917	46.25	1
3918	64.625	4
3919	21.5	3
3920	42.0	5
3921	31.0	3
3922	25.875	2
3923	20.5	1
3924	107.5	1
3925	82.625	3
3926	26.25	3
3927	37.5	2
3928	63.375	3
3929	42.5	3
3930	28.5	2
3931	17.125	1
3932	81.0	6
3933	28.875	1
3934	26.625	3
3935	19.5	3
3936	42.875	2
3937	49.25	4
3938	80.25	3
3939	29.25	4
3940	28.125	2
3941	43.125	3
3942	23.25	3
3943	58.875	1
3944	18.75	1
3945	38.75	3
3946	174.625	4
3947	25.0	2
3948	50.875	5
3949	39.0	2
3950	34.0	2
3951	23.75	3
3952	44.875	1
3953	25.5	3
3954	27.375	1
3955	32.25	3
3956	80.375	1
3957	18.5	1
3958	22.125	1
3959	45.5	3
3960	19.5	1
3961	53.375	3
3962	69.5	3
3963	15.25	1
3964	34.5	3
3965	28.375	2
3966	58.375	4
3967	32.125	2
3968	47.0	1
3969	26.5	1
3970	18.5	1
3971	21.375	1
3972	26.75	4
3973	38.125	3
3974	141.5	2
3975	43.5	3
3977	23.0	1
3978	19.0	1
3979	21.75	1
3980	23.375	1
3981	21.5	3
3982	62.25	3
3983	26.75	2
3984	42.625	3
3985	26.0	1
3986	120.75	5
3987	20.5	1
3988	30.875	2
3990	33.875	3
3991	67.125	3
3992	106.625	3
3993	49.25	2
3994	29.0	3
3995	17.75	2
3996	28.875	2
3997	69.75	3
3998	33.75	1
3999	50.625	2
4000	27.0	3
4001	19.75	1
4002	21.0	2
4003	61.0	1
4004	21.0	3
4005	38.0	3
4006	26.875	2
4007	24.125	1
4008	32.0	3
4009	19.375	1
4010	32.75	3
4011	44.0	3
4012	33.5	5
4013	46.875	5
4014	18.25	1
4015	23.375	3
4016	53.5	4
4017	17.875	1
4018	30.875	3
4019	34.75	1
4020	23.0	1
4021	43.75	2
4023	24.0	2
4024	36.625	1
4025	30.625	1
4026	18.75	1
4027	20.25	1
4028	32.75	3
4029	17.0	1
4030	78.5	2
4031	30.375	2
4032	35.625	3
4033	36.625	3
4034	99.5	3
4035	27.0	3
4036	125.75	1
4037	23.75	3
4038	26.875	1
4039	90.0	1
4040	44.5	5
4041	42.0	4
4042	24.25	1
4043	19.25	1
4044	36.25	3
4045	18.75	3
4046	42.25	3
4047	38.0	4
4048	67.75	5
4049	16.5	1
4050	40.625	3
4051	91.125	3
4052	49.625	2
4053	29.375	3
4054	60.5	3
4055	46.625	3
4056	55.25	2
4057	38.125	1
4058	66.25	4
4059	40.375	3
4060	30.0	3
4061	129.75	2
4062	26.25	1
4063	30.75	5
4064	24.625	2
4065	24.5	3
4066	168.625	1
4067	60.375	1
4068	23.375	2
4069	197.875	1
4070	59.5	1
4071	15.75	2
4072	20.75	3
4073	54.875	1
4074	22.75	3
4075	33.875	3
4076	32.75	1
4077	34.75	3
4078	30.75	2
4079	16.75	1
4080	34.5	2
4081	25.0	1
4082	24.75	3
4083	33.375	2
4084	27.5	2
4085	52.0	1
4086	16.375	1
4087	62.0	1
4088	49.75	1
4089	29.0	3
4090	45.875	5
4091	44.75	5
4092	91.125	1
4093	16.0	1
4094	53.125	5
4095	24.75	1
4096	51.625	3
4097	30.375	3
4098	19.25	1
4099	30.875	2
4100	41.25	3
4101	49.125	4
4102	19.5	1
4103	35.0	3
4104	70.75	1
4105	44.0	2
4106	34.375	2
4107	46.25	3
4108	62.25	1
4109	16.75	2
4110	34.0	1
4111	25.0	1
4112	26.625	1
4113	23.25	2
4114	35.5	2
4115	18.25	1
4116	37.0	3
4117	18.0	1
4118	29.375	3
4119	27.0	1
4120	28.25	3
4121	55.75	4
4122	62.5	1
4123	21.625	1
4124	44.125	1
4125	201.125	1
4126	52.875	2
4127	35.875	1
4128	21.75	2
4129	21.5	3
4130	72.625	2
4131	33.75	4
4132	34.625	2
4133	93.0	1
4134	18.75	3
4135	19.0	2
4136	22.25	1
4137	27.625	4
4138	45.5	4
4139	34.875	1
4140	21.25	3
4141	98.875	2
4142	60.375	3
4143	48.5	2
4144	55.0	3
4145	35.0	3
4146	29.25	3
4147	48.0	3
4148	43.75	5
4149	44.5	3
4150	49.375	2
4151	41.125	4
4152	40.5	3
4153	62.125	2
4154	27.25	3
4155	24.75	3
4156	22.75	3
4157	20.625	1
4158	42.75	2
4159	18.875	1
4160	34.875	1
4161	35.25	1
4162	86.25	5
4163	68.25	2
4164	27.375	2
4165	35.75	1
4166	115.5	1
4167	83.125	2
4168	51.25	3
4169	21.5	1
4170	49.875	3
4171	58.5	5
4172	64.875	1
4173	42.875	4
4174	59.0	4
4175	27.875	2
4176	23.375	1
4177	18.0	2
4178	105.875	2
4179	73.5	2
4180	109.25	3
4181	42.0	2
4182	27.75	3
4183	68.5	4
4184	191.5	1
4185	36.0	2
4186	71.625	3
4187	29.375	2
4188	16.0	1
4189	23.875	1
4190	42.75	4
4191	47.75	3
4192	37.0	1
4193	27.625	2
4194	159.0	1
4195	25.125	2
4196	74.25	2
4197	39.75	1
4198	97.25	2
4199	44.125	1
4200	21.0	3
4201	58.5	1
4202	26.0	2
4203	23.75	1
4204	40.25	5
4205	58.25	1
4206	43.0	1
4207	44.5	1
4208	129.0	1
4209	22.5	3
4210	54.125	3
4211	31.0	3
4212	42.25	1
4213	27.5	1
4214	42.875	1
4215	33.5	2
4216	96.75	4
4217	36.75	3
4218	19.0	1
4219	32.25	2
4220	41.25	4
4221	45.5	3
4222	41.5	3
4223	20.25	1
4224	21.5	1
4225	28.75	3
4227	22.75	3
4228	17.5	3
4229	131.75	1
4230	30.625	3
4231	49.0	4
4232	31.25	3
4233	72.25	2
4234	39.625	3
4235	21.25	1
4238	35.125	3
4239	39.75	3
4240	43.5	4
4241	21.75	1
4242	45.0	3
4243	51.75	1
4244	29.625	1
4245	26.125	3
4246	63.5	2
4247	34.125	3
4248	38.25	3
4249	35.5	1
4250	34.75	3
4251	57.0	3
4252	18.75	1
4253	36.125	1
4254	18.375	2
4255	41.5	1
4256	36.5	2
4257	23.125	3
4258	23.75	2
4259	16.5	1
4260	35.0	1
4261	31.0	2
4262	50.625	2
4263	35.5	2
4264	39.125	1
4265	22.0	3
4266	34.125	3
4267	18.75	1
4268	28.375	2
4269	32.375	2
4270	59.75	4
4271	41.875	3
4272	63.25	5
4273	36.125	3
4274	19.5	1
4275	140.5	2
4276	123.0	1
4277	36.875	3
4278	58.0	2
4279	18.5	1
4280	26.875	1
4281	54.375	1
4282	41.625	3
4283	21.0	1
4284	36.25	2
4285	22.875	1
4286	28.25	1
4287	27.5	1
4288	44.625	4
4289	26.5	1
4290	42.625	3
4291	21.25	1
4292	96.25	5
4293	46.5	3
4294	48.625	4
4295	49.0	2
4296	95.0	3
4297	34.75	4
4298	44.875	4
4299	129.25	2
4300	36.5	2
4301	41.5	3
4302	26.375	2
4303	26.0	3
4304	49.375	3
4305	29.75	3
4306	50.625	3
4307	34.375	3
4308	20.0	3
4309	22.5	3
4310	73.375	4
4311	27.75	3
4312	20.25	1
4313	29.0	2
4314	82.5	1
4315	26.0	3
4316	46.25	3
4317	81.375	1
4318	38.75	3
4319	47.125	4
4320	15.75	1
4321	23.75	3
4322	17.0	1
4323	32.25	3
4324	33.5	1
4325	56.625	1
4326	89.5	6
4327	57.0	3
4328	50.625	1
4329	22.25	3
4330	80.375	5
4331	59.5	4
4332	36.25	4
4333	21.75	3
4334	28.625	2
4335	43.0	1
4336	57.0	2
4337	47.0	4
4338	141.25	2
4339	37.625	3
4340	33.625	3
4341	46.25	4
4342	35.0	3
4343	62.875	6
4344	45.0	3
4345	21.5	2
4346	34.875	3
4347	98.75	1
4348	25.75	3
4349	21.625	1
4350	25.0	2
4351	47.75	1
4352	40.0	1
4353	62.5	4
4354	27.625	1
4355	26.125	2
4356	36.0	4
4357	22.75	1
4358	50.75	3
4359	19.625	1
4360	38.5	3
4361	17.25	1
4362	30.25	4
4363	27.75	2
4364	35.5	4
4365	29.25	3
4366	18.25	1
4367	35.5	2
4368	25.375	3
4369	36.375	4
4370	27.0	1
4371	36.0	5
4372	49.25	1
4373	59.0	4
4374	26.875	3
4375	27.0	3
4376	24.375	1
4377	53.5	3
4378	16.75	1
4379	44.5	2
4380	23.25	3
4381	15.5	1
4382	37.875	3
4383	47.625	1
4384	21.5	1
4386	30.0	3
4387	35.25	2
4388	37.0	3
4389	22.875	1
4390	78.625	4
4391	38.625	2
4392	166.75	2
4393	27.125	3
4394	54.75	2
4395	43.5	4
4396	27.75	2
4397	19.0	1
4398	21.125	2
4399	25.75	2
4400	41.75	4
4401	43.25	3
4402	25.0	1
4403	22.5	1
4404	20.25	3
4405	39.0	1
4406	31.25	1
4407	19.875	1
4408	19.625	1
4409	18.75	1
4410	32.0	3
4411	93.75	1
4412	68.25	3
4414	59.125	2
4415	49.125	3
4416	17.0	3
4417	37.75	2
4418	45.25	3
4419	35.0	4
4420	30.0	2
4421	60.375	2
4422	41.0	5
4423	54.5	1
4424	19.25	2
4425	28.0	2
4426	17.25	1
4427	20.5	3
4428	61.125	4
4429	23.125	2
4430	14.5	1
4431	19.25	1
4432	45.875	3
4433	103.0	1
4434	29.75	5
4435	28.25	1
4436	33.5	4
4437	19.875	2
4438	18.75	1
4439	45.25	4
4440	29.0	1
4441	17.5	1
4442	56.25	2
4443	70.25	3
4444	49.625	5
4445	148.0	2
4446	41.625	3
4447	41.0	3
4448	28.125	1
4449	21.0	2
4450	63.5	1
4451	24.25	3
4452	30.25	2
4453	67.375	2
4454	68.5	3
4455	30.25	1
4456	18.0	1
4457	27.125	1
4458	16.5	1
4459	80.75	3
4460	75.0	1
4461	57.25	6
4462	25.0	2
4463	42.25	1
4464	32.25	2
4465	33.5	2
4466	55.625	4
4467	133.625	3
4468	168.625	1
4469	33.0	1
4470	61.75	4
4471	69.25	2
4472	22.75	3
4473	19.0	1
4474	26.75	3
4475	48.5	1
4476	55.875	3
4477	37.75	1
4478	21.0	3
4479	19.375	1
4480	89.875	3
4481	26.25	2
4482	65.875	3
4483	60.125	5
4484	84.25	5
4485	25.25	4
4486	24.625	2
4487	16.75	3
4488	17.5	1
4489	22.25	3
4490	85.75	3
4491	37.75	1
4492	37.75	3
4493	36.375	4
4494	35.25	3
4496	26.5	3
4497	42.25	1
4498	72.0	4
4499	18.5	1
4501	57.125	2
4502	20.5	1
4503	30.5	1
4504	19.25	3
4505	49.5	3
4506	45.625	3
4508	121.125	2
4509	37.375	3
4510	19.0	3
4511	37.5	3
4512	22.5	1
4513	45.375	4
4514	60.0	1
4515	68.375	3
4516	52.625	1
4517	37.875	3
4518	57.5	3
4519	16.0	1
4521	31.0	3
4522	251.375	2
4523	30.0	3
4524	24.0	1
4525	37.0	1
4526	26.625	3
4527	22.25	3
4528	29.0	3
4529	18.75	2
4530	42.0	3
4531	38.25	1
4532	37.5	3
4533	30.375	3
4534	28.625	1
4535	18.25	1
4536	61.875	3
4537	34.25	3
4538	51.75	1
4539	60.25	2
4540	37.875	1
4541	88.25	4
4542	41.625	3
4543	111.5	2
4544	51.75	1
4545	17.75	1
4546	94.125	3
4547	40.5	1
4548	23.5	3
4549	40.5	2
4550	29.375	1
4551	55.0	2
4552	58.5	3
4553	31.75	2
4554	106.0	2
4555	63.0	1
4556	45.5	3
4557	58.875	2
4558	132.25	3
4559	24.75	3
4560	35.125	3
4561	22.75	3
4562	36.125	1
4563	36.0	3
4564	30.25	3
4565	82.5	3
4566	53.375	1
4567	56.0	4
4568	51.125	3
4569	21.875	1
4570	29.5	2
4571	75.875	1
4572	17.25	1
4573	155.5	4
4574	27.375	1
4575	54.375	1
4576	26.125	1
4577	38.0	3
4578	29.625	3
4579	20.5	1
4580	17.75	2
4581	198.25	1
4582	19.0	1
4583	20.125	1
4584	57.25	4
4585	21.75	2
4586	28.125	1
4587	57.375	4
4588	95.5	1
4589	47.375	3
4590	51.25	4
4592	39.5	4
4593	40.5	2
4594	30.375	2
4595	19.625	1
4597	113.0	1
4598	53.75	3
4599	90.25	5
4600	28.5	3
4601	13.5	1
4602	20.125	3
4603	34.625	2
4604	60.25	2
4605	19.25	3
4607	139.0	1
4608	43.125	3
4609	16.5	1
4611	27.625	1
4612	44.375	4
4613	39.5	3
4614	76.5	2
4615	20.125	1
4616	17.125	1
4617	26.75	2
4618	24.0	2
4619	55.25	4
4620	16.75	1
4621	16.0	1
4622	76.0	3
4623	21.75	3
4624	48.625	3
4625	17.75	1
4626	140.75	1
4627	21.625	3
4628	239.25	1
4629	42.25	1
4630	44.625	3
4631	40.25	1
4632	39.0	3
4633	17.5	1
4634	30.875	2
4635	106.625	2
4636	38.25	2
4637	59.25	3
4638	57.0	4
4639	18.75	1
4640	28.5	1
4641	18.5	1
4642	45.0	1
4643	25.75	1
4644	24.875	2
4645	69.125	4
4646	38.75	2
4647	50.75	3
4648	21.25	1
4649	41.875	1
4650	22.375	1
4651	36.75	4
4652	29.25	2
4653	31.25	3
4654	24.75	3
4655	119.375	2
4656	37.5	2
4657	89.25	6
4658	33.125	1
4659	29.25	2
4660	42.75	1
4661	25.0	3
4662	17.25	1
4663	69.75	1
4664	17.0	1
4665	40.75	1
4666	35.0	2
4667	19.75	1
4668	38.0	1
4669	30.625	3
4670	24.5	2
4671	28.0	1
4672	23.125	2
4673	20.25	3
4674	70.0	3
4675	30.25	3
4676	37.875	3
4678	19.5	1
4679	43.875	3
4680	28.125	3
4681	30.75	1
4682	171.125	2
4683	14.5	1
4684	18.0	2
4685	112.5	2
4686	21.0	3
4687	47.5	1
4688	16.75	1
4689	31.125	1
4690	37.25	3
4691	29.25	3
4692	49.0	2
4693	70.375	4
4694	22.125	1
4695	39.25	4
4696	17.0	1
4697	18.5	2
4698	33.875	2
4699	31.75	1
4700	55.0	1
4701	27.0	3
4702	45.75	1
4703	28.125	3
4704	35.0	2
4705	30.625	3
4706	38.875	4
4707	83.25	1
4708	21.5	1
4709	27.875	1
4710	234.75	1
4711	26.625	3
4712	46.375	3
4713	36.375	3
4714	17.125	1
4715	22.75	1
4716	20.0	1
4717	106.75	1
4718	73.5	1
4719	21.75	3
4720	32.25	3
4721	80.75	3
4722	53.625	4
4723	43.25	1
4724	114.25	1
4725	44.125	4
4726	45.0	4
4727	57.25	1
4728	29.5	3
4729	17.5	3
4730	20.75	1
4731	38.5	5
4732	36.25	4
4733	30.0	2
4734	28.5	3
4735	47.375	3
4736	23.25	3
4737	20.625	1
4738	21.0	1
4739	19.125	3
4740	31.625	1
4741	63.0	1
4742	23.25	3
4743	14.0	1
4744	44.375	2
4745	27.25	2
4746	60.75	4
4747	34.75	3
4748	31.5	1
4749	92.0	3
4750	20.25	1
4751	17.5	1
4752	38.875	3
4753	42.5	1
4754	37.25	4
4756	24.125	3
4757	20.5	1
4758	33.375	3
4759	87.125	2
4760	58.5	3
4761	24.5	3
4762	32.75	1
4763	41.875	3
4764	25.5	2
4765	21.625	2
4766	54.0	3
4767	27.25	1
4768	30.125	2
4769	95.125	3
4770	30.25	1
4771	23.75	2
4772	16.25	1
4773	55.125	2
4774	31.625	3
4775	20.25	1
4776	92.75	3
4777	24.125	3
4778	18.5	2
4779	21.0	1
4780	92.75	3
4781	39.875	2
4782	33.5	3
4783	27.5	1
4784	33.875	4
4785	50.25	3
4786	13.75	3
4787	19.5	3
4788	20.5	1
4789	56.5	4
4791	28.25	3
4792	20.75	3
4793	25.75	2
4794	188.625	3
4795	34.125	1
4796	41.0	1
4797	109.25	1
4798	36.75	3
4799	25.625	1
4801	125.75	3
4802	58.0	3
4803	35.75	3
4804	104.0	2
4805	213.25	1
4806	59.875	2
4807	16.25	1
4808	21.125	2
4809	43.0	1
4810	24.375	2
4811	42.0	2
4812	26.0	1
4813	36.375	1
4814	38.0	1
4815	18.875	1
4817	26.25	2
4818	29.25	2
4819	66.5	1
4820	30.25	3
4821	60.0	3
4822	27.25	2
4823	38.0	2
4824	34.0	3
4825	25.75	3
4826	21.75	2
4827	18.0	1
4828	168.0	1
4829	17.625	1
4830	24.75	1
4831	35.5	3
4832	22.0	2
4833	52.5	1
4834	17.75	1
4835	20.0	2
4836	37.25	3
4837	16.5	1
4838	20.75	2
4839	27.5	1
4840	16.0	2
4841	19.5	1
4842	20.25	1
4843	32.625	3
4844	29.25	1
4845	61.625	1
4846	27.0	3
4847	40.25	1
4848	67.0	5
4850	21.5	3
4851	84.25	1
4852	140.5	1
4853	27.25	1
4854	62.125	4
4855	36.875	3
4856	49.25	4
4857	63.375	3
4858	37.75	4
4859	26.625	2
4860	16.75	1
4861	25.5	4
4862	47.75	2
4863	24.625	1
4864	26.25	3
4865	60.25	3
4866	45.125	3
4867	26.375	1
4868	27.625	2
4869	80.625	5
4870	26.5	1
4871	66.125	2
4872	32.875	3
4873	21.75	1
4874	46.625	4
4875	31.375	1
4876	24.125	1
4877	29.125	1
4878	22.75	1
4879	43.875	4
4881	22.25	1
4882	124.625	1
4883	22.25	2
4884	27.5	1
4885	23.0	3
4886	35.0	4
4887	16.75	1
4888	25.75	1
4889	26.75	1
4890	38.75	1
4891	45.75	4
4892	21.25	1
4893	237.5	1
4894	33.5	2
4895	139.0	1
4897	49.375	1
4898	52.625	3
4899	15.875	1
4900	53.75	3
4901	33.25	3
4902	18.75	1
4903	35.75	3
4904	14.5	1
4905	37.75	3
4906	26.25	2
4907	21.75	1
4908	23.5	2
4909	30.5	2
4911	37.25	1
4912	19.875	3
4913	31.25	1
4914	64.0	4
4915	33.25	1
4916	19.0	1
4917	20.25	3
4918	53.5	2
4919	70.375	1
4920	68.25	5
4921	183.125	1
4922	29.875	1
4923	58.5	5
4924	29.75	2
4925	29.5	2
4926	27.125	1
4927	25.5	1
4928	38.5	1
4929	27.25	3
4930	39.25	3
4931	44.5	3
4932	30.5	1
4933	58.25	2
4934	23.75	2
4935	41.75	3
4936	117.125	1
4937	97.75	1
4938	17.0	2
4939	70.0	3
4940	53.5	3
4941	45.125	4
4942	44.25	3
4943	30.25	1
4944	16.5	2
4945	58.5	4
4946	109.375	2
4947	21.0	3
4948	39.75	2
4949	255.5	3
4950	48.375	2
4951	142.75	4
4952	67.5	2
4953	21.5	2
4954	35.0	2
4955	42.875	3
4956	16.5	1
4957	19.25	1
4958	22.125	1
4959	49.5	3
4960	27.125	3
4961	25.375	2
4962	27.375	2
4963	15.75	1
4964	22.5	3
4965	36.625	2
4966	46.0	3
4967	55.25	1
4968	20.0	2
4969	17.25	3
4970	15.25	1
4971	16.5	1
4972	48.25	3
4973	38.125	4
4974	95.5	2
4975	89.25	1
4976	37.0	4
4977	34.25	3
4978	76.5	3
4979	31.625	2
4980	22.0	3
4981	24.75	3
4982	65.625	4
4983	40.75	2
4984	57.5	1
4985	61.0	4
4988	20.5	3
4990	23.875	3
4991	29.0	2
4992	16.25	1
4993	50.25	4
4994	15.5	1
4995	29.0	3
4996	28.5	1
4997	46.875	2
4998	51.75	3
4999	25.875	2
5000	37.75	5
5001	55.75	1
5002	21.75	1
5003	43.875	2
5004	21.5	3
5005	87.0	3
5006	91.25	4
5007	52.75	4
5008	48.75	1
5009	114.125	3
5010	47.875	3
5011	21.0	1
5012	39.5	3
5013	23.25	1
5014	51.0	1
5015	37.5	1
5016	20.375	1
5017	26.5	3
5018	27.125	2
5019	18.75	2
5020	87.875	3
5021	19.0	3
5022	44.875	1
5023	17.75	1
5024	30.0	1
5025	25.75	3
5026	36.75	1
5027	18.25	1
5028	25.25	3
5029	23.0	1
5030	16.75	2
5031	38.75	1
5032	36.0	1
5033	74.5	2
5034	29.0	2
5035	46.5	3
5036	17.5	1
5037	25.5	2
5038	26.75	3
5039	17.0	3
5040	92.25	3
5041	27.875	1
5042	47.375	3
5043	118.25	1
5044	68.5	4
5045	46.5	3
5046	52.125	2
5047	17.75	1
5048	36.75	3
5049	75.375	4
5050	49.375	3
5051	86.5	3
5052	31.75	3
5053	79.5	4
5054	18.5	1
5055	44.0	1
5056	153.0	1
5057	17.75	1
5058	30.625	1
5059	63.0	4
5060	17.75	1
5061	36.5	3
5062	57.0	3
5063	17.5	1
5064	36.125	3
5065	38.25	1
5066	47.0	3
5067	28.25	1
5068	71.75	5
5069	37.0	4
5070	64.25	2
5071	39.375	2
5072	16.5	1
5073	43.875	4
5074	32.0	1
5075	28.5	3
5076	55.125	3
5077	76.5	4
5078	30.125	1
5079	33.625	1
5080	85.375	1
5081	53.375	5
5082	65.0	3
5084	36.5	3
5085	19.5	2
5086	29.375	2
5087	79.25	6
5088	30.0	2
5090	59.375	2
5091	21.25	1
5092	18.625	1
5093	44.75	3
5094	45.375	3
5095	25.5	3
5096	25.0	3
5097	25.0	3
5098	22.75	3
5099	69.25	2
5100	92.375	3
5101	37.25	2
5102	219.25	1
5103	24.5	2
5104	110.375	3
5105	23.0	2
5106	26.25	2
5107	27.75	3
5108	14.5	1
5110	44.875	2
5111	19.0	1
5112	31.25	3
5113	48.5	1
5114	59.25	3
5115	16.25	2
5116	33.25	1
5117	34.125	1
5118	19.25	3
5119	53.5	3
5120	27.0	1
5121	25.75	3
5122	50.5	3
5123	41.5	1
5124	37.5	3
5125	30.75	2
5126	44.125	4
5127	109.75	5
5128	26.0	2
5129	93.25	2
5130	36.625	3
5131	19.75	1
5132	22.625	1
5133	50.75	3
5134	48.25	4
5135	20.25	1
5136	19.5	1
5137	83.25	1
5138	33.75	2
5139	96.25	1
5140	37.0	1
5141	27.125	2
5142	42.125	4
5143	46.625	3
5144	140.75	1
5145	150.0	3
5146	45.5	3
5147	16.75	3
5148	23.25	2
5149	90.375	2
5150	50.5	1
5151	17.25	1
5152	37.125	3
5153	37.125	2
5154	37.25	3
5155	113.875	3
5156	96.5	5
5157	36.0	2
5158	48.25	1
5160	29.0	1
5161	34.875	5
5162	21.5	3
5163	43.625	3
5165	25.875	3
5166	94.875	1
5167	40.0	3
5168	104.875	3
5169	25.375	2
5170	165.0	1
5171	29.0	3
5173	150.5	1
5174	27.625	3
5175	30.625	4
5176	35.25	3
5177	35.375	2
5178	19.5	1
5179	33.75	2
5180	75.625	3
5181	44.75	3
5182	46.625	2
5183	31.0	2
5184	48.25	1
5185	23.875	2
5186	31.5	1
5187	95.375	2
5188	31.0	3
5189	59.125	1
5190	80.25	4
5192	152.0	2
5193	27.0	3
5194	16.75	2
5195	51.25	2
5196	39.5	1
5198	34.5	2
5199	88.0	2
5200	20.5	3
5202	47.25	2
5203	30.5	1
5204	35.625	1
5205	25.5	3
5206	32.75	3
5207	37.125	1
5208	30.25	3
5209	63.25	3
5210	27.5	3
5211	17.375	1
5212	18.75	1
5213	50.75	1
5214	44.25	1
5215	19.25	1
5216	54.375	3
5217	17.75	1
5218	41.75	1
5219	16.25	1
5220	30.0	3
5221	33.5	3
5222	58.375	1
5224	18.5	3
5225	38.875	3
5226	38.75	3
5227	21.375	3
5228	61.375	3
5229	21.75	3
5230	43.75	1
5231	42.5	3
5232	21.25	3
5233	58.25	1
5234	74.75	1
5235	27.875	2
5236	24.75	2
5237	33.25	2
5238	26.5	3
5239	38.125	3
5240	107.375	4
5241	30.125	2
5242	35.75	2
5243	25.625	1
5244	16.5	1
5245	15.75	1
5246	25.875	1
5247	61.25	3
5248	59.875	5
5249	35.5	2
5250	36.75	3
5251	37.75	1
5252	37.25	3
5253	35.25	1
5254	229.75	1
5255	24.75	2
5256	31.0	1
5257	26.375	2
5258	30.375	3
5259	49.5	4
5260	76.25	3
5261	30.0	3
5262	20.25	3
5263	21.0	1
5264	35.75	1
5265	108.125	3
5266	18.75	1
5267	52.875	5
5268	16.125	1
5269	58.75	3
5270	53.375	4
5271	47.5	3
5272	30.625	2
5273	16.75	1
5274	34.625	2
5275	62.0	1
5276	15.5	1
5277	18.5	1
5278	58.375	4
5279	33.125	1
5280	88.5	3
5281	33.75	2
5282	23.5	3
5283	32.25	3
5284	48.375	3
5285	27.5	1
5286	49.125	1
5287	26.0	1
5288	124.75	1
5289	113.5	2
5290	22.0	2
5291	35.25	3
5292	112.0	1
5293	100.0	4
5294	27.75	2
5295	18.75	1
5296	14.0	2
5297	67.5	1
5298	15.75	2
5299	24.75	3
5300	21.75	3
5301	38.25	3
5302	34.75	3
5303	20.625	2
5304	27.625	1
5305	21.5	2
5306	44.25	1
5307	25.0	1
5308	35.0	4
5309	24.375	1
5310	106.5	1
5311	36.25	2
5312	89.25	5
5313	28.0	2
5314	19.25	3
5315	19.0	1
5316	23.375	1
5317	63.375	5
5318	41.375	3
5319	47.875	1
5320	16.0	1
5321	18.375	1
5322	26.25	3
5323	37.0	2
5324	29.0	3
5325	87.625	2
5326	35.0	1
5327	47.75	1
5328	31.25	1
5329	43.375	2
5330	26.25	2
5331	25.0	2
5332	42.75	2
5333	27.5	4
5334	134.375	1
5335	25.25	3
5336	48.0	4
5337	20.375	1
5338	25.75	3
5339	28.625	2
5340	51.375	3
5341	39.375	4
5342	42.875	1
5343	31.0	3
5344	60.125	1
5345	84.375	3
5346	37.25	5
5347	24.5	1
5348	17.0	1
5349	30.5	1
5350	25.5	3
5351	57.875	2
5352	38.875	2
5353	36.875	1
5354	31.375	1
5355	27.0	3
5356	30.75	2
5357	24.5	2
5358	15.5	1
5359	110.0	3
5360	15.75	1
5361	31.5	2
5362	32.25	3
5363	26.125	1
5364	27.0	1
5365	21.25	2
5366	34.125	1
5367	180.0	1
5368	35.0	5
5369	18.5	3
5370	31.5	3
5371	29.625	2
5372	43.5	1
5373	41.625	3
5374	31.875	4
5375	43.375	3
5376	26.875	3
5377	29.75	1
5378	37.0	2
5379	39.375	3
5380	40.5	1
5381	29.5	3
5382	35.625	3
5383	27.25	2
5384	28.0	1
5385	20.5	3
5386	21.0	2
5387	30.875	2
5388	17.5	1
5389	54.875	2
5390	34.875	3
5391	18.0	3
5392	39.25	2
5393	46.125	2
5394	21.0	1
5395	21.75	3
5396	34.375	2
5397	22.0	1
5398	25.25	3
5399	18.5	1
5400	38.375	3
5401	217.25	1
5402	62.625	4
5403	27.5	1
5404	25.0	2
5405	33.75	1
5406	42.25	3
5407	36.75	3
5408	17.0	1
5409	39.375	3
5410	18.125	3
5411	31.5	2
5412	19.0	1
5413	26.25	3
5414	32.875	1
5415	30.0	3
5416	28.5	3
5418	20.75	1
5419	146.5	1
5420	35.625	3
5421	38.25	4
5422	25.625	2
5423	37.5	2
5424	50.25	5
5425	21.0	1
5426	28.5	1
5427	21.0	3
5428	31.625	1
5429	26.5	3
5430	38.75	3
5431	128.5	3
5432	120.375	3
5433	21.25	2
5434	33.875	3
5435	28.0	2
5436	34.0	1
5437	53.0	3
5438	43.625	3
5439	36.0	3
5440	52.5	1
5441	119.0	1
5443	53.75	4
5444	31.5	3
5445	74.875	3
5446	25.75	3
5447	46.0	4
5448	40.875	4
5449	43.625	2
5450	20.75	3
5451	54.625	3
5452	38.75	3
5453	56.75	1
5454	20.0	1
5455	18.75	1
5456	28.75	3
5457	25.75	1
5458	22.25	3
5459	62.875	4
5460	43.25	2
5461	37.375	5
5462	43.375	1
5463	48.375	4
5464	31.25	2
5465	26.25	1
5466	198.75	2
5467	166.625	1
5468	47.0	3
5469	49.25	1
5470	110.0	4
5471	24.5	1
5472	40.875	4
5473	40.5	1
5474	30.625	2
5475	77.75	5
5476	22.625	2
5477	41.0	3
5478	27.25	3
5479	108.0	4
5481	19.0	1
5482	59.75	3
5483	168.0	1
5484	34.5	1
5485	42.0	4
5486	33.0	3
5487	29.375	1
5488	24.75	2
5489	34.5	2
5490	27.5	3
5491	41.125	2
5492	64.625	1
5493	35.75	2
5494	64.0	3
5495	28.5	3
5496	38.25	3
5498	21.5	1
5499	82.0	1
5500	22.375	3
5501	46.25	3
5502	36.875	3
5503	36.0	1
5504	35.25	3
5505	54.125	5
5506	26.625	2
5507	17.0	1
5508	46.125	4
5509	29.375	1
5510	37.125	3
5511	15.875	1
5512	19.0	1
5513	24.25	1
5514	21.75	1
5515	53.75	4
5516	39.25	3
5517	93.125	3
5518	25.5	3
5519	50.125	5
5520	26.0	1
5521	16.25	1
5522	68.625	2
5523	32.875	3
5524	58.625	2
5525	19.0	1
5526	16.5	1
5527	30.125	3
5528	42.75	1
5529	45.25	3
5530	25.0	1
5531	41.875	4
5532	44.75	2
5533	82.875	3
5534	86.0	2
5535	56.0	4
5536	29.0	2
5537	35.625	1
5538	42.375	2
5539	67.5	3
5540	38.375	1
5541	85.125	3
5542	54.875	4
5543	13.0	1
5544	38.75	2
5545	41.75	2
5546	59.0	4
5547	19.5	3
5548	74.625	1
5549	26.75	1
5550	136.0	1
5551	39.0	2
5552	23.875	2
5553	23.75	3
5554	51.0	4
5555	25.25	1
5556	19.0	3
5557	37.25	3
5558	39.0	1
5559	46.5	2
5560	19.0	1
5561	23.0	3
5562	37.25	2
5563	59.0	5
5564	47.375	2
5565	17.25	1
5566	44.0	1
5567	23.25	3
5568	21.375	2
5569	30.25	1
5570	35.375	3
5571	21.5	2
5572	18.75	3
5573	16.75	1
5574	28.0	3
5575	20.5	1
5576	32.75	3
5577	35.75	3
5578	24.5	1
5579	84.375	5
5580	63.0	4
5582	39.0	3
5583	58.0	2
5584	104.0	2
5585	49.875	4
5586	45.25	4
5587	110.25	1
5588	34.5	1
5589	55.125	3
5590	51.0	2
5591	37.75	3
5592	42.75	3
5593	26.125	3
5594	19.625	2
5595	18.75	3
5596	78.5	2
5597	36.875	3
5598	40.625	1
5599	35.75	3
5600	148.25	3
5601	46.0	2
5602	56.5	4
5603	122.125	3
5604	42.625	3
5605	24.5	2
5606	33.375	3
5607	27.5	1
5608	59.0	1
5609	19.5	1
5610	17.5	2
5611	29.625	3
5612	26.25	1
5613	137.25	3
5614	34.75	1
5615	23.25	1
5616	39.125	3
5617	36.625	4
5618	35.875	1
5619	40.5	3
5620	51.75	1
5621	18.5	1
5622	36.0	3
5623	37.75	2
5624	62.375	1
5625	20.75	1
5626	55.5	1
5627	41.5	3
5628	38.75	4
5630	24.125	1
5631	37.625	1
5632	36.625	3
5633	55.75	2
5634	64.5	1
5635	39.375	4
5636	21.75	1
5637	25.25	2
5638	18.5	1
5639	20.125	2
5640	42.875	5
5641	39.0	1
5642	19.75	1
5643	19.0	2
5644	209.875	1
5645	51.75	3
5646	56.625	2
5647	18.0	1
5648	121.5	3
5649	26.25	1
5650	37.5	3
5651	35.25	3
5652	19.75	1
5653	18.0	1
5654	65.0	1
5655	31.875	1
5656	32.625	2
5657	26.75	3
5658	48.0	2
5659	16.75	1
5660	19.625	3
5661	17.5	1
5662	34.875	3
5663	118.5	3
5664	31.125	3
5665	56.875	1
5666	32.375	2
5667	14.5	2
5668	43.375	3
5669	20.75	1
5670	68.25	4
5671	40.875	2
5672	25.5	3
5673	18.5	3
5674	19.25	1
5675	16.625	2
5676	21.75	1
5677	51.5	1
5678	29.5	3
5679	42.75	2
5680	27.25	2
5681	22.125	1
5682	38.5	4
5683	19.5	1
5684	26.375	2
5685	14.75	1
5686	51.75	3
5687	29.375	2
5688	85.625	1
5689	42.375	3
5690	24.5	3
5691	20.0	3
5692	120.625	1
5693	29.5	1
5694	56.5	1
5695	92.125	2
5696	59.25	1
5697	25.0	1
5698	70.375	3
5699	84.125	4
5700	31.25	1
5701	20.0	1
5702	44.0	3
5703	30.75	1
5704	84.875	2
5705	39.75	1
5706	30.0	2
5707	27.25	2
5708	18.0	2
5709	113.0	4
5710	45.125	3
5711	24.125	1
5712	120.0	3
5713	53.25	3
5714	48.75	3
5715	75.375	3
5716	16.5	1
5718	210.75	1
5719	32.5	1
5720	27.875	3
5721	42.875	3
5722	26.75	1
5723	22.25	3
5724	16.25	3
5725	43.5	4
5726	54.0	3
5727	23.0	1
5728	28.5	1
5729	87.875	3
5730	27.5	1
5731	46.125	3
5732	88.5	1
5733	69.5	4
5734	36.5	1
5735	24.5	3
5736	42.875	3
5737	79.875	2
5738	38.375	1
5739	25.625	3
5741	58.25	1
5742	64.125	3
5743	117.0	2
5744	18.375	3
5745	33.0	2
5746	59.375	1
5747	30.25	1
5748	21.375	1
5749	18.25	3
5750	94.125	1
5751	17.0	1
5752	55.25	1
5754	19.5	3
5755	49.75	2
5756	24.75	2
5757	26.125	1
5758	63.0	6
5759	20.75	1
5760	29.75	1
5761	32.75	3
5762	26.0	3
5763	34.875	4
5764	30.5	1
5765	74.0	4
5766	66.25	2
5767	25.75	2
5768	29.875	1
5769	31.75	3
5770	63.125	2
5771	150.5	2
5772	30.25	3
5773	25.0	1
5774	26.25	1
5775	16.5	1
5776	69.375	5
5777	38.75	3
5779	43.5	1
5780	62.625	4
5781	71.375	3
5782	14.25	1
5783	112.0	1
5784	24.0	2
5785	95.75	2
5786	25.0	1
5787	20.0	1
5788	68.375	1
5789	39.5	2
5790	14.25	1
5791	33.125	2
5792	43.0	1
5793	34.75	2
5794	28.875	2
5795	79.125	3
5796	20.5	1
5797	34.75	3
5798	19.0	1
5799	29.5	3
5800	76.625	3
5801	99.75	5
5802	27.125	2
5803	52.25	5
5804	71.75	3
5805	43.125	3
5806	33.25	3
5807	49.25	3
5808	37.25	3
5809	22.5	2
5810	28.375	2
5811	18.5	1
5812	27.5	2
5813	22.25	3
5814	16.75	1
5815	19.5	1
5816	44.75	1
5817	41.0	2
5818	48.375	4
5819	26.75	3
5820	23.25	3
5822	19.5	1
5823	20.0	2
5824	26.5	2
5825	35.0	3
5826	22.25	2
5827	17.75	1
5828	34.75	2
5829	76.5	4
5830	30.875	1
5831	34.875	1
5832	21.0	3
5833	40.25	3
5834	19.0	3
5835	49.75	3
5836	180.125	1
5837	48.125	3
5838	29.375	1
5839	23.25	2
5840	53.0	4
5841	46.5	4
5842	27.0	3
5844	21.75	1
5845	18.625	1
5846	71.25	5
5847	34.5	4
5848	32.625	3
5849	26.625	2
5850	29.125	3
5851	55.0	1
5852	25.25	2
5853	34.25	3
5854	24.125	2
5855	41.125	1
5856	33.25	1
5857	49.25	3
5858	12.25	2
5859	58.0	3
5860	29.25	3
5861	28.75	2
5862	25.0	3
5863	47.625	3
5864	142.875	2
5865	119.25	3
5866	51.75	4
5867	74.625	4
5868	36.0	3
5869	24.5	1
5870	31.875	4
5871	37.5	3
5873	84.25	4
5874	27.375	1
5875	30.875	2
5876	41.0	4
5877	31.0	3
5878	60.125	1
5879	36.125	4
5881	34.5	2
5882	102.0	4
5883	29.5	3
5884	18.625	1
5885	20.75	1
5886	17.5	1
5887	45.625	2
5888	189.5	2
5889	20.0	3
5890	54.25	3
5891	22.375	3
5892	24.625	1
5893	50.5	4
5894	92.0	5
5895	27.875	2
5896	25.25	1
5897	51.25	1
5899	36.25	3
5900	32.75	3
5901	30.25	1
5902	39.0	3
5903	28.0	3
5904	25.0	4
5905	18.75	1
5906	52.5	4
5907	25.625	1
5908	44.5	1
5909	43.625	3
5910	25.0	1
5911	63.625	4
5912	67.125	1
5913	47.5	5
5914	33.875	1
5915	32.5	1
5916	29.0	3
5917	44.375	3
5918	164.25	1
5919	27.0	2
5920	17.0	3
5921	158.25	1
5922	42.0	2
5923	89.125	4
5924	48.5	4
5925	51.75	3
5926	24.875	1
5927	20.125	1
5928	24.75	3
5929	26.5	1
5930	49.25	2
5931	37.375	2
5932	36.75	3
5933	35.5	3
5934	49.25	4
5935	111.25	5
5936	30.0	3
5937	29.0	3
5938	26.75	3
5939	29.0	2
5940	89.5	1
5941	316.25	1
5942	23.875	1
5943	42.625	4
5944	23.75	1
5945	22.875	1
5946	34.75	4
5947	53.125	1
5948	29.25	2
5949	46.25	2
5950	36.25	3
5951	32.875	2
5952	61.375	5
5953	27.375	1
5954	101.25	1
5955	45.625	2
5956	30.0	3
5957	41.875	4
5958	19.5	1
5960	16.75	1
5961	115.0	2
5962	22.25	1
5963	26.75	2
5964	25.75	3
5965	22.25	1
5967	79.75	3
5968	72.375	3
5969	27.25	2
5970	40.25	2
5971	18.5	3
5972	202.25	1
5973	47.625	3
5974	21.0	2
5975	15.25	1
5976	33.0	1
5977	39.5	3
5978	35.875	2
5979	25.5	2
5980	28.625	1
5981	26.0	2
5982	32.5	1
5983	25.625	2
5984	24.25	2
5985	24.5	2
5986	17.625	1
5987	104.125	2
5988	29.0	3
5989	49.75	2
5990	19.75	2
5991	67.5	3
5992	39.875	2
5993	50.875	3
5994	27.125	1
5995	41.25	1
5996	17.0	1
5997	18.0	1
5998	51.125	3
5999	43.75	4
6000	28.0	3
6001	36.75	3
6002	42.25	1
6003	25.75	1
6004	77.625	5
6005	40.75	2
6006	23.875	3
6007	43.75	2
6008	44.25	1
6009	31.0	4
6010	60.25	3
6011	32.5	3
6012	146.375	1
6013	33.75	4
6014	28.375	2
6015	48.25	3
6016	71.625	3
6017	18.5	1
6018	27.25	1
6019	48.5	3
6020	43.0	1
6021	39.0	2
6022	40.0	1
6023	25.375	2
6024	73.875	1
6025	18.5	1
6026	103.5	1
6027	69.5	1
6028	44.25	5
6029	29.0	3
6030	19.0	1
6031	51.375	1
6032	19.0	1
6033	29.75	2
6034	186.75	1
6035	31.75	2
6036	45.75	3
6037	27.375	1
6038	25.5	1
6039	19.0	1
6040	74.875	4
6041	37.5	3
6042	272.5	3
6043	51.625	3
6044	26.75	2
6045	24.25	1
6046	48.25	3
6047	82.875	3
6048	34.5	3
6049	58.875	4
6050	23.25	2
6051	97.75	1
6052	74.625	5
6053	25.75	1
6054	79.75	3
6055	23.75	1
6056	40.0	3
6057	38.25	3
6058	18.25	1
6059	28.5	3
6060	37.125	3
6061	48.0	3
6062	31.625	3
6063	30.5	3
6064	81.625	5
6065	19.25	3
6066	28.375	2
6067	67.75	1
6068	18.25	1
6069	37.75	4
6070	32.5	3
6071	67.25	4
6072	18.0	1
6073	46.5	3
6074	16.5	1
6075	31.0	3
6076	50.75	1
6077	41.625	3
6078	36.125	3
6079	35.125	3
6080	20.375	1
6081	16.125	1
6082	39.0	3
6083	26.5	1
6084	38.25	3
6085	22.875	1
6086	40.125	3
6087	37.375	3
6088	37.5	3
6089	40.125	3
6090	26.25	2
6091	72.0	4
6092	70.75	3
6093	43.75	2
6094	48.75	1
6095	49.5	1
6097	40.0	3
6098	25.5	3
6099	19.0	1
6100	48.5	3
6101	26.75	3
6102	25.0	2
6103	45.25	3
6104	40.25	5
6105	29.0	1
6106	59.5	4
6107	45.375	2
6108	27.25	3
6109	46.25	3
6110	28.5	1
6111	24.25	3
6112	19.5	3
6113	31.5	3
6114	29.5	3
6115	43.25	2
6117	19.125	2
6118	53.25	1
6119	53.375	4
6120	50.0	1
6121	21.25	3
6122	18.75	1
6123	28.5	2
6124	48.25	1
6125	81.875	3
6126	118.75	5
6127	52.125	2
6129	19.25	3
6130	26.75	3
6131	29.0	3
6132	39.0	3
6133	33.25	3
6134	23.375	3
6135	18.75	1
6136	24.5	1
6137	32.25	3
6138	18.75	1
6139	22.5	3
6140	38.0	1
6141	43.625	1
6142	27.75	2
6143	32.375	3
6144	15.75	1
6145	22.75	1
6146	26.5	2
6147	19.0	3
6148	17.75	1
6149	36.875	4
6150	53.5	1
6151	50.125	3
6152	32.375	1
6153	62.5	1
6154	66.375	2
6155	33.875	3
6156	187.375	1
6157	19.0	1
6158	57.75	3
6159	24.5	1
6160	22.0	3
6161	85.5	4
6162	39.75	2
6163	100.75	2
6164	75.875	7
6165	31.5	3
6166	109.75	2
6167	39.875	2
6168	66.0	3
6169	21.125	2
6170	34.5	3
6171	44.25	3
6172	95.125	3
6173	24.25	1
6174	39.0	3
6175	41.0	3
6176	29.625	3
6177	62.5	1
6178	28.375	3
6179	73.75	4
6180	31.625	3
6181	42.0	2
6182	24.75	3
6183	34.5	3
6184	52.25	1
6185	63.0	1
6186	42.75	3
6187	25.0	2
6188	18.75	1
6189	110.625	2
6190	25.5	2
6191	53.5	3
6192	106.5	3
6193	140.75	1
6194	41.0	4
6195	29.5	3
6196	27.75	1
6197	37.0	1
6198	147.5	1
6199	93.875	3
6200	21.5	1
6201	64.0	3
6202	41.125	3
6203	37.5	3
6204	34.75	1
6205	31.25	3
6206	55.875	1
6207	44.0	5
6208	43.0	3
6209	37.875	2
6210	28.875	1
6211	134.0	5
6212	20.75	1
6213	59.625	4
6214	20.0	1
6215	26.0	3
6216	26.0	3
6217	90.125	4
6218	44.5	4
6219	19.0	2
6220	25.0	3
6221	52.0	1
6222	33.25	2
6223	27.25	3
6224	35.75	3
6225	43.625	2
6226	45.25	5
6227	33.875	1
6228	25.0	1
6229	61.5	1
6230	22.75	1
6231	25.75	3
6232	17.5	1
6233	26.25	1
6234	40.125	5
6236	43.375	4
6237	60.25	5
6238	146.25	1
6239	63.625	2
6240	43.5	3
6241	37.625	4
6242	22.75	3
6243	30.25	3
6244	54.375	1
6245	35.375	2
6246	38.875	4
6247	88.75	2
6249	144.875	1
6250	46.125	1
6251	20.0	1
6252	73.0	2
6253	133.875	1
6254	31.0	3
6255	60.0	1
6256	24.625	3
6257	58.75	3
6258	48.0	3
6259	29.375	2
6260	19.5	1
6261	32.375	2
6262	19.0	1
6263	29.0	4
6264	18.5	3
6265	36.625	4
6266	46.0	3
6267	19.25	1
6268	20.5	1
6269	20.5	1
6270	25.25	2
6271	38.5	1
6272	60.125	4
6273	36.0	4
6274	98.5	1
6275	92.75	3
6276	26.625	3
6277	29.5	3
6278	39.5	5
6279	43.5	2
6280	18.5	2
6281	139.5	1
6282	123.0	1
6283	16.375	3
6284	39.625	3
6285	35.25	3
6286	25.25	1
6287	45.25	1
6288	37.0	3
6289	36.875	4
6290	43.0	4
6291	35.25	2
6292	62.625	3
6293	41.25	5
6294	17.5	1
6295	27.375	3
6296	40.25	2
6297	37.75	3
6298	36.75	3
6299	23.25	1
6300	36.25	3
6301	19.25	3
6302	150.0	3
6303	21.5	1
6304	18.75	1
6305	31.75	2
6306	17.125	2
6307	22.375	2
6308	34.75	3
6309	171.5	2
6310	32.375	1
6311	23.25	3
6312	54.25	3
6313	43.875	2
6314	23.875	1
6315	16.0	1
6316	22.625	1
6317	17.5	1
6318	31.625	1
6319	47.125	4
6320	42.125	2
6321	135.5	3
6322	29.375	3
6323	90.25	4
6324	34.625	2
6325	41.0	5
6326	33.375	4
6327	31.75	2
6328	42.0	2
6329	96.5	2
6330	51.0	3
6331	30.0	2
6332	26.75	1
6333	64.75	4
6334	39.25	3
6335	27.5	2
6336	57.875	3
6337	27.5	3
6338	17.75	1
6339	16.5	3
6340	49.5	4
6341	27.75	3
6342	23.75	3
6343	18.75	3
6344	27.25	3
6345	52.5	4
6346	44.25	3
6347	24.5	1
6348	22.0	3
6349	18.875	3
6350	26.5	2
6351	63.875	1
6352	23.75	1
6353	24.5	3
6354	31.5	2
6355	93.75	2
6356	54.75	3
6357	23.25	1
6358	37.25	3
6359	48.0	2
6360	119.125	1
6361	97.875	1
6362	50.625	3
6363	33.5	2
6364	79.625	5
6365	18.75	3
6366	21.0	2
6367	23.75	1
6368	46.75	4
6369	17.75	1
6370	27.5	1
6371	176.375	1
6372	20.5	3
6373	30.25	3
6374	37.5	3
6375	16.25	1
6376	47.5	3
6377	64.375	3
6378	23.375	2
6379	75.125	1
6380	58.375	2
6381	24.125	2
6382	52.0	1
6383	83.75	1
6384	37.5	4
6385	29.25	3
6386	18.5	1
6387	24.25	1
6388	29.0	2
6389	171.0	5
6390	40.5	3
6391	22.25	1
6392	69.5	3
6393	39.875	3
6394	18.75	2
6395	59.125	1
6396	43.0	3
6397	30.0	3
6398	65.0	1
6399	38.375	3
6400	75.375	4
6401	35.25	3
6402	34.375	3
6403	38.25	3
6404	32.5	1
6405	18.75	1
6406	18.75	2
6407	186.5	5
6408	25.125	1
6409	23.25	3
6410	30.75	1
6411	45.5	3
6412	24.0	3
6413	30.0	1
6414	29.25	1
6415	179.625	1
6416	60.0	3
6417	47.5	4
6418	38.625	3
6419	23.75	1
6420	43.125	3
6421	37.25	3
6422	22.75	3
6423	49.75	3
6424	72.25	4
6425	29.875	3
6426	22.625	1
6427	34.0	2
6428	54.875	2
6429	15.75	1
6430	30.25	3
6431	37.0	2
6432	27.75	1
6433	44.875	3
6434	20.0	3
6435	24.25	3
6436	24.125	1
6437	39.0	3
6438	32.625	5
6439	110.625	2
6440	19.25	1
6441	60.125	5
6442	30.75	1
6443	41.25	3
6444	36.625	3
6445	28.75	3
6446	37.5	3
6447	18.0	1
6448	128.75	1
6449	25.125	1
6450	36.5	1
6451	42.375	3
6452	49.25	1
6453	61.5	1
6454	40.625	4
6455	76.0	4
6456	17.5	1
6457	85.375	1
6458	14.25	1
6459	21.25	1
6460	29.0	1
6461	33.0	2
6462	17.75	1
6463	28.5	3
6464	26.25	1
6465	34.5	3
6466	67.0	3
6467	33.5	3
6468	65.5	1
6469	41.75	4
6470	26.625	3
6471	90.875	2
6472	58.25	2
6473	42.75	1
6474	16.25	1
6475	16.25	3
6476	23.625	2
6477	36.625	3
6478	21.75	3
6479	68.0	1
6480	16.5	1
6481	29.125	2
6482	19.75	2
6483	38.75	3
6484	66.125	4
6485	34.375	3
6486	29.0	3
6487	20.25	3
6488	35.75	3
6489	37.5	1
6490	132.75	3
6491	36.375	1
6492	29.0	1
6493	28.875	2
6494	130.25	1
6495	36.625	3
6496	31.5	2
6497	40.25	5
6498	34.375	2
6499	31.25	1
6500	40.0	3
6501	42.5	3
6502	30.25	3
6503	27.75	1
6504	21.75	3
6505	30.5	3
6506	48.5	3
6507	71.875	4
6508	123.125	5
6509	57.125	3
6510	61.875	4
6511	22.375	1
6512	145.5	1
6513	46.5	3
6514	20.25	1
6515	20.25	1
6516	20.75	3
6517	102.875	2
6518	31.625	1
6519	118.0	2
6520	23.75	3
6521	34.25	3
6522	34.5	2
6523	46.875	3
6524	52.25	3
6525	37.125	2
6526	36.0	3
6527	30.875	3
6528	64.5	4
6529	23.375	3
6530	34.5	3
6531	23.0	2
6532	17.0	1
6533	35.75	2
6534	15.375	1
6535	37.75	2
6536	18.75	1
6537	25.5	1
6538	32.0	1
6539	16.5	3
6540	44.0	3
6541	61.125	1
6542	19.5	1
6543	75.125	3
6544	50.0	1
6545	35.25	2
6546	45.125	5
6547	48.75	1
6548	35.375	2
6549	29.0	4
6550	55.5	2
6551	20.75	3
6552	19.0	1
6553	60.875	4
6554	22.0	3
6555	135.875	1
6556	26.0	2
6557	47.375	1
6558	45.25	3
6559	30.125	5
6560	39.0	3
6561	24.5	2
6562	27.875	1
6563	31.25	3
6564	108.75	1
6565	65.0	1
6566	54.875	2
6567	51.875	1
6568	59.25	5
6569	27.75	3
6570	26.125	2
6571	177.75	1
6572	42.75	3
6573	64.25	1
6574	198.875	4
6575	23.375	1
6576	25.25	3
6577	37.375	3
6578	37.25	1
6579	23.0	1
6580	32.25	2
6581	58.25	2
6582	22.25	1
6583	75.0	4
6584	77.25	3
6585	33.5	1
6586	35.75	3
6587	27.5	2
6588	214.25	2
6589	33.25	3
6590	18.875	3
6591	52.5	1
6592	27.75	2
6593	28.5	4
6594	56.125	2
6595	81.5	5
6596	21.0	1
6597	28.625	3
6599	19.75	1
6600	23.5	3
6601	92.75	2
6602	82.5	4
6603	41.0	2
6604	23.0	3
6605	19.75	1
6606	44.125	3
6607	31.0	2
6608	26.75	1
6609	59.75	3
6610	22.0	1
6611	66.0	1
6612	27.0	1
6613	53.5	3
6614	24.875	1
6615	38.5	4
6617	39.0	1
6618	29.875	2
6619	26.875	2
6620	47.75	1
6621	143.0	1
6622	53.0	5
6623	25.625	1
6624	28.0	3
6625	58.25	1
6626	30.25	2
6627	36.125	2
6628	45.25	1
6629	39.125	3
6630	28.75	3
6631	44.75	3
6632	37.0	1
6633	30.5	1
6634	16.5	2
6635	28.625	2
6636	17.25	1
6637	18.75	1
6638	29.75	1
6639	31.0	3
6640	52.625	1
6641	23.25	2
6642	30.125	2
6643	58.625	3
6644	30.5	3
6645	26.625	4
6646	29.875	3
6647	27.75	2
6648	32.125	2
6649	79.5	1
6651	33.5	3
6652	73.75	1
6653	20.25	1
6654	22.125	1
6655	28.25	1
6656	81.5	2
6657	28.25	2
6658	23.125	1
6659	23.875	3
6660	37.5	2
6661	153.25	1
6662	25.25	3
6663	25.5	1
6664	28.75	3
6665	54.75	2
6666	91.5	1
6667	28.0	2
6668	50.75	2
6669	22.0	3
6670	73.125	2
6672	38.625	2
6673	121.0	6
6674	41.75	1
6675	22.0	1
6676	312.0	1
6677	39.375	2
6678	26.25	1
6679	44.25	2
6680	19.875	2
6681	71.625	5
6682	25.25	3
6683	61.125	4
6684	50.875	1
6685	31.375	1
6686	27.25	1
6687	32.5	3
6688	36.0	1
6689	24.875	2
6690	56.125	3
6691	29.625	2
6692	205.0	1
6693	23.75	1
6694	75.25	2
6695	23.75	3
6696	44.25	5
6697	32.375	3
6698	27.375	1
6699	37.875	4
6700	42.5	2
6701	26.0	1
6702	35.25	2
6703	19.0	1
6704	38.25	3
6705	35.375	2
6706	20.0	3
6707	23.5	3
6708	39.625	1
6709	31.75	3
6710	46.0	3
6711	25.5	1
6712	19.0	1
6713	19.75	2
6714	42.0	3
6715	19.0	1
6716	36.5	2
6717	33.125	2
6718	25.875	2
6719	144.375	3
6720	20.5	1
6721	32.375	2
6722	69.25	1
6723	33.375	1
6724	36.75	2
6725	22.625	1
6726	38.75	3
6727	27.875	1
6728	24.5	2
6729	28.75	1
6730	116.0	3
6731	27.5	3
6732	53.125	4
6733	50.875	3
6734	26.0	2
6735	47.0	3
6736	38.0	3
6737	26.25	3
6738	14.75	1
6739	60.0	3
6740	42.375	2
6741	131.75	1
6742	19.5	3
6743	40.125	2
6744	58.25	3
6745	34.5	3
6746	44.375	3
6747	27.5	1
6748	36.125	1
6749	25.125	3
6750	23.75	3
6751	238.125	1
6752	49.875	4
6753	25.5	2
6755	31.75	1
6756	73.75	5
6757	37.0	3
6758	39.25	3
6759	65.25	3
6760	35.5	2
6761	22.375	1
6762	45.0	3
6763	37.125	3
6764	48.0	1
6765	171.0	1
6766	26.125	3
6767	36.5	3
6768	262.25	1
6769	57.875	4
6770	60.75	2
6771	60.5	3
6772	42.25	4
6773	33.0	3
6774	45.75	2
6775	21.25	3
6776	43.75	3
6777	33.375	2
6778	63.125	3
6779	174.75	2
6780	110.0	2
6781	54.0	1
6782	18.0	1
6783	108.25	3
6784	44.0	3
6785	30.0	3
6786	57.75	3
6787	138.5	3
6789	44.75	4
6790	54.5	3
6791	16.0	1
6792	38.75	4
6793	20.375	1
6794	78.375	2
6795	28.5	3
6796	53.75	5
6797	33.0	3
6798	20.5	2
6799	32.75	2
6800	101.875	1
6801	35.0	3
6802	24.75	3
6803	18.5	3
6804	34.75	1
6805	21.75	3
6808	71.625	4
6809	19.5	3
6810	65.75	4
6811	55.375	3
6812	34.75	3
6813	27.5	1
6814	38.0	4
6815	18.0	1
6816	36.75	4
6817	20.5	1
6818	37.0	1
6819	15.125	2
6820	30.375	1
6821	26.75	3
6822	22.75	1
6823	17.0	1
6824	20.0	1
6825	21.75	3
6826	25.5	3
6827	126.75	1
6828	43.375	3
6829	23.0	3
6830	64.5	3
6831	33.375	2
6833	49.75	2
6834	50.75	3
6835	20.625	1
6836	46.75	3
6837	64.25	1
6838	25.375	2
6839	42.25	4
6840	28.0	2
6841	36.75	4
6842	35.0	1
6843	20.375	3
6844	20.5	1
6845	16.5	1
6846	16.75	3
6847	60.75	4
6848	35.625	3
6850	20.75	1
6851	31.625	2
6852	35.75	3
6853	65.375	5
6854	24.75	2
6855	18.0	1
6856	81.0	5
6857	29.0	1
6858	26.875	1
6859	94.5	3
6860	27.375	1
6861	39.5	1
6862	20.75	1
6863	32.125	2
6864	25.0	3
6865	35.125	3
6866	142.625	6
6867	54.25	1
6868	182.25	1
6869	26.375	1
6870	34.5	2
6871	52.25	4
6872	19.125	1
6873	19.75	3
6874	33.375	2
6875	46.75	3
6876	22.0	1
6877	58.25	4
6878	18.5	1
6879	36.75	2
6880	24.75	3
6881	85.25	1
6882	43.25	2
6883	80.0	2
6884	52.0	1
6885	72.375	5
6886	72.375	3
6887	75.0	4
6888	50.0	3
6889	38.75	4
6890	30.375	3
6891	71.625	1
6892	17.5	1
6893	25.75	1
6894	27.5	3
6895	15.625	1
6896	23.25	2
6897	19.0	1
6898	25.875	3
6899	18.5	1
6900	38.25	2
6901	55.625	3
6902	69.875	4
6903	39.25	4
6904	48.875	3
6905	16.75	1
6906	39.0	1
6907	30.625	3
6908	76.75	4
6909	36.375	3
6910	28.5	3
6911	25.5	2
6912	39.5	2
6913	17.5	1
6914	15.75	1
6915	25.0	1
6916	52.0	2
6917	46.5	1
6918	42.75	1
6919	42.0	4
6920	27.5	2
6921	37.25	2
6922	55.125	3
6923	15.25	2
6925	22.25	2
6926	25.375	2
6928	19.25	3
6929	18.0	1
6930	64.25	1
6931	43.125	3
6932	44.75	3
6933	49.25	3
6934	19.625	1
6935	37.125	2
6936	28.25	2
6937	115.5	4
6938	26.0	2
6939	38.75	3
6940	18.0	1
6941	40.625	3
6942	26.0	1
6943	24.625	1
6944	23.625	1
6946	115.125	3
6947	51.875	4
6948	18.25	1
6949	72.5	1
6950	36.0	1
6951	16.0	1
6952	75.0	4
6953	35.125	2
6954	28.0	2
6955	21.375	1
6956	47.625	4
6957	100.125	5
6958	66.5	1
6959	53.5	2
6960	19.0	1
6961	64.75	1
6962	22.5	2
6963	20.75	3
6964	30.25	3
6965	52.5	5
6966	40.5	3
6967	39.625	4
6968	17.0	1
6969	40.0	3
6970	17.375	1
6971	17.125	1
6972	44.0	1
6973	34.125	2
6974	23.375	1
6976	32.875	1
6977	32.25	3
6978	27.375	1
6979	29.75	4
6980	33.25	3
6981	94.75	2
6982	30.75	2
6983	29.75	2
6984	35.875	1
6985	40.5	2
6986	22.875	3
6988	43.25	1
6989	32.0	1
6990	49.0	3
6991	54.875	1
6992	43.125	4
6993	25.75	1
6994	22.75	1
6995	35.25	5
6996	21.5	2
6997	23.5	1
6998	65.375	5
6999	50.0	1
7000	40.25	2
7001	27.25	1
7002	26.75	1
7003	18.5	1
7004	35.625	3
7005	19.0	3
7006	24.0	2
7007	78.25	3
7008	20.375	1
7009	18.25	1
7010	57.0	1
7011	28.625	1
7012	44.375	1
7013	29.0	3
7014	19.5	3
7015	40.0	2
7016	69.75	2
7017	46.25	3
7018	38.25	1
7019	26.875	2
7020	22.5	1
7021	37.0	1
7022	18.25	2
7023	51.5	1
7024	27.0	3
7025	67.625	1
7026	37.375	2
7027	40.25	3
7028	31.0	2
7029	51.0	1
7030	75.375	1
7031	34.75	2
7032	42.875	1
7033	17.875	1
7034	88.375	3
7035	26.75	1
7036	21.5	1
7037	41.0	3
7038	26.75	2
7039	40.25	2
7040	45.0	3
7041	34.375	3
7042	83.5	3
7043	62.0	1
7044	132.5	5
7045	16.75	1
7046	54.75	3
7047	26.75	3
7048	26.25	2
7049	41.0	2
7050	35.5	1
7051	19.5	1
7053	35.75	3
7054	32.125	3
7055	26.0	2
7056	20.375	1
7057	19.25	3
7058	27.5	3
7059	89.625	5
7060	70.75	1
7061	27.25	1
7062	73.25	4
7063	16.25	1
7064	23.125	2
7065	45.875	2
7066	33.75	3
7067	27.5	2
7068	24.25	3
7069	35.375	3
7070	19.625	1
7071	22.5	1
7072	49.375	3
7073	19.5	3
7074	16.5	1
7075	26.875	1
7076	17.5	1
7077	25.125	3
7078	17.75	2
7079	42.75	5
7080	20.0	1
7081	42.875	3
7082	25.75	3
7083	60.25	3
7084	18.0	1
7085	22.875	3
7086	136.75	1
7087	40.75	3
7088	16.75	1
7089	17.875	1
7090	28.5	3
7091	36.0	3
7092	30.25	1
7093	32.875	3
7094	37.0	3
7095	31.75	4
7096	30.0	3
7097	18.75	1
7098	47.125	3
7099	51.75	3
7100	31.875	3
7101	20.75	1
7102	17.875	3
7103	36.0	4
7104	48.625	3
7105	41.25	2
7106	62.5	1
7107	24.625	1
7108	77.25	5
7109	129.875	2
7110	23.0	3
7111	57.875	2
7112	38.0	1
7113	32.25	1
7114	229.875	1
7115	24.75	1
7116	18.125	1
7117	20.5	3
7118	22.0	1
7119	32.75	1
7120	34.5	2
7121	21.5	1
7122	29.5	1
7123	27.5	3
7124	35.875	4
7125	30.75	1
7126	81.875	3
7127	39.125	3
7128	87.75	2
7129	25.75	1
7130	30.5	1
7131	59.875	1
7132	31.5	2
7133	28.625	1
7134	21.0	2
7135	81.375	1
7136	41.75	3
7137	16.0	1
7138	27.0	2
7139	71.0	3
7140	18.5	1
7141	33.125	2
7143	45.5	3
7144	21.25	3
7145	28.875	3
7146	108.875	3
7147	82.625	2
7148	29.375	1
7149	19.125	3
7150	74.5	3
7151	24.0	2
7152	36.125	3
7153	27.75	1
7154	59.25	1
7155	28.125	2
7156	46.75	3
7157	234.0	1
7158	25.75	3
7159	52.5	3
7160	68.5	1
7161	46.125	4
7163	47.0	3
7164	37.75	3
7165	34.625	2
7166	23.75	1
7167	28.5	2
7168	15.5	1
7169	26.25	2
7170	77.75	2
7171	18.0	1
7172	70.0	1
7174	40.75	2
7175	23.0	1
7176	24.25	1
7177	21.75	3
7178	30.625	1
7179	70.75	3
7180	79.25	5
7181	37.0	1
7182	22.75	2
7183	68.75	2
7184	32.25	2
7185	19.0	1
7186	56.5	4
7187	38.75	1
7188	85.5	4
7189	41.5	3
7190	39.375	2
7191	18.0	1
7192	29.625	2
7193	41.75	3
7194	15.5	1
7195	49.5	4
7196	45.75	4
7197	36.25	3
7198	26.5	2
7199	155.625	2
7200	24.0	2
7201	32.0	3
7202	82.25	2
7203	17.25	1
7204	26.625	3
7205	19.75	1
7206	19.25	2
7207	28.5	3
7208	20.75	1
7209	18.75	1
7210	39.875	2
7211	34.375	2
7212	59.5	1
7213	57.625	3
7215	28.375	2
7216	101.75	4
7217	53.375	5
7218	87.25	1
7219	25.875	2
7220	57.375	1
7221	21.25	1
7222	29.5	1
7223	23.125	3
7224	40.5	3
7225	17.5	3
7226	26.5	1
7227	28.75	1
7228	20.75	3
7229	43.5	3
7230	40.0	1
7231	63.75	5
7232	56.875	5
7233	32.375	3
7234	25.125	2
7235	69.25	3
7236	25.25	1
7237	22.25	1
7238	24.75	3
7239	26.125	2
7240	28.375	1
7241	46.625	4
7242	38.25	1
7243	23.625	1
7244	44.625	3
7245	67.75	3
7246	20.0	2
7247	50.0	3
7248	28.375	3
7249	21.0	2
7250	54.5	1
7251	26.0	1
7252	21.75	1
7253	25.25	3
7254	29.625	1
7255	35.5	3
7256	37.0	4
7257	24.5	1
7258	28.375	3
7259	20.25	3
7260	27.625	1
7261	46.375	4
7262	30.25	2
7263	27.75	3
7264	43.875	2
7265	20.75	1
7266	15.5	2
7267	38.25	2
7268	43.75	3
7269	52.75	1
7270	26.5	3
7272	87.25	5
7273	57.5	1
7274	22.0	3
7275	102.875	5
7276	21.5	1
7277	54.375	2
7278	20.0	1
7279	19.25	3
7280	14.75	3
7281	19.75	2
7282	26.75	3
7283	30.5	3
7284	28.75	3
7285	67.375	2
7286	19.625	1
7287	20.25	1
7288	24.375	1
7289	24.75	2
7290	52.75	4
7292	28.0	1
7293	41.75	1
7294	33.625	1
7295	36.5	3
7296	27.25	2
7297	39.5	4
7298	30.125	3
7299	36.625	3
7300	94.125	3
7301	54.0	2
7302	24.0	2
7303	17.5	2
7304	27.125	1
7305	19.75	1
7306	27.5	3
7307	47.75	3
7308	38.125	2
7309	29.5	1
7310	31.5	3
7311	49.75	3
7312	33.5	3
7313	22.75	2
7314	74.5	4
7315	56.25	4
7316	54.125	2
7317	35.25	3
7318	16.5	1
7319	37.5	4
7320	60.125	1
7321	33.25	1
7322	103.625	1
7323	35.75	1
7324	21.125	3
7325	38.0	4
7326	30.5	3
7327	21.25	1
7328	24.5	1
7329	26.5	3
7330	29.375	3
7331	20.75	3
7332	29.0	3
7333	35.0	3
7334	30.75	3
7335	27.0	4
7336	44.375	2
7337	17.25	3
7338	50.25	4
7339	109.375	3
7340	28.0	3
7341	20.25	1
7342	26.5	1
7344	28.875	3
7345	49.125	1
7346	20.0	3
7347	51.0	4
7348	21.5	3
7349	20.375	3
7350	37.0	3
7351	52.5	2
7352	28.625	2
7353	41.75	1
7354	31.75	1
7355	51.5	4
7356	25.625	2
7357	17.5	1
7358	62.75	3
7359	27.625	2
7360	65.875	3
7361	25.625	3
7362	22.625	1
7363	30.25	1
7364	33.25	2
7365	28.125	1
7366	29.75	4
7367	54.875	2
7368	96.5	3
7369	144.5	3
7370	34.0	3
7371	28.0	3
7372	47.0	3
7373	23.5	3
7374	17.25	1
7375	115.75	2
7376	69.125	3
7377	29.75	2
7378	50.25	3
7379	39.875	3
7380	23.125	3
7381	23.5	2
7382	26.125	2
7383	24.125	3
7384	30.25	1
7385	31.5	4
7386	41.5	3
7387	75.5	4
7388	39.875	5
7389	95.75	4
7390	74.125	3
7391	31.5	3
7392	28.25	3
7393	31.0	2
7394	43.5	1
7395	42.0	1
7396	63.0	2
7397	158.5	2
7398	76.625	2
7399	25.625	3
7400	24.5	1
7401	16.375	3
7402	28.125	3
7403	28.5	1
7404	95.125	4
7405	77.25	2
7406	91.375	2
7408	18.75	3
7409	80.5	5
7410	70.0	5
7411	16.0	1
7412	39.125	1
7413	44.75	3
7414	23.5	3
7415	22.5	2
7416	22.75	3
7417	20.0	1
7418	18.875	1
7419	40.0	2
7420	52.0	3
7421	18.25	3
7422	21.0	3
7423	36.25	2
7424	22.375	2
7425	26.25	3
7426	160.0	1
7427	51.25	2
7428	28.5	3
7429	28.875	1
7431	161.75	1
7432	40.5	1
7433	16.0	3
7434	17.75	1
7435	27.375	1
7436	32.375	3
7437	22.5	2
7438	32.5	3
7439	31.625	1
7440	35.125	3
7441	39.0	2
7442	20.5	1
7443	133.25	1
7444	18.0	1
7445	45.25	3
7446	38.25	2
7447	41.5	3
7448	37.125	1
7449	46.75	1
7450	25.875	2
7451	22.25	1
7452	38.625	3
7453	24.875	1
7454	19.0	1
7455	27.875	1
7456	125.0	1
7457	25.75	2
7458	143.125	1
7459	29.125	3
7460	27.5	2
7461	29.875	1
7462	59.625	4
7463	34.625	3
7464	22.5	1
7465	22.0	1
7466	31.375	2
7467	40.125	3
7468	35.0	2
7469	24.75	3
7470	26.5	3
7471	32.125	3
7472	59.875	2
7473	118.0	1
7474	36.75	2
7475	33.25	2
7476	34.25	3
7477	19.75	1
7478	30.625	2
7479	15.25	2
7480	31.625	2
7481	28.5	1
7483	23.0	3
7484	19.375	1
7485	43.375	4
7486	63.5	4
7487	30.25	1
7488	25.0	2
7489	37.375	2
7490	45.75	4
7491	45.625	3
7492	17.5	1
7493	27.75	3
7494	42.625	3
7495	42.25	4
7496	42.125	2
7497	24.125	2
7498	29.875	3
7499	88.75	1
7500	38.5	1
7501	19.75	3
7502	46.875	3
7503	26.75	2
7504	57.75	3
7505	34.75	3
7506	67.75	3
7507	44.5	2
7508	175.625	5
7509	28.5	2
7510	37.125	1
7511	29.0	3
7512	73.0	1
7513	24.5	1
7514	42.25	2
7515	27.875	1
7516	33.0	2
7517	23.5	2
7518	35.75	3
7519	40.625	3
7520	28.25	2
7521	28.0	3
7522	41.375	3
7523	23.375	3
7524	22.75	3
7525	14.25	1
7526	26.5	3
7527	35.375	3
7528	79.25	3
7529	38.625	1
7530	23.125	3
7531	114.75	2
7532	28.0	2
7533	27.5	3
7534	22.75	3
7535	25.375	1
7536	23.5	3
7537	43.0	3
7538	32.75	3
7539	24.875	2
7540	204.625	1
7541	25.5	1
7542	75.75	5
7543	27.0	2
7544	72.5	3
7545	49.25	3
7546	29.75	2
7547	26.875	2
7548	25.375	1
7549	19.25	1
7550	105.75	3
7551	39.25	3
7552	17.0	3
7553	41.625	1
7554	17.0	1
7555	17.5	1
7556	26.25	3
7557	110.875	2
7558	18.5	1
7559	83.25	1
7560	33.5	3
7561	48.5	1
7562	74.0	4
7563	25.125	1
7564	28.125	3
7565	81.75	5
7566	31.0	3
7567	20.5	3
7569	45.375	1
7570	113.875	3
7571	28.75	3
7572	37.25	3
7573	16.75	1
7574	24.875	3
7575	59.375	5
7576	30.75	1
7578	55.0	1
7579	20.875	1
7580	38.0	2
7581	41.0	4
7582	43.25	4
7583	47.25	3
7584	23.75	3
7585	28.125	2
7586	19.5	1
7587	25.5	1
7588	59.625	3
7589	21.25	3
7590	35.125	4
7591	27.625	3
7592	47.875	4
7593	23.25	1
7594	55.75	4
7595	41.0	4
7596	39.5	3
7597	50.5	2
7598	43.5	5
7599	55.75	4
7600	24.0	3
7601	29.5	3
7602	16.25	2
7603	23.25	1
7604	25.125	1
7605	29.375	3
7606	80.625	3
7607	102.5	2
7608	27.875	2
7609	99.75	1
7610	22.0	3
7611	27.25	2
7612	63.875	3
7613	28.875	2
7614	18.0	2
7615	16.5	1
7616	28.875	1
7617	25.5	2
7618	22.375	3
7619	93.0	3
7620	19.0	1
7621	31.125	2
7622	28.875	3
7623	62.25	1
7624	43.75	4
7625	75.375	5
7626	28.625	2
7627	53.375	2
7628	21.0	1
7629	27.5	1
7630	27.5	2
7631	32.875	3
7632	20.5	1
7633	38.75	1
7634	20.25	3
7635	28.0	2
7636	25.125	3
7637	24.375	1
7638	27.5	3
7639	33.75	3
7640	113.375	2
7641	20.0	1
7642	43.75	1
7643	60.0	2
7644	24.75	2
7645	28.625	2
7646	40.375	2
7647	38.5	2
7648	56.5	3
7649	36.625	3
7650	49.875	3
7652	23.5	3
7654	17.75	1
7655	44.25	1
7656	17.875	1
7657	23.5	2
7658	63.0	3
7659	21.75	3
7660	16.75	1
7661	24.625	3
7662	46.75	1
7663	105.0	1
7664	20.875	1
7665	20.375	3
7666	17.5	1
7667	22.625	2
7668	45.625	1
7669	44.375	2
7670	29.0	1
7671	29.25	2
7672	40.75	2
7673	25.0	2
7674	45.25	3
7675	37.375	2
7676	50.125	1
7677	41.5	3
7678	25.25	1
7679	46.875	1
7680	29.75	1
7682	27.0	3
7683	74.0	3
7684	20.5	1
7685	96.0	3
7686	17.75	1
7687	37.5	2
7688	93.25	2
7689	19.125	1
7690	39.625	2
7691	32.875	2
7692	26.5	2
7693	34.5	3
7694	40.75	2
7695	20.375	3
7696	31.75	2
7697	16.0	1
7698	104.375	1
7699	27.75	3
7700	42.625	3
7701	23.25	1
7702	48.5	1
7703	39.0	1
7704	39.125	2
7705	33.25	1
7706	27.75	1
7707	34.25	2
7708	15.5	1
7709	35.25	3
7710	39.0	4
7712	29.5	1
7713	73.5	3
7714	37.5	1
7715	58.75	4
7716	47.375	2
7717	42.875	1
7718	21.25	1
7719	39.5	1
7720	31.125	4
7721	78.875	3
7722	18.0	1
7723	30.5	3
7724	26.5	2
7725	29.5	3
7726	30.5	3
7727	24.375	3
7728	33.625	2
7729	59.75	3
7730	59.5	1
7731	48.875	5
7732	30.0	3
7733	67.5	1
7734	21.25	1
7735	36.25	1
7736	22.0	1
7737	163.25	4
7738	37.5	1
7739	30.25	1
7740	33.75	2
7741	45.0	3
7742	32.75	1
7743	31.375	2
7744	32.5	1
7745	32.875	4
7746	32.0	3
7747	137.5	1
7748	35.0	1
7749	18.5	1
7750	21.0	3
7752	62.25	5
7753	51.375	3
7754	14.125	2
7755	44.25	5
7757	49.0	4
7758	56.5	5
7759	64.75	1
7760	100.75	1
7761	29.0	3
7762	59.25	1
7763	41.375	2
7764	23.25	3
7765	28.5	1
7766	32.75	1
7767	111.375	3
7768	25.375	3
7769	28.625	3
7770	26.0	3
7771	36.75	1
7772	33.75	3
7773	107.375	1
7774	50.5	3
7775	47.0	3
7776	17.5	1
7777	39.625	3
7778	20.25	3
7779	33.75	2
7780	25.875	2
7781	56.25	1
7782	23.75	1
7783	42.75	4
7784	95.125	1
7785	23.75	1
7786	62.25	4
7787	24.375	2
7788	16.875	3
7789	76.625	2
7790	32.0	2
7791	135.75	1
7792	36.5	3
7793	74.75	3
7794	21.5	3
7795	83.625	1
7796	63.0	1
7797	33.625	3
7798	47.625	3
7799	19.0	1
7800	25.875	3
7801	19.75	1
7802	20.75	1
7803	59.125	2
7804	33.75	3
7805	24.25	2
7806	22.5	3
7807	47.625	1
7808	22.0	3
7809	30.875	1
7810	26.75	2
7811	27.5	2
7812	29.75	3
7813	277.0	1
7814	25.5	1
7815	74.5	4
7816	28.625	1
7817	51.25	1
7818	37.5	3
7819	28.125	3
7820	55.125	5
7821	54.25	4
7822	96.25	3
7823	41.625	3
7824	53.625	4
7825	18.625	1
7826	55.5	1
7827	20.375	3
7828	40.25	3
7829	26.5	2
7830	37.75	1
7831	34.125	3
7832	66.0	5
7833	29.0	3
7834	34.5	3
7835	31.0	2
7836	104.0	4
7837	17.75	1
7838	34.875	3
7839	39.625	3
7840	45.625	2
7841	20.75	1
7842	144.625	1
7843	71.0	3
7844	21.75	3
7845	37.0	3
7846	38.625	3
7847	18.25	1
7848	39.0	3
7849	30.0	3
7850	27.75	1
7851	32.25	5
7852	58.0	2
7853	23.0	2
7854	15.625	3
7855	68.0	3
7856	39.125	3
7857	28.25	1
7858	15.25	1
7859	31.5	4
7860	27.5	1
7861	29.125	3
7862	99.75	1
7863	50.625	3
7864	25.375	2
7865	29.5	3
7866	77.75	2
7867	209.25	1
7868	186.25	5
7869	34.25	3
7870	27.5	1
7871	34.875	1
7872	49.375	5
7873	17.25	2
7874	59.25	5
7875	19.125	1
7876	61.5	1
7877	18.875	1
7878	66.75	4
7879	25.5	2
7880	87.25	1
7881	23.75	3
7882	27.25	2
7883	50.125	2
7884	89.25	1
7885	36.5	3
7886	25.5	3
7887	40.0	1
7888	27.25	1
7889	18.0	1
7890	33.75	3
7891	22.5	2
7892	34.0	3
7893	49.25	3
7894	130.375	2
7895	29.0	2
7896	25.5	3
7897	19.0	3
7898	31.75	4
7899	48.75	1
7900	31.0	3
7901	31.125	4
7902	48.25	3
7903	39.5	3
7904	35.375	2
7905	49.75	3
7906	57.625	4
7907	40.5	4
7908	35.625	2
7909	30.375	3
7910	21.25	2
7911	28.5	1
7912	51.25	3
7913	36.875	4
7914	34.875	4
7916	64.0	3
7917	35.0	4
7918	44.125	3
7919	158.25	1
7920	56.375	2
7921	69.75	4
7922	38.125	2
7923	21.875	1
7924	66.125	5
7925	74.5	2
7926	158.25	1
7927	20.25	1
7928	50.0	3
7929	20.5	1
7930	17.0	3
7931	34.75	4
7932	40.375	5
7933	41.0	2
7934	56.0	1
7935	34.125	3
7936	29.625	3
7937	46.0	2
7938	20.75	1
7939	91.375	3
7940	37.5	3
7941	31.75	2
7942	112.0	2
7943	19.25	1
7944	21.0	2
7945	20.0	1
7946	34.625	3
7947	20.0	1
7948	28.0	3
7949	23.75	2
7950	26.25	2
7951	20.125	2
7952	51.5	1
7953	22.125	3
7954	41.125	3
7955	20.25	3
7956	59.25	1
7957	30.0	3
7958	59.375	2
7959	15.25	1
7960	30.75	1
7961	22.75	1
7962	26.0	3
7963	42.625	1
7964	39.25	3
7965	34.25	3
7966	47.75	1
7967	41.125	3
7968	60.625	2
7969	46.25	3
7970	23.5	3
7971	44.0	3
7972	44.0	2
7973	17.875	1
7974	137.75	2
7975	61.0	1
7976	32.5	5
7977	37.875	3
7978	147.625	4
7979	41.25	3
7980	33.25	3
7981	20.25	1
7982	51.875	3
7983	37.75	1
7984	45.0	4
7985	82.625	1
7986	18.875	3
7987	38.375	3
7988	19.25	1
7989	18.75	1
7990	21.875	1
7991	67.0	2
7992	40.0	1
7993	20.25	2
7994	27.0	3
7995	75.625	1
7996	49.125	4
7997	61.5	3
7998	52.875	1
7999	33.25	2
8000	45.0	3
8001	42.0	4
8002	45.75	1
8003	39.75	3
8004	22.125	2
8005	41.625	3
8006	25.125	3
8007	45.0	5
8008	104.75	5
8009	50.75	3
8010	84.875	2
8011	35.25	1
8012	26.5	3
8013	41.625	4
8014	77.25	3
8015	28.0	1
8016	48.5	3
8017	30.5	4
8018	25.0	4
8019	31.5	1
8020	28.25	4
8021	26.375	3
8022	30.125	1
8023	43.75	2
8024	30.75	3
8025	44.75	4
8026	46.0	2
8027	19.0	3
8028	73.75	2
8029	17.75	1
8031	27.5	1
8032	29.75	1
8033	20.75	1
8034	49.75	3
8035	25.625	1
8036	135.125	7
8037	20.0	1
8038	19.25	1
8039	40.875	3
8040	80.25	4
8041	28.125	1
8042	42.0	2
8043	25.5	1
8044	18.0	1
8045	35.0	3
8046	78.25	3
8047	13.875	1
8048	27.0	1
8049	57.25	1
8050	38.0	1
8051	109.375	3
8052	25.25	3
8053	30.75	1
8054	17.875	3
8055	35.75	3
8056	91.75	4
8057	26.5	3
8058	34.375	3
8059	50.25	3
8060	18.5	1
8061	47.625	4
8062	26.0	1
8063	27.5	3
8064	14.5	1
8065	75.5	3
8066	71.25	3
8067	29.0	1
8068	30.625	1
8069	69.75	3
8070	44.625	2
8071	78.5	3
8072	58.25	3
8073	48.5	3
8074	19.5	1
8075	44.25	3
8076	51.875	3
8077	39.5	4
8078	16.5	1
8080	75.625	3
8081	28.0	3
8082	56.875	2
8083	20.5	1
8084	29.0	3
8085	30.0	2
8086	19.25	1
8087	221.625	1
8088	29.75	2
8089	19.25	1
8090	17.5	1
8091	24.0	3
8092	62.25	4
8093	37.375	3
8094	46.625	3
8095	162.375	3
8096	26.5	1
8097	66.5	2
8098	48.5	3
8099	50.5	3
8100	49.75	5
8101	61.0	2
8102	34.5	3
8103	37.625	3
8104	34.375	4
8105	28.25	2
8106	16.0	1
8107	38.5	3
8108	32.125	2
8109	28.0	2
8110	87.0	5
8111	21.75	3
8112	50.5	1
8113	74.375	3
8114	61.0	4
8115	43.0	3
8116	34.75	3
8117	20.75	1
8118	76.25	3
8119	30.375	1
8120	122.25	1
8121	42.0	4
8122	18.875	1
8123	41.625	1
8124	42.5	4
8125	47.5	3
8126	50.125	3
8127	104.625	5
8128	33.5	1
8129	169.875	1
8130	85.0	5
8131	34.625	3
8132	48.875	3
8133	38.25	1
8134	237.5	1
8135	32.75	1
8136	86.5	1
8137	26.875	3
8138	17.5	1
8139	29.25	2
8140	28.5	3
8141	39.375	1
8142	14.5	1
8143	28.5	1
8144	26.0	3
8145	34.125	2
8146	43.5	1
8147	150.0	1
8148	42.375	1
8149	29.0	3
8150	130.0	3
8151	26.25	1
8152	36.25	3
8153	46.125	2
8154	66.625	3
8155	24.0	3
8156	59.375	3
8157	41.25	1
8158	28.25	3
8159	79.625	3
8160	56.5	2
8161	37.0	3
8162	40.25	3
8163	37.125	2
8166	24.75	2
8167	42.5	2
8168	23.0	1
8169	28.25	1
8170	127.5	2
8171	26.75	2
8172	35.75	4
8173	18.75	1
8174	60.375	3
8175	17.5	1
8176	66.75	4
8177	91.5	2
8178	63.25	3
8179	48.0	4
8180	27.75	1
8181	30.5	1
8182	88.125	5
8183	33.25	3
8184	39.25	4
8185	30.375	2
8186	25.0	3
8187	18.75	1
8188	35.375	4
8189	42.0	1
8190	142.375	2
8191	142.75	3
8192	91.875	4
8193	103.75	1
8194	29.625	3
8195	16.75	1
8197	24.75	1
8198	16.5	1
8200	185.5	1
8201	33.625	2
8202	45.25	3
8203	14.5	2
8204	55.0	4
8205	49.625	2
8206	47.75	1
8207	28.375	3
8208	31.125	1
8209	65.875	1
8210	25.75	1
8211	62.375	4
8212	16.25	1
8213	100.0	1
8214	73.125	3
8215	34.5	3
8216	17.0	1
8217	29.25	2
8218	18.25	1
8219	58.0	4
8220	13.5	1
8221	28.0	2
8222	61.625	2
8223	118.25	5
8224	23.75	2
8225	25.0	1
8226	69.5	5
8227	60.75	2
8228	173.5	3
8229	51.0	4
8230	60.625	3
8231	43.625	5
8232	89.0	1
8233	21.25	3
8234	25.125	2
8236	42.625	4
8237	22.0	3
8238	21.75	1
8239	20.75	3
8241	24.5	1
8242	42.125	1
8243	18.0	1
8244	23.125	3
8245	38.875	1
8246	51.875	3
8247	30.0	2
8248	33.125	3
8249	59.25	1
8250	112.625	1
8251	42.0	2
8252	54.625	3
8253	34.0	3
8254	35.375	3
8255	79.625	1
8256	38.25	3
8257	73.0	2
8258	17.5	1
8259	27.125	1
8260	45.0	3
8261	39.0	3
8262	29.375	1
8263	20.0	2
8264	55.25	5
8265	31.5	1
8266	31.25	2
8267	135.5	1
8268	24.75	2
8269	82.375	3
8270	20.5	1
8271	24.0	2
8272	53.625	1
8273	47.25	1
8274	34.75	3
8275	162.125	2
8276	17.375	1
8277	42.375	3
8278	26.375	2
8279	50.25	3
8280	18.25	1
8281	18.75	1
8282	30.75	3
8283	33.875	3
8284	28.875	3
8285	19.625	3
8286	24.25	2
8287	22.625	1
8288	24.5	1
8289	39.875	2
8290	85.0	3
8291	37.125	2
8292	41.625	3
8293	25.375	3
8294	70.75	3
8295	37.0	2
8296	26.375	1
8297	21.0	3
8298	31.25	3
8299	24.0	3
8300	20.625	1
8301	38.625	3
8302	55.25	1
8303	88.75	4
8304	54.75	2
8305	54.875	3
8306	23.125	1
8307	17.75	1
8308	51.875	1
8309	36.125	3
8310	17.5	1
8311	27.0	3
8312	49.5	1
8313	20.0	1
8314	72.375	4
8315	34.25	3
8316	26.25	1
8317	33.25	1
8318	30.875	1
8319	214.375	5
8320	38.125	3
8321	25.0	1
8322	21.25	2
8323	41.25	4
8324	33.75	4
8325	49.375	3
8326	61.25	5
8327	40.5	3
8328	41.375	4
8329	77.375	5
8330	20.25	1
8331	31.75	3
8332	27.875	1
8333	27.75	1
8334	41.0	1
8335	21.625	1
8336	15.75	1
8337	62.5	1
8338	16.5	1
8339	21.0	3
8340	45.0	4
8341	22.875	3
8342	44.875	3
8343	41.375	4
8344	47.5	3
8345	47.875	2
8346	29.125	1
8347	127.375	2
8348	40.25	1
8349	45.25	1
8350	26.75	1
8351	18.75	1
8352	30.0	1
8353	20.5	2
8354	68.75	1
8355	126.125	2
8356	133.875	1
8357	42.75	3
8358	36.0	4
8359	31.375	3
8360	57.25	3
8361	61.25	5
8362	19.875	1
8363	34.75	3
8364	33.5	3
8365	114.375	3
8366	51.25	1
8367	21.375	1
8368	34.5	1
8369	61.5	3
8370	54.75	3
8371	79.75	3
8372	28.5	1
8373	82.375	4
8374	39.875	3
8375	50.0	3
8376	16.25	2
8377	54.0	1
8378	64.25	3
8379	17.25	1
8380	26.875	1
8381	35.25	3
8382	22.5	3
8383	60.125	5
8384	18.5	1
8385	38.625	2
8386	28.125	1
8387	41.125	4
8389	32.0	1
8390	84.625	3
8391	20.625	1
8392	17.875	3
8393	22.5	1
8394	114.0	4
8395	55.0	3
8396	83.0	2
8397	54.5	3
8398	70.375	3
8400	15.25	1
8401	29.875	2
8402	30.5	2
8403	61.25	4
8404	15.375	2
8405	71.75	2
8406	43.75	1
8407	43.375	5
8408	33.75	3
8409	39.875	2
8410	17.0	1
8411	40.875	3
8412	43.5	2
8413	82.375	3
8414	28.5	3
8415	35.0	2
8416	22.0	3
8417	33.5	1
8418	32.625	2
8419	44.5	2
8420	58.5	1
8421	29.25	2
8422	62.125	4
8423	72.375	3
8424	21.25	3
8425	29.0	2
8426	20.25	1
8427	72.875	3
8428	67.5	1
8429	171.625	3
8430	30.75	2
8431	171.0	1
8432	107.25	1
8433	116.75	3
8434	37.25	1
8435	29.0	3
8436	43.25	4
8438	22.125	3
8439	22.875	1
8440	46.125	3
8441	31.5	3
8442	37.25	3
8443	60.875	3
8444	44.0	5
8445	23.5	3
8446	48.25	3
8447	26.25	2
8448	19.0	1
8449	83.25	1
8450	37.25	1
8451	62.875	3
8452	21.375	2
8453	37.0	5
8454	24.0	1
8455	29.25	2
8456	62.0	3
8457	45.75	3
8458	35.25	1
8459	32.25	1
8460	18.5	1
8461	25.75	3
8462	18.75	3
8463	62.5	1
8464	50.25	5
8465	37.875	2
8466	26.375	2
8467	43.125	1
8468	36.125	1
8469	72.0	3
8470	18.5	1
8471	27.25	3
8472	36.625	3
8473	28.0	2
8474	37.5	3
8475	40.125	1
8476	29.25	3
8477	111.625	2
8478	26.25	3
8479	38.75	2
8480	185.0	1
8481	24.5	2
8482	90.25	3
8483	46.875	3
8484	16.5	1
8485	46.75	3
8486	27.25	1
8487	18.5	1
8488	80.375	1
8489	30.25	1
8491	15.625	1
8492	58.25	1
8493	31.75	3
8494	20.25	3
8495	83.375	5
8496	176.75	1
8497	43.5	1
8498	42.25	4
8499	28.75	3
8500	40.375	4
8501	135.0	3
8502	27.0	3
8503	21.375	2
8504	34.25	1
8505	26.875	3
8506	16.25	1
8507	22.0	1
8508	56.625	2
8509	17.75	2
8510	56.5	3
8511	35.125	3
8512	56.5	3
8513	28.25	2
8514	62.0	4
8515	28.5	3
8516	100.625	5
8517	19.5	1
8518	20.75	1
8519	40.875	1
8520	14.5	1
8521	17.875	1
8522	49.125	2
8523	18.0	1
8524	30.5	3
8525	118.0	3
8526	17.0	1
8527	25.375	3
8528	114.25	5
8529	58.125	3
8530	36.375	1
8531	30.125	1
8532	26.25	3
8533	30.5	3
8534	26.0	2
8535	38.75	3
8536	34.25	1
8537	60.25	2
8538	164.0	3
8539	33.125	2
8540	55.375	1
8541	26.375	2
8542	50.25	1
8543	17.0	1
8544	66.375	3
8545	23.75	3
8546	45.25	4
8547	32.25	1
8548	36.5	1
8549	21.5	2
8550	42.375	3
8551	55.5	3
8552	61.875	6
8553	63.375	4
8554	32.5	3
8555	48.125	2
8556	37.875	5
8557	55.25	3
8558	41.25	2
8559	16.5	1
8560	22.5	3
8561	44.25	1
8562	30.625	3
8563	49.75	4
8564	20.75	2
8565	25.0	1
8566	18.0	1
8567	33.75	1
8568	24.0	3
8569	46.25	2
8570	33.625	2
8571	29.25	2
8572	32.25	1
8573	72.5	1
8574	36.75	3
8575	40.75	4
8576	34.5	2
8577	29.0	1
8578	25.25	2
8579	27.75	1
8580	25.0	3
8581	30.75	1
8582	55.875	5
8583	21.0	1
8584	27.5	1
8585	113.75	1
8586	29.375	3
8587	27.625	2
8588	23.0	2
8589	46.5	2
8590	19.75	1
8591	27.875	1
8592	54.125	3
8593	31.0	1
8594	20.0	1
8595	21.5	3
8596	34.75	3
8597	15.75	1
8598	171.5	1
8599	17.75	1
8600	39.0	3
8601	71.5	1
8602	46.875	2
8603	33.5	3
8604	68.125	1
8605	31.5	1
8606	17.0	1
8607	175.75	1
8608	23.5	3
8609	31.5	3
8610	34.0	3
8611	43.75	3
8612	30.0	2
8613	32.875	2
8614	199.0	1
8615	31.125	2
8616	152.0	1
8617	57.75	1
8618	226.0	1
8619	19.25	1
8620	25.875	2
8621	178.875	1
8622	21.0	3
8623	27.0	1
8625	28.25	2
8626	21.0	3
8627	35.125	4
8628	20.25	1
8629	27.0	2
8630	43.5	3
8631	43.5	1
8632	52.5	4
8633	37.25	3
8634	51.75	2
8635	13.0	1
8636	71.25	1
8637	22.75	3
8638	32.0	2
8639	54.25	4
8640	31.25	1
8641	34.25	2
8643	17.5	1
8644	64.5	3
8645	26.25	1
8646	84.125	5
8647	28.625	2
8648	31.625	1
8649	20.0	1
8650	27.375	3
8651	37.875	3
8652	76.625	4
8653	28.875	2
8654	18.0	1
8655	167.375	1
8656	24.0	1
8657	27.375	2
8658	34.5	1
8659	23.25	1
8660	27.0	3
8662	27.5	1
8663	21.5	2
8664	25.375	3
8665	22.0	1
8666	59.125	1
8667	28.0	1
8668	27.375	3
8669	27.125	3
8670	296.5	1
8671	23.75	3
8672	66.625	4
8673	181.75	3
8674	22.25	3
8675	21.75	3
8676	62.875	4
8677	32.0	3
8679	21.5	2
8680	17.75	3
8681	20.0	1
8682	22.875	1
8683	28.0	1
8684	50.5	4
8685	26.875	2
8686	65.875	3
8687	21.25	3
8688	148.25	1
8689	19.375	2
8690	35.0	3
8691	19.25	1
8692	24.375	1
8693	56.625	2
8694	23.875	2
8695	23.0	2
8696	30.0	3
8697	21.5	1
8698	50.125	3
8699	72.25	2
8700	75.875	3
8701	58.5	2
8702	30.75	1
8703	19.125	1
8704	17.0	1
8705	56.375	3
8706	281.5	1
8707	23.625	3
8708	95.625	3
8709	22.75	3
8710	71.0	5
8711	16.375	1
8712	28.875	1
8713	20.25	1
8714	48.0	2
8715	146.0	3
8716	22.5	2
8717	62.375	3
8718	45.875	5
8719	30.5	3
8720	42.75	4
8721	57.875	1
8722	21.5	3
8723	37.0	1
8724	31.5	3
8725	18.25	1
8726	97.875	5
8727	32.5	3
8728	26.25	3
8729	46.25	4
8730	18.0	2
8731	45.75	5
8732	29.0	3
8733	27.625	3
8734	112.75	1
8735	21.0	3
8736	27.125	2
8737	77.375	3
8738	28.0	2
8739	27.75	3
8740	35.25	1
8741	24.75	3
8742	43.75	5
8743	22.5	1
8744	53.75	3
8745	22.5	3
8746	94.625	3
8747	31.75	3
8748	22.0	3
8749	19.75	1
8750	32.625	1
8751	68.25	2
8752	83.875	2
8753	31.5	3
8754	28.0	1
8755	30.0	1
8756	27.0	3
8757	25.5	2
8758	20.625	1
8759	90.5	4
8760	23.5	3
8761	80.875	2
8762	32.25	3
8763	25.375	2
8764	21.125	1
8765	49.875	2
8766	30.875	5
8767	25.25	1
8768	62.0	1
8769	20.0	1
8770	37.875	3
8771	24.25	1
8772	21.5	3
8773	27.75	1
8774	66.125	2
8775	17.5	1
8776	28.25	4
8777	22.5	1
8778	49.25	4
8779	29.5	3
8780	66.375	3
8781	38.0	3
8782	34.375	1
8783	31.5	4
8784	33.5	1
8785	35.875	3
8786	69.5	2
8787	27.25	2
8788	35.25	3
8789	20.5	3
8790	35.5	5
8791	62.375	5
8792	19.375	3
8793	54.125	3
8794	23.25	2
8795	28.375	1
8796	35.5	1
8797	31.125	2
8798	29.75	3
8799	30.5	3
8800	29.5	3
8801	57.0	3
8802	57.25	3
8803	93.75	4
8804	21.5	3
8805	37.75	4
8806	28.25	3
8807	35.875	2
8808	42.375	4
8809	37.0	4
8810	70.0	4
8811	14.625	1
8812	60.5	2
8813	20.0	1
8814	24.75	2
8815	21.0	1
8816	20.75	1
8817	34.5	3
8818	46.875	4
8819	19.0	3
8820	81.125	2
8821	24.125	2
8822	30.75	3
8823	34.25	3
8824	20.0	3
8825	31.0	3
8827	63.5	3
8828	41.5	4
8829	61.125	4
8830	25.0	4
8831	31.375	3
8832	20.25	1
8833	57.875	3
8834	26.5	3
8835	33.5	3
8836	40.375	3
8837	24.75	3
8838	127.5	3
8839	35.5	1
8840	28.0	1
8841	47.5	1
8842	24.5	1
8843	41.0	3
8845	14.25	1
8846	30.75	3
8847	18.75	3
8848	18.0	1
8849	75.25	5
8850	88.5	2
8851	64.375	2
8852	37.25	4
8853	55.25	3
8854	18.5	1
8855	26.5	1
8856	21.75	3
8857	23.5	2
8858	26.0	2
8859	55.5	1
8860	31.125	1
8861	74.0	3
8862	19.5	1
8863	27.25	2
8864	31.25	1
8865	239.875	1
8866	47.0	5
8867	105.5	4
8868	35.75	1
8869	53.0	5
8870	68.125	3
8871	40.5	1
8872	35.25	3
8873	29.0	1
8874	29.25	2
8875	79.25	4
8876	103.0	4
8877	22.875	2
8878	31.5	3
8879	29.5	3
8880	52.875	4
8881	15.0	2
8882	59.5	3
8883	166.0	1
8884	28.5	2
8885	16.875	1
8886	16.625	1
8887	29.5	2
8888	42.25	2
8889	28.25	3
8890	38.0	2
8891	54.875	5
8892	31.375	3
8893	92.75	1
8894	47.25	2
8895	91.375	3
8896	25.25	3
8897	62.75	1
8898	41.375	1
8899	28.25	2
8900	45.75	3
8901	34.25	1
8902	16.5	1
8904	18.5	1
8905	26.0	1
8906	31.75	2
8907	27.0	1
8908	21.5	2
8909	17.25	1
8910	84.0	1
8911	44.125	2
8912	30.75	1
8913	23.25	3
8914	73.0	1
8915	33.75	3
8916	100.25	1
8917	136.625	1
8918	39.375	3
8919	40.25	4
8920	72.25	4
8921	38.25	2
8922	68.125	2
8923	33.25	3
8924	26.75	3
8925	25.125	3
8926	17.5	1
8927	31.625	3
8928	18.75	3
8929	25.5	1
8930	37.0	3
8931	52.25	5
8932	27.5	2
8933	125.75	6
8934	26.5	2
8935	38.0	3
8936	27.25	3
8937	32.375	2
8938	210.75	1
8939	54.25	3
8940	24.5	3
8941	18.75	1
8942	18.75	1
8943	35.25	2
8944	28.375	3
8945	41.5	1
8946	24.625	1
8947	58.875	3
8948	73.0	4
8949	20.75	3
8950	29.5	3
8951	54.5	4
8952	40.375	2
8953	43.75	3
8954	20.5	1
8955	50.0	3
8956	66.125	3
8957	26.75	3
8958	22.375	2
8959	15.25	1
8960	23.0	3
8961	45.125	3
8962	31.875	3
8963	54.625	3
8964	23.25	3
8965	35.0	3
8966	22.125	3
8967	46.0	3
8968	42.25	1
8969	27.75	1
8970	46.125	4
8971	42.375	4
8972	16.75	1
8973	21.125	3
8974	22.5	1
8975	17.25	1
8976	97.625	3
8977	28.125	2
8978	50.0	1
8979	115.5	3
8980	28.125	2
8981	48.5	1
8982	32.375	2
8983	50.0	1
8984	38.625	1
8985	29.25	4
8986	28.5	1
8987	76.5	1
8988	27.625	3
8989	43.875	3
8990	34.0	3
8991	53.0	4
8992	33.375	4
8993	31.0	3
8994	16.0	3
8995	58.5	1
8996	73.5	2
8997	24.125	1
8998	18.5	3
8999	31.375	2
9000	22.375	1
9001	62.25	1
9002	31.0	3
9003	32.875	2
9004	30.75	1
9005	25.875	3
9006	93.0	4
9007	21.25	3
9008	17.25	1
9009	35.5	3
9010	32.5	3
9011	67.75	3
9012	24.5	2
9013	17.25	1
9014	43.5	3
9015	25.75	3
9016	38.0	3
9017	35.75	3
9018	55.875	3
9019	31.0	3
9020	21.0	2
9021	25.25	2
9023	25.5	1
9024	46.375	2
9025	43.5	2
9026	48.25	3
9027	29.25	2
9028	21.25	1
9029	18.75	1
9030	38.875	3
9031	52.125	4
9032	43.625	1
9033	23.0	1
9034	33.5	3
9035	30.5	3
9036	40.75	1
9037	33.625	3
9038	27.5	2
9039	17.625	1
9040	61.75	3
9041	68.0	2
9042	19.25	3
9043	90.375	3
9044	16.75	1
9045	16.0	2
9046	140.125	1
9048	32.625	2
9049	30.5	3
9050	29.0	1
9051	26.125	1
9052	29.25	2
9053	35.625	3
9054	19.75	3
9055	58.625	1
9056	23.25	3
9057	38.0	2
9058	32.375	3
9059	28.25	1
9060	37.625	3
9061	20.0	3
9062	61.5	1
9063	25.5	1
9064	29.25	1
9065	40.75	5
9066	27.875	3
9067	21.5	1
9068	41.625	3
9069	58.125	3
9070	36.25	3
9071	41.625	1
9072	28.625	1
9073	53.5	4
9074	44.5	4
9075	35.125	3
9076	19.5	1
9077	18.75	1
9078	30.25	3
9079	37.0	3
9080	20.0	3
9081	27.25	3
9082	92.5	2
9083	129.375	2
9084	30.75	2
9085	18.625	1
9086	20.25	1
9087	29.0	3
9088	78.375	3
9089	63.5	1
9090	36.25	3
9091	30.875	1
9092	38.75	1
9093	22.125	2
9094	45.375	3
9095	73.5	5
9096	67.875	3
9097	53.25	4
9098	32.25	3
9099	29.25	3
9100	26.25	3
9101	31.0	3
9102	30.75	3
9103	21.75	2
9105	175.875	3
9106	26.5	2
9107	44.5	2
9108	34.5	3
9109	44.875	2
9110	27.375	2
9111	29.5	1
9112	20.5	3
9113	62.0	1
9114	38.875	4
9115	26.0	3
9116	65.75	2
9117	29.75	1
9118	30.0	2
9119	45.0	4
9120	38.125	1
9121	18.5	3
9122	53.75	3
9123	26.25	2
9124	63.75	2
9125	18.625	1
9126	19.0	1
9127	35.0	1
9128	30.75	3
9129	37.75	3
9130	32.75	1
9131	49.125	3
9132	44.5	3
9133	69.125	3
9134	100.5	2
9135	30.75	2
9136	117.75	4
9137	16.25	2
9138	25.75	3
9139	18.25	1
9140	14.75	1
9141	54.5	1
9142	43.75	4
9143	72.75	4
9144	53.25	5
9145	52.375	3
9146	39.25	3
9147	42.5	3
9148	24.375	3
9149	37.375	1
9150	21.5	1
9151	14.75	1
9152	23.875	3
9153	132.75	3
9154	40.5	3
9155	80.625	5
9156	53.25	3
9157	43.75	3
9158	52.5	4
9159	103.75	3
9160	27.25	1
9161	23.0	1
9162	96.375	1
9163	41.125	3
9164	44.0	4
9165	32.5	3
9166	23.0	2
9167	32.0	3
9168	53.125	2
9169	27.5	1
9170	66.625	1
9171	30.25	1
9172	17.75	1
9173	26.0	2
9174	21.0	3
9175	34.875	2
9176	51.75	2
9177	31.625	3
9178	92.75	3
9179	18.0	1
9180	40.375	3
9181	73.5	3
9182	25.625	2
9183	50.125	3
9184	39.0	3
9185	29.375	2
9186	18.75	2
9187	67.5	2
9188	23.875	3
9189	47.25	2
9190	23.375	3
9191	27.25	1
9192	20.25	3
9193	42.75	2
9194	56.125	3
9195	28.75	3
9196	41.875	3
9197	36.0	1
9198	49.875	3
9199	33.125	2
9200	22.5	3
9201	75.5	5
9202	40.25	3
9203	44.5	1
9204	21.75	3
9205	32.75	3
9206	40.5	4
9208	26.5	2
9209	15.875	1
9211	20.0	1
9212	33.5	3
9213	41.5	3
9214	39.625	4
9215	24.375	1
9216	30.0	2
9218	24.75	3
9219	39.25	2
9220	21.5	3
9221	44.75	2
9222	27.625	1
9223	36.875	1
9224	46.25	3
9225	39.875	1
9226	43.75	3
9227	34.875	3
9228	35.875	1
9229	22.0	1
9230	29.75	3
9231	21.375	3
9232	92.125	4
9233	162.0	5
9234	37.25	3
9235	18.625	1
9236	34.75	3
9237	18.0	1
9238	20.75	1
9239	22.0	1
9240	43.25	2
9241	31.125	4
9242	70.25	4
9243	40.0	1
9244	19.75	1
9245	18.75	1
9246	24.5	1
9247	42.125	3
9248	53.25	3
9249	20.75	1
9250	133.875	4
9251	94.0	5
9252	52.625	4
9253	40.375	4
9254	95.375	1
9255	51.0	3
9256	30.25	3
9257	50.25	4
9258	17.125	2
9259	65.625	4
9260	24.75	3
9261	33.125	3
9262	75.75	1
9263	27.0	3
9264	37.5	1
9265	23.375	3
9266	54.75	3
9267	47.125	3
9268	21.0	1
9269	33.75	3
9270	21.5	1
9271	22.875	2
9272	90.25	4
9273	25.25	4
9274	21.0	2
9275	27.25	1
9276	25.75	2
9277	25.5	1
9278	20.0	1
9279	25.5	1
9280	32.625	3
9281	140.5	2
9282	34.5	3
9283	27.0	2
9284	127.75	1
9285	42.5	4
9286	39.0	3
9287	15.25	1
9288	28.25	1
9289	15.75	1
9290	32.25	3
9291	24.0	3
9292	18.25	1
9293	80.0	1
9294	39.625	3
9295	46.5	3
9296	14.5	1
9297	32.875	1
9298	30.375	3
9299	46.0	1
9300	26.5	2
9301	36.75	3
9302	19.0	2
9303	18.25	1
9304	34.25	3
9305	69.75	4
9306	34.25	3
9307	22.75	3
9308	24.5	2
9309	38.5	3
9310	40.875	5
9311	108.5	2
9312	166.25	1
9313	21.0	1
9314	59.75	1
9315	27.125	3
9316	37.625	3
9317	107.0	5
9318	59.25	2
9319	31.5	1
9320	23.75	1
9321	140.875	1
9322	37.375	3
9323	34.375	3
9324	30.75	1
9325	46.0	3
9326	48.5	1
9327	24.25	2
9328	22.75	1
9329	27.25	1
9330	126.125	1
9331	33.25	2
9332	21.375	1
9333	89.0	4
9334	40.625	3
9335	31.5	3
9336	42.75	3
9337	32.5	4
9339	16.5	1
9340	111.625	1
9341	24.0	2
9342	91.5	5
9343	19.0	1
9344	75.5	1
9345	16.5	2
9346	59.75	1
9347	27.75	3
9348	18.75	3
9349	27.25	2
9350	23.75	1
9351	34.75	3
9352	35.375	3
9353	26.75	3
9354	30.75	3
9355	23.75	3
9356	46.75	3
9357	40.0	1
9358	37.5	3
9359	32.75	3
9360	39.875	3
9361	21.0	3
9362	30.5	1
9363	63.5	1
9364	18.25	1
9365	81.625	3
9366	35.75	3
9367	80.25	6
9368	31.875	3
9369	40.75	3
9370	24.125	2
9371	26.0	3
9372	22.75	1
9373	30.5	1
9374	51.25	3
9375	59.25	5
9376	49.875	1
9377	51.5	1
9378	19.75	1
9379	24.375	3
9380	17.75	1
9381	74.375	4
9382	38.125	3
9384	33.75	3
9385	94.625	1
9386	18.5	1
9387	75.375	2
9388	45.0	3
9389	34.75	1
9390	21.25	1
9391	25.5	1
9392	20.25	2
9393	27.5	3
9394	68.25	4
9395	22.375	1
9396	24.25	3
9397	31.25	3
9398	40.375	4
9399	31.75	3
9400	56.0	1
9401	27.75	3
9403	34.75	2
9405	65.0	3
9406	19.5	1
9407	44.625	3
9408	31.75	1
9409	36.625	3
9410	31.75	4
9411	70.375	4
9412	36.0	1
9413	38.375	3
9414	26.5	1
9415	35.0	3
9416	33.25	4
9417	29.25	3
9418	22.875	3
9419	104.875	2
9420	35.25	3
9421	38.5	4
9422	22.625	3
9423	60.5	3
9424	20.75	3
9425	46.125	1
9426	33.375	2
9427	44.0	3
9428	47.875	3
9429	22.875	1
9430	50.625	3
9431	25.125	3
9432	59.625	3
9433	41.875	4
9434	39.25	4
9435	56.5	4
9436	23.0	3
9437	129.25	3
9438	35.5	4
9439	103.25	2
9440	47.5	3
9441	40.5	3
9442	30.0	3
9443	21.0	3
9444	100.125	2
9445	17.25	2
9446	60.875	3
9447	27.125	2
9448	47.25	4
9449	45.0	1
9450	34.0	2
9451	59.25	3
9452	27.75	2
9453	107.75	1
9455	115.0	2
9456	21.75	3
9457	30.5	3
9459	31.0	1
9460	28.25	1
9461	63.25	1
9462	20.25	1
9463	23.0	1
9464	18.875	3
9465	22.25	1
9466	54.0	1
9467	26.0	3
9468	34.5	1
9469	18.75	1
9470	104.75	3
9471	83.0	3
9472	21.75	3
9473	62.75	4
9474	43.625	3
9475	37.0	3
9476	41.5	3
9477	23.125	2
9478	52.25	3
9479	74.625	2
9480	75.5	2
9481	38.75	4
9482	58.75	4
9483	30.0	1
9484	25.625	2
9485	30.0	1
9486	163.625	1
9487	21.0	2
9488	49.5	3
9489	30.125	3
9490	94.75	3
9491	27.0	2
9492	31.0	2
9493	15.5	1
9494	30.0	3
9495	24.625	2
9496	28.25	1
9497	34.0	3
9498	157.875	1
9499	16.75	1
9500	23.875	1
9501	19.25	3
9502	18.0	1
9503	43.875	3
9504	32.25	3
9505	51.25	3
9506	41.75	1
9507	32.5	1
9508	24.0	3
9509	28.5	2
9511	82.25	5
9512	46.75	1
9513	31.0	3
9514	37.375	3
9515	37.75	3
9516	17.625	1
9517	45.0	3
9518	21.5	1
9519	86.375	2
9520	71.75	4
9521	15.25	2
9522	82.75	1
9523	63.0	2
9524	19.75	1
9525	56.875	2
9526	28.0	3
9527	125.125	3
9528	30.0	3
9529	57.625	3
9530	51.875	1
9531	94.875	1
9532	14.25	1
9533	38.375	3
9534	28.0	3
9535	81.25	2
9536	19.5	1
9537	79.0	3
9538	51.375	2
9539	60.0	3
9540	31.0	3
9541	20.0	3
9542	21.5	2
9543	32.75	3
9544	37.0	1
9546	23.75	2
9547	23.5	1
9548	65.0	3
9549	106.25	2
9550	25.5	1
9551	24.375	2
9552	64.75	5
9553	48.125	1
9554	43.375	3
9555	41.875	2
9556	44.5	5
9557	117.75	3
9558	60.5	1
9559	17.5	3
9560	27.0	2
9561	45.375	3
9562	21.5	1
9563	23.625	2
9564	39.75	3
9565	47.25	3
9566	28.875	3
9567	51.875	2
9568	51.625	4
9569	90.125	3
9570	54.5	1
9571	27.25	3
9572	29.75	1
9573	35.625	3
9574	42.5	3
9575	48.25	1
9576	17.5	2
9577	24.875	1
9578	21.875	3
9579	42.375	3
9580	114.125	5
9581	23.25	3
9582	29.5	2
9583	49.0	4
9584	27.75	1
9585	54.25	3
9586	44.25	5
9587	22.75	1
9588	40.25	3
9589	27.25	2
9591	28.75	1
9592	41.25	3
9594	77.75	2
9595	17.75	3
9596	26.375	2
9597	20.75	2
9598	47.375	3
9599	47.75	5
9600	37.375	3
9601	15.75	1
9602	43.25	1
9603	45.375	4
9605	42.125	3
9606	31.5	3
9607	31.75	3
9608	64.25	4
9609	70.25	3
9610	28.0	3
9611	37.25	2
9612	41.375	1
9613	21.5	1
9614	31.75	1
9615	30.75	3
9616	29.875	1
9617	28.75	2
9618	30.625	2
9619	22.375	1
9620	34.625	4
9621	20.625	3
9622	32.25	3
9623	45.125	3
9624	21.5	1
9625	23.625	1
9626	27.5	3
9627	38.125	1
9628	45.0	3
9629	18.5	1
9630	99.25	2
9631	47.75	3
9632	55.75	4
9633	33.5	3
9634	41.75	3
9635	39.875	3
9636	44.25	3
9637	27.75	3
9638	31.0	3
9639	18.25	1
9640	28.625	1
9641	157.375	2
9642	54.0	5
9643	27.0	1
9644	52.75	1
9645	28.25	3
9646	71.25	2
9648	15.875	2
9649	26.0	3
9650	27.75	3
9651	33.875	2
9652	20.625	1
9653	22.0	3
9654	25.5	2
9655	45.75	1
9656	30.25	3
9657	24.375	1
9658	21.5	3
9659	79.625	2
9660	27.5	1
9662	37.0	3
9663	34.0	1
9664	28.0	2
9665	20.5	1
9666	19.75	1
9667	50.125	1
9668	33.625	1
9669	32.5	2
9670	32.75	1
9671	66.75	2
9673	56.75	1
9674	18.75	3
9675	38.5	3
9676	75.375	4
9677	32.0	2
9678	34.0	3
9679	36.25	3
9680	40.5	3
9681	26.125	2
9682	37.125	2
9683	56.5	5
9684	21.0	1
9685	55.625	2
9686	42.875	3
9687	25.0	1
9688	80.5	2
9689	41.0	3
9690	33.75	2
9691	26.75	3
9692	109.0	3
9693	70.25	3
9694	44.25	2
9695	70.5	1
9696	34.125	2
9697	41.0	4
9698	29.5	2
9699	63.5	3
9700	26.25	2
9701	22.25	1
9702	18.0	1
9703	89.0	5
9704	86.0	1
9705	42.875	4
9706	22.5	1
9707	47.125	3
9708	51.125	2
9709	71.5	1
9710	31.0	3
9713	70.875	2
9714	25.75	2
9715	35.5	3
9716	107.0	1
9717	18.5	3
9718	34.5	2
9719	67.0	1
9720	35.25	1
9721	24.5	3
9722	21.75	3
9723	26.875	2
9724	45.375	3
9725	34.0	2
9726	76.5	3
9727	41.0	3
9728	31.0	1
9729	75.25	1
9730	28.375	2
9731	21.75	1
9732	25.625	3
9733	20.625	3
9734	46.75	3
9735	150.375	1
9736	23.0	3
9737	40.25	3
9738	32.125	3
9739	21.625	3
9740	74.5	4
9741	36.0	3
9742	19.0	1
9743	31.25	2
9744	20.0	1
9745	33.25	2
9746	71.5	1
9747	32.25	3
9748	21.25	3
9749	35.0	3
9750	87.25	4
9751	51.75	2
9752	37.875	3
9753	41.625	3
9754	27.5	1
9755	51.5	1
9756	107.375	1
9757	28.5	1
9758	43.25	3
9759	41.125	3
9760	35.5	1
9761	23.875	2
9762	31.5	2
9763	31.5	3
9764	77.0	3
9765	17.5	1
9766	75.0	4
9767	26.0	1
9768	48.375	3
9769	26.875	3
9770	24.125	1
9771	33.125	3
9772	18.125	2
9773	27.0	1
9774	67.5	3
9775	19.5	1
9776	43.75	1
9777	32.75	2
9778	33.875	2
9779	27.75	1
9780	66.125	5
9781	17.25	1
9782	18.25	1
9783	87.75	1
9784	40.875	3
9785	33.375	1
9786	45.25	4
9787	40.125	3
9788	29.125	3
9789	32.25	3
9790	74.375	2
9791	49.75	3
9792	43.625	3
9793	16.0	3
9794	31.25	3
9795	38.375	3
9796	45.25	1
9797	16.25	1
9798	25.625	2
9799	44.25	5
9800	43.375	4
9801	20.0	3
9802	20.25	1
9803	26.75	4
9804	32.0	3
9805	52.0	4
9806	96.375	3
9807	63.375	1
9808	28.25	3
9809	50.0	1
9810	49.125	4
9812	173.375	1
9813	43.0	2
9814	38.875	2
9815	41.25	3
9816	91.5	1
9817	66.125	3
9818	57.5	1
9819	25.0	3
9820	34.5	3
9821	30.5	1
9822	21.375	1
9823	29.0	3
9824	24.25	2
9825	102.5	1
9826	104.375	4
9827	50.625	3
9828	34.75	3
9829	50.25	5
9830	21.875	3
9831	55.25	3
9832	27.5	3
9833	96.5	1
9834	28.625	2
9835	25.75	1
9836	43.0	3
9837	23.5	3
9838	53.75	2
9839	20.875	3
9840	69.0	3
9841	38.125	4
9842	45.375	4
9843	28.5	1
9844	21.875	3
9845	17.75	1
9846	48.5	4
9847	33.75	3
9848	27.375	1
9849	32.75	3
9850	25.375	3
9851	29.875	2
9852	36.5	3
9853	59.875	2
9854	18.75	1
9855	30.875	2
9856	50.875	4
9857	83.125	4
9858	92.625	1
9859	30.875	2
9860	35.875	4
9861	40.125	3
9862	25.0	1
9863	49.25	3
9864	48.125	1
9865	93.0	3
9866	28.5	3
9867	48.125	2
9868	69.5	3
9869	53.875	4
9870	31.75	1
9871	167.625	2
9872	31.625	3
9873	20.875	3
9874	22.0	1
9875	19.75	1
9876	21.0	1
9877	29.0	5
9878	67.625	2
9879	19.625	1
9880	24.5	3
9881	21.25	1
9882	40.0	1
9883	167.0	3
9884	76.375	1
9885	35.5	1
9886	31.25	3
9887	169.0	1
9888	36.0	2
9889	56.625	3
9890	191.25	1
9891	35.5	1
9892	24.25	2
9893	20.5	3
9894	21.25	1
9895	30.0	3
9896	17.25	1
9897	19.0	3
9898	40.0	4
9899	136.5	1
9900	19.25	1
9901	21.5	3
9903	39.0	5
9904	146.25	1
9905	29.125	2
9906	54.0	1
9907	50.5	1
9908	52.625	3
9909	57.25	1
9910	45.0	3
9911	87.125	2
9912	19.0	3
9913	14.25	1
9914	46.75	4
9915	49.125	3
9916	32.5	2
9917	37.125	2
9918	139.125	3
9919	103.625	3
9920	28.25	3
9921	64.0	3
9922	27.25	2
9923	16.5	1
9924	38.875	2
9925	119.5	1
9926	25.75	3
9927	27.625	1
9928	119.75	5
9929	22.5	2
9930	32.875	2
9931	20.0	1
9932	25.25	1
9933	77.0	4
9934	19.0	1
9935	43.75	4
9936	31.25	5
9937	32.375	2
9938	27.375	1
9939	85.875	2
9940	17.5	1
9941	81.0	1
9942	50.625	4
9943	34.0	2
9944	36.0	4
9945	62.75	3
9946	70.75	3
9947	18.5	1
9948	44.625	1
9949	21.625	1
9950	23.25	2
9952	66.0	2
9953	32.5	3
9954	48.375	3
9955	78.0	1
9956	22.5	2
9957	56.0	4
9958	74.75	2
9960	61.625	3
9961	60.75	1
9962	28.25	2
9964	38.125	1
9965	56.25	3
9966	18.0	1
9967	69.625	4
9968	46.0	1
9969	12.75	1
9970	35.25	4
9971	24.0	1
9972	17.5	3
9973	35.5	3
9974	28.25	1
9975	51.75	1
9976	61.375	1
9977	21.625	3
9978	89.0	1
9979	37.125	4
9980	30.875	2
9981	52.625	2
9982	37.0	3
9983	39.0	3
9984	174.375	2
9985	25.875	2
9986	32.75	3
9987	31.75	3
9988	18.875	1
9989	63.5	5
9990	79.625	3
9991	22.25	3
9992	83.125	6
9993	19.75	1
9994	31.25	1
9995	17.5	3
9996	33.25	3
9997	54.0	2
9998	40.625	3
9999	22.0	1
10000	35.0	3
