ID	OPC	CUSPS
1	29.0	4
2	24.5	1
3	19.0	1
4	25.5	1
5	18.75	1
6	28.5	1
7	16.0	1
8	43.75	1
9	26.5	1
10	27.0	1
11	30.75	2
12	31.875	1
13	28.875	4
14	61.5	1
15	21.0	3
16	18.625	1
17	21.375	1
18	28.75	2
19	15.5	1
20	53.75	1
21	33.0	1
22	54.0	1
23	33.125	1
24	20.75	2
25	26.375	3
26	17.75	3
27	21.25	1
28	20.125	1
29	18.5	1
30	19.25	1
31	24.0	1
32	32.5	3
33	26.125	1
34	33.0	3
35	21.0	2
36	30.375	1
37	128.0	1
38	23.875	1
39	27.125	1
40	17.5	1
41	19.0	1
42	23.25	3
43	16.375	1
44	34.5	1
45	27.875	1
46	25.75	1
47	34.0	3
48	31.25	2
49	46.0	2
50	26.25	2
51	25.75	1
52	34.0	4
53	21.125	1
54	50.0	3
55	28.75	2
56	19.25	3
57	19.5	1
58	26.5	3
59	53.0	3
60	38.5	2
61	17.75	3
62	17.75	1
63	23.875	2
64	33.25	2
65	34.75	1
66	56.125	1
67	30.75	3
68	30.75	3
69	19.5	1
70	71.75	1
71	17.0	1
72	29.0	3
73	58.5	1
74	20.375	1
75	19.625	3
76	36.0	3
77	24.0	2
78	22.25	1
79	23.25	2
80	18.75	1
82	35.625	3
83	18.0	1
84	18.0	1
85	17.75	1
86	42.5	3
87	26.0	1
88	17.25	1
89	55.25	2
90	27.0	3
91	35.75	2
92	31.0	3
93	18.375	3
94	23.5	3
95	18.0	1
96	59.125	2
97	21.375	1
98	28.75	2
99	29.5	1
100	30.875	2
101	42.625	1
102	19.5	3
103	42.25	1
104	22.5	1
105	90.0	1
106	50.375	1
107	18.5	1
108	21.75	1
109	41.0	4
110	231.0	1
111	28.75	2
112	25.375	1
113	44.25	3
114	21.5	3
115	17.75	1
116	16.25	1
117	52.125	1
118	29.0	1
119	35.0	3
120	20.125	1
121	34.75	3
122	18.5	1
123	116.5	3
124	32.0	1
125	24.5	2
126	24.5	3
127	20.5	1
128	30.625	1
129	28.75	2
130	24.625	3
131	18.5	1
132	29.0	2
133	46.0	4
134	31.75	2
135	26.375	1
136	47.25	2
137	29.375	1
138	19.0	3
139	26.125	2
140	36.5	2
141	25.75	2
142	35.625	3
143	32.125	1
144	25.0	3
145	18.25	1
146	73.5	1
147	24.25	2
148	18.75	3
149	58.5	1
150	15.25	1
151	31.875	2
152	22.75	1
153	25.5	1
154	22.25	3
155	17.0	1
156	21.0	1
157	37.0	1
158	43.375	2
159	17.75	1
160	38.0	1
161	21.625	3
162	17.625	1
163	21.25	1
164	36.375	4
165	33.25	1
166	23.0	3
167	33.625	1
168	24.5	1
169	26.625	2
170	25.5	2
171	21.25	1
172	25.25	3
173	17.5	1
174	28.75	1
175	27.75	1
176	39.375	1
177	17.75	1
178	81.5	2
179	22.75	1
180	46.0	1
181	18.5	1
182	21.125	1
183	61.75	1
184	42.25	1
185	35.75	1
186	44.25	4
187	31.0	3
188	66.75	5
189	22.375	3
190	30.25	1
191	24.75	1
192	79.5	5
193	41.375	2
194	33.5	3
195	77.5	2
196	20.75	2
197	44.75	1
198	193.625	1
199	47.875	3
200	48.5	5
202	44.5	5
203	148.25	1
204	15.25	1
205	41.0	1
206	20.5	2
207	19.75	1
208	32.5	1
209	16.75	1
210	18.625	1
211	110.0	1
212	17.0	1
213	17.25	1
214	36.25	3
215	27.625	2
216	31.75	1
217	15.75	2
218	27.375	3
219	25.5	2
220	19.125	1
221	23.25	1
222	23.25	1
223	39.25	5
224	25.5	3
225	65.0	1
226	19.25	3
227	27.5	2
228	17.0	1
229	25.0	1
230	45.5	1
231	17.25	1
232	30.5	1
233	17.0	1
234	37.0	1
235	23.875	3
236	36.5	1
237	25.0	2
238	28.75	3
239	38.0	1
240	30.75	1
241	54.625	3
242	45.0	3
243	20.625	1
244	24.875	3
245	94.125	1
246	33.25	1
247	91.875	1
248	162.0	1
249	19.75	3
250	20.5	1
251	19.625	1
252	68.5	2
253	23.5	2
254	21.0	3
255	21.875	3
256	33.75	1
257	17.75	1
258	46.0	3
259	24.25	1
260	26.25	3
261	22.5	3
262	22.375	3
263	19.25	1
264	17.0	1
265	24.375	3
266	17.25	2
267	16.625	1
268	38.75	1
269	27.625	1
270	57.125	1
271	20.25	3
272	20.75	2
273	24.875	1
274	18.5	2
275	18.875	3
276	28.625	1
277	21.75	2
278	19.25	1
279	22.0	1
280	24.75	1
281	24.75	1
282	36.75	1
283	19.75	3
284	34.75	3
285	15.25	1
286	14.0	1
287	87.75	1
288	19.75	2
289	15.75	1
290	36.125	1
291	31.25	1
292	39.25	3
293	18.25	1
294	25.5	2
295	23.5	2
296	45.875	4
297	32.875	3
298	18.625	1
299	24.0	3
300	30.75	2
301	137.875	1
302	118.25	2
303	32.875	3
304	26.0	1
305	53.75	3
306	19.75	2
307	17.125	1
308	26.875	3
309	21.875	3
310	40.25	2
311	52.25	1
312	18.75	1
313	40.375	1
314	23.25	3
315	70.625	3
316	17.25	1
317	16.25	1
318	50.875	3
319	26.0	1
320	23.75	1
321	28.125	1
322	36.5	3
323	34.125	3
324	23.0	2
325	27.25	3
326	32.0	3
327	17.625	1
328	24.5	2
329	21.0	1
330	29.25	3
331	16.75	1
332	27.75	2
333	23.375	1
334	19.5	1
335	74.125	5
336	21.75	3
337	52.75	3
338	28.75	1
339	48.25	3
340	19.25	1
341	48.875	3
342	33.125	1
343	25.75	2
344	47.25	2
345	36.25	4
346	17.5	1
347	22.875	1
348	30.5	1
349	60.0	1
350	17.5	1
351	25.0	1
352	19.375	1
353	19.5	3
354	32.25	1
355	82.5	1
356	29.375	3
357	24.5	1
358	24.625	3
359	15.0	1
360	31.375	1
361	19.0	1
362	18.25	2
363	18.0	1
364	21.75	2
365	20.375	3
366	32.875	3
367	33.875	3
368	35.625	3
369	40.125	2
370	37.75	3
371	81.125	2
372	51.0	1
373	21.25	1
374	22.25	3
375	34.75	1
376	21.0	3
377	40.125	2
378	13.0	2
379	28.5	1
380	19.5	1
381	39.0	2
382	40.0	1
383	33.25	2
384	16.5	1
385	38.5	1
386	22.75	2
387	17.375	1
388	24.625	1
389	52.5	1
390	20.5	2
391	33.0	4
392	44.5	1
393	22.75	3
394	24.75	2
395	38.625	1
396	16.5	2
397	42.25	1
398	40.0	1
399	20.75	1
400	37.5	1
401	17.75	1
402	22.0	3
403	29.0	3
404	26.0	2
405	38.75	1
406	37.25	3
407	26.375	1
408	17.625	1
409	20.25	1
410	39.375	1
411	25.75	3
412	30.5	1
413	47.375	1
414	73.625	1
415	24.0	1
416	24.625	3
417	22.25	1
418	16.0	3
419	25.25	3
420	49.5	1
421	15.75	1
422	30.5	1
423	31.125	3
424	34.125	3
425	24.0	1
426	19.5	3
427	37.0	2
428	35.75	1
429	41.5	3
430	43.875	1
431	20.5	1
432	33.5	3
433	18.0	3
434	37.0	1
435	26.875	1
436	34.125	1
437	19.25	1
438	18.75	3
439	23.25	1
440	22.25	1
441	22.0	2
442	26.25	3
443	16.25	1
444	47.0	1
445	15.75	1
446	52.25	1
447	30.125	3
448	43.5	4
449	33.5	1
450	15.875	2
451	18.5	1
452	78.0	3
453	16.0	1
454	39.125	1
455	31.375	1
456	48.5	4
457	40.0	2
458	21.0	3
459	14.75	1
460	35.0	3
461	32.25	2
462	25.25	1
463	35.25	1
464	46.0	1
465	25.5	3
466	22.5	1
467	35.125	2
468	26.25	3
469	25.5	3
470	32.75	2
471	17.75	1
472	27.875	1
473	50.75	1
474	19.0	2
475	25.5	1
476	25.125	1
477	44.25	1
478	23.25	1
479	29.25	2
480	20.625	1
481	36.625	2
482	14.875	1
483	35.25	1
484	17.625	2
485	42.75	1
486	45.0	1
487	21.125	3
488	39.625	2
489	30.375	2
490	30.625	2
491	66.875	3
492	26.0	3
493	30.75	3
494	20.5	1
495	17.0	2
496	17.75	1
497	16.5	1
498	19.75	3
499	19.875	1
500	16.75	2
501	18.75	1
502	35.75	3
503	37.5	3
504	15.5	1
505	54.0	3
506	24.75	1
507	26.75	1
508	28.375	3
509	27.5	2
510	23.875	1
511	56.25	4
512	25.25	2
513	20.875	3
514	18.5	1
515	18.5	3
516	45.125	2
517	21.375	1
518	31.25	1
519	50.625	3
520	26.5	3
521	30.375	2
522	28.375	1
523	17.75	1
524	15.5	1
525	19.75	1
526	60.25	3
527	22.125	3
528	39.5	1
529	18.75	1
530	51.5	1
531	23.25	1
532	17.625	1
533	33.125	1
534	15.25	1
535	30.25	3
536	37.25	2
537	60.75	1
538	23.0	1
539	19.0	1
540	17.25	1
541	26.375	3
542	15.75	1
543	64.25	1
544	18.0	1
545	22.25	3
546	27.375	1
547	23.625	3
548	23.0	3
549	35.25	1
550	16.125	1
551	22.875	1
552	19.0	1
553	81.0	1
554	19.75	1
555	39.125	2
556	19.25	1
557	27.25	2
558	21.75	2
559	24.25	2
560	22.375	3
561	20.375	3
562	25.5	2
563	27.0	1
564	22.75	2
565	19.625	1
566	50.75	3
567	17.0	1
568	17.0	1
569	71.25	2
570	27.625	1
571	23.25	3
572	20.5	3
573	30.25	3
574	15.25	1
575	22.0	1
576	30.5	3
577	80.5	1
578	31.5	2
579	31.375	1
580	19.5	1
581	35.5	3
582	20.5	2
583	43.75	1
584	27.0	2
585	38.625	3
586	22.75	1
587	49.0	3
588	18.625	1
589	36.0	4
590	21.75	3
591	52.75	4
592	47.5	1
593	15.5	1
594	19.75	3
595	148.75	2
596	16.75	1
597	91.25	2
598	33.5	1
599	21.0	3
600	20.625	2
601	40.875	3
602	53.0	3
603	27.875	2
604	30.875	1
605	23.5	1
606	34.625	1
607	20.875	3
608	25.125	2
609	21.75	3
610	94.5	1
611	40.5	2
612	29.0	1
613	35.75	1
614	28.75	1
615	19.875	1
616	30.5	1
617	35.0	1
618	33.625	3
619	19.5	2
620	17.5	1
621	31.375	3
622	29.75	2
623	31.5	1
624	26.375	1
625	17.75	1
626	28.75	2
627	32.5	1
628	17.5	2
629	40.375	1
630	28.0	1
631	21.0	2
632	20.5	2
633	18.75	1
634	19.125	1
635	16.0	1
636	18.25	1
637	19.25	1
638	21.25	2
639	35.375	1
640	19.25	3
641	32.375	1
642	32.25	3
643	30.0	3
644	15.875	1
645	35.5	1
646	21.125	1
647	25.25	2
648	39.25	2
649	14.75	1
650	31.75	1
651	45.125	3
652	21.5	3
653	31.875	2
654	28.75	4
655	31.25	1
656	16.25	3
657	32.25	1
658	27.25	3
659	20.0	3
660	24.5	1
661	35.875	2
662	17.25	1
663	29.125	2
664	33.125	2
665	41.75	2
666	13.25	1
667	48.75	3
668	45.375	3
669	21.0	1
670	17.5	1
671	39.75	3
672	18.75	1
673	36.5	2
674	37.0	1
675	87.75	1
676	33.0	3
677	40.75	1
678	16.75	1
679	27.75	1
680	42.25	4
681	85.25	2
682	62.125	2
683	24.25	2
684	25.625	1
685	20.75	1
686	21.5	2
687	34.75	1
688	25.625	3
689	22.75	1
690	18.5	1
691	37.875	2
692	25.75	1
693	64.75	2
694	34.375	1
695	21.0	1
696	15.75	1
697	33.625	4
698	17.0	1
699	18.25	3
700	28.5	1
701	24.0	1
702	61.25	1
703	26.875	1
704	34.375	2
705	19.5	1
706	30.75	1
707	44.0	2
708	86.25	1
709	36.125	1
710	26.5	1
711	17.75	1
712	17.25	1
713	18.0	1
714	18.75	2
715	36.875	1
716	25.0	2
717	23.75	2
718	108.5	2
719	14.375	1
720	22.375	3
721	72.0	1
722	37.75	1
723	27.375	3
724	35.25	2
725	29.0	1
726	46.0	3
727	129.0	1
728	18.25	2
729	16.875	2
730	16.25	1
731	20.25	2
732	16.5	1
733	29.75	3
734	24.125	2
735	39.625	2
736	18.25	1
737	20.125	2
738	16.75	1
739	19.75	2
740	29.5	1
741	18.5	1
742	55.375	1
743	18.5	3
744	53.0	3
745	46.375	2
746	42.25	1
747	26.375	2
748	29.0	2
749	18.25	2
750	19.5	3
751	25.625	1
752	21.75	1
753	35.25	1
754	61.0	1
755	16.0	1
756	31.0	1
757	18.75	1
758	43.75	4
759	18.875	1
760	45.25	4
761	26.25	1
762	39.0	3
763	31.5	1
764	25.5	1
765	31.25	2
766	128.0	2
767	88.25	1
768	52.5	2
769	37.0	2
770	23.75	1
771	16.375	2
772	28.0	4
773	25.875	3
774	38.0	3
775	19.75	3
776	22.5	3
777	25.25	1
778	19.5	2
779	25.625	2
780	34.625	2
781	22.375	2
782	48.25	1
783	16.75	2
784	35.25	2
785	22.0	1
786	50.25	1
787	17.5	1
788	15.5	1
789	24.875	1
790	54.0	1
791	33.875	3
792	63.25	1
793	16.5	1
794	28.375	1
795	27.0	1
796	24.875	2
797	49.25	1
798	19.125	2
799	23.0	1
800	16.75	1
801	48.25	1
802	21.0	1
803	25.5	1
804	19.75	1
805	26.625	1
806	30.0	1
807	19.875	2
808	27.0	3
809	21.875	1
810	45.125	1
811	24.25	2
812	29.25	1
813	80.875	2
814	26.25	2
815	109.0	1
816	52.625	5
817	23.875	2
818	24.5	1
819	134.125	1
820	21.0	1
821	15.25	1
822	24.625	3
823	15.75	1
824	28.875	1
825	31.25	3
826	25.75	3
827	22.75	2
828	20.75	1
829	16.75	2
830	21.25	1
831	23.0	2
832	42.25	2
833	29.5	1
834	37.0	1
835	15.75	1
836	18.25	1
837	17.0	1
839	19.25	2
840	25.25	2
841	35.0	2
842	24.5	1
843	27.75	2
844	48.75	3
845	18.75	3
846	231.25	1
847	21.0	1
848	28.875	1
849	44.5	4
850	23.5	3
851	23.75	2
852	20.0	3
853	56.5	1
854	29.625	2
855	36.0	1
856	34.5	2
857	25.75	1
858	26.625	2
859	35.5	1
860	27.125	2
861	27.875	1
862	22.75	3
863	18.25	1
864	22.25	2
865	18.0	1
866	22.5	3
867	18.5	2
868	26.625	2
869	20.0	3
870	38.75	4
871	29.875	1
872	74.625	2
873	30.0	1
874	60.5	3
875	30.75	1
876	40.25	1
877	17.0	1
878	39.5	2
879	25.5	1
880	55.375	1
881	30.5	1
882	32.625	2
883	31.875	1
884	23.375	1
885	19.0	1
886	62.875	1
887	18.0	1
888	34.5	1
889	24.125	3
890	27.875	2
891	17.125	1
892	26.375	1
893	19.625	2
894	24.5	1
895	37.125	2
896	28.375	2
897	40.75	1
898	33.75	1
899	17.5	1
900	25.25	2
901	26.0	3
902	16.375	1
903	21.5	3
904	18.25	1
905	22.375	1
906	16.875	1
907	22.25	2
908	16.5	3
909	27.5	1
910	35.375	3
911	19.0	3
912	22.75	2
913	21.25	3
914	26.625	1
915	37.25	2
916	23.125	1
917	41.75	2
918	17.5	1
919	27.5	1
920	33.5	1
921	17.5	1
922	17.625	1
923	30.0	2
924	20.5	1
925	33.125	3
926	25.625	1
927	19.5	3
928	24.75	1
929	24.5	1
930	29.5	3
931	24.75	1
932	23.375	1
933	30.5	1
934	43.25	1
935	31.5	3
936	26.25	3
937	43.25	1
938	22.5	1
939	24.375	1
940	18.75	1
941	18.5	1
942	21.75	3
943	17.75	2
944	49.375	2
945	16.0	2
946	18.75	1
947	37.75	3
948	26.75	2
949	25.125	1
950	17.25	1
951	18.0	1
952	36.0	1
953	25.375	2
954	30.5	2
955	34.625	3
956	67.25	1
957	69.625	1
958	44.75	1
959	24.75	3
960	146.125	1
961	136.875	2
962	23.25	1
963	23.5	3
964	27.25	3
965	26.25	1
966	48.25	1
967	27.5	1
968	17.5	1
969	16.75	1
970	24.5	2
971	20.5	1
972	20.0	1
973	43.375	1
974	15.5	1
975	26.5	3
976	39.0	2
977	15.75	1
978	14.5	1
979	17.25	1
980	36.25	4
981	19.5	1
982	28.25	4
983	28.125	2
984	26.5	3
985	21.75	1
986	18.25	2
987	28.5	3
988	31.875	2
989	20.125	1
990	14.25	1
991	17.5	1
992	19.75	3
993	40.25	2
994	17.0	1
995	32.25	3
996	18.875	1
997	30.5	1
998	14.625	2
999	36.375	1
1000	71.5	2
1001	24.5	3
1002	17.5	1
1003	42.25	3
1004	35.0	3
1005	32.25	2
1006	34.375	2
1007	32.125	1
1008	20.0	1
1009	15.5	1
1010	75.125	3
1011	23.0	1
1012	27.75	1
1013	147.125	1
1014	22.75	3
1015	31.375	1
1016	26.0	1
1017	18.25	3
1018	29.625	1
1019	21.25	3
1020	25.75	3
1021	16.5	1
1022	20.75	1
1023	18.75	3
1024	43.375	1
1025	110.25	1
1026	57.125	3
1027	16.0	1
1028	23.875	1
1029	37.5	2
1030	24.25	2
1031	26.25	3
1032	37.75	3
1033	46.0	2
1034	26.75	2
1035	19.0	1
1036	49.75	1
1037	19.75	1
1038	17.625	1
1039	24.875	3
1040	51.5	1
1041	17.5	2
1042	32.375	2
1043	20.75	1
1044	32.125	2
1045	16.5	1
1046	42.0	1
1047	24.0	1
1048	41.0	3
1049	23.0	2
1050	90.0	2
1051	17.0	1
1052	29.75	2
1053	23.625	3
1054	30.75	5
1055	30.625	1
1056	29.75	1
1057	18.125	1
1058	29.375	1
1059	22.125	1
1060	20.75	2
1061	24.5	1
1062	21.5	1
1063	75.875	1
1064	30.75	1
1065	27.75	2
1066	23.5	2
1067	25.25	1
1068	25.5	3
1069	33.875	3
1070	30.0	3
1071	34.125	1
1072	22.625	3
1073	75.0	2
1074	41.5	1
1075	25.5	2
1076	19.25	3
1077	18.875	1
1078	22.875	2
1079	28.25	2
1080	17.75	1
1081	18.75	1
1082	35.75	3
1083	27.625	1
1084	37.5	2
1085	21.75	1
1086	33.75	1
1087	111.375	2
1088	18.5	1
1089	31.25	1
1090	31.75	2
1091	36.125	1
1092	28.875	2
1093	21.875	3
1094	36.5	3
1095	32.875	2
1096	31.625	3
1097	22.5	1
1098	145.0	1
1099	25.75	2
1100	117.0	1
1101	45.0	1
1102	21.25	3
1103	27.5	3
1104	29.5	2
1105	23.0	2
1106	39.0	1
1107	30.875	1
1108	23.0	1
1109	20.75	2
1110	18.25	1
1111	74.0	2
1112	76.25	1
1113	32.875	1
1114	14.0	1
1115	20.0	3
1116	22.5	2
1117	30.0	1
1118	26.75	1
1119	28.25	2
1120	25.25	2
1121	15.375	1
1122	15.75	3
1123	43.75	1
1124	32.25	2
1125	43.375	1
1126	29.375	1
1127	25.875	1
1128	20.5	3
1129	21.25	3
1130	17.875	1
1131	17.625	1
1132	50.25	2
1133	24.0	3
1134	17.0	1
1135	23.75	2
1136	25.25	3
1137	35.0	1
1138	49.5	1
1139	39.5	4
1140	26.375	3
1141	20.875	2
1142	74.25	1
1143	19.125	1
1144	22.125	2
1145	26.625	2
1146	34.875	1
1147	26.25	1
1148	42.25	3
1149	20.875	1
1150	72.625	2
1151	28.0	2
1152	24.125	2
1153	18.5	1
1154	21.125	3
1155	28.25	3
1156	41.125	1
1157	39.125	1
1158	24.5	2
1159	29.625	2
1160	18.875	1
1161	31.875	1
1162	23.375	2
1163	25.0	2
1164	19.375	3
1165	25.0	3
1166	19.5	3
1167	55.0	1
1168	23.625	1
1170	22.5	1
1171	27.0	3
1172	33.875	2
1173	18.0	1
1174	16.5	1
1175	31.0	1
1176	71.0	3
1177	26.0	1
1178	30.0	3
1179	18.25	1
1180	27.25	2
1181	40.75	1
1182	30.25	3
1183	30.0	2
1184	25.0	3
1185	29.625	3
1186	69.625	1
1187	18.375	1
1188	55.375	4
1189	23.5	1
1190	33.125	1
1191	28.25	2
1192	18.75	1
1193	147.0	1
1194	14.875	1
1195	19.75	3
1196	29.875	1
1197	58.75	1
1198	29.75	1
1199	15.5	1
1200	37.375	1
1201	28.375	1
1202	45.375	1
1203	42.5	3
1204	22.375	3
1205	24.875	1
1206	32.25	4
1207	44.0	1
1208	28.625	1
1209	18.0	2
1210	22.75	2
1211	30.5	2
1212	58.0	5
1213	20.75	2
1214	42.375	1
1215	26.25	1
1216	27.125	2
1217	24.5	1
1218	20.25	1
1219	17.25	1
1220	21.5	3
1221	21.375	2
1222	91.375	1
1223	27.0	3
1224	43.375	1
1225	65.0	5
1226	18.25	1
1227	26.0	4
1228	17.25	1
1229	28.5	3
1230	43.5	2
1231	27.75	1
1232	90.75	1
1233	28.25	2
1234	23.25	3
1235	28.375	2
1236	30.25	2
1237	30.25	3
1238	19.25	3
1239	35.75	3
1240	22.25	3
1241	37.75	2
1242	29.25	1
1243	24.25	2
1244	31.125	2
1245	20.25	3
1246	21.625	2
1247	17.0	1
1248	24.5	2
1249	23.0	2
1250	30.5	1
1251	58.875	4
1252	44.375	2
1253	62.75	1
1254	32.875	2
1255	18.25	2
1256	19.875	2
1257	31.5	3
1258	27.25	3
1259	24.5	1
1260	88.75	1
1261	18.0	1
1262	17.25	1
1263	65.125	1
1264	32.0	3
1265	22.75	3
1266	36.0	3
1267	29.0	2
1268	67.75	1
1269	33.5	3
1270	20.0	3
1271	38.875	2
1272	25.75	1
1273	99.5	1
1274	43.25	1
1275	23.5	1
1276	13.5	1
1277	22.0	3
1278	75.75	1
1279	27.75	1
1280	13.75	1
1282	125.875	1
1283	15.5	1
1284	15.5	1
1285	29.125	2
1286	22.125	2
1287	19.5	1
1288	21.0	1
1289	20.0	1
1290	51.125	2
1291	35.0	1
1292	17.375	1
1293	33.25	1
1294	23.25	2
1295	29.25	3
1296	30.0	3
1297	28.375	1
1298	23.0	3
1299	69.75	3
1300	23.25	3
1301	38.125	3
1302	18.5	2
1303	19.75	1
1304	24.25	1
1305	15.5	1
1306	70.875	1
1307	25.5	2
1308	66.0	1
1309	30.75	3
1310	71.5	1
1311	25.25	1
1312	33.0	1
1313	23.75	1
1314	32.75	3
1315	21.625	1
1316	36.625	1
1317	53.5	1
1318	17.0	1
1319	27.625	2
1320	20.0	1
1321	16.75	1
1322	28.25	1
1323	25.75	2
1324	37.5	4
1325	18.0	1
1326	27.75	2
1327	23.25	2
1328	36.125	3
1329	23.5	1
1330	18.5	3
1331	17.25	2
1332	29.0	1
1333	27.0	2
1334	27.375	1
1335	22.625	1
1336	26.0	3
1337	19.125	3
1338	76.0	1
1339	21.0	1
1340	43.5	2
1341	37.875	2
1342	38.5	3
1343	47.75	1
1344	28.5	2
1345	25.375	3
1346	38.5	3
1347	21.0	1
1348	21.75	3
1349	26.75	1
1350	82.25	1
1351	19.75	3
1352	30.875	1
1353	53.125	3
1354	19.0	1
1355	36.75	2
1356	20.25	3
1357	94.625	2
1358	27.25	1
1359	134.75	1
1360	24.75	3
1361	30.875	1
1362	36.25	1
1363	18.0	1
1364	18.625	1
1365	48.875	2
1366	30.75	1
1367	28.25	1
1368	29.375	3
1369	16.375	2
1370	22.375	3
1371	22.375	2
1372	16.5	1
1373	28.125	1
1374	27.75	1
1375	17.5	1
1376	26.25	2
1377	33.125	2
1378	20.0	3
1379	19.5	1
1380	36.625	3
1381	26.375	1
1382	53.125	2
1383	40.25	1
1384	38.0	1
1385	27.0	3
1386	60.5	1
1387	28.5	2
1388	43.25	1
1389	25.5	3
1391	18.5	1
1392	30.75	1
1393	27.0	2
1394	29.75	1
1395	21.25	1
1396	103.0	1
1397	18.25	1
1398	17.0	1
1399	31.375	3
1400	41.25	2
1401	103.0	1
1402	25.875	2
1403	18.125	1
1404	98.375	1
1405	21.5	3
1406	29.75	3
1407	19.375	1
1408	17.5	1
1409	19.375	2
1410	39.0	4
1411	60.75	1
1412	26.875	2
1413	138.0	1
1414	26.5	3
1415	25.125	1
1416	17.5	1
1417	27.625	2
1418	24.75	1
1419	35.0	2
1420	19.5	1
1421	18.25	1
1422	28.0	1
1423	26.875	1
1424	20.75	3
1425	33.375	3
1426	22.875	3
1427	19.125	1
1428	59.25	1
1429	50.375	4
1430	24.5	2
1431	22.375	3
1432	18.75	1
1433	69.5	1
1434	26.5	3
1435	18.375	1
1436	25.75	3
1437	27.0	3
1438	27.5	1
1439	28.25	3
1440	25.625	3
1441	30.25	1
1442	18.875	3
1443	25.375	3
1444	34.625	1
1445	28.875	1
1446	36.625	1
1447	18.75	1
1448	26.5	2
1449	18.0	1
1450	16.5	1
1451	15.75	1
1452	115.125	1
1453	17.0	1
1454	21.375	2
1455	34.75	2
1456	16.875	1
1457	24.875	1
1458	41.0	3
1459	21.75	2
1460	36.625	3
1461	44.0	2
1462	37.0	4
1463	20.5	3
1464	15.5	1
1465	20.125	3
1466	32.125	2
1467	28.75	1
1468	24.875	2
1469	15.75	1
1470	17.75	1
1471	24.75	2
1472	42.5	1
1473	17.5	1
1474	18.75	3
1475	22.625	2
1476	23.75	1
1477	17.25	2
1478	25.0	3
1479	31.0	1
1481	17.5	1
1482	18.125	1
1483	30.625	1
1484	19.375	3
1485	22.0	1
1486	18.0	1
1487	30.0	2
1488	83.625	3
1489	26.375	1
1490	37.0	1
1491	63.5	1
1492	18.125	1
1493	73.375	3
1494	27.75	1
1495	45.25	1
1496	36.375	1
1497	23.0	2
1498	22.0	1
1499	45.125	1
1500	15.75	1
1501	38.0	3
1502	16.5	1
1503	26.375	1
1504	30.0	1
1505	42.0	1
1506	62.0	4
1507	22.125	2
1508	23.25	3
1509	37.0	3
1510	18.375	1
1511	38.375	1
1512	37.25	1
1513	66.75	2
1514	25.0	1
1515	29.375	2
1516	18.0	1
1517	15.875	1
1518	27.25	1
1519	29.25	1
1520	27.5	3
1521	22.75	1
1522	81.875	1
1523	57.25	4
1524	25.0	3
1525	26.5	2
1526	22.5	3
1527	29.625	3
1528	21.5	3
1529	15.5	1
1530	23.25	3
1531	16.75	1
1532	21.5	3
1533	16.125	1
1534	16.375	1
1535	41.75	4
1536	22.375	2
1537	18.25	1
1538	18.5	1
1539	125.5	1
1540	21.875	3
1541	17.25	2
1542	24.625	2
1543	28.75	3
1544	46.875	3
1545	21.625	3
1546	21.75	2
1547	31.25	2
1548	28.125	2
1549	17.25	1
1550	47.75	1
1551	16.75	1
1552	21.25	3
1553	16.5	1
1554	33.875	1
1555	23.0	2
1556	33.0	1
1557	20.25	1
1558	45.625	3
1559	23.75	2
1560	13.75	1
1561	30.625	2
1562	17.5	3
1563	17.0	3
1564	15.5	1
1565	55.25	1
1566	30.5	2
1567	52.125	1
1568	80.375	3
1569	31.125	1
1570	16.75	1
1571	18.375	3
1572	22.375	3
1573	36.5	3
1574	27.25	3
1575	35.5	3
1576	35.625	2
1577	30.25	2
1578	38.25	2
1579	22.5	3
1580	18.0	2
1581	21.0	3
1582	40.125	1
1583	21.5	1
1584	17.875	1
1585	19.5	1
1586	39.5	3
1587	58.5	1
1588	21.625	2
1589	17.5	1
1590	72.75	1
1591	21.25	1
1592	38.625	1
1593	37.375	1
1594	32.0	3
1595	23.25	2
1596	21.25	2
1597	25.5	1
1598	46.5	4
1599	15.5	1
1600	44.125	3
1601	27.25	1
1602	24.5	3
1603	18.375	1
1604	21.25	3
1605	30.5	1
1606	29.25	3
1607	18.25	3
1608	37.0	2
1609	60.0	3
1610	23.5	3
1611	20.25	3
1612	31.25	2
1613	19.75	3
1614	28.5	1
1615	45.75	4
1616	18.25	1
1617	36.0	4
1618	20.25	1
1619	36.875	2
1620	34.875	1
1621	18.25	2
1622	20.5	1
1623	29.25	2
1624	23.25	1
1625	18.75	1
1626	23.875	3
1627	20.0	2
1628	28.375	3
1629	30.5	2
1630	27.25	1
1631	17.75	1
1632	18.5	1
1633	20.0	2
1634	27.375	1
1635	13.5	1
1636	25.75	1
1637	22.5	1
1638	73.25	3
1639	32.75	1
1640	25.75	3
1641	27.0	1
1642	23.0	3
1643	26.5	1
1644	35.75	1
1645	33.875	1
1646	39.375	1
1647	17.0	1
1648	26.125	1
1649	22.5	3
1650	19.5	3
1651	102.625	3
1652	31.0	1
1653	18.75	1
1654	19.375	2
1655	17.25	1
1656	73.25	1
1657	21.875	3
1658	17.5	1
1659	30.625	1
1660	20.75	3
1661	22.25	1
1662	31.375	1
1663	19.25	3
1664	19.375	3
1665	58.125	2
1666	22.0	2
1667	25.625	1
1668	26.5	3
1669	20.0	1
1670	22.25	1
1671	19.5	1
1672	13.25	1
1673	25.875	3
1674	24.25	2
1675	17.25	1
1676	17.75	1
1677	17.75	1
1678	28.0	2
1679	32.5	1
1680	33.0	2
1681	23.25	1
1682	31.0	1
1683	35.5	4
1684	41.25	1
1685	34.25	2
1686	20.875	1
1687	18.125	1
1688	29.75	2
1689	36.625	4
1690	26.625	3
1691	178.75	2
1692	15.25	1
1693	23.0	3
1694	17.5	1
1695	25.75	2
1696	43.875	1
1697	14.25	1
1698	33.875	1
1699	34.75	2
1700	32.5	1
1701	23.25	3
1702	56.75	3
1703	46.375	2
1704	50.5	2
1705	59.375	1
1706	24.625	1
1707	29.375	1
1708	37.0	1
1709	18.0	2
1710	15.25	2
1711	22.625	3
1712	37.125	1
1713	20.0	2
1714	30.75	2
1715	25.0	2
1716	27.875	1
1717	15.75	1
1718	59.75	1
1719	24.75	3
1720	30.875	3
1721	55.25	1
1722	50.5	1
1723	19.5	1
1724	23.875	1
1725	20.75	1
1726	19.75	3
1727	17.5	1
1728	17.75	2
1729	17.75	1
1730	34.0	3
1731	21.25	1
1732	31.0	1
1733	21.625	1
1734	28.5	2
1735	20.375	2
1736	32.75	1
1737	26.25	1
1738	19.75	2
1739	19.5	1
1740	15.625	2
1741	23.0	3
1742	43.875	3
1743	49.375	1
1744	16.75	1
1745	22.75	2
1746	29.25	3
1747	43.375	2
1748	14.5	1
1749	62.75	2
1750	30.25	1
1751	17.25	1
1752	23.25	3
1753	17.75	1
1754	36.5	3
1755	16.125	1
1756	31.375	2
1757	72.875	1
1758	20.25	1
1759	27.25	3
1760	26.125	1
1761	34.625	2
1762	32.25	1
1763	17.625	1
1764	42.0	1
1765	29.875	3
1766	21.875	1
1767	31.0	2
1768	20.5	2
1769	26.375	2
1770	18.625	1
1771	33.125	1
1772	18.25	2
1773	20.25	2
1774	23.125	2
1775	15.5	1
1776	15.75	1
1777	19.375	1
1778	20.125	3
1779	31.125	1
1780	16.75	1
1781	23.375	2
1782	18.375	1
1783	17.0	1
1784	20.25	1
1785	27.5	1
1786	22.625	1
1787	20.5	1
1788	78.125	1
1789	19.25	1
1790	37.0	2
1791	26.5	1
1792	76.5	3
1793	23.5	3
1794	44.0	2
1795	59.5	1
1796	70.75	4
1797	27.75	1
1798	41.25	1
1799	31.25	3
1800	36.125	4
1801	16.75	1
1802	27.125	1
1803	41.875	1
1804	56.625	1
1805	46.25	1
1806	20.0	1
1807	26.25	2
1808	37.5	1
1809	19.5	1
1810	38.125	3
1811	22.5	3
1812	30.375	1
1813	32.75	4
1814	37.375	3
1815	22.0	1
1816	23.875	3
1817	19.0	3
1818	74.0	1
1819	48.75	1
1820	18.5	3
1821	29.0	2
1822	18.25	1
1823	24.0	2
1824	28.5	1
1825	33.5	2
1826	35.875	2
1827	30.5	1
1828	19.5	3
1829	28.0	1
1830	23.5	2
1831	17.875	1
1832	32.125	1
1833	19.625	3
1834	40.5	3
1835	19.25	1
1836	24.625	1
1837	17.875	1
1838	48.5	1
1839	19.0	1
1841	47.625	2
1842	41.75	2
1843	25.125	3
1844	22.5	1
1845	15.75	3
1846	22.875	3
1847	63.25	1
1848	55.0	3
1849	26.625	3
1850	28.375	2
1851	37.0	3
1852	29.25	1
1853	32.25	2
1854	82.5	1
1855	33.125	3
1856	21.125	1
1857	20.5	3
1858	29.625	2
1859	18.75	1
1860	17.75	1
1861	27.5	1
1862	21.0	2
1863	27.375	2
1864	24.875	3
1865	20.0	2
1866	16.75	2
1867	18.0	3
1868	36.375	2
1869	18.625	2
1870	31.875	2
1871	19.75	1
1872	45.5	1
1873	18.0	1
1874	20.75	2
1875	27.375	1
1876	18.5	1
1877	26.25	2
1878	17.0	2
1879	77.0	1
1880	26.75	3
1881	17.375	1
1882	24.0	1
1883	19.5	1
1884	62.125	4
1885	35.5	3
1886	20.25	3
1887	25.25	1
1888	28.25	1
1889	20.5	3
1890	18.0	3
1891	37.125	3
1892	52.0	3
1893	17.625	1
1894	32.75	1
1895	31.25	1
1896	44.75	3
1897	22.0	2
1898	53.75	1
1899	55.5	2
1900	21.375	3
1901	24.0	3
1902	70.125	1
1903	16.5	1
1904	50.375	1
1905	72.0	5
1906	24.25	2
1907	39.875	1
1908	16.5	1
1909	71.625	1
1910	18.75	1
1911	23.5	2
1912	16.375	1
1913	30.125	1
1914	36.25	3
1915	42.5	3
1916	17.625	1
1917	48.125	4
1918	17.0	1
1919	22.0	3
1920	39.625	1
1921	28.5	1
1922	18.0	1
1923	22.5	3
1924	35.0	2
1925	23.5	3
1926	19.375	3
1927	44.125	2
1928	15.125	2
1929	23.0	3
1930	25.75	3
1931	16.0	3
1932	34.875	1
1933	147.125	1
1934	23.875	2
1935	23.125	3
1936	21.0	3
1937	45.625	5
1938	31.25	2
1939	27.5	1
1940	21.0	3
1941	13.875	1
1942	36.0	1
1943	58.125	1
1944	21.5	1
1945	22.75	1
1946	29.75	3
1947	30.5	2
1948	18.25	1
1949	36.0	1
1950	28.0	1
1951	29.5	3
1952	15.75	1
1953	28.0	1
1954	29.5	1
1955	18.75	3
1956	24.25	1
1957	26.625	3
1958	23.5	2
1959	17.5	1
1960	18.0	3
1961	38.0	1
1962	45.0	1
1963	39.375	3
1964	16.5	1
1965	38.75	1
1966	55.75	3
1967	22.5	2
1968	49.5	1
1969	20.5	1
1970	24.75	1
1971	30.875	2
1972	45.75	1
1973	27.75	2
1974	14.0	1
1975	33.875	1
1976	20.125	1
1977	26.0	1
1978	90.125	2
1979	19.5	1
1980	29.0	1
1981	26.625	2
1982	23.75	2
1983	21.75	1
1985	65.375	1
1986	20.0	3
1987	70.0	2
1988	33.625	1
1989	60.5	1
1990	18.25	1
1991	38.25	1
1992	17.25	1
1994	63.75	2
1995	30.5	3
1996	120.75	1
1997	47.75	1
1998	31.75	3
1999	26.5	4
2000	18.5	1
2001	25.5	2
2002	17.75	1
2003	14.75	1
2004	54.25	3
2005	18.75	3
2006	13.5	3
2007	33.25	1
2008	24.75	3
2009	20.875	1
2010	70.625	2
2011	22.0	3
2012	17.25	1
2013	32.125	3
2014	29.0	3
2016	17.75	1
2017	67.5	2
2018	29.25	2
2019	58.5	2
2020	29.5	1
2021	26.875	1
2022	26.875	2
2023	20.625	1
2024	32.0	3
2025	23.625	2
2026	34.75	1
2027	24.75	1
2028	27.75	2
2029	19.5	3
2030	14.5	1
2031	21.25	3
2032	26.5	1
2033	33.5	1
2034	16.125	1
2035	33.125	2
2036	24.5	1
2037	62.5	4
2038	27.25	3
2039	17.25	1
2040	16.75	1
2041	17.375	1
2042	24.75	2
2043	34.5	1
2044	22.875	1
2045	31.5	1
2046	25.0	1
2047	40.5	2
2048	17.75	1
2049	19.75	3
2050	166.5	1
2051	18.0	3
2052	25.5	3
2053	22.5	3
2054	22.5	1
2055	20.375	3
2056	66.875	2
2057	23.625	3
2058	35.125	1
2059	20.5	2
2060	52.375	4
2061	35.375	2
2062	27.0	2
2063	23.5	1
2064	126.0	1
2065	29.0	2
2066	46.0	3
2067	19.5	1
2068	18.25	1
2069	40.0	1
2070	19.25	1
2071	26.375	1
2072	27.125	3
2073	26.25	1
2074	29.75	3
2075	16.5	3
2076	23.75	1
2077	27.375	3
2078	17.875	1
2079	38.0	3
2080	22.25	3
2081	26.625	2
2082	23.5	3
2083	17.0	1
2084	17.25	3
2085	22.25	2
2086	34.0	2
2087	24.75	1
2088	25.875	1
2089	31.875	2
2090	23.75	3
2091	22.5	1
2092	35.5	3
2093	24.0	1
2094	51.375	1
2095	34.375	1
2096	20.0	3
2097	36.5	1
2098	98.5	5
2099	29.75	3
2100	28.875	1
2101	27.75	3
2102	28.5	1
2103	30.25	3
2104	29.375	3
2105	22.5	2
2106	43.625	2
2107	35.25	3
2108	31.5	1
2109	18.25	1
2110	40.5	2
2111	18.125	1
2112	46.25	2
2113	20.0	2
2114	33.625	3
2115	38.875	4
2116	25.5	2
2117	43.5	3
2118	33.5	1
2119	20.0	1
2120	25.625	2
2121	31.25	3
2122	15.75	2
2123	29.25	1
2124	28.25	3
2125	17.75	1
2126	21.25	1
2127	19.75	1
2128	41.875	1
2129	21.75	3
2130	26.5	2
2131	42.0	1
2132	36.75	1
2133	20.125	3
2134	25.375	1
2135	26.75	3
2136	23.25	3
2137	37.75	1
2138	19.5	3
2139	39.125	1
2140	25.875	1
2141	25.25	2
2142	17.25	1
2143	48.0	5
2144	20.0	3
2145	24.25	1
2146	34.375	3
2147	162.5	2
2148	40.25	1
2149	43.5	1
2150	44.625	3
2151	19.0	1
2152	16.5	1
2153	34.5	1
2154	42.875	1
2155	85.375	4
2156	23.75	3
2157	42.0	1
2158	21.25	3
2159	25.0	2
2160	34.75	3
2161	27.25	2
2162	27.875	3
2163	52.25	1
2164	31.5	2
2165	19.25	3
2166	93.75	1
2167	38.75	1
2168	17.0	1
2169	23.375	2
2170	20.75	3
2171	19.25	1
2172	90.875	1
2173	32.875	3
2174	30.0	1
2175	96.625	1
2176	50.75	3
2177	41.25	3
2178	57.625	2
2179	19.75	3
2180	53.625	2
2181	47.75	1
2182	29.0	2
2183	22.875	3
2184	17.0	1
2185	27.75	3
2186	19.375	1
2187	21.0	1
2188	20.5	2
2189	19.25	1
2190	23.375	1
2191	22.75	2
2192	34.75	2
2193	18.625	3
2194	31.375	1
2195	32.875	1
2196	30.5	3
2197	24.625	2
2198	34.375	4
2199	51.25	3
2200	23.75	2
2201	109.5	3
2202	38.125	3
2203	29.875	2
2204	30.125	1
2205	26.625	1
2206	33.25	2
2207	39.625	1
2208	32.375	1
2209	20.25	1
2210	41.0	2
2211	38.625	1
2212	18.25	1
2213	20.0	1
2214	30.25	3
2215	42.25	1
2216	23.75	2
2217	39.375	1
2218	26.875	1
2219	72.75	3
2220	16.0	1
2221	21.25	3
2222	29.375	3
2223	58.25	1
2224	18.5	1
2225	18.0	1
2226	32.875	2
2227	17.5	1
2228	19.75	1
2229	28.75	2
2230	19.25	1
2231	43.875	1
2232	50.0	3
2233	17.5	1
2234	25.25	1
2235	26.75	3
2236	22.25	1
2237	26.25	3
2238	19.75	1
2239	13.0	1
2241	18.0	1
2242	30.625	3
2243	27.625	1
2244	18.0	1
2245	27.5	1
2246	18.5	3
2247	25.5	3
2248	19.5	2
2249	25.125	3
2250	25.5	1
2251	23.375	3
2252	26.25	3
2253	20.625	3
2254	30.125	1
2255	35.5	1
2256	32.0	1
2257	15.375	1
2258	35.5	4
2259	20.25	2
2260	26.5	2
2261	13.5	1
2262	49.0	1
2263	141.875	1
2264	37.5	1
2265	25.875	1
2266	42.875	1
2267	24.75	2
2268	27.125	1
2269	94.75	1
2270	26.875	1
2271	27.625	2
2272	29.5	2
2273	27.0	1
2274	30.375	1
2275	19.25	3
2276	19.0	1
2277	84.75	5
2278	41.625	1
2279	25.75	3
2280	71.0	3
2281	41.375	1
2282	26.375	1
2283	35.0	4
2284	34.875	3
2285	43.625	1
2286	18.125	1
2287	18.5	3
2288	26.25	1
2289	41.375	3
2290	49.25	4
2291	14.125	2
2292	80.0	1
2293	50.75	2
2294	39.0	1
2295	26.25	1
2296	18.75	1
2297	26.625	2
2298	16.75	1
2299	21.0	3
2300	38.75	2
2301	30.75	1
2302	17.25	1
2303	60.875	1
2304	18.75	1
2305	27.125	1
2306	18.0	3
2307	20.625	3
2308	30.125	1
2309	40.625	3
2310	23.25	1
2311	29.75	2
2312	34.375	1
2313	15.75	1
2314	21.5	3
2315	108.5	2
2316	31.875	3
2317	22.25	2
2318	37.125	1
2319	18.0	1
2320	47.625	3
2321	21.0	3
2322	22.0	3
2323	19.25	2
2324	26.125	1
2325	19.25	2
2326	20.75	1
2327	30.875	1
2328	25.75	1
2329	40.25	1
2330	19.0	1
2331	26.25	3
2332	17.5	1
2333	16.125	1
2334	26.625	1
2335	21.75	2
2336	16.0	1
2337	27.75	1
2338	25.0	3
2339	29.0	1
2340	18.25	3
2341	25.625	3
2342	16.5	1
2343	20.125	1
2344	32.375	1
2345	99.5	1
2346	35.25	1
2347	17.25	1
2348	17.75	1
2349	22.75	3
2350	27.0	1
2351	38.0	1
2352	27.25	1
2353	23.625	1
2354	68.75	1
2355	78.25	4
2356	24.0	1
2357	22.75	3
2358	25.125	3
2359	38.75	2
2360	40.0	3
2361	28.25	3
2362	20.25	3
2363	39.0	1
2364	16.75	1
2365	17.5	1
2366	27.5	3
2367	28.125	3
2368	23.0	3
2369	17.5	1
2370	12.5	2
2371	28.0	2
2372	27.25	2
2373	29.25	1
2374	22.75	2
2375	17.75	1
2376	23.75	1
2377	33.375	2
2378	17.25	1
2379	29.5	2
2380	27.75	3
2381	22.25	1
2382	41.25	3
2383	23.125	2
2384	19.0	1
2385	17.5	1
2386	16.125	1
2387	30.25	2
2388	30.75	2
2389	25.25	2
2390	39.125	2
2391	19.0	3
2392	34.375	1
2393	30.25	2
2394	30.75	1
2395	18.0	1
2396	31.625	1
2397	39.25	1
2398	14.5	2
2399	20.0	2
2400	26.625	1
2401	27.375	2
2402	22.0	2
2403	31.375	2
2404	26.25	1
2405	26.75	1
2406	28.375	1
2407	16.5	2
2408	20.5	1
2409	19.25	2
2410	39.5	1
2411	18.5	1
2412	20.125	2
2413	20.0	1
2414	19.25	3
2415	35.75	4
2416	30.125	1
2417	27.75	2
2418	18.75	2
2419	61.0	4
2420	33.0	1
2421	56.75	2
2422	18.875	1
2423	28.25	2
2424	21.25	2
2425	30.5	3
2426	22.125	3
2427	27.5	3
2428	32.125	1
2429	26.875	1
2430	34.5	1
2431	28.5	1
2432	16.0	1
2433	33.625	1
2434	26.625	2
2435	40.375	4
2436	17.0	1
2437	36.0	3
2438	34.25	3
2439	18.25	1
2440	34.125	4
2441	18.125	1
2442	32.625	1
2443	26.5	1
2444	26.875	1
2445	18.375	1
2446	16.75	1
2447	31.0	1
2448	23.75	1
2449	20.625	3
2450	33.25	2
2451	19.0	1
2452	20.0	1
2453	108.5	1
2454	23.875	2
2455	17.25	1
2456	38.125	1
2457	43.625	1
2458	18.5	1
2459	38.5	1
2460	24.25	1
2461	29.75	1
2462	53.25	1
2463	39.625	4
2464	23.125	1
2465	27.0	1
2466	42.25	2
2467	53.375	3
2468	32.75	2
2469	25.625	2
2470	39.25	1
2471	110.625	1
2472	16.0	3
2473	25.0	3
2474	37.0	3
2475	16.25	1
2476	16.5	2
2477	23.125	1
2478	20.0	3
2479	34.875	2
2480	36.125	1
2481	31.0	3
2482	24.25	1
2483	22.125	3
2484	44.375	1
2485	18.5	1
2486	27.5	1
2487	24.5	1
2488	28.0	3
2489	23.25	1
2490	18.25	1
2491	18.375	1
2492	112.0	1
2493	54.125	1
2494	57.875	1
2495	38.625	1
2496	15.25	1
2497	18.75	1
2498	16.75	2
2499	25.25	3
2500	21.75	1
2501	28.75	2
2502	37.625	1
2503	36.875	1
2504	127.125	3
2505	27.25	3
2506	22.0	1
2507	24.5	1
2508	18.75	3
2509	40.25	1
2510	18.5	2
2511	18.625	3
2512	31.5	2
2513	20.625	1
2514	65.375	3
2515	28.5	2
2516	17.5	1
2517	28.875	3
2518	32.625	2
2519	18.75	1
2520	38.75	3
2521	24.625	2
2522	80.875	1
2523	24.75	3
2524	35.0	3
2525	14.625	1
2526	34.0	1
2527	23.25	2
2528	29.625	3
2529	34.5	2
2530	25.875	1
2531	39.375	4
2532	29.875	4
2533	30.0	1
2534	19.75	1
2535	34.25	2
2536	27.0	1
2537	19.25	2
2538	21.625	1
2539	26.25	3
2540	39.625	1
2541	28.5	3
2542	47.25	4
2543	32.375	2
2544	26.25	3
2545	19.0	1
2546	19.625	1
2547	38.5	2
2548	39.5	4
2549	39.625	1
2550	41.75	1
2551	17.5	1
2552	32.125	2
2553	21.0	1
2554	43.25	1
2555	17.25	1
2556	27.25	1
2557	21.75	2
2558	27.375	1
2559	20.5	1
2560	18.875	2
2561	17.25	3
2562	18.5	2
2563	22.375	2
2564	35.75	1
2565	40.625	2
2566	34.25	1
2567	53.625	1
2568	27.625	1
2569	27.625	2
2570	24.375	3
2571	34.25	1
2572	18.25	3
2573	17.25	1
2574	18.25	1
2575	24.625	3
2576	39.75	2
2577	21.25	1
2578	35.75	2
2579	25.5	2
2581	21.125	2
2582	15.75	1
2583	16.5	1
2584	26.25	2
2585	25.25	1
2586	36.5	2
2587	25.5	1
2588	27.25	3
2589	36.875	4
2590	19.625	2
2591	32.0	1
2592	24.625	1
2593	27.25	2
2594	15.5	1
2595	18.5	1
2596	36.375	3
2597	32.0	3
2598	21.0	1
2599	17.25	1
2600	19.0	3
2601	18.25	1
2602	53.375	4
2603	48.0	1
2604	44.75	1
2605	30.75	4
2606	49.375	1
2607	25.25	3
2608	29.875	1
2609	29.625	1
2610	38.25	1
2611	33.125	1
2612	23.25	3
2613	40.375	2
2614	20.125	2
2615	18.25	1
2616	32.0	3
2617	18.25	1
2618	22.25	1
2619	17.75	1
2620	26.5	3
2621	26.75	2
2622	34.5	1
2623	18.875	1
2624	25.875	2
2625	29.5	2
2626	37.0	1
2627	18.75	1
2628	16.125	1
2629	26.875	2
2630	22.25	3
2631	32.625	4
2632	23.0	3
2633	17.25	1
2634	34.875	1
2635	24.375	2
2636	21.75	1
2637	22.0	1
2638	17.0	1
2639	15.0	1
2640	27.75	3
2641	16.5	1
2642	47.125	3
2643	17.75	3
2644	27.75	3
2645	41.75	2
2646	35.5	2
2647	25.625	2
2648	26.5	1
2649	28.0	1
2650	16.375	1
2651	72.75	1
2652	30.625	2
2653	14.125	1
2654	22.5	2
2655	23.5	2
2656	27.25	2
2657	28.75	1
2658	47.0	1
2659	67.375	1
2660	43.125	1
2661	23.0	1
2662	18.0	1
2663	68.5	2
2664	34.25	2
2665	50.5	2
2666	15.875	1
2667	41.25	1
2668	33.5	1
2669	16.75	1
2670	61.125	4
2671	19.5	2
2672	120.25	1
2673	33.625	1
2674	16.75	2
2675	42.25	2
2676	109.375	1
2677	32.5	3
2678	23.0	3
2679	13.75	1
2680	24.75	1
2681	20.5	3
2682	68.125	4
2683	20.75	3
2684	68.75	3
2685	16.75	1
2686	18.875	2
2687	24.5	1
2688	35.0	1
2689	40.625	2
2690	18.25	1
2691	26.25	1
2692	21.75	1
2693	17.5	2
2694	21.625	3
2695	27.25	3
2696	45.25	1
2697	229.5	1
2698	47.75	1
2699	131.75	1
2700	18.0	1
2701	23.0	2
2702	30.0	2
2703	37.375	1
2704	24.5	1
2705	15.0	1
2706	23.375	2
2707	26.5	2
2708	40.625	1
2709	18.0	1
2710	32.0	1
2711	20.0	2
2712	21.5	3
2713	21.0	1
2714	15.875	1
2715	116.0	1
2716	35.5	1
2717	43.125	1
2718	15.75	1
2719	21.625	1
2720	30.625	2
2721	34.875	1
2722	29.5	2
2723	19.125	3
2724	78.5	3
2725	18.125	1
2726	31.25	1
2727	30.0	1
2728	19.25	3
2729	18.0	1
2730	36.75	2
2731	22.5	2
2732	17.25	1
2733	59.0	1
2734	21.0	3
2735	29.375	2
2736	41.375	2
2737	22.75	3
2738	29.25	3
2739	28.25	2
2740	30.0	3
2741	138.0	1
2742	38.25	3
2743	31.0	1
2744	54.125	3
2745	15.125	1
2746	40.25	2
2747	53.375	2
2748	16.0	2
2749	45.0	3
2750	17.375	2
2751	32.25	3
2752	13.75	2
2753	19.875	1
2754	18.0	1
2755	19.5	1
2756	14.0	1
2757	22.5	1
2758	31.25	1
2759	63.0	1
2760	20.25	1
2761	19.0	1
2762	38.25	1
2763	27.25	2
2764	26.0	1
2765	15.75	3
2766	87.125	3
2768	39.0	2
2769	20.125	1
2770	16.25	1
2771	30.0	1
2772	20.75	3
2773	19.125	1
2774	28.75	1
2775	43.625	2
2776	23.25	3
2777	25.5	1
2778	26.75	3
2779	36.875	1
2780	120.375	2
2781	33.0	2
2782	31.625	2
2783	25.25	1
2784	34.375	1
2785	34.25	1
2786	29.125	3
2787	27.0	2
2788	64.625	1
2789	34.0	2
2790	20.875	2
2791	21.0	1
2792	36.125	1
2793	22.0	3
2794	31.875	2
2795	31.25	1
2796	22.5	1
2797	28.625	3
2798	32.375	1
2799	15.75	2
2800	12.5	1
2801	25.5	2
2802	33.375	1
2803	24.625	3
2804	48.125	2
2805	35.5	1
2806	17.5	1
2807	26.5	1
2808	17.5	1
2809	22.75	1
2810	56.25	1
2811	33.5	1
2812	17.25	1
2813	34.375	1
2814	44.75	1
2815	16.75	1
2816	31.0	3
2817	29.875	2
2818	19.875	3
2819	38.25	5
2820	31.0	2
2821	14.25	2
2822	16.125	1
2823	25.5	3
2824	39.75	1
2825	21.25	3
2826	18.0	1
2827	21.5	3
2828	38.25	2
2829	27.625	1
2830	23.5	1
2831	33.0	3
2832	75.625	2
2833	22.5	1
2834	38.875	1
2835	16.75	1
2836	36.625	2
2837	48.75	1
2838	26.75	1
2839	43.875	1
2840	17.25	1
2841	26.75	2
2842	18.5	3
2843	36.625	1
2844	15.75	2
2845	31.125	1
2846	41.75	2
2847	30.25	3
2848	22.625	2
2849	26.875	2
2850	37.5	1
2851	22.0	3
2852	18.0	1
2853	22.0	3
2854	38.125	1
2855	19.25	1
2856	25.0	2
2857	27.75	1
2858	22.0	1
2859	23.25	2
2860	30.375	3
2861	25.125	2
2862	25.25	3
2863	18.375	1
2864	36.75	1
2865	19.5	3
2866	54.0	2
2867	19.25	1
2868	24.75	2
2869	19.125	3
2870	19.375	1
2871	28.0	3
2872	40.75	3
2873	25.75	1
2874	19.75	3
2875	49.75	4
2876	27.25	2
2877	31.0	3
2878	45.0	3
2879	25.0	3
2880	22.0	3
2881	25.25	2
2882	65.25	3
2883	21.25	3
2884	18.5	2
2885	47.5	1
2886	18.5	1
2887	53.125	3
2888	39.75	1
2889	22.375	2
2890	25.25	3
2891	22.5	3
2892	32.5	1
2893	18.875	3
2894	42.75	3
2895	28.125	1
2896	42.5	3
2897	74.125	3
2898	58.25	1
2899	25.875	3
2900	15.75	1
2901	16.0	3
2902	18.75	1
2903	19.0	3
2904	15.75	1
2905	22.75	3
2906	19.375	1
2907	22.0	3
2908	27.25	1
2909	28.625	2
2910	30.0	1
2911	19.75	3
2912	20.625	1
2914	17.5	3
2915	28.75	2
2916	19.0	2
2917	26.875	2
2918	26.75	2
2919	19.5	3
2920	39.625	2
2921	17.0	1
2922	18.5	1
2923	37.75	1
2924	27.375	1
2925	46.625	2
2926	17.25	1
2927	57.0	1
2928	22.875	3
2929	19.75	1
2930	18.0	1
2931	22.25	3
2932	27.0	2
2933	21.5	3
2934	27.125	2
2935	32.75	1
2936	37.625	4
2937	33.125	1
2938	41.375	4
2939	43.625	1
2940	36.625	1
2941	16.125	1
2942	13.5	1
2943	17.5	2
2944	54.25	2
2945	43.375	1
2946	18.5	1
2947	28.0	3
2948	26.75	2
2949	18.0	2
2950	34.875	1
2951	18.5	1
2952	19.5	1
2953	33.375	2
2954	19.75	1
2955	50.25	1
2956	17.25	1
2957	27.5	3
2959	61.375	3
2960	21.875	3
2961	20.25	1
2962	17.0	1
2963	31.75	1
2964	26.0	5
2965	30.0	1
2966	18.25	1
2967	29.25	2
2968	27.25	2
2969	29.0	1
2970	54.5	4
2971	32.25	3
2972	51.75	1
2973	89.75	3
2974	29.25	1
2975	45.25	2
2976	27.75	1
2977	24.5	1
2978	17.5	1
2979	38.75	2
2980	20.125	3
2981	22.75	2
2982	14.875	1
2983	36.5	1
2984	17.5	1
2985	22.75	2
2986	18.0	3
2987	26.625	2
2988	39.75	1
2989	20.5	1
2990	46.25	1
2991	36.0	3
2992	27.25	4
2993	19.0	1
2994	88.0	2
2995	29.375	2
2996	32.125	2
2997	17.0	1
2998	30.0	2
2999	68.875	2
3000	19.0	1
3001	15.125	1
3002	18.375	3
3003	18.25	1
3004	39.75	3
3005	23.25	2
3006	26.25	3
3007	51.25	2
3008	33.625	2
3009	20.625	1
3010	33.75	1
3011	22.5	3
3012	50.375	2
3013	30.625	2
3014	33.25	3
3015	45.5	1
3016	21.25	1
3017	27.25	2
3018	61.5	3
3019	22.0	2
3020	25.375	2
3021	19.25	3
3022	33.625	1
3023	52.0	1
3024	31.625	2
3025	40.125	1
3026	22.5	1
3027	39.75	1
3028	70.75	1
3029	43.5	1
3030	19.0	1
3031	21.75	3
3032	30.625	3
3033	29.0	3
3034	24.125	2
3035	34.625	1
3036	39.375	2
3037	51.25	1
3038	17.5	3
3039	18.75	1
3040	23.5	2
3041	33.0	1
3042	18.75	1
3043	25.5	2
3044	29.25	2
3045	44.0	2
3046	18.5	1
3047	17.875	1
3048	31.0	2
3049	26.5	3
3050	25.5	3
3051	28.75	2
3052	42.875	1
3053	49.0	1
3054	32.125	1
3055	18.625	2
3056	56.5	1
3057	17.375	1
3058	49.375	2
3059	53.25	1
3060	35.375	2
3061	31.375	2
3062	20.0	2
3063	18.75	3
3064	21.125	3
3065	29.375	2
3066	49.875	4
3067	23.875	1
3068	16.75	1
3069	23.75	1
3070	39.125	2
3071	27.75	2
3072	25.75	2
3073	33.25	2
3074	41.0	3
3075	17.0	1
3076	20.75	3
3077	22.25	3
3078	20.75	3
3079	46.75	1
3080	29.625	1
3081	19.875	3
3082	18.75	1
3083	20.75	1
3084	109.0	1
3085	46.75	2
3086	26.75	3
3087	18.25	1
3088	72.0	1
3089	47.5	3
3090	18.5	2
3091	19.25	1
3092	34.875	2
3093	20.0	2
3094	37.5	2
3095	17.5	1
3096	34.0	3
3097	20.5	2
3098	37.75	1
3099	27.5	3
3100	39.75	1
3101	43.5	1
3102	23.5	3
3103	23.125	2
3104	29.75	1
3105	22.75	3
3106	31.0	3
3107	21.625	2
3108	41.0	1
3109	17.0	1
3110	30.75	1
3111	20.25	1
3112	38.25	3
3113	22.5	2
3114	47.5	1
3115	20.0	2
3116	22.625	2
3117	34.5	2
3118	18.0	1
3119	17.25	1
3120	53.625	3
3122	19.75	3
3123	45.875	1
3124	44.25	1
3125	37.0	3
3126	19.5	1
3128	26.875	2
3129	57.0	3
3130	19.5	1
3131	20.25	3
3132	26.375	2
3133	21.375	3
3134	34.875	1
3135	20.5	3
3136	56.75	1
3137	23.875	3
3138	41.0	5
3139	34.75	2
3140	76.25	3
3141	23.375	1
3142	29.0	2
3143	19.25	1
3144	22.5	2
3145	17.25	1
3146	17.5	1
3147	39.5	2
3148	41.5	1
3149	20.75	2
3150	18.25	1
3151	21.875	3
3152	33.0	2
3153	20.75	3
3154	37.0	3
3155	28.875	1
3156	28.75	1
3157	28.0	1
3158	83.5	1
3159	21.625	1
3160	41.0	1
3161	56.625	1
3162	15.25	3
3163	27.875	2
3164	39.75	3
3165	31.0	1
3166	54.5	3
3167	128.125	1
3168	28.25	2
3169	42.125	1
3170	32.875	3
3171	35.75	3
3172	21.25	3
3173	41.875	2
3174	29.0	1
3175	17.0	1
3176	26.375	2
3177	28.5	3
3178	97.0	1
3179	18.25	1
3180	33.5	3
3181	31.125	2
3182	35.25	1
3183	34.375	1
3184	52.25	2
3185	51.125	4
3186	31.0	1
3187	19.375	1
3188	28.0	3
3189	31.75	2
3190	21.5	2
3191	27.5	1
3192	22.875	2
3193	31.75	3
3194	19.25	1
3195	28.375	4
3196	21.0	2
3197	27.75	1
3198	24.25	1
3199	22.75	2
3200	19.75	1
3201	29.0	3
3202	27.125	3
3203	16.125	1
3204	26.5	3
3205	34.0	3
3206	16.75	1
3207	29.25	3
3208	34.5	1
3209	40.5	4
3210	34.625	1
3211	93.625	1
3212	31.0	3
3213	28.375	2
3214	35.625	3
3215	45.5	2
3216	25.75	1
3217	20.0	3
3218	27.375	1
3219	18.5	1
3220	41.75	1
3221	27.75	1
3222	16.75	1
3223	37.25	3
3224	17.75	1
3225	20.0	1
3226	26.75	2
3227	19.5	2
3228	49.75	3
3229	20.75	2
3230	19.75	1
3231	16.25	1
3232	18.0	2
3233	35.375	1
3234	24.0	3
3235	37.0	1
3236	18.125	1
3237	21.25	3
3238	54.875	1
3239	23.25	2
3240	19.5	1
3241	50.875	3
3242	100.25	1
3243	70.75	3
3244	27.5	2
3245	40.375	4
3246	17.5	1
3247	65.5	2
3248	18.75	1
3249	49.5	1
3250	28.0	2
3251	43.75	1
3252	16.0	1
3253	17.75	1
3254	54.875	1
3255	18.25	3
3256	17.75	1
3257	17.5	1
3258	34.0	1
3259	15.25	1
3260	24.5	1
3261	34.25	3
3262	46.75	2
3263	22.25	2
3264	22.75	3
3265	61.375	1
3266	37.125	3
3267	23.0	3
3268	18.25	2
3269	24.125	3
3270	65.75	2
3271	40.125	2
3272	20.5	1
3273	30.625	2
3274	18.75	1
3275	25.875	2
3276	30.0	1
3277	24.125	1
3278	29.75	1
3279	17.75	3
3280	32.25	2
3281	25.25	3
3282	32.375	2
3283	25.0	2
3284	18.5	2
3285	37.75	3
3286	79.875	2
3287	19.5	1
3288	25.5	3
3289	26.75	3
3290	31.75	3
3291	41.625	1
3292	30.75	2
3293	23.5	2
3294	62.25	4
3295	20.25	1
3296	17.625	3
3297	29.25	1
3298	28.0	2
3299	15.25	2
3300	20.375	1
3301	85.0	3
3302	20.25	2
3303	28.625	2
3304	32.0	1
3305	17.75	1
3306	30.5	1
3307	20.5	3
3308	185.875	1
3310	17.0	1
3311	42.875	3
3312	36.625	1
3313	64.375	1
3314	28.25	1
3315	29.75	4
3316	31.25	1
3317	19.0	2
3318	49.0	1
3319	17.0	2
3320	15.5	1
3321	19.875	1
3322	20.0	2
3323	30.625	2
3324	24.25	2
3325	37.75	3
3326	17.25	1
3327	27.5	2
3328	25.5	1
3329	32.5	2
3330	25.375	1
3331	19.625	3
3332	94.75	1
3333	17.25	1
3334	32.25	2
3335	26.5	2
3336	32.5	1
3337	28.5	3
3338	18.75	1
3339	19.5	1
3340	28.5	1
3341	14.75	1
3342	36.75	1
3343	31.75	3
3344	33.5	3
3345	18.25	1
3346	28.0	3
3347	33.5	4
3348	25.125	1
3349	17.25	1
3350	19.0	1
3351	15.75	1
3352	16.0	1
3353	24.75	1
3354	51.75	2
3355	34.0	2
3356	30.125	1
3357	34.625	3
3358	36.625	1
3359	16.5	1
3360	32.0	1
3361	34.875	3
3362	21.25	3
3363	17.25	1
3364	22.625	3
3365	16.0	1
3366	17.25	3
3367	43.75	1
3368	69.625	4
3369	34.75	3
3370	24.875	1
3371	21.5	2
3372	26.125	1
3373	86.0	2
3374	28.75	3
3375	48.0	1
3376	20.0	1
3377	46.25	2
3378	33.375	3
3379	58.875	2
3380	18.0	1
3381	26.25	2
3382	19.875	3
3383	31.75	1
3384	35.25	1
3385	17.5	1
3386	30.5	1
3387	23.0	3
3388	40.375	3
3389	29.25	3
3390	20.0	1
3391	23.5	3
3392	18.5	1
3393	20.25	2
3394	44.25	3
3395	18.25	3
3396	33.875	3
3397	28.75	2
3398	20.0	3
3399	17.5	1
3400	53.75	4
3401	25.5	1
3402	26.75	1
3403	19.25	2
3404	40.5	3
3405	26.875	3
3406	42.75	1
3407	15.125	1
3408	33.25	2
3409	21.75	3
3410	20.25	3
3411	28.0	1
3412	21.625	1
3413	22.5	3
3414	82.625	1
3415	20.875	1
3416	27.0	3
3417	27.375	1
3418	24.125	1
3419	40.5	3
3420	30.25	3
3421	25.0	1
3422	28.875	1
3423	28.75	3
3424	28.875	2
3425	27.25	1
3426	17.625	1
3427	37.375	1
3428	25.875	3
3429	21.0	3
3430	33.125	1
3431	28.0	3
3432	113.875	1
3433	31.5	3
3434	26.75	1
3435	39.75	4
3436	34.0	1
3437	30.0	2
3438	22.75	1
3439	18.75	1
3440	17.25	1
3441	77.375	1
3442	155.0	1
3443	25.5	1
3444	28.0	3
3445	31.625	3
3446	23.0	3
3447	25.5	2
3448	16.875	1
3449	19.0	1
3450	30.25	2
3451	27.5	3
3452	27.5	1
3453	32.75	2
3454	58.0	1
3455	121.875	1
3456	20.5	3
3457	17.0	2
3458	16.25	1
3459	20.375	3
3460	20.0	1
3461	25.5	1
3462	24.75	2
3463	34.25	3
3464	24.625	1
3465	22.125	1
3466	17.875	1
3467	34.875	1
3468	32.75	1
3469	34.5	1
3470	50.625	2
3471	29.5	2
3472	23.25	1
3473	18.5	1
3474	33.25	2
3475	24.5	3
3476	23.0	1
3477	32.0	4
3478	30.75	2
3479	34.375	1
3480	21.75	3
3481	35.75	1
3482	26.5	1
3483	28.875	1
3484	33.875	2
3485	46.0	1
3486	35.875	1
3487	36.0	1
3488	28.375	1
3489	22.125	1
3490	19.75	1
3491	27.75	1
3492	15.625	1
3493	28.0	1
3494	25.875	2
3495	149.125	1
3496	25.5	3
3497	28.875	1
3498	22.5	1
3499	29.25	3
3500	49.625	1
3501	28.75	2
3502	38.75	1
3503	35.5	2
3504	20.25	2
3505	31.5	2
3506	93.75	1
3507	24.875	1
3508	34.375	1
3509	58.5	2
3510	18.25	3
3511	36.875	1
3512	31.625	1
3513	48.5	3
3514	35.25	1
3515	36.75	1
3516	27.25	4
3517	33.625	2
3518	31.25	4
3519	44.875	1
3520	47.25	3
3521	21.375	2
3522	15.0	3
3523	49.5	1
3524	18.25	1
3525	32.75	1
3526	35.75	2
3527	42.375	3
3528	29.75	1
3529	27.75	1
3530	27.375	1
3532	22.75	1
3533	27.0	1
3534	19.25	1
3535	98.125	1
3536	15.25	1
3537	42.25	3
3538	18.125	1
3539	18.75	1
3540	31.25	1
3541	94.5	1
3542	26.875	5
3543	19.75	1
3544	28.25	1
3545	19.75	1
3546	23.125	2
3547	16.75	1
3548	24.25	3
3549	34.125	3
3550	39.75	1
3551	25.875	1
3552	27.0	1
3553	27.5	1
3554	18.5	1
3555	71.25	1
3556	30.25	1
3557	17.0	1
3558	25.5	2
3559	28.25	1
3560	18.625	1
3561	35.25	1
3562	20.0	1
3563	22.5	3
3564	31.25	4
3565	17.75	1
3566	48.75	3
3567	14.75	1
3568	43.75	4
3569	15.875	1
3570	31.5	1
3571	39.75	1
3572	20.75	1
3573	16.625	3
3574	22.25	2
3575	43.875	1
3576	30.375	1
3577	72.375	1
3578	57.5	1
3579	43.25	1
3580	27.25	1
3581	22.875	2
3582	22.75	2
3583	21.125	3
3584	19.75	1
3585	23.0	3
3586	29.75	3
3587	37.0	3
3588	27.5	4
3589	23.0	2
3590	23.75	2
3591	30.875	3
3592	22.0	1
3593	20.625	3
3594	17.75	1
3595	28.875	1
3596	28.75	3
3597	16.0	1
3598	23.25	3
3599	24.125	2
3600	25.25	3
3601	46.625	3
3602	18.25	1
3603	22.375	1
3604	23.5	1
3605	36.0	1
3606	36.875	2
3607	33.375	3
3608	58.25	1
3609	26.25	1
3610	28.0	1
3611	112.75	1
3612	21.25	3
3613	30.125	1
3614	19.5	1
3615	20.875	1
3616	17.0	1
3617	50.5	3
3618	31.375	3
3619	19.75	3
3620	31.375	2
3621	16.0	1
3622	29.75	2
3623	48.25	2
3624	40.0	2
3625	25.75	1
3626	31.625	2
3627	36.75	4
3628	27.75	1
3629	27.375	3
3630	19.625	2
3631	29.625	2
3632	22.625	3
3633	29.625	2
3634	19.75	1
3635	39.0	2
3636	42.5	3
3637	114.75	2
3638	18.75	1
3639	22.875	3
3640	21.0	1
3641	22.0	3
3642	31.75	3
3643	17.0	1
3644	18.0	1
3645	40.5	1
3646	62.625	1
3647	19.625	1
3648	21.75	3
3651	78.0	3
3652	17.5	1
3653	31.5	2
3654	22.5	2
3655	28.875	4
3656	32.875	1
3657	26.5	3
3658	74.25	2
3659	14.75	1
3660	33.0	1
3661	25.25	2
3662	39.5	1
3663	16.5	1
3664	29.5	2
3665	39.625	3
3666	21.875	1
3667	18.25	1
3668	20.75	2
3669	41.75	2
3670	18.75	2
3671	16.75	1
3672	21.125	2
3673	20.5	3
3674	23.25	3
3675	23.5	1
3676	38.125	2
3677	41.5	1
3678	49.875	3
3679	31.25	1
3680	23.375	2
3681	17.75	1
3682	19.75	1
3683	23.75	2
3684	17.75	1
3685	58.125	2
3686	47.0	1
3687	27.375	2
3688	27.0	3
3689	23.0	1
3690	20.125	1
3691	18.25	1
3692	22.125	1
3693	22.75	3
3694	20.875	3
3695	18.125	1
3696	31.5	3
3697	49.75	4
3698	44.5	1
3699	24.875	2
3700	33.5	3
3701	86.5	1
3702	25.375	2
3703	32.0	2
3704	33.875	2
3705	35.75	2
3706	14.5	3
3707	26.25	3
3709	22.25	3
3710	72.875	2
3711	19.875	3
3712	21.875	1
3713	43.125	2
3714	63.125	2
3715	24.75	2
3716	17.0	1
3717	36.875	3
3718	31.875	2
3719	23.125	1
3720	113.75	1
3721	37.625	2
3722	19.125	1
3723	33.875	2
3724	22.0	3
3725	40.875	3
3726	123.0	1
3727	17.5	1
3728	28.25	1
3729	28.25	2
3730	30.375	3
3731	24.875	3
3732	26.25	3
3733	79.125	1
3734	37.0	2
3735	40.0	3
3736	29.375	3
3737	19.25	3
3738	15.375	3
3739	23.0	1
3740	19.0	1
3741	16.0	1
3742	19.0	2
3743	56.25	2
3744	18.75	1
3745	24.875	1
3746	34.125	3
3747	27.75	3
3748	17.75	1
3749	24.75	2
3750	18.25	1
3751	23.75	1
3752	22.25	3
3753	18.625	2
3754	23.5	1
3755	30.5	3
3756	20.0	1
3757	34.75	2
3758	172.0	1
3759	37.375	3
3761	32.125	3
3762	28.5	1
3763	23.25	3
3764	40.125	2
3765	40.75	1
3766	23.5	3
3767	39.5	2
3768	25.375	1
3769	12.5	1
3770	27.0	2
3771	20.375	3
3772	19.0	1
3773	174.5	1
3774	21.25	1
3775	20.125	3
3776	16.0	1
3777	37.5	1
3778	19.5	1
3779	24.875	2
3780	118.75	1
3781	27.75	3
3782	25.75	3
3783	40.875	1
3784	31.0	1
3785	20.5	3
3786	17.875	1
3787	21.0	2
3788	33.0	1
3789	19.0	2
3790	33.5	1
3791	28.0	2
3792	39.5	1
3793	39.75	3
3794	130.0	1
3795	20.0	1
3796	42.375	3
3797	27.125	1
3798	28.5	1
3799	27.625	1
3800	27.25	2
3801	22.5	3
3802	41.25	2
3803	26.625	1
3804	25.875	3
3805	25.75	1
3806	19.25	1
3807	15.875	1
3808	39.875	1
3809	17.125	1
3810	16.0	1
3811	26.875	4
3812	24.5	3
3813	26.625	2
3814	31.125	2
3815	30.25	3
3816	15.875	1
3817	25.875	1
3818	18.625	1
3819	19.75	1
3820	33.5	1
3821	124.0	3
3822	27.875	3
3823	23.75	1
3824	58.125	3
3825	21.5	1
3826	17.375	1
3827	27.25	3
3828	28.5	3
3829	100.25	1
3830	30.5	3
3831	23.0	2
3832	33.375	3
3833	30.0	2
3834	27.5	3
3835	31.0	3
3836	29.25	2
3837	33.75	3
3838	17.25	1
3839	29.625	1
3840	17.625	1
3841	40.5	4
3842	33.375	2
3843	24.0	1
3844	18.5	1
3845	33.0	1
3846	37.125	3
3847	15.5	1
3848	21.375	2
3850	23.25	1
3851	24.5	3
3852	19.25	1
3853	21.875	1
3854	15.75	1
3855	65.125	4
3856	19.125	1
3857	21.5	3
3858	32.25	1
3859	32.5	1
3861	32.75	1
3862	16.0	1
3863	21.625	3
3864	22.75	3
3866	25.0	1
3867	17.0	1
3868	25.75	1
3869	15.5	1
3870	27.0	3
3871	45.625	2
3872	32.875	4
3873	16.75	1
3874	57.0	3
3875	60.875	1
3876	28.25	1
3877	22.125	3
3878	18.5	3
3879	32.75	1
3880	22.375	3
3881	18.25	1
3882	21.0	1
3883	16.75	1
3884	25.5	3
3885	16.75	1
3886	25.75	2
3887	47.75	4
3888	69.125	3
3889	23.875	2
3890	28.25	2
3891	21.625	1
3892	68.25	2
3893	28.5	2
3894	30.375	1
3895	34.125	1
3896	16.75	1
3897	29.75	3
3898	15.0	1
3899	18.0	3
3900	18.125	1
3901	14.375	1
3902	19.125	1
3903	192.25	1
3904	21.5	3
3905	28.0	3
3906	29.5	3
3907	39.75	1
3908	63.25	1
3909	21.5	2
3910	30.25	1
3911	26.375	1
3912	32.875	3
3913	17.5	1
3914	27.5	1
3915	45.25	3
3916	17.0	1
3917	39.875	1
3918	32.5	4
3919	20.75	3
3920	37.875	3
3921	17.0	1
3922	24.5	2
3923	28.125	1
3924	72.25	1
3925	31.375	2
3926	18.25	3
3927	38.375	2
3928	38.0	1
3929	31.375	2
3930	31.375	2
3931	20.75	1
3932	40.25	2
3933	24.5	1
3934	18.875	1
3935	16.75	1
3936	35.375	2
3937	36.875	2
3938	49.875	1
3939	24.375	1
3940	31.125	1
3941	26.0	2
3942	18.5	3
3943	36.125	1
3944	22.25	1
3945	33.75	3
3946	121.5	4
3947	14.75	1
3948	29.0	5
3949	42.375	2
3950	21.0	2
3951	16.875	1
3952	38.25	1
3953	19.125	1
3954	18.875	1
3955	26.0	3
3956	63.0	1
3957	19.0	1
3958	21.375	1
3959	25.25	1
3960	19.0	1
3961	55.0	3
3962	27.5	1
3963	24.25	1
3964	29.25	3
3965	25.5	2
3966	34.5	3
3967	22.25	1
3968	48.5	1
3969	16.0	1
3970	16.5	1
3971	14.875	1
3972	21.5	1
3973	26.0	1
3974	77.375	2
3975	33.0	3
3976	61.25	2
3977	25.5	1
3978	20.125	1
3979	17.75	1
3980	14.5	1
3981	23.875	3
3982	37.25	3
3983	25.0	2
3984	28.625	3
3985	22.125	1
3986	77.25	3
3987	18.625	1
3988	25.375	2
3989	54.125	2
3990	24.875	2
3991	38.25	3
3992	60.75	3
3993	39.0	2
3994	25.5	1
3995	15.5	1
3996	19.25	1
3997	46.875	3
3998	30.0	1
3999	27.125	2
4000	19.75	3
4001	18.5	1
4002	22.75	2
4003	49.25	1
4004	14.125	2
4005	29.0	1
4006	25.75	2
4007	15.625	1
4008	23.75	3
4009	23.0	1
4010	22.75	3
4011	32.0	1
4012	22.5	4
4013	28.0	4
4014	18.75	1
4015	23.25	2
4016	32.375	2
4017	19.75	1
4018	19.625	3
4019	38.625	1
4020	27.125	1
4021	30.0	2
4022	51.625	3
4023	23.0	2
4024	26.75	1
4025	33.75	1
4026	21.25	1
4027	18.25	1
4028	31.625	3
4029	18.0	1
4030	38.875	1
4031	28.375	2
4032	25.625	3
4033	28.5	1
4034	64.25	1
4035	22.75	3
4036	79.25	1
4037	21.25	3
4038	33.75	1
4039	77.125	1
4040	38.625	5
4041	28.5	3
4042	18.625	1
4043	24.625	1
4044	23.5	3
4045	19.5	3
4046	32.0	2
4047	29.0	4
4048	52.5	3
4049	17.5	1
4050	37.875	3
4051	51.125	1
4052	44.0	2
4053	28.0	3
4055	25.25	2
4056	29.5	1
4057	33.625	1
4058	19.875	3
4059	32.5	3
4060	22.5	1
4061	60.0	1
4062	16.125	1
4063	28.5	1
4064	27.0	2
4065	20.5	3
4066	141.5	1
4067	53.875	1
4068	16.5	1
4069	147.25	1
4070	32.25	1
4071	17.0	1
4072	21.75	3
4073	50.0	1
4074	17.125	1
4075	35.0	1
4076	34.625	1
4077	39.75	1
4078	30.5	2
4079	18.75	1
4080	23.25	2
4081	25.75	1
4082	18.25	3
4083	36.0	2
4084	23.25	2
4085	35.0	1
4086	20.75	1
4087	56.25	1
4088	48.25	1
4089	27.25	3
4090	28.375	2
4091	39.875	5
4092	62.0	1
4093	17.25	1
4094	47.875	3
4095	18.75	1
4096	32.0	3
4097	25.625	2
4098	12.5	1
4099	24.625	2
4100	31.75	3
4101	34.25	4
4102	19.375	1
4103	24.5	1
4104	54.875	1
4105	35.125	2
4106	32.625	2
4107	42.875	1
4108	44.0	1
4109	19.5	1
4110	23.125	1
4111	25.0	1
4112	29.875	1
4113	21.125	1
4114	26.25	2
4115	24.25	1
4116	30.625	2
4117	23.75	1
4118	21.25	3
4119	18.0	1
4120	20.5	3
4121	30.75	3
4122	57.0	1
4123	15.625	1
4124	42.125	1
4125	171.75	2
4126	38.875	2
4127	29.25	1
4128	16.75	1
4129	25.875	1
4130	46.75	1
4131	22.875	2
4132	30.25	2
4133	70.25	1
4134	20.5	2
4135	16.75	1
4136	21.5	1
4137	24.75	1
4138	28.5	1
4139	24.0	1
4140	23.0	1
4141	58.25	2
4142	44.125	1
4143	37.75	2
4144	41.375	1
4145	27.25	3
4146	18.75	1
4147	29.25	1
4148	28.875	4
4149	29.0	2
4150	33.0	2
4151	21.75	1
4152	20.625	3
4153	42.5	2
4154	20.5	1
4155	18.75	3
4156	20.125	3
4157	19.5	1
4158	42.0	2
4159	18.25	1
4160	30.0	1
4161	30.0	1
4162	70.25	5
4163	48.375	2
4164	24.125	2
4165	28.625	1
4166	56.75	1
4167	46.375	1
4168	33.0	1
4169	19.0	1
4170	32.75	2
4171	37.5	1
4172	54.375	1
4173	31.375	4
4174	34.875	2
4175	28.625	2
4176	18.25	1
4177	16.125	1
4178	46.25	1
4179	51.125	1
4180	89.75	2
4181	39.125	2
4182	28.5	3
4183	53.625	4
4184	115.0	1
4185	37.5	2
4186	37.125	3
4187	21.25	2
4188	17.75	1
4189	17.75	1
4190	32.625	3
4191	40.875	3
4192	34.5	1
4193	31.625	1
4194	123.5	1
4195	20.5	1
4196	46.0	2
4197	44.0	1
4198	79.0	1
4199	27.5	1
4200	19.5	3
4201	30.125	1
4202	23.875	2
4203	21.625	1
4204	27.75	3
4205	31.625	1
4206	46.5	1
4207	31.875	1
4208	58.0	1
4209	18.25	3
4210	34.25	1
4211	25.875	1
4212	38.0	1
4213	17.5	1
4214	29.375	1
4215	25.125	2
4216	57.5	4
4217	28.875	2
4218	22.125	1
4219	32.5	2
4220	27.0	3
4221	36.125	3
4222	17.875	1
4223	18.5	1
4224	15.25	1
4225	18.25	3
4226	19.0	1
4227	27.875	1
4228	16.75	1
4229	94.875	1
4230	27.0	2
4231	33.5	4
4232	24.625	2
4233	37.5	1
4234	24.0	1
4235	19.0	1
4236	32.25	2
4237	35.375	2
4238	18.5	3
4239	49.0	2
4240	26.25	1
4241	18.75	1
4242	26.5	3
4243	24.75	1
4244	24.375	1
4245	22.125	3
4246	33.25	1
4247	28.5	3
4248	20.125	3
4249	28.25	1
4250	26.5	3
4251	28.25	3
4252	18.75	1
4253	31.25	1
4254	18.0	2
4255	29.125	1
4256	29.625	2
4257	17.5	1
4258	25.875	2
4259	18.5	1
4260	28.875	1
4261	31.25	2
4262	34.5	2
4263	34.125	2
4264	33.875	1
4265	15.25	3
4266	21.25	1
4267	18.75	1
4268	21.625	2
4269	28.125	2
4270	45.125	4
4271	31.125	3
4272	37.25	3
4273	26.875	2
4274	17.5	1
4275	99.75	2
4276	53.0	1
4277	25.875	3
4278	48.625	1
4279	18.25	1
4280	19.75	1
4281	42.375	1
4282	19.75	3
4283	19.375	1
4284	32.5	2
4285	15.75	1
4286	17.25	1
4287	19.25	1
4288	28.125	4
4289	28.75	1
4290	27.5	3
4291	17.5	1
4292	41.375	2
4293	37.0	3
4294	23.75	1
4295	28.5	2
4296	53.5	3
4297	21.5	3
4298	39.75	4
4299	72.75	1
4300	15.375	2
4301	23.25	3
4302	22.875	2
4303	32.0	3
4304	30.5	1
4305	26.125	3
4306	41.625	1
4307	20.875	1
4308	17.75	1
4309	21.5	3
4310	38.625	4
4311	20.25	3
4312	13.75	1
4313	25.25	1
4314	63.5	1
4315	25.25	3
4316	31.25	1
4317	27.0	1
4318	32.25	1
4319	26.125	1
4320	17.125	1
4321	19.0	1
4322	18.5	1
4323	23.5	3
4324	29.75	1
4325	51.0	1
4326	63.0	4
4327	32.625	1
4328	39.0	1
4329	18.625	3
4330	37.125	5
4331	40.75	3
4332	25.75	3
4333	19.75	2
4334	20.75	3
4335	39.875	1
4336	40.125	2
4337	29.0	2
4338	84.875	2
4339	28.0	3
4340	22.75	2
4341	28.375	3
4342	34.25	2
4343	45.0	4
4344	30.0	2
4345	22.25	1
4346	26.0	1
4347	46.0	1
4348	20.25	3
4349	20.75	1
4350	24.625	2
4351	27.75	1
4352	42.0	1
4353	38.375	1
4354	21.25	1
4355	19.75	2
4356	23.0	1
4357	19.5	1
4358	29.125	1
4359	17.25	1
4360	39.25	3
4361	18.125	1
4362	27.0	1
4363	25.625	2
4364	31.0	3
4365	22.875	3
4366	20.125	1
4367	28.625	2
4368	18.75	3
4369	26.375	3
4370	35.75	1
4371	29.5	3
4372	40.25	1
4373	33.25	1
4374	19.25	3
4375	16.25	1
4376	28.0	1
4377	35.25	3
4378	16.5	1
4379	32.125	1
4380	18.375	3
4381	18.0	1
4382	24.25	2
4383	39.0	1
4384	18.0	1
4385	76.25	1
4386	19.25	3
4387	31.75	1
4388	26.625	1
4389	16.125	1
4390	39.25	4
4391	25.5	2
4393	19.25	3
4394	45.0	2
4395	29.125	3
4396	24.75	2
4397	22.0	1
4398	24.25	1
4399	19.125	2
4400	26.375	4
4401	29.125	3
4402	19.25	1
4403	16.75	1
4405	44.0	1
4406	32.5	1
4407	19.125	1
4408	16.375	1
4409	16.25	1
4410	20.0	3
4411	74.125	1
4412	49.5	1
4413	47.25	1
4414	29.875	1
4415	25.25	2
4416	15.0	3
4417	30.125	2
4418	44.25	3
4419	24.5	3
4420	21.375	2
4421	46.5	2
4422	27.5	2
4423	43.125	1
4424	22.25	1
4425	23.0	2
4426	16.75	1
4427	18.625	3
4428	28.5	1
4429	15.75	1
4430	20.75	1
4431	16.25	1
4432	29.875	2
4433	45.375	1
4434	25.0	1
4435	34.625	1
4436	29.5	4
4437	19.25	1
4438	17.0	1
4439	25.5	3
4440	18.5	1
4441	16.75	1
4442	36.5	2
4443	43.375	1
4444	35.0	2
4445	102.25	1
4446	18.125	3
4447	30.75	1
4448	18.75	1
4449	25.25	1
4450	56.25	1
4451	19.5	3
4452	25.5	2
4454	34.125	3
4455	24.25	1
4456	18.75	1
4457	21.0	1
4458	19.5	1
4459	68.0	3
4460	40.0	1
4461	41.75	3
4462	23.75	2
4463	39.75	1
4464	31.5	2
4465	31.625	2
4466	43.625	3
4467	98.375	3
4468	141.875	1
4469	28.25	1
4470	26.75	4
4471	71.0	1
4472	15.0	3
4473	21.5	1
4474	20.5	3
4475	39.75	1
4476	31.75	1
4477	27.875	1
4478	21.75	2
4479	18.5	1
4480	55.75	3
4481	17.5	1
4482	42.625	2
4483	25.75	3
4484	50.875	3
4485	26.125	1
4486	18.0	2
4487	17.75	1
4488	19.75	1
4489	20.5	2
4490	40.25	3
4491	37.875	1
4492	24.5	3
4493	22.75	2
4494	24.0	1
4495	14.75	1
4496	18.25	1
4497	41.25	1
4498	45.125	3
4499	17.75	1
4500	36.5	2
4501	38.5	1
4502	18.75	1
4503	33.75	1
4504	18.375	1
4505	35.0	3
4506	25.5	3
4507	30.625	2
4508	60.875	2
4509	20.25	3
4510	20.75	1
4511	19.75	3
4512	19.75	1
4513	28.875	3
4514	51.5	1
4515	34.75	3
4516	53.5	1
4517	22.625	3
4518	38.875	1
4519	17.5	1
4520	14.0	1
4521	26.25	3
4523	17.25	3
4524	31.125	1
4525	30.0	1
4526	18.75	1
4527	18.875	3
4528	21.0	3
4529	15.0	1
4530	33.5	2
4531	40.75	1
4532	30.0	2
4533	23.375	3
4534	16.0	1
4535	21.0	1
4536	33.75	3
4537	27.5	2
4538	47.375	1
4539	39.25	2
4540	33.875	1
4541	58.5	3
4542	29.125	2
4543	60.75	2
4544	48.875	1
4545	18.0	1
4546	56.625	3
4547	23.5	1
4548	20.125	2
4549	41.5	2
4550	21.0	1
4551	39.625	1
4552	23.375	3
4553	23.75	2
4554	46.5	1
4555	29.25	1
4556	25.25	1
4557	38.25	2
4558	67.0	2
4559	16.5	1
4560	26.5	2
4561	16.75	1
4562	28.875	1
4563	33.125	3
4564	27.0	1
4565	46.0	2
4566	30.375	1
4567	30.875	1
4568	28.5	2
4569	23.25	1
4570	22.0	2
4571	28.5	1
4572	19.0	1
4573	99.375	3
4574	19.0	1
4575	49.125	1
4576	28.0	1
4577	30.25	3
4578	20.25	3
4579	18.5	1
4580	18.5	1
4581	142.125	1
4582	17.5	1
4583	15.125	1
4584	29.0	2
4585	23.125	2
4586	17.5	1
4587	35.75	4
4588	67.25	1
4589	37.375	2
4590	37.0	2
4591	21.75	1
4592	28.25	3
4593	32.75	1
4594	32.0	2
4595	15.25	1
4596	13.5	1
4597	72.0	1
4598	30.5	2
4599	54.25	4
4600	25.375	3
4601	16.875	1
4602	16.5	2
4603	21.25	2
4604	36.875	1
4605	19.25	3
4606	31.5	3
4607	57.375	1
4608	37.5	3
4609	17.25	1
4610	38.0	3
4611	38.75	1
4612	26.875	3
4613	21.125	3
4614	34.875	1
4615	18.0	1
4616	19.0	1
4617	23.25	1
4618	23.25	2
4619	42.0	3
4620	16.125	1
4621	20.5	1
4622	44.5	3
4623	19.75	3
4624	32.75	1
4625	18.75	1
4626	115.5	1
4627	18.75	2
4628	206.0	1
4629	36.125	1
4630	34.0	3
4631	42.0	2
4632	39.75	3
4633	15.25	1
4634	22.0	2
4635	66.125	2
4636	24.125	2
4637	31.75	1
4638	44.0	4
4639	17.25	1
4640	17.75	1
4641	18.25	1
4642	36.25	1
4643	23.625	1
4644	22.0	2
4645	45.75	3
4646	35.0	1
4647	22.25	3
4648	18.5	1
4649	28.375	1
4650	15.25	1
4651	33.5	4
4652	34.0	1
4653	21.5	3
4654	21.625	1
4655	83.5	2
4656	32.5	2
4657	60.875	4
4658	27.0	1
4659	23.75	2
4660	23.5	1
4661	25.25	1
4662	17.5	1
4663	55.0	3
4664	19.0	1
4665	36.125	1
4666	22.625	2
4667	18.0	1
4668	26.875	1
4669	21.5	3
4670	20.75	2
4671	17.5	1
4672	17.75	1
4673	22.5	2
4674	49.5	3
4675	26.625	3
4676	27.0	1
4677	31.0	2
4678	16.0	1
4679	26.0	3
4680	22.625	3
4681	37.875	1
4682	107.5	2
4683	18.0	1
4685	68.75	1
4686	20.0	1
4687	31.25	1
4688	19.0	1
4689	33.875	1
4690	26.75	3
4691	21.625	3
4692	38.75	2
4693	30.25	2
4694	17.25	1
4695	22.0	3
4696	16.5	1
4697	19.25	1
4698	19.875	2
4699	25.25	1
4700	64.0	1
4701	20.75	3
4702	35.375	1
4703	25.0	2
4704	26.25	1
4705	21.25	3
4706	29.25	4
4707	51.75	1
4708	27.875	1
4709	17.75	1
4710	111.75	1
4711	21.125	3
4712	36.0	3
4713	21.5	3
4714	19.0	1
4715	19.5	1
4716	21.5	1
4717	54.125	1
4718	54.5	1
4719	19.125	3
4720	20.125	1
4721	34.0	1
4722	36.625	1
4723	44.5	1
4724	50.75	1
4725	35.125	4
4726	34.25	2
4727	50.0	1
4728	17.25	3
4729	20.0	3
4730	28.0	1
4731	18.75	1
4732	28.5	2
4733	25.5	2
4734	22.0	1
4735	30.125	2
4736	22.25	3
4737	13.75	1
4738	17.375	2
4739	20.75	3
4740	18.75	1
4741	67.875	1
4742	19.25	3
4743	18.0	1
4744	35.0	2
4745	31.0	2
4746	45.875	4
4747	29.75	1
4748	21.75	1
4749	42.25	1
4750	19.0	1
4751	18.25	1
4752	22.25	1
4753	41.125	1
4754	28.375	3
4755	66.0	1
4756	22.25	3
4757	17.5	1
4759	44.75	2
4760	34.0	1
4761	21.5	3
4762	28.375	1
4763	31.375	3
4764	23.5	1
4765	23.75	1
4766	37.25	3
4767	26.125	1
4768	27.0	2
4769	43.5	3
4770	30.5	1
4771	22.0	2
4772	16.75	1
4773	44.625	2
4774	21.25	1
4775	19.375	1
4776	63.625	2
4777	18.0	3
4779	21.125	2
4780	67.5	2
4781	30.5	1
4782	18.875	1
4783	18.0	1
4784	26.25	1
4785	29.5	1
4786	16.625	3
4787	14.75	2
4788	18.125	1
4789	32.5	1
4790	47.5	4
4791	19.0	2
4792	26.125	2
4793	23.0	1
4794	170.25	2
4795	25.875	1
4796	30.0	1
4797	70.875	1
4798	31.375	3
4799	17.0	1
4800	62.75	3
4801	65.125	1
4802	36.125	1
4803	31.5	3
4804	46.5	2
4805	163.125	1
4806	38.625	1
4807	18.0	1
4808	16.25	1
4809	44.5	1
4810	17.0	1
4811	35.875	2
4812	16.25	1
4813	38.0	1
4814	22.75	1
4815	21.5	1
4816	17.0	1
4817	30.875	1
4818	26.5	2
4819	54.25	2
4820	16.75	3
4821	34.75	1
4822	22.75	2
4823	30.375	2
4824	29.25	3
4825	19.75	3
4826	24.25	2
4827	18.0	1
4828	132.375	1
4829	15.375	1
4830	18.875	1
4831	17.75	3
4832	19.25	1
4833	31.5	1
4834	19.25	1
4835	18.625	2
4836	29.0	2
4837	18.125	1
4838	15.0	2
4839	27.375	1
4840	14.5	1
4841	19.75	1
4842	25.75	1
4843	23.25	2
4844	24.875	1
4845	58.0	1
4846	22.0	3
4847	28.25	1
4848	48.5	3
4849	31.125	1
4850	19.25	3
4851	30.5	1
4852	90.0	1
4853	15.5	1
4854	30.25	2
4855	37.625	2
4856	41.125	3
4857	27.0	3
4858	21.0	3
4859	22.25	2
4860	18.5	1
4861	30.625	1
4862	37.25	2
4863	28.5	1
4864	20.75	2
4865	42.625	2
4866	36.375	3
4867	26.5	1
4868	24.0	2
4869	26.5	3
4870	26.5	1
4871	49.5	1
4872	32.875	3
4873	17.75	1
4874	27.75	3
4875	25.875	1
4876	22.625	1
4877	28.375	1
4878	20.5	1
4879	23.125	2
4880	28.25	3
4881	15.5	1
4882	99.0	1
4883	24.25	2
4884	19.25	1
4885	17.375	3
4886	25.75	2
4887	18.75	1
4888	20.5	1
4889	20.75	1
4890	33.25	1
4891	41.0	3
4892	15.5	1
4893	159.0	1
4894	30.5	1
4895	124.75	1
4896	19.25	1
4897	39.875	1
4898	40.25	3
4899	18.25	1
4900	34.5	3
4901	21.125	3
4902	15.75	1
4903	23.75	2
4904	19.0	1
4905	20.0	3
4906	16.75	1
4907	22.5	1
4908	21.5	1
4909	17.5	1
4910	14.75	1
4911	26.5	1
4912	19.75	3
4913	30.75	1
4914	33.875	2
4915	25.125	1
4916	18.875	1
4917	19.75	1
4918	45.5	2
4919	33.0	1
4920	29.0	3
4921	141.625	1
4922	16.125	1
4923	34.25	3
4924	23.625	2
4925	23.25	2
4926	20.25	1
4927	35.5	1
4928	31.125	1
4929	22.25	3
4930	30.25	3
4931	37.0	3
4932	31.125	1
4933	31.5	2
4934	18.75	2
4935	25.0	1
4936	90.375	1
4937	67.0	1
4938	15.75	1
4939	48.125	3
4940	32.5	2
4941	27.0	1
4942	25.875	3
4943	25.5	1
4944	21.0	2
4945	27.5	1
4946	56.125	2
4947	19.0	2
4948	31.875	1
4949	173.125	1
4950	37.875	2
4951	98.625	2
4952	44.75	1
4953	18.25	1
4954	22.375	2
4955	29.375	1
4956	17.75	1
4957	23.0	1
4958	24.875	1
4959	39.25	1
4960	18.0	3
4961	23.125	2
4962	27.5	2
4963	18.0	1
4964	22.0	1
4965	27.375	2
4966	31.625	2
4967	37.375	1
4968	24.0	1
4969	18.25	1
4970	17.625	1
4971	21.5	1
4972	24.0	1
4973	35.875	4
4974	43.0	1
4975	64.125	1
4976	25.25	3
4977	18.125	3
4978	38.625	1
4979	29.75	1
4980	18.75	3
4981	22.125	3
4982	38.625	2
4983	29.125	2
4984	42.0	1
4985	26.75	3
4986	79.75	1
4987	27.125	1
4988	17.75	1
4989	25.75	2
4990	21.0	3
4991	16.75	2
4992	18.0	1
4993	40.125	3
4994	17.25	1
4995	20.0	3
4996	31.5	1
4997	33.75	1
4998	41.0	2
4999	22.25	2
5000	40.75	3
5001	52.0	2
5002	37.5	1
5003	20.5	2
5004	19.375	1
5005	40.5	1
5006	42.875	4
5007	46.375	2
5008	42.25	1
5009	61.25	3
5010	21.25	3
5011	18.25	1
5012	29.0	3
5013	19.375	1
5014	50.25	2
5015	36.75	1
5016	24.5	1
5017	19.25	3
5018	18.25	1
5019	22.25	2
5020	51.875	3
5021	19.0	3
5022	35.0	1
5023	16.625	2
5024	28.25	1
5025	16.25	3
5026	24.0	1
5027	19.25	1
5028	20.25	3
5029	24.875	1
5030	20.0	1
5031	35.5	1
5032	34.125	1
5033	41.25	1
5034	26.625	1
5035	28.0	1
5036	17.0	1
5037	24.25	2
5038	25.125	3
5039	17.75	1
5040	70.125	3
5041	18.875	1
5042	31.125	2
5043	86.0	1
5044	37.625	2
5045	33.75	3
5046	47.125	2
5047	20.0	1
5048	23.125	1
5049	45.75	4
5050	28.5	1
5051	62.0	3
5052	22.5	3
5053	53.125	4
5054	14.5	1
5055	38.625	1
5056	124.75	1
5057	19.75	1
5058	31.0	1
5059	41.625	3
5060	17.25	1
5061	26.5	2
5062	28.5	3
5063	20.25	1
5064	20.25	3
5065	31.25	1
5066	38.25	3
5067	15.25	1
5068	51.0	3
5069	31.75	3
5070	36.25	2
5071	32.125	2
5072	17.5	1
5073	23.5	1
5074	24.0	1
5075	21.25	3
5076	40.875	1
5077	25.5	3
5078	25.25	1
5079	26.5	1
5080	52.25	1
5081	28.0	3
5082	36.0	2
5083	52.0	2
5084	27.0	3
5085	17.75	1
5086	16.25	1
5087	67.125	3
5088	26.0	1
5089	29.5	2
5090	44.75	2
5091	22.125	1
5092	16.5	1
5093	21.625	3
5094	31.75	3
5095	24.75	3
5096	21.5	3
5097	18.75	3
5098	28.0	2
5099	52.5	1
5100	46.75	1
5101	21.5	2
5102	141.5	1
5103	18.875	2
5104	57.25	3
5105	18.0	1
5106	23.875	2
5107	22.0	3
5108	18.0	1
5109	16.75	1
5110	31.0	1
5111	18.75	1
5112	25.75	3
5113	38.25	1
5114	52.25	3
5115	18.75	1
5116	30.5	1
5117	21.125	1
5118	20.25	3
5119	29.0	1
5120	15.5	2
5121	19.25	2
5122	22.25	3
5123	31.25	1
5124	25.625	2
5125	30.5	2
5126	33.0	4
5127	45.0	3
5128	23.5	2
5129	65.375	1
5130	26.0	1
5131	17.0	1
5132	19.25	1
5133	37.5	3
5134	27.25	1
5135	22.75	1
5136	26.75	1
5137	63.125	1
5138	36.875	2
5139	66.0	1
5140	25.375	1
5141	16.0	2
5142	27.25	1
5143	34.0	2
5144	99.25	1
5145	147.5	3
5146	36.375	1
5147	16.75	3
5148	16.75	3
5149	60.25	2
5150	45.75	1
5151	19.0	1
5152	27.75	3
5153	28.0	2
5154	26.75	2
5155	86.75	3
5156	59.5	3
5157	30.5	2
5158	41.375	1
5159	15.0	1
5160	34.75	1
5161	24.375	3
5162	26.0	3
5163	29.375	3
5164	48.625	2
5165	22.0	3
5166	53.75	1
5167	20.75	3
5168	81.0	2
5169	22.125	2
5170	96.25	1
5171	28.5	3
5172	27.375	3
5173	71.5	1
5174	23.25	3
5175	30.25	3
5176	28.625	2
5177	36.875	2
5178	17.75	1
5179	34.75	2
5180	41.5	3
5181	30.5	3
5182	27.375	1
5183	22.5	1
5184	47.375	1
5185	19.125	1
5186	30.0	1
5187	76.875	1
5188	21.875	3
5189	45.25	2
5190	45.375	2
5191	47.25	4
5192	108.375	2
5193	21.25	3
5194	15.625	1
5195	32.5	1
5196	42.5	1
5197	25.125	2
5199	32.375	1
5200	16.125	2
5201	31.375	1
5202	42.5	1
5203	20.0	1
5204	16.375	1
5205	18.75	3
5206	28.375	3
5207	43.25	1
5208	18.5	3
5209	30.75	1
5210	13.75	1
5211	17.75	1
5212	21.5	1
5213	37.375	1
5214	46.0	1
5215	20.0	1
5216	43.5	2
5217	18.5	1
5218	43.625	1
5219	17.25	1
5220	17.5	1
5221	29.375	1
5222	46.0	1
5223	87.125	3
5224	16.75	3
5225	22.625	3
5226	25.625	1
5227	19.5	3
5228	40.0	3
5229	18.75	2
5230	46.75	1
5231	35.25	3
5232	18.0	1
5233	39.5	1
5234	48.5	1
5235	18.375	2
5236	24.0	2
5237	27.75	2
5238	25.0	1
5239	26.75	3
5240	41.5	3
5241	23.0	2
5242	24.0	2
5243	27.75	1
5244	19.125	1
5245	18.0	1
5246	33.125	1
5247	39.625	2
5248	37.125	4
5249	27.75	2
5250	27.0	3
5251	33.375	1
5252	19.75	2
5253	33.375	1
5254	197.0	1
5255	25.75	2
5256	30.125	1
5257	25.75	2
5258	30.75	1
5259	24.625	1
5260	42.0	1
5261	16.0	2
5262	18.5	3
5263	23.75	1
5264	37.0	1
5265	61.25	3
5266	14.0	1
5267	35.5	3
5268	17.75	1
5269	26.5	3
5270	32.125	1
5271	31.25	1
5272	29.25	2
5273	16.75	1
5274	21.125	2
5275	48.75	1
5276	17.25	1
5277	17.75	1
5278	25.5	3
5279	22.5	1
5280	48.875	2
5281	28.375	1
5282	22.0	3
5283	22.5	3
5284	42.625	3
5285	17.125	1
5286	48.0	1
5287	15.5	1
5288	50.0	1
5289	85.5	2
5290	18.5	1
5291	22.25	1
5292	64.0	1
5293	66.375	4
5294	24.5	2
5295	19.125	1
5296	15.25	2
5297	55.0	1
5298	16.125	1
5299	18.5	1
5300	19.5	3
5301	19.375	3
5302	25.25	2
5303	15.5	1
5304	17.25	1
5305	19.0	2
5306	39.125	1
5307	23.25	1
5308	26.75	1
5309	23.75	1
5310	37.875	1
5311	23.75	2
5312	61.875	3
5313	23.125	2
5314	17.75	3
5315	17.625	1
5316	20.75	1
5317	34.125	3
5318	25.75	1
5319	47.625	1
5320	18.25	1
5321	20.75	1
5322	17.0	3
5323	33.75	2
5324	15.375	3
5325	63.0	2
5326	29.375	1
5327	47.75	1
5328	30.75	1
5329	23.0	2
5330	20.5	2
5331	27.25	2
5332	38.0	2
5333	23.375	3
5334	80.25	1
5335	25.75	1
5336	28.0	4
5337	20.0	1
5338	22.375	3
5339	21.25	2
5340	28.375	1
5341	27.5	3
5342	36.25	1
5343	28.375	1
5344	45.75	1
5345	45.375	1
5346	26.5	3
5347	31.0	1
5348	18.125	1
5349	21.25	1
5350	24.25	1
5351	26.75	1
5352	27.125	1
5353	44.125	1
5354	20.0	1
5355	23.125	3
5356	21.375	2
5357	24.0	2
5358	17.0	1
5359	42.25	2
5360	17.5	1
5361	44.0	1
5362	30.25	1
5363	27.625	1
5364	29.875	1
5365	21.125	1
5366	24.5	1
5368	19.125	3
5369	15.25	2
5370	13.625	1
5371	30.5	2
5372	35.5	1
5373	31.0	3
5374	24.0	2
5375	24.25	1
5376	19.5	3
5377	32.5	1
5378	24.75	1
5379	25.75	3
5380	33.0	1
5381	25.5	3
5382	26.75	3
5383	27.25	2
5384	28.0	1
5385	17.25	2
5386	19.0	1
5387	24.25	2
5388	14.875	1
5389	39.0	2
5390	25.875	3
5391	17.875	3
5392	24.875	2
5394	18.25	1
5395	19.25	3
5396	43.0	1
5397	23.625	1
5398	20.25	3
5399	18.0	1
5400	20.25	3
5401	185.25	1
5402	32.5	1
5403	17.25	1
5404	26.75	1
5405	36.875	1
5406	26.0	1
5407	19.75	3
5408	18.5	1
5409	28.75	2
5410	17.5	2
5411	27.0	2
5412	23.375	1
5413	17.5	3
5414	27.25	1
5415	20.875	3
5416	27.75	3
5417	42.375	1
5418	16.75	1
5419	121.75	1
5420	27.625	3
5421	26.25	1
5422	19.5	1
5423	36.0	2
5424	34.75	1
5425	18.5	1
5426	20.0	1
5427	22.0	3
5428	17.5	2
5429	19.25	3
5430	32.25	3
5431	62.875	3
5432	78.125	3
5433	19.0	3
5434	31.25	2
5435	27.75	2
5436	32.75	1
5437	21.5	3
5438	35.5	2
5439	29.5	3
5440	27.25	1
5441	90.5	1
5442	56.5	2
5443	33.5	4
5444	26.125	3
5445	29.875	1
5446	18.5	3
5447	34.25	3
5448	39.125	4
5449	29.0	2
5450	12.75	1
5451	34.375	2
5452	21.625	3
5453	43.125	1
5454	18.625	1
5455	18.75	1
5456	16.75	1
5457	34.0	1
5458	18.75	3
5459	28.0	2
5460	33.25	1
5461	17.0	3
5462	39.5	1
5463	34.25	3
5464	27.125	2
5465	15.5	1
5466	129.0	2
5467	96.25	1
5468	32.25	1
5469	36.0	1
5470	51.5	2
5471	17.25	1
5472	30.75	3
5473	25.5	1
5474	27.75	1
5475	42.0	1
5476	19.5	2
5477	31.625	3
5478	23.5	3
5479	56.875	3
5480	15.625	1
5481	18.5	1
5482	27.75	3
5483	133.5	1
5484	35.0	1
5485	34.25	3
5486	24.25	3
5487	39.0	1
5488	22.5	2
5489	36.0	2
5490	23.875	2
5491	30.625	2
5492	45.625	1
5493	30.25	2
5494	30.125	1
5495	19.625	3
5496	23.375	2
5497	15.375	1
5498	23.0	1
5499	59.5	1
5500	16.25	3
5501	42.0	3
5502	19.25	3
5503	26.5	1
5504	22.875	3
5505	34.875	3
5506	14.75	2
5507	19.25	1
5508	38.625	2
5509	22.0	1
5510	26.25	3
5511	18.5	1
5512	17.25	1
5513	16.0	1
5514	23.625	1
5515	45.0	2
5516	20.125	3
5517	50.75	2
5518	16.25	2
5519	27.75	4
5520	18.25	1
5521	14.5	1
5522	51.5	2
5523	24.375	1
5524	29.375	1
5525	14.0	1
5526	18.0	1
5527	19.0	2
5528	38.5	1
5529	31.0	1
5530	21.25	1
5531	26.875	3
5532	32.5	2
5533	34.75	1
5534	50.25	2
5535	42.0	1
5536	30.25	2
5537	26.625	1
5538	28.25	2
5539	43.5	1
5540	27.0	1
5541	41.125	3
5542	24.5	1
5543	14.75	1
5544	34.125	2
5545	33.75	2
5546	42.625	2
5547	20.25	1
5548	50.875	1
5549	17.25	1
5550	124.125	1
5551	35.125	2
5552	23.75	2
5553	18.5	3
5554	41.375	4
5555	27.75	1
5556	19.0	3
5557	31.375	3
5558	26.0	1
5559	36.875	2
5560	16.5	1
5561	18.0	1
5562	30.75	1
5563	41.0	5
5564	36.625	1
5565	20.5	1
5566	41.75	1
5567	20.5	3
5568	16.75	1
5569	23.0	1
5570	17.5	3
5571	23.5	1
5572	18.25	1
5573	18.25	1
5574	23.75	3
5575	16.375	1
5576	28.75	1
5577	25.875	1
5578	29.0	1
5579	51.875	5
5580	30.625	2
5581	57.5	3
5582	33.375	3
5583	42.25	2
5584	69.125	2
5585	25.25	2
5586	34.75	4
5587	42.0	1
5588	25.25	1
5589	34.625	3
5590	31.75	2
5591	28.5	3
5592	23.5	3
5593	18.0	3
5594	19.5	1
5595	21.75	3
5596	63.375	2
5597	22.625	1
5598	27.0	1
5599	35.625	2
5600	102.25	3
5601	28.5	1
5602	26.75	1
5603	72.875	3
5604	39.125	2
5605	18.0	1
5606	27.25	3
5607	28.25	1
5608	50.25	1
5609	23.75	1
5610	16.875	1
5611	18.875	3
5612	25.5	1
5613	95.5	1
5614	25.125	1
5615	21.375	1
5616	18.75	3
5617	25.0	3
5618	40.375	1
5619	30.5	3
5620	39.875	1
5621	26.0	1
5622	19.125	3
5623	29.5	2
5624	37.875	1
5625	24.625	1
5626	55.75	2
5627	37.0	1
5628	31.75	3
5629	32.125	1
5630	18.5	3
5631	40.25	1
5632	31.75	3
5633	31.875	2
5634	37.5	1
5635	39.0	4
5636	22.75	1
5637	26.5	2
5638	18.25	1
5639	12.5	1
5640	31.0	3
5641	36.625	1
5642	27.75	1
5643	23.75	2
5644	151.375	1
5645	24.375	3
5646	40.0	1
5647	17.25	1
5648	53.0	1
5649	16.0	1
5650	35.25	3
5651	21.5	3
5652	18.0	1
5653	21.75	1
5654	34.5	1
5655	38.5	1
5656	17.875	2
5657	22.875	3
5658	38.75	2
5659	18.5	1
5660	17.25	1
5661	17.75	1
5662	23.25	2
5663	73.875	3
5664	21.75	3
5665	46.5	1
5666	32.0	1
5667	21.0	3
5668	26.125	1
5669	18.25	1
5670	36.625	3
5671	32.5	2
5672	16.25	1
5673	16.75	3
5674	18.5	1
5675	20.375	1
5676	17.0	1
5677	49.5	1
5678	17.375	1
5679	36.0	2
5680	21.5	2
5681	18.5	1
5682	33.0	2
5683	19.25	1
5684	24.75	2
5685	17.25	1
5686	35.25	1
5687	23.5	2
5688	45.875	1
5689	22.375	3
5690	17.75	3
5691	19.5	1
5692	101.5	1
5693	28.25	1
5694	38.0	1
5695	64.25	2
5696	68.0	1
5697	24.25	1
5698	49.75	2
5699	51.875	3
5700	24.375	1
5701	18.0	1
5702	27.5	3
5703	23.125	1
5704	78.375	1
5705	37.5	1
5706	22.75	2
5707	26.875	2
5708	19.125	1
5709	63.625	4
5710	37.25	3
5711	18.75	1
5712	71.375	3
5713	25.5	1
5714	33.75	2
5715	44.0	2
5716	18.75	1
5717	94.125	2
5718	187.375	1
5719	24.375	1
5720	20.875	3
5721	24.25	3
5722	23.25	1
5723	20.0	2
5724	16.75	3
5725	33.75	2
5726	18.875	3
5727	23.0	1
5728	30.375	1
5729	54.75	2
5730	29.125	1
5731	30.5	1
5732	51.0	1
5733	33.0	3
5734	26.0	1
5735	20.25	2
5736	42.0	3
5737	51.25	1
5738	31.25	1
5739	18.0	3
5740	16.75	2
5741	34.375	1
5742	43.0	3
5743	61.25	2
5744	18.25	1
5745	25.75	1
5746	44.25	2
5747	26.125	1
5748	17.875	1
5749	18.125	2
5750	62.875	1
5751	16.0	1
5752	46.25	1
5753	14.0	1
5754	18.5	1
5755	36.75	2
5756	20.75	2
5757	25.25	1
5758	55.0	4
5759	22.25	1
5760	20.125	1
5761	29.0	1
5762	21.125	2
5763	22.5	1
5764	27.25	1
5765	57.25	4
5766	51.875	2
5767	28.125	2
5768	24.75	1
5769	24.75	3
5770	50.375	2
5771	84.625	1
5772	27.0	1
5773	33.25	1
5774	19.0	1
5775	17.5	1
5776	41.75	1
5777	22.875	1
5779	49.75	2
5780	24.75	3
5781	35.875	2
5782	19.875	1
5783	84.0	1
5784	22.0	2
5785	57.0	2
5786	16.5	1
5787	16.375	1
5788	27.125	1
5789	49.75	2
5790	20.0	1
5791	29.75	2
5792	35.125	1
5793	34.375	2
5794	23.0	2
5795	37.75	1
5796	19.0	1
5797	27.625	3
5798	25.0	1
5799	25.75	2
5800	33.75	2
5801	52.0	2
5802	17.0	1
5803	44.125	5
5804	38.75	2
5805	32.875	2
5806	22.75	3
5807	26.75	1
5808	23.875	3
5809	23.25	2
5810	33.25	1
5811	19.125	1
5812	20.375	1
5813	20.25	3
5814	17.5	1
5815	16.75	1
5816	37.75	1
5817	37.625	2
5818	28.5	3
5819	16.0	1
5820	19.25	3
5821	36.0	3
5822	17.75	1
5823	20.375	1
5824	22.5	2
5825	20.75	1
5826	18.75	1
5827	16.25	1
5828	27.5	2
5829	39.125	2
5831	29.5	1
5832	17.625	2
5833	26.75	3
5834	22.375	2
5835	23.625	2
5836	128.5	1
5837	35.25	1
5838	16.75	1
5839	22.875	2
5840	29.625	3
5841	23.0	3
5842	16.5	3
5843	37.0	2
5844	20.5	1
5845	28.625	1
5846	34.875	4
5847	26.0	4
5848	29.75	2
5849	25.0	2
5850	25.0	3
5851	37.25	1
5852	21.875	2
5853	24.5	1
5854	16.375	1
5855	31.5	1
5856	25.625	1
5857	29.25	3
5858	18.0	1
5859	46.0	3
5860	25.25	3
5861	16.625	1
5862	25.125	3
5863	22.75	1
5864	88.625	1
5865	56.0	1
5866	46.0	3
5867	45.25	3
5868	27.125	3
5869	20.875	1
5870	22.875	1
5871	20.375	1
5873	30.375	1
5874	16.25	1
5875	18.25	2
5876	20.625	3
5877	29.25	3
5878	41.375	1
5879	22.5	1
5880	45.625	2
5881	32.875	2
5882	58.375	4
5883	28.75	3
5884	16.75	1
5885	26.0	1
5886	19.25	1
5887	43.0	2
5888	115.875	1
5889	18.25	1
5890	34.75	2
5891	21.75	3
5892	33.5	1
5893	36.25	1
5894	53.5	4
5895	21.0	1
5896	24.875	1
5897	45.0	1
5898	38.625	2
5899	27.25	3
5900	30.25	3
5901	30.5	1
5902	30.5	3
5903	21.0	3
5904	24.875	1
5905	23.0	1
5906	31.0	1
5907	17.25	1
5908	38.125	1
5909	30.5	3
5910	30.25	1
5911	36.125	3
5912	51.5	3
5913	33.25	4
5914	31.25	1
5915	36.375	1
5916	20.0	3
5917	34.75	3
5918	110.5	1
5919	24.25	1
5920	15.5	3
5921	73.125	1
5922	36.0	2
5923	73.5	4
5924	26.875	2
5925	29.25	3
5926	19.0	1
5927	20.25	1
5928	22.25	3
5929	23.0	1
5930	36.0	1
5931	29.875	2
5932	22.5	3
5933	37.5	3
5934	33.375	4
5935	56.75	5
5936	23.125	3
5937	25.75	2
5938	20.125	3
5939	28.75	2
5940	59.5	1
5941	207.125	1
5942	16.5	1
5943	39.5	4
5944	22.5	1
5945	19.875	1
5946	26.0	3
5947	38.625	1
5948	22.375	2
5949	34.5	2
5950	26.875	3
5951	23.25	2
5952	40.75	2
5953	17.625	1
5954	77.25	1
5955	29.75	1
5956	21.75	3
5957	24.25	3
5958	24.625	1
5959	76.5	1
5960	20.75	1
5962	17.5	1
5963	27.0	2
5964	24.0	3
5965	18.75	1
5966	15.25	1
5967	47.125	3
5968	21.25	3
5969	21.625	2
5970	32.625	2
5971	15.0	1
5972	173.25	1
5973	29.5	3
5974	15.25	2
5975	17.5	1
5976	37.875	1
5977	25.75	2
5978	29.0	2
5979	22.625	2
5980	27.5	1
5981	22.0	2
5982	28.5	1
5983	31.625	1
5984	17.25	1
5985	26.25	2
5986	12.25	1
5987	46.75	1
5988	17.0	2
5989	38.375	2
5990	16.25	1
5991	35.5	1
5992	25.625	2
5993	33.5	2
5994	16.125	2
5995	37.75	1
5996	21.875	1
5997	23.0	1
5998	30.375	3
5999	31.5	2
6000	15.75	3
6001	30.625	2
6002	34.625	1
6003	23.25	1
6004	71.375	3
6005	23.25	1
6006	21.75	1
6007	36.25	2
6008	25.25	1
6009	28.375	3
6010	45.25	1
6011	19.375	1
6012	115.375	1
6013	20.75	3
6014	22.25	1
6015	50.25	3
6016	33.0	3
6017	20.25	1
6018	18.0	1
6019	19.25	3
6020	31.0	1
6021	22.0	2
6022	26.25	1
6023	17.25	2
6024	59.0	1
6025	17.75	1
6026	37.0	1
6027	29.0	1
6028	40.5	5
6029	20.75	3
6030	18.0	1
6031	54.25	1
6032	22.25	1
6033	16.25	1
6034	86.25	1
6035	29.0	2
6036	25.125	1
6037	21.625	1
6038	31.375	1
6039	17.75	1
6040	37.25	3
6041	24.75	3
6042	167.25	3
6043	33.125	2
6044	27.0	2
6045	27.375	1
6046	30.75	3
6047	31.125	3
6048	18.375	3
6049	26.125	3
6050	21.25	1
6051	76.5	1
6052	29.75	3
6053	16.75	1
6054	46.25	3
6055	24.625	1
6056	27.5	2
6057	20.75	1
6058	17.25	1
6059	20.75	3
6060	27.125	3
6061	25.0	1
6062	19.0	3
6063	23.25	3
6064	32.0	2
6065	16.75	1
6066	26.125	2
6067	49.75	1
6068	17.125	1
6069	30.125	4
6070	29.625	3
6071	27.0	1
6072	18.0	1
6073	21.25	3
6074	12.5	1
6075	19.5	3
6076	41.5	1
6077	32.75	3
6078	28.75	3
6079	20.0	3
6080	15.5	1
6081	19.75	1
6082	32.75	1
6083	26.875	1
6084	28.5	1
6085	21.5	1
6086	22.75	3
6087	30.375	3
6088	30.625	1
6089	23.25	3
6090	21.625	2
6091	28.25	4
6092	51.0	2
6093	33.0	2
6094	40.5	1
6095	32.75	1
6096	39.875	1
6097	35.125	2
6098	23.25	3
6099	19.5	1
6100	29.5	1
6101	22.625	3
6102	18.5	2
6103	25.5	3
6104	28.75	5
6105	24.5	1
6106	34.25	1
6107	25.375	2
6108	16.75	3
6109	22.25	3
6110	14.375	1
6111	18.75	2
6112	17.5	1
6113	27.25	1
6114	20.75	3
6115	25.75	2
6116	24.25	2
6117	18.5	1
6118	30.0	1
6119	26.375	1
6120	47.5	1
6121	25.0	3
6122	15.75	1
6123	22.875	2
6124	44.375	1
6125	40.25	1
6126	58.75	4
6127	37.75	2
6128	31.5	2
6129	17.5	1
6130	20.125	3
6131	20.0	3
6132	22.0	3
6133	27.375	2
6134	19.0	1
6135	22.5	1
6136	18.75	1
6137	28.75	3
6138	21.0	1
6139	16.75	1
6140	32.5	1
6141	32.5	1
6142	22.25	2
6143	25.375	3
6144	21.125	1
6145	22.75	1
6146	32.0	1
6147	19.0	3
6148	23.5	1
6149	31.0	1
6150	51.25	1
6151	28.5	3
6152	22.375	1
6153	53.25	1
6154	43.875	2
6155	21.5	2
6157	18.0	1
6158	46.75	3
6159	33.875	1
6160	17.0	1
6161	52.625	4
6162	27.25	1
6163	66.25	2
6164	57.375	3
6165	29.25	3
6166	82.5	1
6167	22.75	2
6168	34.25	1
6169	17.0	2
6170	20.0	1
6171	24.5	1
6172	67.25	3
6173	15.75	1
6174	22.375	1
6175	37.75	3
6176	18.5	3
6177	54.0	1
6178	27.5	2
6179	46.625	1
6180	22.875	1
6181	36.125	1
6182	20.75	3
6183	23.75	1
6184	29.0	1
6185	53.5	1
6186	29.75	2
6187	30.75	2
6188	24.75	1
6189	82.875	1
6190	21.0	2
6191	24.375	1
6192	55.0	2
6193	64.75	1
6194	25.75	3
6195	22.125	3
6196	26.875	1
6197	29.75	1
6198	116.875	1
6199	54.625	1
6200	20.875	1
6201	28.25	1
6202	27.25	2
6203	20.125	3
6204	42.375	1
6205	21.75	3
6206	38.875	1
6207	35.0	5
6208	29.5	3
6209	25.25	2
6210	19.5	1
6211	104.75	5
6212	19.0	1
6213	41.0	4
6214	22.875	1
6215	20.5	3
6216	20.375	3
6217	36.5	1
6218	24.5	2
6219	26.5	1
6220	21.25	3
6221	43.5	1
6222	28.125	2
6223	24.5	2
6224	27.25	2
6225	25.75	2
6226	29.0	4
6227	25.0	1
6228	28.75	1
6229	52.0	1
6230	19.5	1
6231	16.625	3
6232	18.0	1
6233	30.125	1
6234	20.75	1
6235	35.375	1
6236	31.625	4
6237	33.0	3
6238	126.875	1
6239	39.0	2
6240	25.875	3
6241	30.875	2
6242	19.25	1
6243	20.0	3
6245	19.5	1
6246	41.375	4
6247	42.375	1
6248	91.75	3
6249	47.0	1
6250	31.625	1
6251	16.0	1
6252	41.75	2
6253	98.5	1
6254	21.375	3
6255	39.75	1
6256	24.75	3
6257	26.5	3
6258	30.5	2
6259	23.5	2
6260	19.0	1
6261	23.75	2
6262	17.0	1
6263	22.75	1
6264	21.0	3
6265	32.375	3
6266	20.0	3
6267	22.0	1
6268	19.0	1
6269	16.25	1
6270	17.625	1
6271	41.75	1
6272	47.25	4
6273	25.75	4
6274	43.75	1
6275	48.25	1
6276	28.0	2
6277	20.25	3
6278	18.625	3
6279	27.375	2
6280	17.5	1
6281	98.5	1
6282	55.75	1
6283	17.25	1
6284	32.5	2
6285	36.125	3
6286	20.5	1
6287	39.25	1
6288	28.375	3
6289	24.5	3
6290	30.75	3
6291	24.0	2
6292	44.25	3
6293	32.5	3
6294	16.0	1
6295	20.0	1
6296	22.25	2
6297	21.5	3
6298	22.75	2
6299	19.625	1
6300	25.375	3
6301	19.375	3
6302	117.25	1
6303	15.5	1
6304	18.75	1
6305	28.75	2
6306	26.25	1
6307	23.875	2
6308	19.75	3
6309	114.625	2
6310	37.75	1
6311	19.625	3
6312	22.5	3
6313	28.0	1
6314	17.75	2
6315	16.25	1
6316	19.5	1
6317	18.5	1
6318	24.0	1
6319	28.625	2
6320	27.5	2
6321	50.125	2
6322	17.625	2
6323	58.625	1
6324	25.75	2
6325	25.75	1
6326	31.25	1
6327	23.5	2
6328	34.625	2
6329	59.125	2
6330	28.875	3
6331	17.75	1
6332	23.0	1
6333	45.5	4
6334	31.0	2
6335	34.625	2
6337	18.0	3
6338	19.25	1
6339	21.0	3
6340	30.625	1
6341	18.0	3
6342	19.125	1
6343	19.75	3
6344	28.75	3
6345	42.75	4
6346	33.0	3
6347	14.75	1
6348	15.25	1
6349	17.75	1
6350	23.375	2
6351	59.375	1
6352	15.5	1
6353	19.5	1
6354	27.25	2
6356	31.5	2
6357	25.25	1
6358	23.625	3
6359	30.625	1
6360	106.625	1
6361	43.375	1
6362	28.0	1
6363	24.375	2
6364	50.5	5
6365	15.5	2
6366	16.0	2
6367	20.25	1
6368	30.375	2
6369	17.5	1
6370	21.5	1
6371	159.375	1
6372	20.5	1
6373	17.0	3
6374	22.25	2
6375	19.5	1
6376	27.625	1
6377	28.375	3
6378	30.25	2
6379	63.0	1
6380	37.5	2
6381	29.125	2
6382	40.25	1
6383	75.0	1
6384	25.0	3
6385	18.25	3
6386	18.0	1
6387	16.375	1
6388	28.375	1
6389	94.0	3
6390	31.5	3
6391	17.0	1
6392	53.0	1
6393	21.75	1
6394	22.0	1
6395	37.375	1
6396	30.375	3
6397	23.0	1
6398	45.0	1
6399	26.5	3
6400	43.5	4
6401	29.0	3
6402	22.25	3
6403	34.5	2
6404	31.75	1
6405	18.625	1
6406	17.0	2
6407	139.5	5
6408	24.25	1
6409	28.375	1
6410	24.375	1
6411	27.25	2
6412	20.25	2
6413	29.75	1
6414	26.875	1
6415	155.875	1
6416	45.625	3
6417	31.5	4
6418	33.0	3
6419	25.0	1
6420	25.25	1
6421	41.625	3
6422	23.25	3
6423	24.75	1
6424	50.5	4
6425	19.0	2
6426	31.0	1
6427	29.5	2
6428	33.875	2
6429	14.5	1
6430	21.875	3
6431	33.5	2
6432	22.25	1
6433	40.5	3
6434	20.0	3
6435	30.25	3
6436	18.5	1
6437	21.25	3
6438	21.0	1
6439	65.25	2
6440	20.25	1
6441	33.375	3
6442	26.25	1
6443	27.875	3
6444	29.375	3
6445	22.5	1
6446	28.625	1
6447	19.25	1
6448	66.75	1
6449	17.75	1
6450	36.5	1
6451	37.75	3
6452	41.5	1
6453	57.25	1
6454	25.125	3
6455	47.375	4
6456	18.625	1
6457	71.75	1
6458	18.75	1
6459	25.25	1
6460	32.625	1
6461	25.25	2
6462	22.5	1
6463	27.125	3
6464	21.5	1
6465	19.5	3
6466	37.75	1
6467	32.0	2
6468	62.75	1
6469	37.125	3
6470	19.25	3
6471	62.75	2
6472	40.625	2
6473	40.0	1
6474	17.25	1
6475	19.5	3
6476	22.0	1
6477	28.875	1
6478	28.375	1
6479	52.5	1
6480	20.625	1
6481	20.5	2
6482	14.0	1
6483	23.75	3
6484	41.25	3
6486	19.75	3
6487	23.25	3
6488	22.25	3
6489	24.75	1
6490	79.375	3
6491	25.875	1
6492	33.375	1
6493	16.5	1
6494	76.125	1
6495	28.125	1
6496	28.5	2
6497	39.0	3
6498	33.25	2
6499	28.5	1
6500	26.125	3
6501	34.0	3
6502	20.5	2
6503	16.5	1
6504	19.25	3
6505	33.0	1
6506	28.0	3
6507	37.0	1
6508	87.625	3
6509	30.5	1
6510	36.125	1
6511	17.625	1
6512	105.5	1
6513	23.75	1
6514	19.0	1
6515	16.0	1
6516	19.0	3
6517	79.25	2
6518	28.25	1
6519	74.5	2
6520	23.5	3
6521	18.75	2
6522	26.5	1
6523	41.625	3
6524	28.5	1
6525	24.375	2
6526	24.0	3
6527	16.5	2
6528	34.25	3
6529	15.375	2
6530	25.625	2
6531	23.25	1
6532	19.5	1
6533	38.5	2
6534	17.75	1
6535	32.25	2
6536	18.625	1
6537	31.875	1
6538	38.25	1
6539	13.5	3
6540	35.625	3
6541	30.0	1
6542	18.5	1
6543	41.875	2
6544	42.75	1
6545	28.5	2
6546	20.125	3
6547	38.625	1
6548	27.125	2
6549	32.0	1
6550	35.25	1
6551	13.5	1
6552	19.125	1
6553	40.875	3
6554	16.75	3
6555	106.5	1
6556	22.25	2
6557	33.25	1
6558	27.125	3
6559	22.125	3
6560	25.0	3
6561	22.875	1
6562	15.75	1
6563	25.5	3
6564	83.25	2
6565	49.0	1
6566	24.375	1
6567	33.75	1
6568	33.625	1
6569	21.0	3
6570	18.0	2
6572	25.0	3
6573	38.0	1
6574	109.0	2
6575	18.0	1
6576	24.375	3
6577	23.5	3
6578	35.5	1
6579	24.25	1
6580	31.0	2
6581	34.75	1
6582	19.375	1
6583	47.0	3
6584	63.25	3
6585	19.75	1
6586	19.0	3
6587	22.875	2
6588	169.875	1
6589	13.75	2
6590	18.25	1
6591	42.0	2
6592	28.5	2
6593	23.0	1
6594	34.25	2
6595	51.25	3
6596	17.25	1
6597	23.25	3
6598	76.5	3
6599	18.75	1
6600	24.0	3
6601	49.125	1
6602	24.125	3
6603	32.5	1
6604	17.0	1
6605	21.25	1
6606	23.0	1
6607	30.75	2
6608	21.5	1
6609	26.875	3
6610	16.75	1
6611	48.75	1
6612	23.125	1
6613	31.0	2
6614	19.25	1
6615	28.375	3
6616	32.0	2
6617	54.25	1
6618	18.25	2
6619	15.0	1
6620	43.0	1
6621	96.25	1
6622	25.5	1
6623	19.25	1
6624	20.75	3
6625	48.5	2
6626	29.375	2
6627	36.875	2
6628	43.375	1
6629	35.125	3
6630	19.375	3
6631	33.875	1
6632	40.75	1
6633	20.5	1
6634	18.125	1
6635	24.625	2
6636	17.125	1
6637	20.0	1
6638	19.25	1
6639	20.25	1
6640	51.75	1
6641	21.375	2
6642	23.5	1
6643	37.75	1
6644	23.75	1
6645	34.5	1
6646	18.75	3
6647	38.25	1
6648	28.5	2
6649	50.25	1
6650	68.25	2
6651	21.0	2
6652	43.875	2
6653	19.625	1
6654	16.5	1
6655	30.25	1
6656	46.0	1
6658	17.25	1
6659	20.25	3
6660	22.875	2
6661	102.0	1
6662	21.75	3
6663	31.0	1
6664	23.0	3
6665	41.75	2
6666	42.125	1
6667	25.25	2
6668	32.375	2
6669	22.375	3
6670	51.125	2
6671	35.5	1
6672	30.75	1
6673	71.125	4
6674	43.375	1
6675	21.25	1
6676	223.875	1
6677	37.5	2
6678	33.0	1
6679	30.0	2
6680	17.125	1
6681	42.75	1
6682	19.75	1
6683	37.375	2
6684	42.5	1
6685	26.5	1
6686	18.25	1
6687	22.0	3
6688	28.875	1
6689	17.625	2
6690	32.25	3
6691	25.0	2
6693	23.75	1
6694	43.125	2
6695	19.0	1
6696	34.375	3
6697	31.0	2
6698	17.5	1
6699	24.0	3
6700	34.125	2
6701	21.375	1
6702	38.625	1
6703	18.125	1
6704	29.25	3
6705	28.75	2
6706	20.875	1
6707	20.75	1
6708	42.625	1
6709	21.875	3
6710	28.75	3
6711	22.5	1
6712	19.5	1
6713	21.75	2
6714	30.25	3
6715	19.5	1
6716	26.875	2
6717	21.0	2
6718	26.25	2
6719	100.5	2
6720	18.5	1
6721	25.875	2
6722	34.25	1
6723	25.125	1
6724	24.75	2
6725	17.75	1
6726	31.75	3
6727	18.375	1
6728	25.0	2
6729	33.375	1
6730	66.625	1
6731	22.75	3
6732	39.375	3
6733	29.0	3
6734	23.25	2
6735	30.5	3
6736	28.75	3
6737	23.0	3
6738	15.75	1
6739	21.25	3
6740	31.375	1
6741	66.625	1
6742	18.25	1
6743	37.0	2
6744	30.5	3
6745	24.5	1
6746	24.75	2
6747	16.0	1
6748	27.625	1
6749	19.0	1
6750	17.25	1
6751	174.75	1
6752	42.25	3
6753	21.5	2
6754	33.375	1
6755	27.875	1
6756	30.375	3
6757	27.0	2
6758	23.0	3
6760	33.25	2
6761	15.625	1
6762	35.0	3
6763	30.5	3
6764	30.875	1
6766	17.5	1
6767	22.25	2
6768	200.75	1
6769	28.5	1
6770	36.625	1
6771	29.5	1
6772	30.375	3
6773	26.0	3
6774	34.375	2
6775	16.25	2
6776	28.0	2
6777	26.0	2
6778	31.875	1
6779	140.0	2
6780	58.125	2
6781	50.25	1
6782	20.5	1
6783	49.375	3
6784	23.875	3
6785	22.25	3
6786	32.625	2
6787	70.5	3
6788	18.25	1
6789	33.5	3
6790	42.25	2
6791	19.75	1
6792	26.375	1
6793	15.5	1
6794	42.75	2
6795	22.875	3
6796	38.0	3
6797	29.5	2
6798	23.75	2
6799	26.125	2
6800	61.5	1
6801	22.75	3
6802	19.5	3
6803	15.5	1
6804	40.5	1
6805	19.0	3
6806	56.5	1
6807	33.5	2
6808	57.75	3
6809	20.25	3
6810	41.75	3
6811	36.875	3
6812	25.125	3
6813	18.25	1
6814	30.25	3
6815	16.5	1
6816	24.75	1
6817	18.875	1
6818	28.25	1
6820	19.875	1
6821	21.0	3
6822	15.875	1
6823	16.375	1
6824	19.5	1
6825	18.75	2
6826	22.75	1
6827	87.0	1
6828	36.875	3
6829	18.5	3
6830	30.0	3
6831	19.625	2
6832	27.5	3
6834	31.0	1
6835	28.125	1
6836	33.875	3
6837	50.875	1
6838	19.5	1
6839	30.5	1
6840	21.375	2
6841	26.625	1
6842	27.75	1
6843	17.75	1
6844	21.0	1
6845	18.0	1
6846	19.625	3
6847	37.75	3
6848	23.75	1
6849	20.75	3
6850	20.5	1
6851	23.75	2
6852	25.25	3
6853	25.5	3
6854	20.0	2
6855	17.375	1
6856	61.25	5
6857	29.125	1
6858	30.875	1
6859	60.875	3
6860	28.625	1
6861	44.5	1
6862	24.875	1
6863	29.5	2
6864	19.25	3
6865	17.875	3
6866	70.75	4
6867	46.375	1
6869	14.25	1
6870	28.75	1
6871	35.875	3
6872	19.0	1
6873	13.0	1
6874	28.75	2
6875	38.25	2
6876	16.625	1
6877	35.5	3
6878	18.0	1
6879	34.875	2
6880	18.75	3
6881	43.75	1
6882	27.5	2
6883	70.0	1
6884	37.0	1
6885	45.0	1
6886	32.5	1
6887	50.125	4
6888	28.0	1
6889	25.875	2
6890	31.0	2
6891	37.0	1
6892	18.25	1
6893	31.75	1
6894	22.25	3
6895	19.75	1
6896	18.25	1
6897	18.0	1
6898	22.25	3
6899	23.5	1
6900	35.875	1
6902	32.625	3
6903	26.5	2
6904	32.875	2
6905	19.25	1
6906	38.0	1
6907	18.75	1
6908	34.5	4
6909	27.125	1
6910	18.5	2
6911	28.25	1
6912	40.5	2
6913	16.75	1
6914	18.875	1
6915	24.5	1
6916	34.625	1
6917	36.0	1
6918	28.25	1
6919	34.5	3
6920	16.875	2
6921	23.5	1
6922	31.125	1
6923	14.625	1
6924	46.75	1
6925	17.125	1
6926	17.0	1
6927	55.5	3
6928	20.75	1
6929	19.375	1
6930	53.5	1
6931	33.625	1
6932	28.75	1
6933	29.25	1
6934	16.375	1
6935	26.5	2
6936	22.75	2
6937	80.5	4
6938	19.5	2
6939	32.0	3
6940	20.0	1
6941	27.625	2
6942	24.0	1
6943	18.0	1
6944	18.0	1
6945	75.25	1
6946	70.5	3
6947	43.125	3
6948	18.875	1
6949	33.5	1
6950	27.5	1
6951	21.5	1
6952	41.0	2
6953	34.0	2
6954	25.25	1
6955	15.0	1
6956	28.75	3
6957	46.125	1
6958	47.0	1
6959	33.625	2
6960	27.75	1
6961	49.75	1
6962	27.25	1
6963	15.0	1
6964	17.0	1
6965	26.0	3
6966	28.25	2
6967	25.5	3
6968	15.0	1
6969	22.0	1
6970	18.875	1
6971	16.75	1
6972	41.25	1
6973	17.0	2
6974	15.25	1
6975	39.0	1
6976	39.75	1
6977	27.75	3
6978	24.5	1
6979	31.75	2
6980	28.25	2
6981	73.5	2
6982	25.625	1
6983	17.0	1
6984	31.75	1
6985	32.0	2
6986	25.0	1
6987	37.25	2
6988	38.75	1
6989	31.875	1
6990	25.5	2
6991	30.875	1
6992	26.25	4
6993	18.5	1
6994	19.5	1
6995	32.125	1
6996	20.25	2
6997	32.25	1
6998	50.0	3
6999	27.375	1
7000	31.0	2
7001	17.75	1
7002	28.125	1
7003	14.5	3
7004	21.625	1
7005	18.0	1
7006	24.75	1
7007	41.625	2
7008	19.25	1
7009	22.5	1
7010	57.0	2
7011	18.25	1
7012	38.0	1
7013	21.75	3
7014	17.0	1
7015	37.375	2
7016	57.75	1
7017	35.5	2
7018	23.875	1
7019	15.75	2
7020	20.625	1
7021	27.75	1
7022	15.75	1
7024	25.75	2
7025	55.625	1
7026	23.5	1
7027	28.0	3
7028	29.125	1
7029	70.375	1
7030	41.125	1
7031	27.875	1
7032	31.0	1
7033	15.75	1
7034	50.375	2
7035	23.0	1
7036	17.25	1
7037	25.75	2
7038	25.875	2
7039	34.75	2
7040	31.25	3
7041	28.0	3
7042	57.0	3
7043	43.0	1
7044	61.625	3
7045	22.25	1
7046	35.125	1
7047	15.5	3
7048	18.25	2
7049	42.875	2
7050	34.625	1
7051	21.125	1
7052	28.375	2
7053	20.75	3
7054	18.25	3
7055	35.0	2
7056	18.5	1
7057	19.0	2
7058	21.875	3
7059	58.5	3
7060	38.5	1
7061	17.625	1
7062	39.125	2
7063	17.625	1
7064	25.5	2
7065	31.0	2
7066	20.75	3
7067	19.0	1
7068	22.375	3
7069	35.875	3
7070	20.5	1
7071	18.75	1
7072	20.5	3
7073	17.75	1
7074	17.625	1
7075	33.75	1
7076	17.0	1
7077	19.25	2
7078	17.25	1
7079	33.75	5
7080	19.25	1
7081	39.25	3
7082	28.25	3
7083	35.0	3
7084	16.625	1
7085	16.0	2
7086	119.375	1
7087	29.375	3
7088	18.375	1
7089	20.0	1
7090	23.375	1
7091	24.625	3
7092	25.625	1
7093	19.75	3
7094	31.75	3
7095	21.25	2
7096	21.25	2
7097	20.375	1
7098	32.0	1
7099	26.375	1
7100	30.875	2
7101	18.625	1
7102	18.875	1
7103	21.375	2
7104	28.0	3
7105	33.0	2
7106	43.625	1
7107	16.25	1
7108	51.75	3
7110	19.5	3
7111	32.875	1
7112	34.25	1
7113	39.25	1
7114	164.625	1
7115	18.25	1
7116	19.125	1
7117	16.75	1
7118	19.5	1
7119	28.875	1
7120	25.75	2
7121	23.0	1
7122	31.75	1
7123	25.125	2
7124	27.375	1
7125	24.875	1
7126	42.0	3
7127	29.75	2
7128	63.5	2
7129	30.25	1
7130	20.0	1
7131	33.75	1
7132	30.375	1
7133	21.375	1
7134	23.5	2
7135	68.5	1
7136	47.5	2
7137	20.5	1
7138	25.5	2
7139	39.25	1
7140	17.875	1
7141	31.125	2
7142	42.125	2
7143	27.25	1
7144	19.625	3
7145	25.75	3
7146	67.75	2
7147	45.0	1
7148	24.75	1
7149	18.375	2
7150	24.75	3
7151	22.875	3
7152	19.5	3
7153	16.25	1
7154	42.25	1
7155	22.875	2
7156	40.625	1
7157	156.5	1
7158	25.125	1
7159	42.125	1
7160	59.25	1
7161	29.5	2
7162	30.125	3
7163	26.0	3
7164	25.5	3
7165	23.5	2
7166	24.5	1
7167	14.5	2
7168	18.5	1
7169	21.25	2
7170	72.625	2
7171	18.25	1
7172	41.5	1
7174	37.5	2
7175	22.375	1
7176	22.5	1
7177	19.25	3
7178	19.0	1
7179	42.25	1
7180	43.0	3
7181	36.125	1
7182	23.75	2
7183	44.25	2
7184	23.5	2
7185	17.0	1
7186	34.5	1
7187	27.125	2
7188	53.375	4
7189	29.75	3
7190	34.0	2
7191	18.5	1
7192	21.875	2
7193	25.75	1
7194	19.75	1
7195	31.125	3
7196	41.5	3
7197	27.5	1
7198	15.75	1
7199	95.375	2
7200	21.75	2
7201	26.75	3
7202	44.0	2
7203	18.75	1
7204	20.0	3
7205	19.5	1
7206	25.0	2
7207	22.0	3
7208	20.625	1
7209	19.75	1
7210	32.25	2
7211	41.75	2
7212	40.75	1
7213	39.0	3
7214	13.5	1
7215	30.5	2
7216	46.0	1
7217	35.0	4
7218	59.0	1
7219	23.25	2
7220	53.0	1
7221	20.0	1
7222	32.75	1
7223	20.25	1
7224	37.75	3
7225	20.125	2
7226	22.25	1
7227	18.5	1
7228	18.75	3
7229	32.75	3
7230	35.25	1
7231	44.75	5
7232	45.0	4
7233	24.25	2
7234	29.375	1
7235	45.0	3
7236	16.0	1
7237	28.875	1
7238	18.25	3
7239	27.5	1
7240	25.5	1
7241	42.5	4
7242	30.0	1
7243	19.0	1
7244	29.0	3
7245	44.125	3
7246	19.5	1
7247	36.875	3
7248	31.25	2
7249	22.75	2
7250	47.0	1
7251	27.75	1
7252	19.0	1
7253	21.125	3
7254	27.625	1
7255	40.5	3
7256	28.375	1
7257	25.625	1
7258	17.5	3
7259	21.5	1
7260	31.125	1
7261	25.5	3
7262	12.75	2
7263	15.5	3
7264	38.75	2
7265	18.5	1
7266	17.125	1
7267	36.875	2
7268	34.0	3
7269	45.125	1
7270	19.5	3
7271	60.375	2
7272	45.5	2
7273	42.25	1
7274	21.5	3
7275	38.25	1
7276	19.25	1
7277	50.25	2
7278	18.0	1
7279	19.0	1
7280	17.75	1
7281	23.0	1
7282	19.0	3
7283	17.375	3
7284	24.125	3
7285	28.0	2
7286	17.875	1
7287	18.75	1
7288	15.875	1
7289	18.25	2
7290	33.75	3
7291	60.5	1
7292	29.5	1
7293	34.0	1
7294	15.25	1
7295	30.875	3
7296	16.25	1
7297	20.0	3
7298	23.0	3
7299	29.75	3
7300	71.5	3
7301	24.75	1
7302	19.0	1
7303	16.5	1
7304	21.25	1
7305	15.25	1
7306	17.75	3
7307	39.125	1
7308	27.5	2
7309	25.0	1
7310	31.75	2
7311	25.5	3
7312	24.125	3
7313	20.0	1
7314	36.75	2
7315	34.25	4
7316	39.125	1
7317	28.875	3
7318	16.75	1
7319	25.0	1
7320	35.5	1
7321	26.5	1
7322	108.5	1
7323	30.125	1
7324	18.125	2
7325	28.875	3
7326	17.25	1
7327	22.25	1
7328	24.625	1
7329	21.25	3
7330	27.375	1
7331	21.5	3
7332	20.0	2
7333	33.0	3
7334	18.5	3
7335	20.375	3
7336	38.5	2
7337	20.5	2
7338	28.5	4
7339	49.875	3
7340	27.0	3
7341	19.25	1
7342	28.125	1
7343	45.0	1
7344	21.25	3
7345	26.75	1
7346	19.875	2
7347	34.5	2
7348	18.5	1
7349	21.25	1
7350	29.125	2
7351	35.25	2
7352	25.5	2
7353	36.25	1
7354	27.125	1
7355	42.75	2
7356	23.25	2
7357	17.5	1
7358	30.75	1
7359	25.25	2
7360	46.875	3
7361	22.0	3
7362	16.25	1
7363	34.0	1
7364	30.375	2
7365	18.0	1
7366	28.75	3
7367	35.25	2
7368	49.5	2
7369	68.875	1
7370	17.125	3
7371	22.5	3
7372	26.375	3
7373	22.25	1
7374	19.25	1
7375	71.625	1
7376	35.625	1
7377	29.5	2
7378	21.875	3
7379	26.625	1
7380	21.0	3
7381	24.375	1
7382	18.5	2
7383	15.75	1
7384	16.0	1
7385	26.25	1
7386	29.75	3
7387	25.0	1
7388	28.75	2
7389	46.375	3
7390	55.5	2
7391	29.25	1
7392	23.0	3
7393	21.625	2
7394	35.625	1
7395	35.75	1
7396	53.25	2
7397	102.375	2
7398	41.25	2
7399	19.0	3
7400	29.125	1
7401	22.5	1
7402	23.375	1
7403	17.625	1
7404	47.875	3
7405	52.75	2
7406	70.5	2
7408	22.75	1
7409	55.5	3
7410	47.0	3
7411	19.0	1
7412	38.5	1
7413	39.5	3
7414	19.25	3
7415	18.0	1
7416	21.5	3
7417	19.0	1
7418	19.5	1
7419	24.0	1
7420	26.0	3
7421	19.125	3
7422	19.25	3
7423	36.75	2
7424	19.0	2
7425	19.5	1
7426	90.625	1
7427	26.75	1
7428	30.25	3
7429	26.125	1
7430	81.75	1
7431	131.0	1
7432	29.25	1
7433	18.75	1
7434	18.0	1
7435	21.0	1
7436	20.5	3
7437	23.625	2
7438	29.75	3
7439	32.5	1
7440	28.25	3
7441	32.125	1
7442	17.875	1
7443	84.125	1
7444	18.0	1
7445	29.5	2
7446	25.25	1
7447	37.125	3
7448	36.0	1
7449	48.0	2
7450	24.0	1
7451	26.625	1
7452	29.125	2
7453	16.75	1
7454	18.625	1
7455	16.25	1
7456	93.75	1
7457	24.625	2
7458	121.375	1
7459	19.25	2
7460	25.5	2
7461	25.25	1
7462	34.875	1
7463	29.25	2
7464	23.0	1
7465	18.5	1
7466	24.75	1
7467	23.75	1
7468	36.5	2
7469	24.0	3
7470	19.75	1
7471	24.375	3
7472	41.875	2
7473	105.125	1
7474	28.0	2
7475	38.25	2
7476	22.0	3
7477	19.75	1
7478	26.625	2
7479	22.0	2
7480	23.5	2
7481	34.25	1
7482	60.875	1
7483	23.75	3
7484	18.0	1
7485	27.0	1
7486	32.75	2
7487	33.875	1
7488	23.25	2
7489	24.25	2
7490	24.75	1
7491	23.25	2
7492	27.875	1
7493	24.25	3
7494	23.25	3
7495	33.5	4
7496	32.25	2
7497	28.25	2
7498	28.25	2
7499	59.375	1
7500	35.125	1
7501	16.5	2
7502	31.0	3
7503	25.75	2
7504	25.125	3
7505	22.125	3
7506	47.625	2
7507	26.0	2
7508	109.25	3
7509	24.5	2
7510	30.0	1
7511	18.5	3
7512	46.625	1
7513	20.375	1
7514	26.75	2
7515	18.25	1
7516	30.75	2
7517	26.25	1
7518	29.0	3
7519	26.75	1
7520	26.0	2
7521	23.125	3
7522	23.5	3
7523	17.25	1
7524	18.5	1
7525	16.25	1
7526	17.75	2
7527	25.125	1
7528	47.25	2
7529	24.625	1
7530	22.5	3
7531	91.5	1
7532	26.25	2
7533	20.25	3
7534	19.25	3
7535	30.625	1
7536	18.125	3
7537	38.625	2
7538	18.875	3
7539	20.0	2
7541	27.25	1
7542	57.25	3
7543	26.875	1
7544	52.25	2
7545	35.75	3
7546	22.875	2
7547	30.5	2
7548	27.0	1
7549	16.875	1
7550	64.25	3
7551	34.0	3
7552	17.625	2
7553	26.5	1
7554	18.0	1
7555	21.0	1
7556	25.125	2
7557	70.875	1
7558	21.25	1
7559	49.25	1
7560	19.5	2
7561	30.375	1
7562	34.25	3
7563	32.75	1
7564	32.625	3
7565	40.0	1
7566	16.25	2
7567	17.875	1
7568	28.625	1
7569	39.25	1
7570	51.25	2
7571	19.875	3
7572	23.125	3
7573	19.375	1
7574	18.25	1
7575	43.625	4
7576	32.5	1
7577	51.625	2
7578	38.0	1
7579	16.75	2
7580	34.0	1
7581	21.5	3
7582	35.125	4
7583	23.5	1
7584	19.0	3
7585	15.25	1
7586	21.0	1
7587	17.75	1
7588	38.75	3
7589	16.5	1
7590	28.625	3
7591	26.0	1
7592	31.25	4
7593	18.0	1
7594	45.125	3
7595	24.5	3
7596	24.25	3
7597	23.625	2
7598	27.125	2
7599	42.875	3
7600	17.0	2
7601	17.75	3
7602	14.375	1
7603	18.25	1
7604	32.5	1
7605	19.0	3
7606	45.5	2
7607	49.125	1
7608	27.25	2
7609	45.625	1
7610	21.375	3
7611	26.5	2
7612	29.5	1
7613	21.0	2
7614	17.625	2
7615	17.75	1
7616	17.5	1
7617	20.25	1
7618	20.5	2
7619	49.125	2
7620	18.0	1
7621	26.5	2
7622	21.5	3
7623	37.5	1
7624	30.625	2
7625	63.5	3
7626	16.25	1
7628	19.625	1
7629	18.75	1
7630	25.625	1
7631	18.5	3
7632	19.5	1
7633	31.125	1
7634	16.75	3
7635	22.125	2
7636	14.875	2
7637	31.25	1
7638	16.25	2
7639	19.5	3
7640	70.375	2
7641	22.875	1
7642	42.0	1
7643	33.25	1
7644	20.25	1
7645	21.0	2
7646	26.0	2
7647	32.5	2
7648	35.375	1
7649	31.125	3
7650	25.75	3
7651	15.0	1
7652	25.5	2
7653	104.25	3
7654	18.5	1
7655	47.875	2
7656	17.75	1
7657	16.75	1
7658	29.0	3
7659	23.125	3
7660	18.5	1
7661	21.75	3
7662	28.0	1
7663	86.875	1
7664	19.5	1
7665	20.25	3
7666	19.5	3
7667	24.75	2
7668	39.25	1
7669	27.75	1
7670	24.625	1
7671	22.625	1
7672	33.375	2
7673	22.25	2
7674	27.625	1
7675	22.25	2
7676	39.5	1
7677	31.5	3
7678	21.375	1
7679	28.75	1
7680	30.0	1
7681	45.5	1
7682	23.75	3
7683	30.0	3
7684	16.0	1
7685	49.5	3
7686	16.25	1
7687	35.125	2
7688	41.75	1
7689	18.0	1
7690	24.5	2
7691	44.75	1
7692	27.125	1
7693	22.25	1
7694	39.0	2
7695	19.25	3
7696	25.75	1
7697	18.25	1
7698	85.25	1
7699	21.75	3
7700	31.75	2
7701	17.25	1
7702	45.0	1
7703	42.0	1
7704	21.875	2
7705	37.5	1
7706	23.75	1
7707	31.0	2
7708	18.125	1
7709	32.875	3
7710	23.0	1
7711	40.875	3
7712	28.625	1
7713	53.25	3
7714	31.75	1
7715	27.75	3
7716	38.5	1
7717	37.0	2
7718	21.5	1
7719	23.0	1
7720	26.0	2
7721	39.125	1
7722	17.5	1
7723	15.625	2
7724	25.125	2
7725	21.75	3
7726	22.125	3
7727	28.0	2
7728	24.0	2
7729	38.25	3
7730	46.0	1
7731	26.5	3
7733	53.875	1
7734	17.0	1
7735	30.875	1
7736	19.875	1
7737	100.875	3
7738	31.25	1
7739	17.5	1
7740	38.25	1
7741	27.375	1
7742	22.75	1
7743	32.75	2
7744	17.0	1
7745	19.5	2
7746	18.125	3
7747	109.75	1
7748	17.75	1
7749	22.25	1
7750	21.75	3
7751	17.25	1
7752	52.25	3
7753	38.5	2
7754	18.125	1
7755	26.75	4
7756	47.0	1
7757	33.25	4
7758	34.75	1
7759	45.5	1
7760	60.25	1
7761	22.25	2
7762	57.25	1
7763	31.5	2
7764	16.0	1
7765	28.625	1
7766	30.5	1
7767	51.0	1
7768	16.5	1
7769	18.5	2
7770	22.25	3
7771	40.5	1
7772	21.25	3
7773	103.0	1
7774	31.75	2
7775	47.875	1
7776	19.25	1
7777	29.75	3
7778	17.625	1
7779	24.75	2
7780	24.625	2
7781	41.5	2
7782	19.25	1
7783	26.125	1
7784	67.25	1
7785	17.5	1
7786	37.75	4
7787	25.625	2
7788	19.5	1
7789	57.125	2
7790	29.875	2
7791	108.75	1
7792	28.75	1
7793	44.75	1
7794	18.0	1
7795	50.0	1
7796	51.5	1
7797	17.75	3
7798	29.0	3
7799	20.5	1
7800	20.5	3
7801	22.75	1
7802	18.0	1
7803	54.75	2
7804	19.0	3
7805	24.125	2
7806	19.25	3
7807	31.5	1
7808	18.5	1
7809	24.5	1
7810	24.125	2
7811	24.75	2
7812	17.75	1
7813	229.125	1
7814	16.25	1
7815	23.25	1
7816	20.0	1
7817	44.75	1
7818	31.875	1
7819	18.5	3
7820	29.125	2
7821	24.75	2
7822	37.75	1
7823	27.0	3
7824	36.25	3
7825	17.375	1
7826	32.375	1
7827	20.25	2
7828	20.875	3
7829	24.125	2
7830	32.875	1
7831	21.0	3
7832	54.25	3
7833	19.25	3
7834	25.25	1
7835	22.25	2
7836	48.0	2
7837	15.0	3
7838	21.25	3
7839	29.625	2
7840	26.5	2
7841	18.75	1
7842	129.75	1
7843	49.25	3
7844	22.25	1
7845	22.5	3
7846	27.75	2
7847	17.25	1
7848	32.875	3
7849	20.5	3
7850	15.5	1
7851	29.375	1
7852	45.875	2
7853	20.75	2
7854	14.0	2
7855	33.75	2
7856	30.75	3
7857	25.0	1
7858	16.25	1
7859	21.375	2
7860	21.0	1
7861	20.125	3
7862	49.5	1
7863	24.75	3
7864	27.0	2
7865	27.0	2
7866	55.0	1
7867	140.25	1
7868	129.25	3
7869	21.0	3
7870	27.0	1
7871	29.0	1
7872	37.875	3
7873	18.0	1
7874	21.25	3
7875	19.0	1
7876	48.75	1
7877	17.875	1
7878	35.25	4
7879	16.625	2
7880	59.25	1
7881	19.75	3
7882	27.75	2
7883	38.0	2
7884	52.0	1
7885	21.25	3
7886	19.75	3
7887	37.625	1
7888	21.25	1
7889	20.75	1
7890	27.75	2
7891	15.0	2
7892	28.5	2
7893	33.25	3
7894	103.75	2
7895	23.75	2
7896	19.5	3
7897	21.125	3
7898	22.875	3
7899	27.0	1
7900	16.75	1
7901	24.625	4
7902	33.5	2
7903	33.25	3
7904	24.5	2
7905	27.5	3
7906	38.25	2
7907	30.25	1
7908	21.5	2
7909	22.875	3
7910	28.375	1
7911	22.5	1
7912	29.75	1
7913	26.5	2
7914	27.75	2
7915	98.125	3
7916	49.0	2
7917	27.375	3
7918	19.75	3
7919	127.625	1
7920	49.5	2
7921	33.75	1
7922	35.875	2
7923	16.5	1
7924	39.0	5
7925	43.875	2
7926	129.375	1
7927	18.5	1
7928	31.125	3
7929	26.75	1
7930	17.5	2
7931	29.375	3
7932	28.5	1
7933	24.125	2
7934	57.25	3
7935	26.25	3
7936	16.25	1
7937	35.75	2
7938	18.5	1
7939	43.5	1
7940	31.25	2
7941	27.375	2
7942	67.25	2
7943	20.5	1
7944	16.25	1
7945	19.0	1
7946	31.0	3
7947	22.5	1
7948	29.0	2
7949	31.0	2
7950	21.75	1
7951	19.25	1
7952	45.75	1
7953	22.0	3
7954	20.0	3
7955	20.75	3
7956	75.5	1
7957	22.875	3
7958	29.875	2
7959	15.5	1
7961	21.75	1
7962	19.0	3
7963	28.0	1
7964	21.75	1
7965	20.25	3
7966	54.0	1
7967	27.25	2
7968	36.25	1
7969	32.375	2
7970	15.0	2
7971	32.0	3
7972	36.0	2
7973	15.375	1
7974	92.0	2
7975	43.25	1
7976	23.25	3
7977	20.25	3
7978	53.75	3
7979	27.25	1
7980	21.25	3
7981	24.0	1
7982	34.0	2
7983	31.75	1
7984	37.25	3
7985	66.0	1
7986	17.0	1
7987	32.875	2
7988	18.625	1
7989	23.125	1
7990	17.25	1
7991	50.5	1
7992	30.0	1
7993	24.5	2
7994	21.5	3
7995	55.875	1
7996	25.0	1
7997	38.25	3
7998	38.5	1
7999	24.25	2
8001	26.75	1
8002	35.875	1
8003	30.125	2
8004	24.0	2
8005	31.0	3
8006	16.5	2
8007	36.375	3
8008	53.75	3
8009	38.875	3
8010	40.625	2
8011	34.25	1
8012	28.75	2
8013	21.0	3
8014	46.5	3
8015	32.5	1
8016	32.75	3
8017	21.5	1
8018	24.75	3
8019	20.75	1
8020	21.75	3
8021	23.25	3
8022	29.0	1
8023	29.625	2
8024	16.75	1
8025	17.5	3
8026	34.75	2
8027	16.5	1
8028	56.625	2
8029	15.75	1
8030	17.5	1
8031	30.0	1
8032	25.75	1
8033	16.75	1
8034	31.25	2
8035	15.75	1
8036	63.625	6
8037	18.0	1
8038	18.625	1
8039	24.25	2
8040	49.0	4
8041	30.0	1
8042	45.25	1
8043	28.875	1
8044	29.25	2
8045	25.75	2
8046	24.0	3
8047	12.75	1
8048	17.25	1
8049	39.375	1
8050	35.875	1
8051	49.25	2
8052	23.75	3
8053	34.0	1
8054	18.0	3
8055	20.875	3
8056	43.5	1
8057	20.75	3
8058	28.25	3
8059	27.0	3
8060	19.5	1
8061	37.5	4
8062	16.75	1
8063	21.125	1
8064	20.75	1
8065	38.75	3
8066	39.375	1
8067	19.75	1
8068	26.125	1
8069	20.5	1
8070	39.875	1
8071	30.0	3
8072	25.25	3
8073	22.25	3
8074	18.0	1
8075	26.0	1
8076	40.125	2
8077	32.125	4
8078	19.75	2
8079	34.0	1
8080	54.0	3
8081	20.0	3
8082	38.625	2
8083	20.875	1
8084	20.75	2
8085	31.875	2
8086	20.0	1
8087	181.0	1
8088	19.75	2
8089	20.0	1
8090	20.25	1
8091	22.875	3
8092	37.875	3
8093	18.25	3
8094	34.5	3
8095	88.5	2
8096	24.5	1
8097	63.5	1
8098	42.25	3
8099	20.25	3
8100	28.25	4
8101	51.25	2
8102	25.75	2
8103	16.75	3
8104	24.125	1
8105	23.75	2
8106	17.25	1
8107	23.5	3
8108	20.25	2
8109	21.625	2
8110	72.125	3
8111	17.75	2
8112	40.5	1
8113	26.0	1
8114	44.25	4
8115	37.75	3
8116	25.625	1
8117	23.625	1
8118	36.5	3
8119	43.0	1
8120	89.25	1
8121	26.0	2
8122	20.875	1
8123	35.25	1
8124	34.5	3
8125	30.125	3
8126	38.0	1
8127	73.75	3
8128	23.25	1
8129	90.5	1
8130	43.75	4
8131	18.75	3
8132	32.75	2
8133	22.75	1
8134	187.25	1
8135	28.25	1
8136	59.5	1
8137	18.25	3
8138	16.75	1
8139	28.75	2
8140	21.625	3
8141	25.875	1
8142	13.375	1
8143	31.25	1
8144	28.0	3
8145	16.75	1
8146	46.5	1
8147	111.75	1
8148	38.75	1
8149	25.75	2
8150	66.25	3
8151	22.75	2
8152	42.125	1
8153	31.25	1
8154	28.75	3
8155	15.25	2
8156	44.5	3
8157	36.25	1
8158	21.75	3
8159	34.25	1
8160	42.25	2
8161	28.375	2
8162	24.25	2
8163	17.75	2
8164	152.5	3
8165	56.625	3
8166	19.25	2
8167	44.0	2
8168	25.25	1
8169	25.125	1
8170	74.375	1
8171	26.375	2
8172	23.5	3
8173	27.625	1
8174	32.0	3
8175	17.0	1
8176	41.0	3
8177	72.5	1
8178	32.375	1
8179	24.875	1
8180	25.75	1
8181	33.5	1
8182	51.25	2
8183	24.125	2
8184	24.5	3
8185	16.75	1
8186	25.75	3
8187	19.0	1
8188	25.875	3
8189	30.5	1
8190	70.0	2
8191	96.5	3
8192	51.75	4
8193	55.0	1
8194	21.125	3
8195	15.75	1
8196	48.125	1
8197	18.375	2
8198	18.0	1
8200	184.625	1
8201	27.75	2
8202	22.75	3
8203	20.0	1
8204	39.75	4
8205	26.75	2
8206	47.625	1
8207	18.625	3
8208	30.125	1
8209	43.0	1
8210	28.25	1
8211	28.25	3
8212	20.0	1
8213	57.0	1
8214	57.0	3
8215	25.125	1
8216	17.5	1
8217	21.0	2
8218	19.25	1
8219	29.875	3
8220	12.5	1
8221	24.25	2
8222	36.5	1
8223	57.875	4
8224	23.0	2
8225	24.75	1
8226	35.125	3
8227	56.375	2
8228	117.0	3
8229	38.0	3
8230	33.0	1
8231	35.875	2
8232	52.5	1
8233	19.375	3
8234	26.0	1
8235	18.0	1
8236	23.25	1
8237	18.125	2
8238	20.125	1
8239	18.125	1
8240	43.5	3
8241	22.5	1
8242	40.75	1
8243	18.5	1
8244	19.5	3
8245	32.625	1
8246	23.125	1
8247	21.75	2
8248	26.0	2
8249	43.25	1
8250	63.25	1
8251	35.75	2
8252	24.75	3
8253	33.375	2
8254	17.5	3
8255	31.0	1
8256	26.75	3
8257	58.25	2
8258	20.375	1
8259	17.25	1
8260	33.75	3
8262	19.75	1
8263	14.25	1
8264	39.75	3
8265	33.5	1
8266	29.0	1
8267	80.5	1
8268	16.75	1
8269	41.375	2
8270	28.5	1
8271	18.25	2
8272	31.25	1
8273	31.25	1
8274	20.75	3
8275	122.0	2
8276	18.25	1
8277	22.25	1
8278	15.75	1
8279	40.875	1
8280	20.75	1
8281	17.5	1
8282	25.625	2
8283	27.0	1
8284	19.0	3
8285	14.75	1
8286	21.75	2
8287	19.0	1
8288	26.5	1
8289	38.0	2
8290	47.25	2
8291	31.125	2
8292	33.875	3
8293	20.375	3
8294	31.25	3
8295	25.625	1
8296	34.25	1
8297	19.0	2
8298	31.125	3
8299	23.125	3
8300	19.5	1
8301	18.25	3
8302	53.0	1
8303	55.0	4
8304	32.0	1
8305	44.125	2
8306	17.25	1
8307	17.5	1
8308	42.625	1
8309	22.625	1
8310	16.5	1
8311	22.5	3
8312	37.25	1
8313	17.125	1
8314	34.125	4
8315	23.25	2
8316	19.0	1
8317	16.75	1
8318	38.125	1
8319	131.75	3
8320	25.5	1
8321	16.75	1
8322	20.25	2
8323	23.5	1
8324	26.75	2
8325	38.375	1
8326	50.25	3
8327	34.5	3
8328	30.5	4
8329	58.5	3
8330	20.5	1
8331	32.5	1
8332	16.875	1
8333	18.375	1
8334	34.125	1
8335	19.25	1
8336	18.25	1
8337	63.25	1
8338	17.625	1
8339	19.0	2
8340	28.5	4
8341	21.375	3
8342	40.0	1
8343	25.5	3
8344	38.0	2
8345	47.75	2
8346	34.75	1
8347	111.875	2
8348	25.5	1
8349	33.75	1
8350	32.125	1
8351	16.25	1
8352	24.125	1
8353	29.75	2
8354	55.875	1
8355	90.875	1
8356	102.5	1
8357	26.5	2
8358	24.375	3
8359	19.75	3
8360	31.75	1
8361	48.0	5
8362	20.25	1
8363	32.25	3
8364	27.0	2
8365	57.25	3
8366	46.5	1
8367	18.25	1
8368	31.75	1
8369	43.875	3
8370	30.125	1
8371	57.625	3
8372	33.75	1
8373	54.875	3
8374	23.5	3
8375	44.5	2
8376	18.0	1
8377	40.0	1
8378	43.125	3
8379	17.75	1
8380	30.5	1
8381	33.375	2
8382	16.5	1
8383	44.0	5
8384	16.0	1
8385	34.25	2
8386	17.875	1
8387	28.25	1
8388	30.625	1
8389	29.125	1
8390	58.5	3
8391	15.5	1
8392	19.25	3
8393	27.0	1
8394	59.5	2
8395	35.0	3
8396	42.625	2
8397	25.75	1
8398	61.25	3
8399	25.625	1
8400	19.75	1
8401	30.875	2
8402	29.25	2
8403	39.25	4
8404	13.25	1
8405	45.25	2
8406	36.875	2
8407	31.0	3
8408	21.5	2
8409	33.875	2
8410	17.625	1
8411	25.75	3
8412	31.25	2
8413	41.75	1
8414	19.75	2
8415	29.0	2
8416	20.25	2
8417	19.0	1
8418	24.625	2
8419	35.25	2
8420	46.5	1
8421	25.25	2
8422	39.375	2
8423	29.5	3
8424	20.25	1
8425	22.5	1
8426	17.5	1
8427	60.375	2
8428	53.5	1
8429	100.125	2
8430	34.0	2
8431	97.25	1
8432	48.0	1
8433	57.25	1
8434	32.5	1
8435	22.25	3
8436	24.75	3
8437	17.875	1
8438	18.75	3
8439	18.5	1
8440	30.125	2
8441	26.75	2
8442	21.75	3
8443	34.875	2
8444	21.625	1
8445	17.25	3
8446	39.0	3
8447	21.75	2
8448	13.875	2
8449	54.0	1
8450	30.5	1
8451	41.25	3
8453	17.75	3
8454	19.375	1
8455	24.75	2
8456	24.25	3
8457	28.0	1
8458	33.0	1
8459	29.75	1
8460	17.5	1
8461	20.25	2
8462	16.0	1
8463	52.5	1
8464	29.75	3
8465	27.75	2
8466	22.625	1
8467	38.25	1
8468	19.0	1
8469	49.0	2
8470	18.0	1
8471	16.5	1
8472	24.25	2
8473	23.5	2
8474	21.0	3
8475	35.75	1
8476	21.5	3
8477	88.25	1
8478	19.25	3
8479	23.5	2
8480	158.875	1
8481	23.0	1
8482	63.375	3
8483	27.75	1
8484	19.0	1
8485	26.75	3
8486	15.625	1
8487	16.5	1
8488	62.625	1
8489	34.25	1
8490	25.5	2
8491	18.375	1
8492	36.375	1
8493	19.0	3
8494	18.0	1
8495	44.375	5
8496	113.25	1
8497	50.875	1
8498	28.625	3
8499	23.75	1
8500	29.125	3
8501	78.0	1
8502	21.0	3
8503	18.5	1
8504	29.125	1
8505	17.25	3
8506	20.25	1
8507	24.625	1
8508	44.125	1
8509	14.75	1
8510	38.5	3
8511	23.75	3
8512	49.75	3
8513	19.5	2
8514	42.25	2
8515	22.0	3
8516	63.125	5
8517	15.75	1
8518	25.75	1
8519	42.5	2
8520	16.5	1
8521	19.75	1
8522	28.75	2
8523	17.0	1
8524	23.25	3
8525	92.5	3
8526	19.0	1
8527	25.75	1
8528	66.375	4
8529	33.25	3
8530	26.5	1
8531	19.0	1
8532	18.5	1
8533	19.25	3
8534	18.75	1
8535	20.75	3
8536	27.125	1
8537	29.625	1
8538	84.75	1
8539	25.625	2
8540	42.625	1
8541	21.5	2
8542	39.75	1
8543	18.0	1
8544	31.125	1
8545	20.625	3
8546	32.75	1
8547	29.5	1
8548	35.375	1
8549	13.125	1
8550	31.625	2
8551	41.75	1
8552	42.25	3
8553	35.75	3
8554	27.25	3
8555	31.0	2
8556	27.75	1
8557	20.375	3
8558	35.625	2
8559	17.75	1
8560	18.75	2
8561	46.0	1
8562	19.75	3
8563	31.875	3
8564	20.5	2
8565	24.25	1
8566	26.0	1
8567	18.25	2
8568	17.0	2
8569	31.5	1
8570	25.75	2
8571	26.0	2
8572	39.75	1
8573	47.5	1
8574	36.25	2
8575	21.75	1
8576	30.875	2
8577	18.25	1
8578	26.25	2
8579	32.0	1
8580	18.75	1
8581	25.5	1
8582	34.625	3
8583	20.5	1
8584	25.75	1
8585	71.75	1
8586	16.5	1
8587	18.5	2
8588	26.5	2
8589	24.75	2
8590	23.375	1
8591	33.75	1
8592	41.0	2
8593	25.0	1
8594	17.25	1
8595	20.25	3
8596	22.75	3
8597	16.0	1
8598	122.25	1
8599	19.75	1
8600	23.25	1
8601	64.25	1
8602	29.25	2
8603	26.0	3
8604	31.125	1
8605	19.0	1
8606	18.25	1
8607	96.25	1
8608	17.25	3
8609	27.0	3
8610	22.75	3
8611	28.875	2
8612	23.5	2
8613	33.125	1
8614	175.875	1
8615	24.25	1
8616	105.25	1
8617	62.5	1
8618	132.0	1
8619	25.0	1
8620	27.75	2
8621	136.625	1
8622	19.5	2
8623	34.5	1
8624	66.0	1
8625	24.375	2
8626	19.625	2
8627	24.75	3
8628	15.875	1
8629	23.5	1
8630	37.0	3
8631	39.0	1
8632	37.875	3
8633	27.25	3
8634	40.25	2
8635	19.5	1
8636	54.125	2
8637	20.0	1
8638	36.125	2
8639	41.5	3
8640	24.25	1
8641	27.375	2
8642	17.75	1
8643	17.0	1
8644	49.875	3
8645	15.0	1
8646	54.25	3
8647	15.875	1
8648	31.125	1
8649	22.25	1
8650	19.125	3
8651	32.75	2
8652	43.75	1
8653	29.5	1
8654	17.75	1
8655	132.5	1
8656	26.0	1
8657	23.75	2
8658	36.25	1
8659	22.375	1
8660	29.0	3
8661	48.5	3
8662	19.5	1
8663	18.25	1
8664	20.25	3
8665	23.875	1
8666	47.25	2
8667	30.25	1
8668	22.25	3
8669	21.75	3
8670	215.25	1
8671	20.625	3
8672	30.125	3
8673	82.0	1
8674	18.75	3
8675	17.875	1
8676	25.0	3
8677	29.5	3
8678	41.25	4
8679	23.25	1
8680	17.625	2
8681	19.125	1
8682	18.5	1
8683	25.0	1
8684	22.375	3
8685	27.5	1
8686	21.25	3
8687	19.0	3
8688	129.25	1
8689	26.75	1
8690	27.75	3
8691	17.5	1
8692	19.5	1
8693	44.0	2
8694	27.75	1
8695	22.625	2
8696	19.0	3
8697	22.875	1
8698	24.625	3
8699	52.5	2
8700	47.25	2
8701	47.375	2
8702	30.0	1
8703	18.75	1
8704	17.25	1
8705	32.5	1
8706	157.75	1
8707	19.5	3
8708	45.75	3
8709	20.75	1
8710	33.625	2
8711	15.125	1
8712	24.75	1
8713	16.25	1
8714	40.75	2
8715	101.375	1
8716	23.5	2
8717	35.5	3
8718	35.0	1
8719	22.25	3
8720	31.875	4
8721	47.5	1
8722	18.0	1
8723	34.0	1
8724	19.5	3
8725	18.0	1
8726	47.5	3
8727	24.75	3
8728	27.875	3
8729	27.5	1
8730	18.625	1
8731	36.875	4
8732	19.375	3
8733	16.75	1
8734	52.875	1
8735	20.0	3
8736	24.25	2
8737	38.75	3
8738	23.25	2
8739	21.5	3
8740	26.375	1
8741	21.25	3
8742	31.875	1
8743	15.5	2
8744	21.0	3
8745	18.75	2
8746	35.0	1
8747	22.5	3
8748	20.875	3
8749	16.625	2
8750	21.25	1
8751	48.375	2
8752	47.625	1
8753	21.25	3
8754	31.25	1
8755	31.875	1
8756	26.375	3
8757	34.625	2
8758	15.0	1
8759	50.5	2
8760	21.0	3
8761	53.375	1
8762	22.0	3
8763	31.625	2
8764	16.25	1
8765	33.25	2
8766	22.0	1
8767	26.25	1
8768	48.125	1
8769	19.25	1
8770	27.25	3
8771	28.75	1
8772	25.0	1
8773	26.375	1
8774	50.125	1
8775	17.625	1
8776	24.125	3
8777	26.0	1
8778	35.25	3
8779	19.25	2
8780	41.0	3
8781	31.875	3
8783	30.75	1
8784	45.875	1
8785	24.875	1
8786	50.75	2
8787	18.0	2
8788	22.0	3
8789	19.25	2
8790	24.625	3
8791	36.625	3
8792	19.375	3
8793	40.0	2
8794	16.0	1
8795	34.0	1
8796	33.875	1
8797	28.5	2
8798	21.375	3
8799	23.5	3
8800	28.0	3
8801	39.25	1
8802	31.75	1
8803	58.0	4
8804	24.0	1
8805	25.75	3
8806	22.375	1
8807	28.0	2
8808	29.625	3
8809	26.75	4
8810	45.125	4
8811	21.75	1
8812	37.25	2
8813	19.0	1
8814	21.0	2
8815	24.0	1
8816	15.75	1
8817	17.5	1
8818	28.125	1
8819	20.0	3
8820	51.5	2
8821	27.375	2
8822	21.625	3
8823	36.5	3
8824	17.0	1
8825	31.625	2
8826	46.0	4
8827	32.875	2
8828	28.875	4
8829	33.25	3
8830	19.25	1
8831	17.375	1
8832	18.25	1
8833	30.75	1
8834	18.75	3
8835	28.0	1
8836	33.625	3
8837	19.75	3
8838	70.5	2
8839	31.75	1
8840	17.0	1
8841	53.0	1
8842	26.375	1
8843	31.875	1
8844	15.25	1
8845	16.5	1
8846	21.0	3
8847	18.5	1
8848	18.625	1
8849	38.5	1
8850	45.25	1
8851	49.625	1
8852	31.75	3
8853	31.25	2
8854	16.75	1
8855	27.75	1
8856	20.25	1
8857	24.25	2
8858	26.75	2
8859	39.375	1
8860	35.75	1
8861	64.75	3
8862	18.25	1
8863	24.75	2
8864	26.25	1
8865	134.0	1
8866	28.0	3
8867	56.5	4
8868	22.0	1
8869	50.25	5
8870	29.5	3
8871	32.125	1
8872	18.0	3
8873	25.125	1
8874	25.5	2
8875	54.125	4
8876	65.875	3
8877	16.75	1
8878	19.0	3
8879	29.0	2
8880	21.375	3
8881	15.75	1
8882	19.5	3
8883	113.0	1
8884	17.0	1
8885	15.75	1
8886	19.0	1
8887	23.5	2
8888	29.0	2
8889	26.5	3
8890	31.75	2
8891	31.75	1
8892	18.5	3
8893	39.75	1
8894	28.75	2
8895	41.25	1
8896	28.75	1
8897	43.75	1
8898	42.75	1
8899	27.375	2
8900	25.875	1
8901	21.25	1
8902	18.0	1
8903	43.0	4
8904	18.75	1
8905	28.75	1
8906	32.5	1
8907	35.25	1
8908	20.125	2
8909	18.75	1
8910	66.5	1
8911	40.25	2
8912	34.875	1
8913	18.5	3
8914	47.5	1
8915	18.75	3
8916	55.0	1
8917	112.5	1
8918	27.5	3
8919	27.25	3
8920	47.625	2
8921	41.25	2
8922	32.25	1
8923	33.25	3
8924	22.25	1
8925	19.5	3
8926	18.5	1
8927	21.5	3
8928	20.0	2
8929	21.625	1
8930	26.25	2
8931	44.25	3
8932	27.875	2
8933	76.0	5
8934	24.625	2
8935	33.875	1
8936	15.0	3
8937	33.875	1
8938	144.0	1
8939	32.25	1
8940	20.25	3
8941	16.25	1
8942	16.125	1
8943	19.75	2
8944	19.75	3
8945	36.0	1
8946	19.5	1
8947	54.625	3
8948	39.625	3
8949	15.25	2
8950	23.875	1
8951	36.25	1
8952	21.5	2
8953	22.5	3
8954	17.25	1
8955	21.5	3
8956	36.0	3
8957	18.5	2
8958	18.75	1
8959	15.5	1
8960	16.125	1
8961	27.125	1
8962	24.125	3
8963	45.25	2
8964	19.0	3
8965	29.0	3
8966	20.5	2
8967	36.375	2
8968	39.875	1
8969	28.0	1
8970	33.25	2
8971	33.75	3
8972	18.25	1
8973	20.25	1
8974	22.75	1
8975	19.5	1
8976	51.0	1
8977	24.25	2
8978	33.5	1
8979	45.0	3
8980	25.375	2
8981	43.125	1
8982	29.125	2
8983	39.0	1
8984	34.125	1
8985	21.0	1
8986	25.0	1
8987	45.375	1
8988	26.625	1
8989	21.625	1
8990	20.75	3
8991	41.5	2
8992	27.25	3
8993	19.0	3
8994	16.0	3
8995	49.125	1
8996	33.5	1
8997	17.5	1
8998	18.0	1
8999	24.25	2
9000	17.25	1
9001	42.75	1
9002	25.25	3
9003	19.625	2
9004	34.875	1
9005	15.25	1
9006	53.0	1
9007	17.375	2
9008	18.5	1
9009	25.0	3
9010	35.125	3
9011	31.25	1
9012	18.0	2
9013	18.5	1
9014	35.75	3
9015	18.5	3
9016	28.25	3
9017	20.375	3
9018	20.625	3
9019	29.0	2
9020	28.75	2
9021	19.0	1
9022	51.75	1
9023	22.25	1
9024	29.75	2
9025	36.5	2
9026	21.75	3
9027	27.0	2
9028	22.5	1
9029	18.25	1
9030	38.875	3
9031	28.125	1
9032	34.5	1
9033	30.25	1
9034	23.5	3
9035	27.125	3
9036	27.5	1
9037	23.125	2
9038	22.625	2
9039	17.25	1
9040	50.75	3
9041	38.0	2
9042	16.25	3
9043	48.0	1
9044	16.625	1
9045	16.75	1
9046	114.75	1
9047	71.5	2
9048	17.0	1
9049	21.75	2
9050	22.875	1
9051	33.0	1
9052	28.5	2
9053	23.375	3
9054	20.5	3
9055	51.375	1
9056	17.5	2
9057	18.5	2
9058	19.125	2
9059	25.25	1
9060	19.5	3
9061	18.75	2
9062	33.875	1
9063	27.0	1
9064	26.875	1
9065	31.5	3
9066	19.75	3
9067	19.125	1
9068	26.625	1
9069	31.25	1
9070	31.25	2
9071	35.0	1
9072	32.125	1
9073	34.125	4
9074	28.625	3
9075	25.5	3
9076	18.25	1
9077	18.875	1
9078	19.25	1
9079	28.5	1
9080	16.75	1
9081	21.75	3
9082	53.875	2
9083	65.625	2
9084	25.125	1
9085	19.25	1
9086	20.625	1
9087	21.5	3
9088	28.0	1
9089	55.0	1
9090	25.0	1
9091	19.25	1
9092	38.75	1
9093	20.0	2
9094	25.25	2
9095	61.0	3
9096	33.0	2
9097	33.125	1
9098	23.25	3
9099	19.625	3
9100	19.75	3
9101	18.25	3
9102	25.25	3
9104	73.5	2
9105	142.5	1
9106	24.25	2
9107	40.625	1
9108	29.0	2
9109	36.5	2
9110	23.375	1
9111	18.25	2
9112	17.0	1
9113	54.75	1
9114	31.25	3
9115	22.75	3
9116	44.75	2
9117	18.0	1
9118	27.25	2
9119	35.5	3
9120	24.25	1
9121	20.125	1
9122	28.5	3
9123	21.25	1
9124	46.125	2
9125	26.75	1
9126	20.75	2
9127	32.25	1
9128	21.75	3
9129	28.125	3
9130	30.25	1
9131	39.25	3
9132	30.75	3
9133	45.625	2
9134	81.0	2
9135	17.25	1
9136	52.75	2
9137	18.25	1
9138	19.125	3
9139	17.5	1
9140	19.75	1
9141	47.0	1
9142	34.875	3
9143	40.0	4
9144	35.5	1
9145	42.375	2
9146	25.875	1
9147	26.5	2
9148	19.0	3
9149	44.0	1
9150	22.0	1
9151	21.5	1
9152	19.25	3
9153	63.875	2
9155	36.125	3
9156	29.25	1
9157	33.25	3
9158	41.875	4
9159	70.125	1
9160	25.25	1
9161	21.0	1
9162	50.25	1
9163	22.625	2
9165	28.5	1
9166	13.75	1
9167	22.625	2
9169	16.75	1
9170	47.25	1
9171	28.0	1
9172	18.75	1
9173	26.75	2
9174	17.25	1
9175	39.0	2
9176	34.125	2
9177	26.625	3
9178	55.625	1
9179	17.0	1
9180	25.75	3
9181	54.5	2
9182	39.125	1
9183	23.0	3
9184	29.5	3
9185	17.5	1
9186	16.125	2
9187	55.0	2
9188	22.125	2
9189	37.875	2
9190	20.75	3
9191	15.75	1
9192	14.0	2
9193	31.0	1
9194	26.625	3
9195	19.875	3
9196	29.0	3
9197	31.0	1
9198	31.0	2
9199	21.125	2
9200	15.5	1
9201	42.125	3
9202	25.375	3
9203	31.5	1
9204	15.75	1
9205	18.25	3
9206	28.25	1
9207	52.25	1
9208	19.375	2
9209	18.0	1
9210	78.75	2
9211	19.5	1
9212	32.5	1
9213	26.25	3
9214	23.25	2
9215	19.25	1
9216	18.25	1
9217	43.25	2
9218	24.5	3
9219	33.25	2
9220	20.125	3
9221	27.125	2
9222	32.5	1
9223	22.0	1
9224	27.625	1
9225	27.375	1
9226	30.0	3
9227	23.25	2
9228	33.0	1
9229	19.5	1
9230	14.5	1
9231	17.625	1
9232	53.875	3
9233	87.25	3
9234	25.75	3
9235	19.375	1
9236	20.5	1
9237	18.25	1
9238	16.75	1
9239	19.25	1
9240	33.875	2
9241	26.125	3
9242	56.625	1
9243	33.25	1
9244	17.25	1
9245	16.5	1
9246	24.25	1
9247	35.25	2
9248	33.0	3
9249	19.25	1
9250	73.625	1
9251	60.5	3
9252	32.125	4
9253	29.625	2
9254	64.25	1
9255	48.25	3
9256	27.25	3
9257	25.125	1
9258	18.25	1
9259	58.625	4
9260	22.875	3
9261	25.875	3
9262	46.125	1
9263	23.25	3
9264	42.125	1
9265	17.75	2
9266	26.75	3
9267	32.875	3
9268	18.25	1
9269	27.0	3
9270	19.0	2
9271	25.875	1
9272	63.75	3
9273	25.75	1
9274	17.0	1
9275	18.375	1
9276	21.875	2
9277	17.75	1
9278	19.0	1
9279	23.5	1
9280	22.75	3
9281	79.875	1
9282	26.0	3
9283	20.375	2
9284	101.5	1
9285	36.25	3
9286	19.625	3
9287	18.5	1
9288	31.5	1
9289	19.75	1
9290	28.5	3
9291	14.375	2
9292	17.5	1
9293	29.0	1
9294	21.0	1
9295	36.5	3
9296	19.25	1
9297	16.875	1
9298	23.625	1
9299	35.75	3
9300	23.0	2
9301	27.75	3
9302	25.0	2
9303	19.5	1
9304	23.5	3
9305	41.5	4
9306	28.75	3
9307	19.75	3
9308	20.0	1
9309	31.125	3
9310	31.75	3
9311	73.125	2
9312	140.625	1
9313	18.0	1
9314	48.625	1
9315	16.0	2
9316	25.0	3
9317	86.125	3
9318	44.5	2
9319	27.375	1
9320	25.875	1
9321	111.375	1
9322	25.625	3
9323	19.75	3
9324	38.5	1
9325	33.5	3
9326	46.0	1
9327	21.5	2
9328	15.75	1
9329	29.875	2
9330	112.0	1
9331	40.875	2
9332	16.25	1
9333	70.0	2
9334	29.25	3
9335	21.5	3
9336	34.0	3
9337	20.0	1
9338	33.5	2
9339	19.25	2
9340	68.0	1
9341	24.5	2
9342	58.625	3
9343	17.0	1
9344	83.5	1
9345	17.0	1
9346	55.5	2
9347	21.75	3
9348	19.625	2
9349	23.625	2
9350	26.0	1
9351	23.0	3
9352	24.5	3
9353	21.875	3
9354	19.0	1
9355	19.75	3
9356	33.25	3
9357	34.5	1
9358	31.375	3
9359	34.5	3
9360	35.25	3
9361	19.5	1
9362	32.25	1
9363	40.125	1
9364	24.75	1
9365	36.375	1
9366	19.75	3
9367	61.125	3
9368	23.25	3
9369	30.75	3
9370	26.25	2
9371	25.0	3
9372	27.75	1
9373	34.75	1
9374	38.875	1
9375	26.0	3
9376	45.5	1
9377	45.0	1
9378	18.0	1
9379	15.25	2
9380	19.0	1
9381	45.125	3
9382	24.25	1
9383	35.5	1
9384	25.25	1
9385	57.5	1
9386	17.75	1
9387	46.5	2
9388	26.75	1
9389	31.0	1
9390	19.25	1
9391	27.5	1
9392	22.75	1
9393	25.625	3
9394	39.75	2
9395	16.75	1
9396	19.375	3
9397	24.125	3
9398	29.375	1
9399	19.625	3
9400	37.25	1
9401	16.5	2
9402	32.75	2
9403	39.0	2
9404	125.5	1
9405	22.75	3
9406	18.5	1
9407	42.625	3
9408	33.375	1
9409	22.25	3
9410	25.75	2
9411	42.0	3
9412	39.875	1
9413	26.375	1
9414	18.875	1
9415	22.375	1
9416	18.25	1
9417	18.5	2
9418	18.0	2
9419	57.625	1
9420	23.75	3
9421	34.375	4
9422	18.5	1
9423	31.5	3
9424	18.0	1
9425	54.75	1
9426	13.75	1
9427	24.5	2
9428	28.75	3
9429	16.0	2
9430	26.375	1
9431	19.5	3
9432	48.25	3
9433	27.25	2
9434	26.125	2
9435	30.125	4
9436	19.25	1
9437	110.625	1
9438	31.125	3
9439	50.125	1
9440	24.25	1
9441	29.25	3
9442	26.75	2
9443	18.875	2
9444	58.75	2
9445	19.5	1
9446	30.0	3
9447	26.375	2
9448	28.625	4
9449	34.25	1
9450	36.25	2
9451	29.875	1
9452	22.5	2
9453	65.5	1
9455	89.5	2
9456	23.25	3
9457	22.75	3
9458	16.5	1
9459	29.75	1
9460	17.0	1
9461	63.125	3
9462	18.25	1
9463	20.25	1
9464	17.25	2
9465	18.875	1
9466	50.25	1
9467	19.5	3
9468	40.125	1
9469	18.5	1
9470	63.125	3
9471	37.0	1
9472	21.25	1
9473	32.125	4
9474	26.0	3
9475	28.25	3
9476	23.75	2
9477	22.625	2
9478	34.625	3
9479	44.75	2
9480	54.0	2
9481	27.5	1
9482	39.625	2
9483	28.625	1
9484	17.25	1
9485	34.125	1
9486	109.875	1
9487	15.5	1
9488	35.25	3
9489	25.25	2
9490	67.25	3
9491	24.875	2
9492	24.75	2
9493	17.0	1
9494	21.625	3
9495	26.375	2
9496	17.25	1
9497	26.0	2
9498	130.125	1
9499	19.5	1
9500	16.0	2
9501	16.625	1
9502	19.0	1
9503	34.5	2
9504	30.25	3
9505	34.0	3
9506	36.0	1
9507	19.75	1
9508	18.875	2
9509	20.125	2
9510	34.625	3
9511	55.0	3
9512	27.75	1
9513	24.875	2
9514	38.5	1
9515	19.5	3
9516	17.75	1
9517	25.25	3
9518	25.125	1
9519	48.625	2
9520	34.25	3
9521	18.5	1
9522	56.5	1
9523	40.75	2
9524	15.5	1
9525	31.25	2
9526	36.875	1
9527	42.125	2
9528	27.0	3
9529	29.375	1
9530	33.0	1
9531	68.25	1
9532	16.75	1
9533	37.75	3
9534	25.75	3
9535	34.25	1
9536	20.75	1
9537	69.875	3
9538	34.5	2
9539	38.75	3
9540	18.5	3
9541	22.375	3
9542	15.25	1
9543	36.0	2
9544	31.75	1
9545	21.875	1
9546	24.75	2
9547	25.625	1
9548	47.875	1
9549	42.75	1
9550	19.25	1
9551	27.25	2
9552	33.5	1
9553	42.75	2
9554	22.5	1
9555	26.375	2
9556	18.75	1
9557	58.25	1
9558	28.0	1
9559	20.375	1
9560	22.5	2
9561	27.25	1
9562	20.125	1
9563	24.125	2
9564	28.75	1
9565	22.25	3
9566	18.5	3
9567	34.375	1
9568	37.25	3
9569	41.75	2
9570	25.625	1
9571	19.125	3
9572	28.375	1
9573	20.25	3
9574	21.75	3
9575	45.875	1
9576	19.0	1
9577	24.875	1
9578	19.75	3
9579	32.5	3
9580	68.625	3
9581	16.5	2
9582	34.25	1
9583	30.25	2
9584	26.25	1
9585	26.5	1
9586	29.875	2
9587	18.75	1
9588	28.75	1
9589	20.75	2
9590	102.125	3
9591	26.0	1
9592	32.125	3
9593	15.125	1
9594	38.0	1
9595	17.5	1
9596	25.375	2
9597	20.625	1
9598	31.25	2
9599	31.5	5
9600	23.625	3
9601	14.25	1
9602	41.75	1
9603	28.5	1
9604	31.75	3
9605	35.625	2
9606	26.75	3
9607	17.75	3
9608	38.0	1
9609	50.125	3
9610	22.25	3
9611	26.25	2
9612	37.5	1
9613	19.5	1
9614	17.5	1
9615	26.0	3
9616	24.25	1
9617	27.25	2
9618	22.125	2
9619	16.5	1
9620	29.25	3
9621	14.75	1
9622	18.5	3
9623	24.25	2
9624	22.75	1
9625	19.0	1
9626	24.625	3
9627	25.25	1
9628	26.0	3
9629	16.5	1
9630	40.5	1
9631	31.5	3
9632	26.125	3
9633	32.5	2
9634	27.5	1
9635	24.75	3
9636	25.25	2
9637	21.25	3
9638	22.75	3
9639	16.75	1
9640	17.5	1
9641	140.875	1
9642	42.5	5
9643	28.375	1
9644	41.0	1
9645	23.5	3
9646	59.375	2
9648	15.75	1
9649	19.5	3
9650	24.75	3
9651	22.625	2
9652	20.0	1
9653	19.0	1
9654	22.75	1
9655	39.5	1
9656	29.25	3
9657	14.75	1
9658	21.625	1
9659	45.625	1
9660	31.625	1
9661	34.25	1
9662	25.25	3
9663	24.25	1
9664	20.875	1
9665	21.375	1
9666	20.125	1
9667	43.75	1
9668	26.0	1
9669	19.25	2
9670	36.0	1
9671	39.375	2
9672	15.625	1
9673	34.0	1
9674	21.0	3
9675	30.375	2
9676	43.125	4
9677	33.875	1
9678	29.375	2
9679	20.5	3
9680	31.0	3
9681	27.0	2
9682	36.375	2
9683	40.5	3
9684	21.75	1
9685	31.75	1
9686	31.75	3
9687	34.125	1
9688	58.25	1
9689	24.25	1
9690	21.25	2
9691	18.25	3
9692	47.125	3
9693	25.375	3
9694	36.625	2
9695	46.875	1
9696	30.25	2
9697	22.75	1
9698	28.75	2
9699	41.875	2
9700	19.125	2
9701	17.0	1
9702	16.75	1
9703	44.0	5
9704	35.5	1
9705	28.875	1
9706	20.125	1
9707	17.25	3
9708	45.125	2
9709	60.0	1
9710	23.0	3
9711	32.625	2
9712	47.25	3
9713	34.875	2
9714	27.25	2
9715	24.375	1
9716	70.375	1
9717	21.0	3
9718	30.375	2
9719	54.25	1
9720	31.625	1
9721	19.625	3
9722	19.125	2
9723	21.5	2
9724	35.375	3
9725	30.0	2
9726	42.25	2
9727	21.75	3
9728	28.625	1
9729	50.875	1
9730	22.75	2
9731	22.25	1
9732	21.0	3
9733	17.625	1
9734	30.5	2
9735	107.5	1
9736	15.875	2
9737	41.5	3
9738	19.125	2
9739	19.625	1
9740	48.25	2
9741	20.0	3
9742	18.5	1
9743	28.5	1
9744	18.25	1
9745	32.5	2
9746	58.875	2
9747	35.25	3
9748	18.25	1
9749	33.0	3
9750	35.5	3
9751	44.875	1
9752	27.75	3
9753	23.75	2
9754	31.0	1
9755	35.75	1
9756	45.875	1
9757	18.5	1
9758	29.375	3
9759	28.25	1
9760	23.0	1
9761	16.75	1
9762	27.875	2
9763	18.75	3
9764	40.875	3
9765	18.5	1
9766	51.25	3
9767	29.125	1
9768	30.75	1
9769	22.5	3
9770	15.75	1
9771	29.875	3
9772	13.125	1
9773	15.5	1
9774	35.75	3
9775	25.75	1
9776	36.25	1
9777	19.375	1
9778	27.5	2
9779	33.75	1
9780	36.25	3
9781	17.75	1
9782	20.25	1
9783	60.25	1
9784	31.75	1
9785	22.5	1
9786	30.75	3
9787	29.75	2
9788	19.25	1
9789	33.625	3
9790	50.5	1
9791	36.25	3
9792	37.125	3
9793	20.25	1
9794	27.25	2
9795	27.0	1
9796	41.25	1
9797	18.0	1
9798	15.75	1
9799	32.625	1
9800	23.75	2
9801	15.25	1
9802	19.5	1
9803	26.375	1
9804	17.5	1
9805	38.0	3
9806	46.0	3
9807	41.25	1
9808	17.5	3
9809	43.0	2
9810	28.75	2
9811	17.75	1
9812	136.25	1
9813	36.5	2
9814	29.625	2
9815	36.75	1
9816	61.25	1
9817	42.25	3
9818	41.625	1
9819	22.25	3
9820	27.5	1
9821	30.0	1
9822	16.125	1
9823	20.75	3
9824	21.5	2
9825	86.0	1
9826	63.5	3
9827	22.375	1
9828	20.0	3
9829	27.75	5
9830	19.875	2
9831	50.875	2
9832	18.125	2
9833	43.25	1
9834	24.75	2
9835	27.375	1
9836	24.875	2
9837	18.75	3
9838	44.625	2
9839	17.75	1
9840	52.625	1
9841	36.0	3
9842	32.0	3
9843	28.75	1
9844	19.5	1
9845	20.25	1
9846	37.375	2
9847	29.375	3
9848	18.75	1
9849	20.75	1
9850	15.5	2
9851	19.5	2
9852	19.25	3
9853	50.125	1
9854	27.375	2
9855	23.75	2
9856	36.0	2
9857	34.125	1
9858	79.25	1
9859	25.125	1
9860	28.25	3
9861	22.625	2
9862	33.625	1
9863	35.0	3
9864	33.875	1
9865	40.875	3
9866	31.625	3
9867	39.5	2
9868	39.5	2
9869	41.375	3
9870	31.75	2
9871	147.375	1
9872	23.125	3
9873	22.75	2
9874	18.625	1
9876	16.75	1
9877	25.0	1
9878	33.25	2
9879	19.125	1
9880	20.0	2
9881	18.75	1
9883	112.875	3
9884	63.875	1
9885	41.0	1
9886	21.5	1
9887	107.75	1
9888	20.125	2
9889	31.25	2
9890	134.625	1
9891	26.0	1
9892	17.25	1
9893	23.25	1
9894	15.75	1
9895	20.75	3
9896	15.125	1
9897	17.75	3
9898	34.0	3
9899	57.75	1
9900	29.25	1
9901	19.25	3
9902	54.75	1
9903	30.875	4
9904	83.375	1
9905	20.875	2
9906	32.875	1
9907	48.875	1
9908	26.5	1
9909	44.75	1
9910	36.0	2
9911	42.5	1
9912	19.875	1
9913	19.75	1
9914	39.0	3
9915	27.5	3
9916	22.25	2
9917	30.25	2
9918	83.75	3
9919	79.875	1
9920	21.875	3
9921	33.75	1
9922	22.125	2
9923	19.25	1
9924	21.875	1
9925	83.5	1
9926	24.75	3
9927	15.5	1
9928	60.125	4
9929	21.25	2
9930	31.0	2
9931	21.5	1
9932	26.25	1
9933	57.0	3
9934	17.0	1
9935	22.375	3
9936	25.375	3
9937	29.5	1
9938	17.0	1
9939	46.875	1
9940	17.5	1
9941	64.0	1
9942	36.75	1
9943	27.75	2
9944	24.375	2
9945	26.875	1
9946	34.0	3
9947	20.875	1
9948	40.875	1
9949	26.75	1
9950	28.5	1
9951	48.125	1
9952	45.125	2
9953	21.75	3
9954	30.625	2
9955	68.5	1
9957	32.25	4
9958	57.25	1
9959	38.125	1
9960	41.75	2
9961	48.25	1
9962	18.5	1
9963	14.875	1
9964	35.625	1
9965	24.75	3
9966	16.5	1
9967	34.5	1
9968	32.125	1
9969	18.75	1
9970	29.0	2
9971	25.625	1
9972	19.25	1
9973	22.25	1
9974	21.125	1
9975	39.0	1
9976	38.375	1
9977	27.375	2
9978	63.5	1
9979	34.0	3
9980	22.0	2
9981	40.0	2
9982	32.75	2
9983	24.0	2
9984	96.75	2
9985	17.75	2
9986	25.25	2
9987	26.0	2
9988	19.875	1
9989	37.5	3
9990	43.625	1
9991	19.0	2
9992	75.875	4
9993	26.875	1
9994	29.375	1
9995	18.375	2
9996	25.5	3
9997	40.5	2
9998	18.75	3
9999	23.0	1
10000	25.875	3
