ID	OPC	CUSPS
1	14.875	3
2	15.25	1
3	17.5	1
4	22.25	1
5	25.25	1
6	19.625	1
7	18.0	1
8	24.0	1
9	20.0	1
10	23.25	1
11	25.5	1
12	20.75	1
13	24.0	1
14	32.75	1
15	17.0	1
16	14.125	1
17	16.0	1
18	15.75	1
19	21.0	1
20	37.5	1
21	20.25	1
22	46.25	1
23	23.375	1
24	12.25	1
25	15.75	1
26	15.0	1
27	15.0	1
28	14.25	1
29	17.0	1
30	17.0	1
31	15.5	1
32	21.25	2
33	21.75	1
34	25.25	1
35	13.125	1
36	19.0	1
37	24.125	1
38	24.5	1
39	25.0	1
40	17.0	1
41	17.0	1
42	14.75	1
43	14.25	1
44	27.625	1
45	21.125	1
46	15.25	1
47	18.75	3
48	15.5	1
49	21.25	1
50	14.0	1
51	22.75	1
52	16.875	3
53	19.375	1
54	24.625	1
55	18.75	2
56	13.875	1
57	14.75	1
58	14.5	2
59	24.125	1
60	18.625	2
61	15.25	1
62	16.25	1
63	16.375	1
64	18.25	2
65	26.625	1
66	30.5	1
67	21.75	1
68	24.0	1
69	15.0	1
70	24.75	1
71	15.5	1
72	20.0	1
73	43.0	1
74	14.75	1
75	15.25	1
76	17.75	3
77	15.375	1
78	20.5	1
79	16.75	2
80	19.75	1
81	22.5	1
82	18.875	3
83	16.25	1
84	17.0	1
85	14.75	1
86	19.25	1
87	20.625	1
88	14.75	1
89	30.0	1
90	24.0	1
91	17.0	2
92	16.25	2
93	13.0	1
94	17.5	2
95	14.5	1
96	27.5	1
97	15.375	1
98	21.0	1
99	26.25	1
100	16.75	1
101	27.75	1
102	17.0	1
103	30.75	1
104	23.5	1
105	23.0	1
106	26.0	1
107	14.75	1
108	16.5	1
109	20.5	1
110	74.625	1
111	20.0	2
112	24.25	1
113	23.0	3
114	12.5	1
115	14.75	1
116	14.875	1
117	22.25	1
118	27.5	1
119	17.875	2
120	19.25	1
121	19.0	3
122	15.125	1
123	25.75	2
124	23.0	1
125	16.5	1
126	16.25	1
127	17.0	1
128	15.25	1
129	26.25	1
130	12.625	1
131	15.75	1
132	24.75	1
133	27.375	2
134	15.75	1
135	18.25	1
136	28.875	2
137	23.0	1
138	16.5	1
139	17.25	2
140	30.5	2
141	15.875	1
142	21.25	1
143	15.25	1
144	15.25	3
145	16.625	1
146	45.125	1
147	17.5	1
148	14.5	1
149	33.125	1
150	16.5	1
151	13.5	1
152	22.25	1
153	16.75	2
154	15.0	1
155	16.25	1
156	17.625	1
157	22.5	1
158	27.0	1
159	14.25	1
160	24.625	1
161	17.25	1
162	18.25	1
163	14.75	1
164	20.5	1
165	19.75	1
166	19.75	1
167	19.0	1
168	18.75	1
169	17.0	2
170	23.125	2
171	14.0	1
172	15.0	1
173	16.75	1
174	26.25	1
175	24.5	1
176	19.5	1
177	15.5	1
178	43.75	2
179	16.0	1
180	19.5	1
181	15.5	1
182	13.5	1
183	32.75	1
184	24.0	1
185	22.0	1
186	20.25	3
187	22.5	1
188	26.5	3
189	15.125	1
190	22.375	1
191	16.75	1
192	38.5	1
193	21.25	1
194	18.0	3
195	29.75	1
196	16.25	1
197	19.25	1
198	67.75	1
199	20.25	1
200	26.25	1
201	23.75	1
202	30.0	1
203	52.875	1
204	19.25	1
205	20.0	1
206	16.25	1
207	16.5	1
208	24.0	1
209	15.5	1
210	16.0	1
211	73.125	1
212	17.0	1
213	14.75	1
214	19.5	2
215	17.75	1
216	16.5	1
217	18.75	1
218	14.25	2
219	15.125	1
220	14.25	1
221	18.75	1
222	23.5	1
223	20.75	1
224	18.0	1
225	28.0	1
226	15.0	1
227	14.0	1
228	17.25	1
229	23.25	1
230	25.5	1
231	15.75	1
232	21.875	1
233	15.5	1
234	20.75	1
235	16.25	1
236	29.75	1
237	13.5	1
238	14.375	3
239	27.625	1
240	21.5	1
241	19.75	3
242	20.875	1
243	26.5	1
244	23.25	1
245	24.375	1
246	22.5	1
247	49.625	1
248	25.75	1
249	14.75	1
250	18.125	1
251	13.5	1
252	24.375	1
253	16.75	1
254	18.875	1
255	18.0	1
256	29.25	1
257	15.5	1
258	24.75	2
259	21.75	1
260	19.0	1
261	17.75	1
262	15.75	1
263	21.625	1
264	16.0	1
265	17.125	3
266	16.0	1
267	15.5	1
268	21.0	1
269	21.5	1
270	30.25	1
271	16.75	1
272	20.0	1
273	19.75	1
274	15.25	1
275	15.75	1
276	20.0	1
277	16.0	1
278	15.75	1
279	20.25	1
280	20.5	1
281	23.0	1
282	21.0	1
283	15.5	1
284	16.5	3
285	16.5	1
286	13.0	1
287	29.75	1
288	15.0	1
289	14.75	1
290	19.25	1
291	16.75	1
292	18.75	3
293	16.5	1
294	16.25	1
295	16.0	1
296	16.75	3
297	20.5	2
298	15.0	1
299	13.5	2
300	19.0	2
301	55.125	1
302	29.25	2
303	24.75	1
304	21.5	1
305	24.25	3
306	16.25	2
307	14.0	1
308	17.75	1
309	12.0	1
310	28.5	1
311	21.0	1
312	15.25	1
313	20.25	1
314	18.25	1
315	23.0	1
316	15.25	1
317	15.75	1
318	15.125	3
319	18.75	1
320	16.5	1
321	18.875	1
322	17.25	2
323	24.0	1
324	14.125	1
325	14.875	1
326	15.25	3
327	15.75	1
328	30.25	1
329	22.625	1
330	21.0	1
331	12.75	1
332	14.25	2
333	20.25	1
334	18.5	1
335	39.75	1
336	13.75	1
337	25.75	1
338	22.75	1
339	18.75	3
340	17.375	1
341	16.5	3
342	15.75	1
343	16.75	1
344	24.625	1
345	25.25	1
346	17.0	1
347	19.875	1
348	19.75	1
349	35.25	1
350	16.75	1
351	19.5	1
352	17.375	1
353	18.875	1
354	21.25	1
355	31.5	1
356	17.0	3
357	19.75	1
358	16.5	1
359	13.5	1
360	24.875	1
361	15.125	1
362	15.5	1
363	14.75	1
364	16.0	1
365	18.25	1
366	22.5	1
367	18.25	3
368	20.875	1
369	17.75	1
370	21.25	3
371	25.375	1
372	16.5	1
373	15.0	1
374	14.75	2
375	20.5	1
376	17.0	1
377	20.5	1
378	19.25	1
379	19.5	1
380	19.375	1
381	27.75	1
382	23.625	1
383	17.0	2
384	16.0	1
385	22.5	1
386	16.0	2
387	14.75	1
388	25.75	1
389	24.0	1
390	17.0	1
391	18.75	3
392	20.25	1
393	12.75	1
394	15.75	1
395	27.75	1
396	18.0	1
397	28.5	1
398	20.25	1
399	12.5	1
400	19.5	1
401	16.5	1
402	14.75	1
403	22.5	1
404	21.25	1
405	26.5	1
406	21.25	1
407	17.75	1
408	15.5	1
409	18.75	1
410	22.25	1
411	15.75	1
412	21.5	1
413	24.5	1
414	34.0	1
415	16.0	1
416	15.75	1
417	15.75	1
418	16.25	1
419	15.25	3
420	20.75	1
421	12.5	1
422	20.25	1
423	18.0	2
424	23.0	1
425	19.5	1
426	13.875	1
427	18.75	2
428	26.75	1
429	24.0	1
430	24.125	1
431	14.375	1
432	20.5	1
433	21.375	1
434	27.5	1
435	21.0	1
436	23.75	1
437	16.75	1
438	16.0	1
439	16.75	1
440	17.25	1
441	13.625	1
442	14.75	2
443	15.5	1
444	30.0	1
445	14.375	1
446	25.5	1
447	16.25	3
448	24.125	1
449	19.875	1
450	14.0	1
451	17.5	1
452	24.5	1
453	16.0	1
454	19.0	1
455	20.0	1
456	23.875	1
457	15.25	1
458	15.25	1
459	12.0	1
460	17.25	1
461	21.5	1
462	18.25	1
463	25.25	1
464	24.125	1
465	15.25	1
466	16.0	1
467	28.0	1
468	20.25	1
469	21.25	3
470	18.25	2
471	15.75	1
472	24.5	1
473	30.75	1
474	16.5	1
475	20.625	1
476	21.5	1
477	32.75	1
478	15.5	1
479	15.5	1
480	14.5	1
481	19.75	1
482	16.0	1
483	27.25	1
484	11.75	1
485	24.25	1
486	29.75	1
487	13.375	1
488	21.0	1
489	17.25	1
490	21.5	1
491	26.75	1
492	20.25	1
493	16.375	2
494	20.625	1
495	15.5	1
496	20.125	1
497	18.5	1
498	18.75	1
499	15.25	1
500	13.25	1
501	18.25	1
502	16.5	3
503	23.125	3
504	15.5	1
505	23.625	1
506	18.5	1
507	19.0	1
508	32.25	1
509	15.875	1
510	20.5	1
511	23.75	1
512	16.25	1
513	13.25	1
514	14.5	1
515	21.0	1
516	28.25	2
517	25.0	1
518	27.75	1
519	19.0	3
520	16.25	1
521	18.875	2
522	17.75	1
523	14.5	1
524	14.25	1
525	15.5	1
526	19.5	1
527	17.625	1
528	14.0	1
529	16.75	1
530	31.75	1
531	22.0	1
532	14.0	1
533	22.5	1
534	14.625	1
535	23.75	1
536	24.25	1
537	24.875	1
538	22.5	1
539	16.375	1
540	17.25	1
541	14.25	1
542	14.25	1
543	36.75	1
544	15.5	1
545	19.5	1
546	20.25	1
547	17.0	2
548	16.75	2
549	19.75	1
550	25.0	1
551	13.0	1
552	15.25	1
553	32.5	1
554	18.0	1
555	21.0	1
556	14.75	1
557	19.0	1
558	15.0	1
559	20.0	2
560	20.625	1
561	15.625	1
562	21.25	1
563	14.5	1
564	15.125	1
565	16.25	1
566	21.75	1
567	13.75	1
568	15.875	1
569	20.75	1
570	19.75	1
571	15.875	1
572	15.75	1
573	23.25	1
574	13.75	1
575	21.0	1
576	15.375	2
577	71.75	1
578	21.0	2
579	15.0	1
580	15.0	1
581	25.75	1
582	17.75	1
583	27.5	1
584	21.5	1
585	21.0	3
586	14.25	1
587	27.5	1
588	16.5	1
589	24.5	1
590	16.25	1
591	33.0	1
592	24.0	1
593	16.625	1
594	15.5	1
595	75.125	2
596	15.0	1
597	28.25	1
598	21.0	1
599	14.375	1
600	23.5	1
601	18.5	3
602	25.0	1
603	23.875	1
604	20.5	1
605	21.875	1
606	27.5	1
607	20.0	1
608	12.75	1
609	15.75	1
610	45.0	1
611	18.5	2
612	21.25	1
613	23.0	1
614	27.5	1
615	17.5	1
616	16.5	1
617	19.75	1
618	28.5	1
619	15.25	1
620	15.25	1
621	21.0	1
622	15.5	1
623	16.0	1
624	15.75	1
625	13.25	1
626	20.75	1
627	17.875	1
628	15.0	1
629	25.625	1
630	15.75	1
631	16.75	1
632	15.75	1
633	13.625	1
634	16.5	1
635	17.5	1
636	16.75	1
637	14.0	1
638	18.5	1
639	14.375	1
640	16.75	1
641	27.75	1
642	23.25	2
643	16.625	2
644	14.0	1
645	28.625	1
646	17.5	1
647	16.5	2
648	20.0	2
649	15.25	1
650	19.25	1
651	22.75	3
652	13.625	1
653	18.25	1
654	16.5	3
655	16.625	1
656	13.75	1
657	21.75	1
658	15.0	3
659	15.875	1
660	16.5	1
661	15.75	1
662	17.0	1
663	16.625	1
664	22.125	1
665	25.0	2
666	17.0	1
667	20.0	1
668	17.0	1
669	18.875	1
670	15.5	1
671	23.5	1
672	13.5	1
673	19.5	1
674	27.375	1
675	42.0	1
676	22.25	3
677	20.25	1
678	16.0	1
679	20.5	1
680	20.625	1
681	46.5	1
682	30.75	1
683	19.5	2
684	15.5	1
685	23.0	1
686	14.0	1
687	26.0	1
688	15.75	1
689	21.75	1
690	15.5	1
691	23.375	1
692	17.75	1
693	25.5	2
694	18.0	1
695	15.0	1
696	14.5	1
697	21.75	1
698	14.0	1
699	22.25	1
700	19.5	1
701	24.5	1
702	38.0	1
703	22.0	1
704	18.5	1
705	17.75	1
706	19.5	1
707	21.25	2
708	46.625	1
709	24.125	1
710	21.625	1
711	14.75	1
712	15.125	1
713	14.5	1
714	18.5	1
715	27.125	1
716	21.25	2
717	17.0	1
718	42.5	1
719	15.5	1
720	17.25	1
721	33.75	1
722	27.5	1
723	18.75	2
724	16.0	1
725	24.125	1
726	26.75	1
728	14.0	1
729	14.75	1
730	14.75	1
731	19.75	1
732	16.125	1
733	22.25	1
734	16.0	1
735	22.75	2
736	13.875	1
737	16.75	1
738	15.875	1
739	17.5	1
740	16.75	1
741	16.5	1
742	24.0	1
743	17.0	1
744	27.125	1
745	18.0	2
746	29.5	1
747	17.5	1
748	18.75	2
749	14.125	1
750	14.625	1
751	18.75	1
752	17.75	1
753	14.5	1
754	31.25	1
755	15.5	1
756	15.625	1
757	15.875	1
758	20.0	3
759	16.0	1
760	25.75	1
761	23.0	1
762	23.25	3
763	17.75	1
764	23.75	1
765	19.625	1
766	35.0	1
767	32.5	1
768	30.625	1
769	20.25	1
770	15.875	1
771	13.0	1
772	15.75	3
773	16.0	1
774	16.875	1
775	14.0	1
776	21.0	1
777	15.75	1
778	18.0	1
779	20.25	1
780	17.75	2
781	15.25	1
782	33.75	1
783	14.5	1
784	23.0	1
785	23.5	1
786	34.125	1
787	14.0	1
788	14.75	1
789	17.125	1
790	30.0	1
791	25.625	1
792	20.75	1
793	15.5	1
794	24.5	1
795	29.0	1
796	15.375	1
797	25.0	1
798	15.25	1
799	14.75	1
800	16.25	1
801	19.625	1
802	14.75	1
803	21.375	1
804	12.75	1
805	18.75	1
806	21.0	1
807	17.25	1
808	15.625	3
809	24.25	1
810	21.625	1
811	14.75	1
812	19.5	1
813	34.25	1
814	14.5	1
815	53.25	1
816	22.25	1
817	15.25	1
818	14.25	1
819	21.125	1
820	15.5	1
821	13.75	1
822	23.25	1
823	15.75	1
824	17.0	1
825	16.5	2
826	17.875	1
827	18.25	1
828	17.375	1
829	17.75	1
830	15.125	1
831	21.0	1
832	25.0	1
833	16.0	1
834	22.5	1
835	16.5	1
836	17.25	1
837	16.75	1
838	18.75	1
839	14.625	1
840	15.75	1
841	17.5	1
842	25.0	1
843	19.5	2
844	16.75	1
845	14.875	1
846	75.25	1
847	24.75	1
848	18.875	1
849	30.5	1
850	15.25	2
851	18.0	2
852	12.75	1
853	32.5	1
854	21.5	2
855	21.0	1
856	19.375	1
857	17.0	1
858	23.0	2
859	25.5	1
860	20.75	2
861	16.75	1
862	16.5	1
863	15.625	1
864	18.0	1
865	17.5	1
866	20.5	1
867	16.0	1
868	22.0	1
869	14.5	1
870	29.625	1
871	19.125	1
872	31.25	1
873	19.625	1
874	24.5	3
875	16.5	1
876	29.0	1
877	15.75	1
878	20.5	1
879	18.0	1
880	36.75	1
881	15.5	1
882	25.75	1
883	15.5	1
884	16.25	1
885	13.75	1
886	26.75	1
887	15.5	1
888	18.0	1
889	25.25	1
890	17.25	2
891	15.5	1
892	15.0	1
893	14.5	1
894	13.25	1
895	20.25	2
896	20.375	2
897	25.375	1
898	21.125	1
899	17.25	1
900	18.75	1
901	16.0	1
902	15.875	1
903	16.75	1
904	14.25	1
905	20.0	1
906	16.25	1
907	17.375	2
908	23.25	1
909	17.0	2
910	20.0	1
911	17.25	1
912	17.75	1
913	20.75	1
914	22.5	1
915	20.375	1
916	17.0	1
917	23.0	2
918	14.5	1
919	24.5	1
920	25.0	1
921	15.0	1
922	13.0	1
923	16.5	1
924	16.5	1
925	18.0	2
926	23.25	1
927	16.625	1
928	15.25	1
929	19.875	1
930	18.25	1
931	24.25	1
932	25.0	1
933	24.75	1
934	26.5	1
935	16.0	3
936	15.0	1
937	21.875	1
938	23.0	1
939	14.0	1
940	14.0	1
941	18.75	1
942	14.5	1
943	15.75	1
944	23.5	1
945	16.25	1
946	15.75	1
947	23.875	1
948	15.0	1
949	21.5	1
950	18.75	1
951	17.0	1
952	22.75	1
953	15.5	1
954	18.0	2
955	16.0	1
956	24.0	1
957	19.25	1
958	22.25	1
959	14.625	2
960	70.25	1
961	69.75	2
962	13.5	1
963	14.75	1
964	16.5	1
965	20.5	1
966	24.125	1
967	15.75	1
968	16.25	1
969	14.875	1
970	17.25	2
971	15.625	1
972	16.375	1
973	28.0	1
974	18.25	1
975	24.625	1
976	23.25	2
977	13.5	1
978	15.0	1
979	18.125	1
980	21.0	1
981	15.25	1
982	17.5	1
983	21.0	2
984	19.875	1
985	22.5	1
986	19.125	1
987	13.25	1
988	15.0	2
989	17.875	1
990	15.625	1
991	14.5	1
992	15.75	1
993	24.5	2
994	17.75	1
995	16.0	3
996	14.5	1
997	21.0	1
998	17.5	1
999	22.5	1
1000	28.75	1
1001	18.875	1
1002	14.75	1
1003	21.5	3
1004	20.75	1
1005	20.75	1
1006	25.5	2
1007	23.25	1
1008	18.25	1
1009	16.75	1
1010	34.75	1
1011	14.0	1
1012	24.0	1
1013	56.125	1
1014	18.25	1
1015	24.25	1
1016	17.75	1
1017	14.25	1
1018	21.0	1
1019	15.5	1
1020	27.875	1
1021	18.0	1
1022	14.75	1
1023	21.25	1
1024	21.0	1
1025	27.5	1
1026	22.5	1
1027	15.75	1
1028	15.5	1
1029	18.375	1
1030	21.5	2
1031	15.375	2
1032	20.625	1
1033	23.625	2
1034	19.0	1
1035	16.75	1
1036	24.5	1
1037	13.25	1
1038	13.5	1
1039	15.5	1
1040	20.625	1
1041	15.0	1
1042	18.875	1
1043	18.5	1
1044	23.75	2
1045	15.875	1
1046	22.75	1
1047	19.125	1
1048	20.0	3
1049	16.25	1
1050	23.875	1
1051	15.75	1
1052	23.0	1
1053	14.75	1
1054	25.75	1
1055	20.25	1
1056	20.75	1
1057	15.25	1
1058	22.75	1
1059	18.375	1
1060	18.25	1
1061	21.75	1
1062	15.75	1
1063	22.0	1
1064	23.25	1
1065	20.625	1
1066	17.0	1
1067	20.5	1
1068	15.625	3
1069	15.125	3
1070	17.0	3
1071	22.25	1
1072	19.75	1
1073	49.25	1
1074	29.5	1
1075	16.25	1
1076	16.5	1
1077	18.25	1
1078	17.25	1
1079	13.875	1
1080	14.75	1
1081	15.75	1
1082	27.5	1
1083	19.5	1
1084	23.25	1
1085	20.5	1
1086	28.25	1
1087	45.5	1
1088	17.25	1
1089	25.0	1
1090	15.25	2
1091	20.0	1
1092	27.375	1
1093	16.5	1
1094	22.0	3
1095	16.625	2
1096	17.0	1
1097	23.75	1
1098	40.0	1
1099	15.5	1
1100	34.75	1
1101	27.5	1
1102	14.625	1
1103	24.75	2
1104	19.5	1
1105	15.5	1
1106	23.5	1
1107	23.625	1
1108	23.25	1
1109	15.5	1
1110	15.5	1
1111	28.375	2
1112	19.0	1
1113	27.0	1
1114	15.25	1
1115	14.5	1
1116	19.375	1
1117	18.0	1
1118	15.75	1
1119	16.0	1
1120	16.25	1
1121	14.0	1
1122	16.0	1
1123	20.75	1
1124	14.75	1
1125	26.5	1
1126	16.0	1
1127	19.75	1
1128	14.5	1
1129	19.0	1
1130	16.5	1
1131	12.75	1
1132	30.5	1
1133	14.5	2
1134	16.0	1
1135	18.75	1
1136	17.25	1
1137	19.625	1
1138	20.25	1
1139	23.375	1
1140	15.375	1
1141	15.75	1
1142	42.25	1
1143	14.5	1
1144	17.875	1
1145	17.0	1
1146	15.75	1
1147	25.0	1
1148	23.0	3
1149	20.625	1
1150	25.5	1
1151	18.25	2
1152	18.25	1
1153	17.0	1
1154	15.5	1
1155	19.0	2
1156	22.75	1
1157	16.875	1
1158	19.0	2
1159	20.5	1
1160	14.375	1
1161	22.75	1
1162	14.5	1
1163	20.0	2
1164	15.5	1
1165	16.5	1
1166	15.0	1
1167	26.25	1
1168	19.75	1
1170	19.75	1
1171	19.75	1
1172	14.25	1
1173	17.25	1
1174	16.5	1
1175	20.0	1
1176	23.25	2
1177	14.25	1
1178	27.125	1
1179	18.25	1
1180	18.0	1
1181	24.0	1
1182	22.75	1
1183	20.0	1
1184	15.75	3
1185	15.25	2
1186	22.625	1
1187	16.5	1
1188	23.375	1
1189	25.0	1
1190	21.5	1
1191	22.75	2
1192	18.25	1
1193	36.0	1
1194	15.5	1
1195	18.5	1
1196	21.5	1
1197	20.75	1
1198	13.625	1
1199	16.0	1
1200	19.5	1
1201	20.0	1
1202	28.75	1
1203	29.25	2
1204	12.875	1
1205	18.0	1
1206	18.0	3
1207	28.0	1
1208	14.25	1
1209	16.0	1
1210	15.5	1
1211	26.75	2
1212	27.375	1
1213	14.75	1
1214	27.5	1
1215	21.0	1
1216	18.0	2
1217	22.25	1
1218	17.375	1
1219	21.875	1
1220	15.75	1
1221	14.75	1
1222	43.0	1
1223	22.0	1
1224	25.0	1
1225	16.75	3
1226	17.25	1
1227	23.0	1
1228	16.25	1
1229	25.0	1
1230	27.625	1
1231	20.75	1
1232	39.25	1
1233	18.75	1
1234	17.0	1
1235	20.5	1
1236	14.375	1
1237	21.25	1
1238	14.0	1
1239	18.5	3
1240	16.25	1
1241	23.25	1
1242	20.5	1
1243	18.5	1
1244	24.0	2
1245	19.0	1
1246	15.5	1
1247	12.5	1
1248	17.0	1
1249	19.0	1
1250	11.75	1
1251	16.5	3
1252	22.25	1
1253	35.75	1
1254	22.0	1
1255	15.5	1
1256	16.5	1
1257	16.125	3
1258	19.0	3
1259	15.5	1
1260	51.5	1
1261	18.5	1
1262	16.75	1
1263	28.25	1
1264	24.75	1
1265	21.0	1
1266	30.5	1
1267	18.625	2
1268	25.0	1
1269	20.625	1
1270	16.75	1
1271	23.0	2
1272	14.75	1
1273	35.5	1
1274	18.0	1
1275	20.75	1
1276	16.5	1
1277	13.625	1
1278	22.75	1
1279	18.0	1
1280	14.75	1
1281	15.125	1
1282	48.75	1
1283	15.0	1
1284	14.5	1
1285	16.5	1
1286	17.75	1
1287	17.5	1
1288	15.5	1
1289	17.0	1
1290	19.5	2
1291	25.25	1
1292	19.0	1
1293	22.0	1
1294	14.5	1
1295	19.75	1
1296	15.125	1
1297	20.5	1
1298	16.0	1
1299	30.875	1
1300	14.0	1
1301	16.5	3
1302	15.5	1
1303	14.0	1
1304	16.75	1
1305	16.5	1
1306	31.75	1
1307	19.25	1
1308	26.875	1
1309	17.125	1
1310	59.25	1
1311	18.25	1
1312	23.25	1
1313	15.75	1
1314	15.375	2
1315	18.125	1
1316	26.25	1
1317	21.5	1
1318	13.75	1
1319	14.75	1
1320	18.0	1
1321	14.25	1
1322	22.25	1
1323	20.0	2
1324	25.25	1
1325	15.375	1
1326	15.0	1
1327	21.0	2
1328	17.0	1
1329	16.75	1
1330	15.5	1
1331	14.25	1
1332	27.25	1
1333	19.25	2
1334	26.25	1
1335	21.0	1
1336	14.75	3
1337	15.75	1
1338	21.5	1
1339	21.5	1
1340	23.75	1
1341	20.5	2
1342	20.375	3
1343	33.625	1
1344	15.25	1
1345	15.75	3
1346	21.5	2
1347	26.375	1
1348	18.625	1
1349	19.375	1
1350	28.5	1
1351	12.75	1
1352	21.25	1
1353	25.75	1
1354	17.25	1
1355	18.625	1
1356	16.75	1
1357	35.5	1
1358	16.25	1
1359	27.25	1
1360	17.5	2
1361	19.5	1
1362	31.5	1
1363	14.375	1
1364	17.0	1
1365	23.25	1
1366	21.75	1
1367	20.25	1
1368	20.625	2
1369	15.0	1
1370	15.0	1
1371	21.25	1
1372	14.75	1
1373	16.0	1
1374	21.25	1
1375	15.25	1
1376	18.25	1
1377	19.25	2
1378	18.875	1
1379	18.75	1
1380	30.5	1
1381	19.0	1
1382	19.25	2
1383	25.125	1
1384	21.5	1
1385	20.375	1
1386	24.5	1
1387	16.0	1
1388	31.25	1
1389	17.25	2
1390	55.25	1
1391	20.75	1
1392	21.25	1
1393	15.125	1
1394	17.5	1
1395	17.5	1
1396	38.375	1
1397	12.375	1
1398	16.5	1
1399	18.25	3
1400	28.25	2
1401	22.625	1
1402	15.5	1
1403	13.625	1
1404	32.375	1
1405	17.5	1
1406	14.5	1
1407	15.875	1
1408	15.0	1
1409	16.75	1
1410	21.25	3
1411	21.625	1
1412	20.625	2
1413	71.25	1
1414	15.375	3
1415	15.75	1
1416	17.625	1
1417	13.5	1
1418	16.875	1
1419	16.0	1
1420	14.875	1
1421	14.0	1
1422	22.25	1
1423	21.125	1
1424	16.25	1
1425	23.5	2
1426	15.0	1
1427	17.25	1
1428	32.25	1
1429	20.0	3
1430	16.0	1
1431	16.0	2
1432	16.75	1
1433	25.5	1
1434	24.25	1
1435	17.25	1
1436	15.5	1
1437	13.0	1
1438	21.75	1
1439	18.75	1
1440	18.5	1
1441	20.0	1
1442	14.75	1
1443	15.75	2
1444	24.75	1
1445	16.75	1
1446	22.625	1
1447	19.75	1
1448	17.25	1
1449	16.25	1
1450	14.0	1
1451	20.875	1
1452	47.25	1
1453	15.0	1
1454	18.25	1
1455	18.5	2
1456	16.0	1
1457	16.75	1
1458	16.0	1
1459	16.25	1
1460	21.0	1
1461	29.5	1
1462	25.5	1
1463	14.5	1
1464	13.5	1
1465	13.5	1
1466	15.75	1
1467	18.5	1
1468	17.5	1
1469	15.875	1
1470	16.875	1
1471	20.25	1
1472	54.5	1
1473	14.0	1
1474	15.75	1
1475	17.25	1
1476	20.75	1
1477	24.25	1
1478	15.75	1
1479	25.0	1
1480	21.25	2
1481	16.25	1
1482	12.75	1
1483	23.5	1
1484	16.125	1
1485	25.25	1
1486	14.75	1
1487	17.25	2
1488	29.0	1
1489	13.625	1
1490	18.5	1
1491	31.375	1
1492	16.0	1
1493	27.875	1
1494	19.5	1
1495	24.25	1
1496	21.5	1
1497	17.375	2
1498	14.0	1
1499	23.0	1
1500	17.75	1
1501	23.375	1
1502	23.625	1
1503	25.25	1
1504	23.0	1
1505	23.0	1
1506	20.25	3
1507	17.0	1
1508	15.0	1
1509	18.25	3
1510	17.75	1
1511	19.375	1
1512	27.75	1
1513	32.75	1
1514	22.25	1
1515	22.25	1
1516	13.75	1
1517	15.0	1
1518	20.5	1
1519	22.75	1
1520	16.25	3
1521	19.5	1
1522	23.25	1
1523	24.25	3
1524	15.5	3
1525	15.5	1
1526	19.0	1
1527	15.125	3
1528	13.75	1
1529	16.0	1
1530	17.0	2
1531	17.5	1
1532	14.875	1
1533	14.25	1
1534	12.25	1
1535	22.5	1
1536	15.25	1
1537	17.0	1
1538	20.5	1
1539	36.0	1
1540	13.25	1
1541	17.75	1
1542	19.5	1
1543	13.75	1
1544	16.25	2
1545	16.125	1
1546	16.5	1
1547	16.25	1
1548	29.25	2
1549	16.125	1
1550	21.75	1
1551	15.0	1
1552	16.0	1
1553	17.0	1
1554	20.0	1
1555	15.5	1
1556	17.75	1
1557	20.25	1
1558	15.5	3
1559	13.75	1
1560	18.125	1
1561	18.875	2
1562	12.75	1
1563	22.75	1
1564	14.25	1
1565	34.5	1
1566	22.5	2
1567	29.75	2
1568	24.25	2
1569	31.625	1
1570	16.875	1
1571	13.875	1
1572	19.75	1
1573	18.875	1
1574	14.75	1
1575	16.5	3
1576	17.875	1
1577	16.25	1
1578	30.0	1
1579	16.125	1
1580	16.25	1
1581	13.75	1
1582	24.0	1
1583	17.75	1
1584	15.0	1
1585	12.5	1
1586	19.5	1
1587	22.0	1
1588	19.0	1
1589	14.25	1
1590	36.375	1
1591	16.25	1
1592	24.375	1
1593	21.0	1
1594	17.25	3
1595	14.0	1
1596	17.5	1
1597	22.0	1
1598	22.125	1
1599	17.375	1
1600	17.0	1
1601	21.75	1
1602	15.0	1
1603	16.0	1
1604	13.75	1
1605	22.0	1
1606	19.0	1
1607	14.0	1
1608	23.75	2
1609	18.25	3
1610	16.5	2
1611	13.75	1
1612	16.75	1
1613	16.0	1
1614	14.75	1
1615	18.875	3
1616	19.75	2
1617	24.5	1
1618	15.0	1
1619	21.0	1
1620	22.25	1
1621	17.0	1
1622	14.5	1
1623	20.5	2
1624	25.0	1
1625	17.25	1
1626	15.75	1
1627	12.5	1
1628	15.25	2
1629	21.25	2
1630	21.0	1
1631	13.75	1
1632	20.375	1
1633	15.0	1
1634	16.625	1
1635	15.5	1
1636	19.75	1
1637	15.0	1
1638	26.75	1
1639	19.0	1
1640	16.5	1
1641	18.25	1
1642	14.0	1
1643	17.125	1
1644	19.75	1
1645	23.5	1
1646	25.875	1
1647	14.75	1
1648	15.75	1
1649	13.0	1
1650	16.75	1
1651	23.25	1
1652	26.0	1
1653	13.5	1
1654	15.125	1
1655	18.375	1
1656	22.25	1
1657	15.5	1
1658	16.0	1
1659	15.375	1
1660	17.75	1
1661	20.5	1
1662	18.375	1
1663	16.75	1
1664	12.75	1
1665	28.875	1
1666	14.75	1
1667	21.125	1
1668	16.5	3
1669	26.25	1
1670	14.0	1
1671	17.0	1
1672	15.0	1
1673	24.0	1
1674	15.25	1
1675	21.0	1
1676	15.75	1
1677	14.75	1
1678	15.75	1
1679	20.0	1
1680	21.25	1
1681	16.0	1
1682	20.0	1
1683	16.25	3
1684	22.0	1
1685	25.0	2
1686	18.125	1
1687	15.375	1
1688	18.75	2
1689	25.75	1
1690	15.5	1
1691	55.25	1
1692	17.25	1
1693	19.0	1
1694	16.5	1
1695	18.25	2
1696	21.5	1
1697	15.75	1
1698	21.0	1
1699	18.5	1
1700	19.5	1
1701	16.5	1
1702	26.0	1
1703	23.0	2
1704	23.25	1
1705	20.75	1
1706	24.0	1
1707	21.625	1
1708	21.5	1
1709	17.0	1
1710	12.5	1
1711	14.5	1
1712	21.25	1
1713	16.0	1
1714	17.0	1
1715	14.75	1
1716	20.25	1
1717	16.0	1
1718	22.25	1
1719	15.0	1
1720	21.0	3
1721	30.5	1
1722	22.25	1
1723	14.75	1
1724	13.5	1
1725	17.0	2
1726	15.5	1
1727	13.25	1
1728	13.5	1
1729	16.5	1
1730	23.5	3
1731	20.75	1
1732	25.25	1
1733	23.0	1
1734	28.0	2
1735	15.0	1
1736	27.25	1
1737	18.75	1
1738	16.25	1
1739	17.25	1
1740	13.0	1
1741	15.25	2
1742	24.5	1
1743	26.0	1
1744	13.625	1
1745	15.5	1
1746	15.5	1
1747	24.5	1
1748	12.75	1
1749	19.5	1
1750	26.25	1
1751	13.875	1
1752	15.5	2
1753	14.0	1
1754	24.75	3
1755	14.5	1
1756	21.5	1
1757	32.25	1
1758	16.0	1
1759	17.75	3
1760	17.75	1
1761	20.5	2
1762	20.25	1
1763	15.125	1
1764	28.5	1
1765	15.375	2
1766	15.5	1
1767	19.25	2
1768	14.25	2
1769	17.125	2
1770	13.75	1
1771	14.5	1
1772	18.375	1
1773	19.0	1
1774	17.5	1
1775	19.5	1
1776	15.0	1
1777	23.5	1
1778	14.875	1
1779	23.25	1
1780	15.25	1
1781	21.375	1
1782	16.0	1
1783	15.5	1
1784	20.0	1
1785	25.5	1
1786	19.75	1
1787	23.375	1
1788	22.875	1
1789	16.75	1
1790	20.75	2
1791	35.0	1
1792	30.75	1
1793	16.875	3
1794	23.5	2
1795	22.0	1
1796	22.5	1
1797	20.75	1
1798	18.875	1
1799	15.75	2
1800	18.25	3
1801	21.25	1
1802	22.25	1
1803	26.75	1
1804	25.375	1
1805	26.0	1
1806	14.5	1
1807	13.875	1
1808	18.75	1
1809	16.25	1
1810	19.5	1
1811	12.5	1
1812	17.0	1
1813	17.125	3
1814	20.0	1
1815	19.5	1
1816	20.5	1
1817	16.75	1
1818	25.125	1
1819	30.75	1
1820	15.75	1
1821	22.25	1
1822	14.875	1
1823	19.0	2
1824	21.75	1
1825	22.0	2
1826	20.75	2
1827	18.5	1
1828	14.5	1
1829	20.5	1
1830	17.25	1
1831	15.5	1
1832	22.25	1
1833	17.0	1
1834	27.0	1
1835	20.0	1
1836	18.25	1
1837	14.5	1
1838	29.5	2
1839	20.25	1
1840	16.75	1
1841	24.25	2
1842	23.625	1
1843	22.625	1
1844	19.75	1
1845	14.25	1
1846	21.125	1
1847	22.5	1
1848	22.0	2
1849	16.0	1
1850	15.25	1
1851	22.5	1
1852	25.75	1
1853	15.25	1
1854	23.25	1
1855	16.0	3
1856	15.0	1
1857	11.625	1
1858	23.0	1
1859	15.0	1
1860	14.0	1
1861	18.75	1
1862	21.375	1
1863	15.5	2
1864	16.75	1
1865	14.75	1
1866	16.5	1
1867	19.875	1
1868	22.75	1
1869	15.5	1
1870	22.5	2
1871	15.0	1
1872	20.5	1
1873	15.5	1
1874	16.5	1
1875	25.625	1
1876	24.5	1
1877	16.375	1
1878	15.875	1
1879	31.25	1
1880	14.5	1
1881	16.0	1
1882	21.75	1
1883	15.25	1
1884	30.25	1
1885	23.5	1
1886	16.75	1
1887	27.75	1
1888	22.25	1
1889	16.0	1
1890	18.25	1
1891	21.625	2
1892	25.625	1
1893	16.125	1
1894	24.5	1
1895	26.0	1
1896	22.75	2
1897	16.625	1
1898	23.75	1
1899	26.5	1
1900	16.5	1
1901	19.25	1
1902	29.75	1
1903	13.75	1
1904	29.875	1
1905	39.25	1
1906	19.125	1
1907	22.25	1
1908	15.25	1
1909	24.5	1
1910	14.75	1
1911	15.5	1
1912	16.5	1
1913	16.5	1
1914	23.375	3
1915	26.625	1
1916	25.0	1
1917	23.75	2
1918	15.125	1
1919	13.25	1
1920	24.375	1
1921	29.375	1
1922	14.875	1
1923	15.75	2
1924	13.5	2
1925	15.5	1
1926	13.25	1
1927	22.125	1
1928	17.5	1
1929	22.0	3
1930	14.0	1
1931	20.5	1
1932	22.75	1
1933	36.25	1
1934	15.875	1
1935	18.0	1
1936	18.0	1
1937	21.75	1
1938	20.25	1
1939	16.0	1
1940	16.75	1
1941	18.0	1
1942	29.125	1
1943	22.25	1
1944	20.75	1
1945	23.0	1
1946	17.0	3
1947	24.75	2
1948	14.125	1
1949	20.25	1
1950	19.625	1
1951	16.125	1
1952	20.75	2
1953	21.0	1
1954	21.0	1
1955	16.25	1
1956	24.5	1
1957	24.25	1
1958	13.5	1
1959	15.75	1
1960	23.0	1
1961	25.75	1
1962	22.25	1
1963	20.75	3
1964	12.75	1
1965	23.25	1
1966	23.0	3
1967	23.25	1
1968	25.25	1
1969	16.875	1
1970	13.5	1
1971	16.25	2
1972	27.5	1
1973	18.75	2
1974	15.5	1
1975	18.5	1
1976	14.5	1
1977	20.75	1
1978	26.25	1
1979	20.75	1
1980	24.875	1
1981	14.75	1
1982	13.5	1
1983	13.5	1
1984	27.0	1
1985	18.0	1
1986	14.0	1
1987	23.0	1
1988	21.0	1
1989	15.25	1
1990	15.0	1
1991	24.25	1
1992	15.5	1
1993	18.25	1
1994	24.0	1
1995	18.875	3
1996	34.375	1
1997	34.0	2
1998	23.5	1
1999	20.5	1
2000	14.5	1
2001	16.75	1
2002	16.5	1
2003	16.625	1
2004	26.5	1
2005	12.625	1
2006	19.0	2
2007	27.75	1
2008	13.75	1
2009	18.25	1
2010	26.5	1
2011	14.75	1
2012	14.25	1
2013	22.75	2
2014	16.125	3
2015	14.5	1
2016	15.5	1
2017	29.375	1
2018	14.125	1
2019	19.125	2
2020	24.25	1
2021	18.0	1
2022	17.625	2
2023	16.0	1
2024	25.0	3
2025	17.25	1
2026	18.375	1
2027	24.0	1
2028	18.75	1
2029	14.75	1
2030	14.375	1
2031	17.25	1
2032	15.75	1
2033	23.25	1
2034	13.875	1
2035	17.5	2
2036	13.875	1
2037	37.0	1
2038	19.0	1
2039	15.0	1
2040	14.5	1
2041	15.0	1
2042	12.875	1
2043	27.25	1
2044	18.0	1
2045	24.375	1
2046	17.0	1
2047	20.25	2
2048	15.0	1
2049	14.75	1
2050	69.125	1
2051	14.75	1
2052	14.0	2
2053	16.25	1
2054	14.25	1
2055	14.75	1
2056	18.5	2
2057	22.75	1
2058	20.0	1
2059	13.75	1
2060	23.0	1
2061	20.25	1
2062	15.25	1
2063	16.0	1
2064	44.25	1
2065	18.25	1
2066	18.25	3
2067	18.0	1
2068	17.0	1
2069	22.875	1
2070	20.625	1
2071	19.0	1
2072	25.125	1
2073	23.75	1
2074	21.5	3
2075	21.0	2
2076	17.25	1
2077	14.5	1
2078	15.125	1
2079	23.25	1
2080	15.75	1
2081	21.0	1
2082	17.75	1
2083	15.75	1
2084	16.75	1
2085	14.875	1
2086	21.75	1
2087	17.75	1
2088	20.25	1
2089	26.25	2
2090	15.5	1
2091	24.25	1
2092	17.5	2
2093	20.75	1
2094	29.25	1
2095	17.75	1
2096	16.5	1
2097	17.25	1
2098	38.75	1
2099	18.25	3
2100	14.375	1
2101	16.25	3
2102	16.75	1
2103	19.625	3
2104	16.875	3
2105	18.25	1
2106	22.125	1
2107	28.75	1
2108	25.5	1
2109	17.0	1
2110	25.0	1
2111	14.75	1
2112	19.5	2
2113	16.25	1
2114	16.375	3
2115	18.75	3
2116	16.0	1
2117	14.5	1
2118	22.875	1
2119	16.75	1
2120	18.375	2
2121	18.875	3
2122	16.5	1
2123	20.0	1
2124	15.25	1
2125	18.25	1
2126	11.375	1
2127	13.5	1
2128	26.5	1
2129	18.125	1
2130	17.0	1
2131	21.125	1
2132	20.75	1
2133	16.25	1
2134	12.875	1
2135	15.5	1
2136	15.25	3
2137	20.75	1
2138	16.0	1
2139	22.125	1
2140	24.0	1
2141	13.5	1
2142	16.0	1
2143	25.875	1
2144	13.75	1
2145	21.75	1
2146	17.5	3
2147	43.5	1
2148	22.625	1
2149	27.5	1
2150	26.0	1
2151	14.375	1
2152	17.25	1
2153	21.75	1
2154	26.0	1
2155	21.25	3
2156	13.5	1
2157	26.125	1
2158	15.375	1
2159	16.375	1
2160	16.75	2
2161	21.25	2
2162	17.0	3
2163	24.0	1
2164	16.5	2
2165	13.5	1
2166	27.75	1
2167	25.0	1
2168	15.5	1
2169	15.75	2
2170	16.25	1
2171	13.875	1
2172	44.625	1
2173	20.75	3
2174	20.5	1
2175	36.0	1
2176	28.75	1
2177	21.25	1
2178	27.75	1
2179	16.25	1
2180	21.75	1
2181	23.5	1
2182	19.5	1
2183	27.0	1
2184	16.0	1
2185	21.0	1
2186	17.25	1
2187	14.75	1
2188	22.25	2
2189	17.625	1
2190	22.625	1
2191	16.75	1
2192	15.875	1
2193	14.625	1
2194	22.0	1
2195	21.0	1
2196	19.5	3
2197	18.25	2
2198	22.875	1
2199	24.875	1
2200	23.5	2
2201	33.375	1
2202	20.75	3
2203	22.25	2
2204	20.5	1
2205	23.0	1
2206	21.5	1
2207	19.75	1
2208	26.75	1
2209	16.5	1
2210	21.5	1
2211	20.75	1
2212	16.375	1
2213	14.75	1
2214	15.5	2
2215	23.5	1
2216	17.25	1
2217	22.375	1
2218	16.5	1
2219	26.75	1
2220	17.0	1
2221	17.0	1
2222	15.25	3
2223	31.5	1
2224	16.75	1
2225	21.5	1
2226	23.875	2
2227	14.375	1
2228	14.375	1
2229	21.0	2
2230	17.75	1
2231	32.0	1
2232	24.875	1
2233	16.25	1
2234	21.75	1
2235	19.5	1
2236	19.75	1
2237	17.5	2
2238	15.25	1
2239	13.625	1
2240	21.25	1
2241	13.625	1
2242	22.625	3
2243	22.25	1
2244	13.75	1
2245	17.75	1
2246	13.375	1
2247	17.125	1
2248	13.75	1
2249	17.75	1
2250	29.5	1
2251	14.625	1
2252	22.125	1
2253	17.125	1
2254	22.0	1
2255	22.25	1
2256	22.25	1
2257	17.0	1
2258	23.625	1
2259	22.0	1
2260	13.625	1
2261	15.75	1
2262	31.75	1
2264	29.375	1
2265	22.5	1
2266	19.125	1
2267	15.875	1
2268	24.125	1
2269	36.25	1
2270	24.25	1
2271	15.5	1
2272	21.5	1
2273	21.0	1
2274	23.0	1
2275	16.25	1
2276	14.75	1
2277	22.75	1
2278	31.0	1
2279	22.5	1
2280	37.5	1
2281	20.75	1
2282	16.5	1
2283	22.375	1
2284	16.75	3
2285	23.75	1
2286	15.25	1
2287	15.75	1
2288	18.75	1
2289	25.375	1
2290	25.0	3
2291	13.375	1
2292	57.875	1
2293	28.0	2
2294	32.25	1
2295	19.5	1
2296	16.875	1
2297	22.25	2
2298	14.25	1
2299	15.0	1
2300	22.125	2
2301	20.5	1
2302	21.0	1
2303	23.0	1
2304	14.0	1
2305	27.875	1
2306	15.25	1
2307	14.625	1
2308	22.5	1
2309	12.625	1
2310	25.75	1
2311	12.625	1
2312	26.5	1
2313	17.375	1
2314	14.75	1
2315	33.75	2
2316	23.125	2
2317	19.0	1
2318	21.125	1
2319	15.75	1
2320	35.25	1
2321	12.75	1
2322	14.75	1
2323	16.75	1
2324	17.625	1
2325	12.75	1
2326	13.375	1
2327	19.0	1
2328	16.0	1
2329	20.0	1
2330	16.0	1
2331	16.25	2
2332	15.5	1
2333	13.75	1
2334	20.25	1
2335	17.875	1
2336	13.875	1
2337	17.0	1
2338	19.75	1
2339	14.625	1
2340	17.125	1
2341	17.0	1
2342	17.75	1
2343	15.0	1
2344	23.125	1
2345	37.0	1
2346	26.0	1
2347	16.0	1
2348	15.25	1
2349	12.75	1
2350	20.5	1
2351	26.25	1
2352	21.0	1
2353	20.25	1
2354	22.625	1
2355	27.75	1
2356	20.75	1
2357	17.0	1
2358	17.5	2
2359	24.5	2
2360	24.125	1
2361	22.75	1
2362	19.75	1
2363	26.75	1
2364	14.0	1
2365	15.25	1
2366	18.0	2
2367	16.0	1
2368	16.25	1
2369	16.5	1
2370	16.0	1
2371	21.25	2
2372	16.75	2
2373	16.25	1
2374	16.25	1
2375	14.75	1
2376	24.5	1
2377	19.125	2
2378	15.875	1
2379	23.125	2
2380	17.0	3
2381	27.25	1
2382	18.25	1
2383	21.0	1
2384	15.0	1
2385	16.5	1
2386	12.75	1
2387	20.75	2
2388	25.375	1
2389	17.25	1
2390	18.75	2
2391	16.25	1
2392	20.375	1
2393	15.0	1
2394	21.5	1
2395	15.25	1
2396	21.5	1
2397	20.75	1
2398	16.875	1
2399	12.25	1
2400	26.0	1
2401	18.375	1
2402	14.5	1
2403	17.375	1
2404	23.5	1
2405	20.0	1
2406	15.75	1
2407	16.5	1
2408	15.5	1
2409	17.0	1
2410	28.5	1
2411	14.875	1
2412	14.25	1
2413	14.25	1
2414	15.0	1
2415	19.875	1
2416	19.25	1
2417	14.75	1
2418	21.5	1
2420	19.5	1
2421	26.75	1
2422	19.25	1
2423	14.5	1
2424	23.5	1
2425	15.75	1
2426	16.25	1
2427	23.875	2
2428	28.625	1
2429	20.125	1
2430	21.75	1
2431	21.125	1
2432	15.25	1
2433	23.375	1
2434	13.625	1
2435	16.0	3
2436	17.75	1
2437	15.0	2
2438	17.125	3
2439	15.375	1
2440	23.25	1
2441	13.0	1
2442	19.375	1
2443	15.25	1
2444	13.125	1
2445	15.75	1
2446	17.0	1
2447	24.0	1
2448	15.0	1
2449	15.0	1
2450	21.0	2
2451	14.75	1
2452	21.0	1
2453	70.125	2
2454	19.5	1
2455	18.0	1
2456	19.75	1
2457	31.0	1
2458	13.0	1
2459	25.75	1
2460	21.0	1
2461	19.25	1
2462	27.875	1
2463	25.25	1
2464	25.0	1
2465	23.75	1
2466	25.0	1
2467	24.625	1
2468	24.75	1
2469	20.0	2
2470	21.375	1
2471	52.625	1
2472	17.5	1
2473	15.25	3
2474	17.0	3
2475	16.0	1
2476	14.25	1
2477	22.0	1
2478	15.0	1
2479	15.25	1
2480	19.25	1
2481	21.5	1
2482	25.0	1
2483	15.5	2
2484	25.875	1
2485	22.25	1
2486	20.125	1
2487	17.75	1
2488	19.0	1
2489	21.5	1
2490	16.0	1
2491	15.125	1
2492	46.0	1
2493	23.5	1
2494	32.25	1
2495	22.0	1
2496	13.0	1
2497	16.5	1
2498	22.875	1
2499	19.25	3
2500	14.75	1
2501	15.875	2
2502	19.0	1
2503	25.75	1
2504	33.5	2
2505	15.75	2
2506	15.5	1
2507	25.5	1
2508	17.25	1
2509	20.25	1
2510	16.625	1
2511	16.875	1
2512	22.25	1
2513	15.125	1
2514	35.25	1
2515	16.0	2
2516	16.625	1
2517	24.75	1
2518	18.5	2
2519	15.5	1
2520	20.75	3
2521	18.5	1
2522	21.0	1
2523	21.0	1
2524	15.625	1
2525	15.5	1
2526	13.875	1
2527	16.5	1
2528	15.75	3
2529	21.5	2
2530	21.75	1
2531	17.0	3
2532	23.75	1
2533	27.25	1
2534	18.5	1
2535	17.75	2
2536	17.125	1
2537	21.5	1
2538	15.25	1
2539	21.0	1
2540	23.25	1
2541	17.25	3
2542	20.25	3
2543	19.75	2
2544	23.5	1
2545	15.75	1
2546	20.0	1
2547	18.5	2
2548	21.75	1
2549	25.125	1
2550	22.0	1
2551	16.5	1
2552	18.25	1
2553	15.125	1
2554	23.25	1
2555	14.75	1
2556	20.0	1
2557	16.125	1
2558	20.625	1
2559	16.0	1
2560	16.625	1
2561	13.75	1
2562	17.25	1
2563	15.75	1
2564	25.0	1
2565	19.0	1
2566	16.5	1
2567	33.25	1
2568	22.75	1
2569	19.5	1
2570	18.75	1
2571	23.125	1
2572	16.5	1
2573	14.0	1
2574	13.75	1
2575	15.5	1
2576	27.25	2
2577	24.5	1
2578	24.5	2
2579	14.5	1
2580	17.0	3
2581	17.5	1
2582	13.75	1
2583	16.0	1
2584	18.5	2
2585	17.5	1
2586	20.0	2
2587	18.0	1
2588	15.0	3
2589	19.75	2
2590	16.5	1
2591	23.5	1
2592	18.75	1
2593	16.5	1
2594	17.0	1
2595	20.75	1
2596	21.625	1
2597	16.75	3
2598	12.0	1
2599	15.375	1
2600	16.0	1
2601	12.5	1
2602	27.75	2
2603	38.75	1
2604	39.25	1
2605	20.0	1
2606	38.5	1
2607	21.75	1
2608	23.5	1
2609	21.75	1
2610	23.0	1
2611	22.75	1
2612	16.5	1
2613	25.375	2
2614	14.25	2
2615	15.5	1
2616	26.125	1
2617	14.75	1
2618	23.75	1
2619	15.0	1
2620	16.5	2
2621	21.25	2
2622	21.25	1
2623	17.5	1
2624	15.5	2
2625	15.25	1
2626	21.5	1
2627	20.75	1
2628	16.5	1
2629	22.0	1
2630	13.5	1
2631	24.5	1
2632	15.5	1
2633	16.25	1
2634	23.5	1
2635	15.75	1
2636	13.875	1
2637	13.75	1
2638	16.125	1
2639	14.75	1
2640	18.75	1
2641	15.5	1
2642	23.125	2
2643	13.75	1
2644	16.25	3
2645	18.125	2
2646	18.125	1
2647	16.75	1
2648	15.25	1
2649	21.25	1
2650	13.75	1
2651	28.75	1
2652	21.5	1
2653	13.0	1
2654	24.75	1
2655	17.0	2
2656	24.0	1
2657	21.125	1
2658	22.75	1
2659	23.0	1
2660	19.75	1
2661	17.25	1
2662	14.5	1
2663	26.5	1
2664	19.0	2
2665	25.125	1
2666	12.125	1
2667	29.25	1
2668	19.75	1
2669	16.0	1
2670	22.5	3
2671	18.0	1
2672	39.625	1
2673	25.5	1
2674	18.0	1
2675	24.25	1
2676	69.125	1
2677	18.5	1
2678	16.125	1
2679	17.125	1
2680	22.5	1
2681	13.75	1
2682	39.25	2
2683	16.5	1
2684	16.0	2
2685	18.5	1
2686	13.75	1
2687	19.75	1
2688	20.75	1
2689	25.25	1
2690	13.75	1
2691	22.75	1
2692	13.75	1
2693	16.75	1
2694	13.5	1
2695	14.25	3
2696	21.0	1
2697	82.875	1
2698	30.125	1
2699	71.875	1
2700	16.25	1
2701	13.75	1
2702	23.5	2
2703	19.75	1
2704	18.75	1
2705	14.0	1
2706	16.0	1
2707	21.75	2
2708	15.875	1
2709	15.5	1
2710	21.75	1
2711	14.0	1
2712	16.75	1
2713	19.25	1
2714	16.0	1
2715	40.25	1
2716	20.5	1
2717	24.125	1
2718	15.5	1
2719	15.375	1
2720	19.5	2
2721	21.0	1
2722	17.25	1
2723	13.5	1
2724	22.75	2
2725	15.25	1
2726	25.0	1
2727	24.5	1
2728	15.5	1
2729	16.25	1
2730	26.0	1
2731	14.75	1
2732	17.25	1
2733	36.375	1
2734	12.75	1
2735	18.75	2
2736	22.5	2
2737	17.0	1
2738	17.0	2
2739	14.0	1
2740	15.25	3
2741	48.875	1
2742	18.5	3
2743	25.0	1
2744	30.5	2
2745	14.5	1
2746	28.625	1
2747	27.25	1
2748	15.75	1
2749	17.75	3
2750	15.5	1
2751	22.0	1
2752	13.875	1
2753	15.5	1
2754	16.125	1
2755	16.375	1
2756	21.25	2
2757	20.25	1
2758	23.75	1
2759	26.75	1
2760	14.75	1
2761	18.5	1
2762	25.5	1
2763	17.75	2
2764	26.5	1
2765	17.75	1
2766	26.875	3
2767	14.5	1
2768	18.5	1
2769	16.625	1
2770	17.75	1
2771	22.75	1
2772	16.75	1
2773	15.75	1
2774	16.875	1
2775	18.75	2
2776	15.5	3
2777	20.125	1
2778	24.5	1
2779	19.5	1
2780	23.375	2
2781	15.625	1
2782	22.0	2
2783	20.5	1
2784	20.625	1
2785	25.25	1
2786	16.25	2
2787	20.75	1
2788	50.5	1
2789	17.75	1
2790	14.75	1
2791	18.0	1
2792	26.5	1
2793	18.75	1
2794	24.75	2
2795	22.0	1
2796	15.75	1
2797	14.75	1
2798	18.5	1
2799	15.5	1
2800	15.5	1
2801	24.5	1
2802	22.75	1
2803	19.25	3
2804	28.625	1
2805	23.25	1
2806	16.25	1
2807	21.75	1
2808	15.25	1
2809	16.5	1
2810	37.125	1
2811	25.75	1
2812	13.75	1
2813	22.5	1
2814	19.5	1
2815	14.25	1
2816	17.0	2
2817	21.0	2
2818	14.75	1
2819	22.875	1
2820	21.0	2
2821	11.75	1
2822	16.75	1
2823	16.5	3
2824	34.625	1
2825	15.5	1
2826	17.25	1
2827	16.5	1
2828	24.0	1
2829	25.625	1
2830	19.5	1
2831	21.25	2
2832	35.375	1
2833	14.75	1
2834	18.75	1
2835	18.0	1
2836	18.625	1
2837	25.0	1
2838	27.5	1
2839	30.0	1
2840	15.25	1
2841	20.0	2
2842	13.5	1
2843	24.125	1
2844	11.5	1
2845	22.625	1
2846	19.625	2
2847	19.75	1
2848	15.75	1
2849	15.5	1
2850	34.125	1
2851	16.125	1
2852	17.5	1
2853	15.375	1
2854	21.25	1
2855	20.125	1
2856	22.25	2
2857	15.75	1
2858	16.5	1
2859	16.5	1
2860	26.0	3
2861	17.375	2
2862	18.625	3
2863	15.5	1
2864	21.25	1
2865	16.75	1
2866	28.25	1
2867	15.25	1
2868	15.5	1
2869	15.75	1
2870	17.375	1
2871	19.0	2
2872	21.75	1
2873	21.75	1
2874	16.0	1
2875	21.0	3
2876	15.75	1
2877	19.5	3
2878	17.75	3
2879	16.5	3
2880	14.625	1
2881	15.0	1
2882	33.625	1
2883	26.0	1
2884	13.75	1
2885	25.25	1
2886	15.5	1
2887	24.5	3
2888	22.5	1
2889	16.5	1
2890	15.5	1
2891	15.25	1
2892	21.625	1
2893	14.375	1
2894	23.375	1
2895	24.25	1
2896	25.375	1
2897	23.0	1
2898	28.25	1
2899	13.75	1
2900	13.75	1
2901	16.5	1
2902	15.5	1
2903	15.5	1
2904	14.25	1
2905	13.875	1
2906	15.5	1
2907	15.0	1
2908	16.0	1
2909	18.0	1
2910	22.75	1
2911	14.0	1
2912	16.0	1
2913	14.25	1
2914	16.75	1
2915	16.0	1
2916	14.5	1
2917	17.75	1
2918	21.5	2
2919	14.5	1
2920	22.75	2
2921	16.125	1
2922	14.875	1
2923	23.75	1
2924	21.75	1
2925	19.5	2
2926	13.125	1
2927	28.5	1
2928	16.75	1
2929	14.0	1
2930	13.5	1
2931	17.5	1
2932	13.25	1
2933	20.0	1
2934	15.25	1
2935	30.25	1
2936	18.0	1
2937	21.75	1
2938	23.375	3
2939	23.5	1
2940	20.25	1
2941	13.25	1
2942	16.75	1
2943	15.5	1
2944	23.125	1
2945	20.75	1
2946	19.125	1
2947	18.25	3
2948	16.0	1
2949	13.625	1
2950	22.25	1
2951	13.875	1
2952	14.125	1
2953	20.25	1
2954	18.0	1
2955	24.75	1
2956	16.25	1
2957	22.25	1
2958	26.5	1
2959	22.25	3
2960	15.875	1
2961	18.25	1
2962	16.75	1
2963	18.75	1
2964	24.125	1
2965	17.25	1
2966	16.375	1
2967	20.5	2
2968	18.5	1
2969	21.625	1
2970	25.5	1
2971	19.75	1
2972	20.5	1
2973	26.375	1
2974	19.25	1
2975	26.25	2
2976	24.875	1
2977	24.5	1
2978	15.0	1
2979	18.625	2
2980	15.0	2
2981	14.875	1
2982	14.625	1
2983	24.375	1
2984	12.75	1
2985	15.25	1
2986	14.5	1
2987	15.0	1
2988	28.875	1
2989	16.25	1
2990	22.0	1
2991	19.75	3
2992	22.75	1
2993	19.375	1
2994	30.25	1
2995	17.75	1
2996	17.875	2
2997	16.875	1
2998	19.75	1
2999	35.125	1
3000	19.0	1
3001	12.25	1
3002	15.5	1
3003	17.625	1
3004	22.25	1
3005	16.125	1
3006	22.75	1
3007	28.25	2
3008	16.75	1
3009	26.5	1
3010	27.75	1
3011	16.5	1
3012	18.5	2
3013	20.0	1
3014	18.75	1
3015	23.25	1
3016	23.75	1
3017	14.0	1
3018	14.75	1
3019	17.625	1
3020	15.5	1
3021	16.75	1
3022	20.0	1
3023	23.5	1
3024	25.5	2
3025	22.625	1
3026	21.0	1
3027	23.25	1
3028	24.0	1
3029	25.0	1
3030	19.75	1
3031	14.5	1
3032	16.75	3
3033	18.25	3
3034	14.5	1
3035	18.75	1
3036	23.375	1
3037	18.5	1
3038	12.75	1
3039	14.25	1
3040	18.0	1
3041	20.5	1
3042	16.75	1
3043	21.75	2
3044	22.125	2
3045	19.5	1
3046	13.125	1
3047	15.5	1
3048	16.5	1
3049	15.25	1
3050	20.5	2
3051	22.5	1
3052	24.0	1
3053	24.375	1
3054	22.75	1
3055	22.0	1
3056	26.75	1
3057	14.5	1
3058	20.0	1
3059	24.75	1
3060	15.25	1
3061	14.75	2
3062	16.875	1
3063	17.0	2
3064	19.75	1
3065	22.75	1
3066	20.5	1
3067	21.0	1
3068	14.75	1
3069	16.75	1
3070	22.875	2
3071	21.25	2
3072	14.75	1
3073	28.0	1
3074	20.0	1
3075	17.75	1
3076	15.25	1
3077	14.75	1
3078	11.875	1
3079	28.75	1
3080	14.5	1
3081	15.25	1
3082	12.5	1
3083	17.5	1
3084	43.5	1
3085	17.5	2
3086	21.625	3
3087	17.5	1
3088	20.0	1
3089	14.75	1
3090	14.75	1
3091	16.375	1
3092	14.0	1
3093	19.5	1
3094	23.875	1
3095	14.5	1
3096	18.0	3
3097	16.25	1
3098	24.25	1
3099	15.0	3
3100	28.75	1
3101	29.5	1
3102	16.0	1
3103	15.25	1
3104	25.75	1
3105	16.75	1
3106	23.5	1
3107	21.25	1
3108	22.25	1
3109	16.75	1
3110	15.25	1
3111	14.5	1
3112	20.25	1
3113	13.75	1
3114	26.0	1
3115	14.75	1
3116	18.5	1
3117	18.25	2
3118	16.75	1
3119	15.5	1
3120	17.0	3
3121	20.75	1
3122	13.625	1
3123	21.75	1
3124	33.75	1
3125	28.625	1
3126	15.25	1
3127	27.25	1
3128	16.25	1
3129	18.875	3
3130	12.75	1
3131	14.25	2
3132	20.375	1
3133	14.125	2
3134	21.375	1
3135	14.5	1
3136	31.0	1
3137	16.0	1
3138	21.0	1
3139	20.75	2
3140	19.0	1
3141	19.75	1
3142	19.0	2
3143	13.0	1
3144	14.0	1
3145	15.25	1
3146	15.5	1
3147	33.5	1
3148	20.25	1
3149	21.75	1
3150	15.0	1
3151	13.5	2
3152	22.0	2
3153	15.25	1
3154	27.375	1
3155	20.25	1
3156	13.25	1
3157	17.25	1
3158	53.375	1
3159	14.0	1
3160	24.75	1
3161	34.25	1
3162	21.0	1
3163	16.5	1
3164	22.0	1
3165	17.5	1
3166	17.25	3
3167	43.375	1
3168	16.0	1
3169	23.125	1
3170	26.125	1
3171	20.0	2
3172	16.5	1
3173	33.25	1
3174	18.5	1
3175	17.25	1
3176	17.75	1
3177	20.0	2
3178	41.125	1
3179	15.0	1
3180	22.5	1
3181	22.625	1
3182	22.125	1
3183	23.75	1
3184	31.0	1
3185	31.5	2
3186	21.25	1
3187	16.625	1
3188	26.0	1
3189	21.75	2
3190	17.5	1
3191	20.0	1
3192	22.5	1
3193	19.5	3
3194	17.0	1
3195	15.5	3
3196	15.75	1
3197	25.0	1
3198	17.625	1
3199	20.0	1
3200	15.75	1
3201	18.0	3
3202	17.25	3
3203	17.25	1
3204	13.0	2
3205	16.5	3
3206	16.875	1
3207	20.75	1
3208	19.5	1
3209	17.125	3
3210	25.25	1
3211	28.0	1
3212	19.0	2
3213	17.25	1
3214	23.375	1
3215	22.75	1
3216	26.5	1
3217	14.75	1
3218	19.0	1
3219	16.75	1
3220	19.0	1
3221	19.75	1
3222	14.75	1
3223	15.5	1
3224	17.375	1
3225	15.0	1
3226	15.0	1
3227	13.0	1
3228	28.5	1
3229	16.125	1
3230	15.75	1
3231	13.75	1
3232	16.75	1
3233	25.75	1
3234	20.75	1
3235	24.0	1
3236	15.0	1
3237	16.25	1
3238	25.0	1
3239	21.625	2
3240	16.75	1
3241	19.125	3
3242	46.125	1
3243	14.75	1
3244	23.0	2
3245	19.375	3
3246	16.125	1
3247	28.625	1
3248	16.25	1
3249	23.0	1
3250	14.5	1
3251	24.125	1
3252	17.5	1
3253	14.0	1
3254	18.125	1
3255	16.0	1
3256	14.875	1
3257	14.0	1
3258	31.5	1
3259	15.0	1
3260	18.5	1
3261	17.25	3
3262	17.125	2
3263	17.25	1
3264	12.25	1
3265	33.25	1
3266	30.375	2
3267	15.75	1
3268	13.75	1
3269	19.0	2
3270	25.0	1
3271	23.25	1
3272	13.25	1
3273	18.5	1
3274	14.625	1
3275	26.0	2
3276	25.0	1
3277	20.5	1
3278	25.0	1
3279	22.25	1
3280	17.75	1
3281	17.75	1
3282	23.25	2
3283	16.5	1
3284	17.0	1
3285	15.625	3
3286	25.625	1
3287	16.75	1
3288	20.0	3
3289	17.0	3
3290	21.875	2
3291	23.0	1
3292	13.5	1
3293	21.0	2
3294	34.0	1
3295	19.875	1
3296	15.75	1
3297	14.5	1
3298	12.875	1
3299	16.75	1
3300	16.5	1
3301	17.75	3
3302	17.25	1
3303	16.75	1
3304	14.5	1
3305	15.75	1
3306	19.5	1
3307	16.0	1
3308	65.25	1
3309	43.75	1
3310	14.5	1
3311	25.25	1
3312	23.375	1
3313	34.25	1
3314	21.25	1
3315	16.375	3
3316	18.375	1
3317	14.75	1
3318	30.875	1
3319	19.25	1
3320	15.0	1
3321	22.75	1
3322	16.0	1
3323	12.5	1
3324	22.0	1
3325	20.375	1
3326	14.25	1
3327	20.75	2
3328	25.75	1
3329	16.75	2
3330	18.25	1
3331	13.5	1
3332	23.25	1
3333	16.0	1
3334	18.5	1
3335	24.625	1
3336	29.0	1
3337	16.25	3
3338	15.5	1
3339	13.0	1
3340	22.0	1
3341	18.0	1
3342	20.375	1
3343	21.875	1
3344	15.125	3
3345	14.75	1
3346	11.25	1
3347	20.25	2
3348	19.625	1
3349	14.25	1
3350	19.625	1
3351	14.625	1
3352	15.75	1
3353	22.5	1
3354	26.125	2
3355	16.75	2
3356	24.25	1
3357	20.0	3
3358	25.125	1
3359	16.25	1
3360	15.25	1
3361	16.75	3
3362	14.0	1
3363	15.25	1
3364	15.0	1
3365	16.25	1
3366	13.5	1
3367	24.5	1
3368	32.25	1
3369	19.75	1
3370	16.0	1
3371	14.5	1
3372	21.5	1
3373	34.25	1
3374	16.75	3
3375	20.5	1
3376	15.0	1
3377	32.25	1
3378	16.0	3
3379	28.5	1
3380	19.5	1
3381	19.75	2
3382	16.5	1
3383	20.75	1
3384	26.5	1
3385	15.75	1
3386	25.5	1
3387	14.5	3
3388	19.5	2
3389	19.5	1
3390	15.75	1
3391	14.25	2
3392	13.5	1
3393	19.75	1
3394	24.25	2
3395	16.5	1
3396	15.125	3
3397	20.0	2
3398	16.0	1
3399	16.0	1
3400	32.625	1
3401	25.25	1
3402	21.75	1
3403	20.25	1
3404	21.5	3
3405	15.75	3
3406	20.0	1
3407	15.75	1
3408	14.25	1
3409	15.0	1
3410	13.0	1
3411	24.5	1
3412	20.75	1
3413	14.5	1
3414	23.75	1
3415	15.0	1
3416	22.75	1
3417	18.0	1
3418	26.5	1
3419	17.125	2
3420	18.5	3
3421	12.5	1
3422	14.625	1
3423	24.125	1
3424	17.75	1
3425	16.375	1
3426	14.75	1
3427	37.625	1
3428	15.5	1
3429	17.25	1
3430	20.0	1
3431	14.5	1
3432	53.0	1
3433	24.125	1
3434	23.75	1
3435	20.125	3
3436	30.375	1
3437	16.25	1
3438	15.625	1
3439	15.25	1
3440	14.25	1
3441	25.0	1
3442	49.25	1
3443	21.0	1
3444	14.375	1
3445	17.75	2
3446	15.25	1
3447	14.875	1
3448	14.625	1
3449	15.25	1
3450	18.0	2
3451	27.75	1
3452	15.5	1
3453	16.25	2
3454	26.0	1
3455	74.375	1
3456	16.5	1
3457	14.5	1
3458	14.25	1
3459	20.0	1
3460	16.25	1
3461	21.0	1
3462	20.75	1
3463	26.875	1
3464	14.25	1
3465	20.375	1
3466	13.0	1
3467	27.5	1
3468	22.25	1
3469	18.75	1
3470	21.5	2
3471	14.25	1
3472	16.625	1
3473	21.0	1
3474	20.75	2
3475	15.75	1
3476	15.875	1
3477	18.25	3
3478	21.75	1
3479	22.375	1
3480	17.5	3
3481	21.875	1
3482	20.25	1
3483	23.0	1
3484	23.125	1
3485	21.0	1
3486	20.25	1
3487	23.375	1
3488	24.5	1
3489	21.75	1
3490	15.75	1
3491	20.875	1
3492	16.25	1
3493	20.5	1
3494	16.5	2
3495	36.25	1
3496	15.875	1
3497	25.5	1
3498	25.0	1
3499	16.25	2
3500	22.0	1
3501	17.625	2
3502	21.0	1
3503	18.75	2
3504	23.25	1
3505	17.125	1
3506	55.375	1
3507	15.875	1
3508	20.0	1
3509	31.0	1
3510	16.5	1
3511	14.75	1
3512	18.75	1
3513	22.75	3
3514	16.875	1
3515	23.375	1
3516	17.25	3
3517	24.0	2
3518	22.75	1
3519	18.25	1
3520	29.875	1
3521	16.75	1
3522	20.75	1
3523	19.5	1
3524	13.5	1
3525	16.0	1
3526	17.5	1
3527	18.0	1
3528	25.0	1
3529	17.0	1
3530	22.5	1
3531	14.5	1
3532	24.0	1
3533	15.75	1
3534	14.375	1
3535	41.0	1
3536	15.5	1
3537	21.75	3
3538	16.0	1
3539	13.5	1
3540	21.75	1
3541	46.875	1
3542	20.0	1
3543	18.75	1
3544	16.5	1
3545	16.25	1
3546	18.5	1
3547	13.75	1
3548	16.625	1
3549	16.0	3
3550	26.125	1
3551	21.625	1
3552	24.75	1
3553	20.75	1
3554	20.5	1
3555	28.0	1
3556	21.75	1
3557	15.5	1
3558	19.375	1
3559	26.125	1
3560	14.75	1
3561	21.25	1
3562	16.0	1
3563	15.75	1
3564	23.75	1
3565	15.25	1
3566	24.75	1
3567	11.75	1
3568	27.125	2
3569	14.125	1
3570	28.0	1
3571	27.0	1
3572	17.5	1
3573	15.75	1
3574	14.75	1
3575	23.375	1
3576	23.5	1
3577	21.5	1
3578	31.75	1
3579	20.75	1
3580	23.5	1
3581	24.25	1
3582	15.5	1
3583	18.5	1
3584	15.125	1
3585	18.5	1
3586	16.375	3
3587	21.875	2
3588	19.5	3
3589	14.75	1
3590	16.75	1
3591	24.125	1
3592	12.75	1
3593	14.75	1
3594	17.25	1
3595	25.5	1
3596	22.5	3
3597	13.625	1
3598	15.75	3
3599	14.125	1
3600	21.75	1
3601	19.5	1
3602	15.375	1
3603	17.5	1
3604	22.125	1
3605	24.5	1
3606	15.0	1
3607	21.875	1
3608	26.625	1
3609	21.5	1
3610	21.0	1
3611	38.375	1
3612	16.25	1
3613	18.75	1
3614	19.75	1
3615	18.125	1
3616	17.75	1
3617	21.25	1
3618	19.875	2
3619	14.25	1
3620	21.75	1
3621	18.375	1
3622	15.75	1
3623	28.5	1
3624	27.5	1
3625	23.0	1
3626	19.25	2
3627	22.875	1
3628	21.75	1
3629	21.5	1
3630	17.25	1
3631	21.75	2
3632	16.25	1
3633	16.0	1
3634	19.625	1
3635	26.0	1
3636	26.5	1
3637	83.125	1
3638	15.0	1
3639	14.125	2
3640	22.25	1
3641	15.0	1
3642	18.0	2
3643	12.375	1
3644	17.25	1
3645	23.375	1
3646	21.25	1
3647	12.75	1
3648	14.75	1
3649	15.125	1
3650	17.75	1
3651	25.875	1
3652	15.25	1
3653	28.75	1
3654	15.0	1
3655	15.5	3
3656	19.5	1
3657	24.5	3
3658	24.625	1
3659	13.25	1
3660	20.0	1
3661	20.0	2
3662	21.75	1
3663	16.25	1
3664	18.0	1
3665	18.0	3
3666	20.75	1
3667	15.5	1
3668	19.75	1
3669	21.0	2
3670	15.5	1
3671	15.0	1
3672	19.0	1
3673	13.0	1
3674	13.5	1
3675	24.5	1
3676	19.5	2
3677	20.625	1
3678	27.0	2
3679	27.5	1
3680	16.0	1
3681	15.75	1
3682	14.75	1
3683	22.75	1
3684	13.75	1
3685	23.875	1
3686	35.0	1
3687	14.5	1
3688	13.75	1
3689	14.75	1
3690	16.0	1
3691	19.75	1
3692	19.5	1
3693	15.5	1
3694	14.75	1
3695	13.75	1
3696	18.25	1
3697	26.75	1
3698	21.0	1
3699	13.5	1
3700	28.75	1
3701	25.0	1
3702	18.0	1
3703	18.75	2
3704	25.375	1
3705	26.125	2
3706	18.25	1
3707	16.75	3
3708	15.25	1
3709	15.5	1
3710	34.75	2
3711	16.0	1
3712	14.5	1
3713	29.125	1
3714	26.125	1
3715	15.5	1
3716	13.25	1
3717	17.375	1
3718	22.25	1
3719	19.0	1
3720	20.0	1
3721	19.625	2
3722	15.875	1
3723	24.5	2
3724	15.0	1
3725	24.875	1
3726	51.75	1
3727	16.75	1
3728	36.5	1
3729	21.75	1
3730	16.5	3
3731	13.125	1
3732	14.5	2
3733	30.125	1
3734	19.5	2
3735	17.75	1
3736	20.0	2
3737	15.25	1
3738	17.0	1
3739	25.0	1
3740	13.0	1
3741	16.0	1
3742	17.5	1
3743	24.625	1
3744	15.0	1
3745	19.0	1
3746	23.75	1
3747	15.75	3
3748	15.25	1
3749	18.0	1
3750	16.75	1
3751	17.75	1
3752	17.125	1
3753	15.25	1
3754	14.0	1
3755	17.75	1
3756	17.0	1
3757	17.5	2
3758	56.0	1
3759	21.125	1
3760	14.625	1
3761	22.0	2
3762	21.5	1
3763	16.875	2
3764	30.25	1
3765	20.0	1
3766	13.0	1
3767	18.375	1
3768	22.5	1
3769	16.25	1
3770	20.25	2
3771	15.5	1
3772	14.25	1
3773	77.125	1
3774	20.0	1
3775	16.5	1
3776	15.0	1
3777	27.375	1
3778	18.0	1
3779	13.0	1
3780	58.0	1
3781	19.5	1
3782	13.25	2
3783	19.0	1
3784	18.0	1
3785	14.75	1
3786	15.0	1
3787	15.75	1
3788	19.75	1
3789	15.0	1
3790	18.25	1
3791	19.75	2
3792	29.625	1
3793	15.75	3
3794	67.5	1
3795	17.75	1
3796	20.5	1
3797	20.0	1
3798	20.25	1
3799	22.25	1
3800	14.25	1
3801	15.75	1
3802	29.5	2
3803	16.5	1
3804	17.25	3
3805	17.375	1
3806	19.75	1
3807	13.5	1
3808	23.25	1
3809	15.5	1
3810	16.75	1
3811	15.75	3
3812	22.5	1
3813	16.25	1
3814	20.75	1
3815	17.25	1
3816	15.0	1
3817	20.25	1
3818	13.5	1
3819	17.75	1
3820	21.0	1
3821	35.75	3
3822	14.75	1
3823	22.5	1
3824	30.625	1
3825	13.75	1
3826	14.0	1
3827	20.625	1
3828	16.0	3
3829	43.75	1
3830	16.25	3
3831	16.0	1
3832	20.75	1
3833	19.75	2
3834	19.5	1
3835	14.75	1
3836	19.625	2
3837	16.5	3
3838	17.0	1
3839	22.5	1
3840	13.75	1
3841	26.5	1
3842	20.5	2
3843	19.625	1
3844	14.5	1
3845	21.0	1
3846	16.875	3
3847	17.0	1
3848	15.25	1
3849	36.875	1
3850	20.625	1
3851	23.375	1
3852	27.5	1
3853	20.0	1
3854	17.125	1
3855	29.75	3
3856	17.0	1
3857	14.75	3
3858	21.75	1
3859	17.125	1
3860	17.375	1
3861	25.0	1
3862	14.5	1
3863	15.75	1
3864	16.375	1
3865	21.75	1
3866	20.0	1
3867	16.25	1
3868	20.5	1
3869	16.5	1
3870	22.25	1
3871	31.5	1
3872	24.75	3
3873	16.5	1
3874	24.5	1
3875	28.625	1
3876	16.25	1
3877	15.0	1
3878	13.375	1
3879	17.25	1
3880	13.5	3
3881	15.75	1
3882	16.375	1
3883	13.0	1
3884	18.625	1
3885	15.25	1
3886	15.25	1
3887	22.5	3
3888	16.5	3
3889	16.0	1
3890	14.75	1
3891	22.75	1
3892	31.875	1
3893	14.25	1
3894	16.5	1
3895	21.0	1
3896	14.5	1
3897	19.75	3
3898	14.75	1
3899	17.25	1
3900	14.75	1
3901	14.75	1
3902	18.0	1
3904	15.5	1
3905	22.625	1
3906	20.5	3
3907	16.0	1
3908	20.5	1
3909	16.5	1
3910	15.25	1
3911	16.75	1
3912	20.5	1
3913	15.5	1
3914	19.5	1
3915	30.0	2
3916	18.375	1
3917	24.0	1
3918	24.25	3
3919	15.25	1
3920	21.875	1
3921	16.0	1
3922	14.25	1
3923	19.25	1
3924	46.875	1
3925	20.5	2
3926	21.75	1
3927	19.25	2
3928	24.75	1
3929	16.5	1
3930	16.375	2
3931	16.75	1
3932	27.75	1
3933	17.0	1
3934	19.0	1
3935	15.375	1
3936	16.875	1
3937	21.125	1
3938	35.5	1
3939	19.75	1
3940	21.25	1
3941	15.5	1
3942	12.75	1
3943	26.75	1
3944	12.0	1
3945	16.25	3
3946	25.625	1
3947	19.5	1
3948	21.25	1
3949	16.875	2
3950	16.0	1
3951	15.5	1
3952	23.0	1
3953	13.125	1
3954	16.0	1
3955	20.875	2
3956	25.375	1
3957	16.5	1
3958	14.75	1
3959	20.0	1
3960	15.0	1
3961	20.0	3
3962	26.0	1
3963	13.5	1
3964	17.0	2
3965	16.75	1
3966	22.5	2
3967	18.25	1
3968	28.75	1
3969	16.0	1
3970	16.0	1
3971	15.75	1
3972	21.75	1
3973	21.5	1
3974	28.25	2
3975	19.25	1
3976	27.625	1
3977	21.25	1
3978	13.5	1
3979	16.5	1
3980	16.0	1
3981	10.5	1
3982	21.5	1
3983	16.0	1
3984	19.75	1
3985	23.25	1
3986	17.25	2
3987	14.5	1
3988	15.25	1
3989	31.25	2
3990	16.25	1
3991	14.375	3
3992	27.0	1
3993	23.5	2
3994	22.375	1
3995	15.75	1
3996	17.25	1
3997	21.5	1
3998	23.0	1
3999	22.5	1
4000	17.5	1
4001	15.25	1
4002	14.25	1
4003	33.0	1
4004	15.5	1
4005	23.75	1
4006	14.25	1
4007	16.25	1
4008	16.0	3
4009	17.5	1
4010	18.625	1
4011	20.25	1
4012	18.875	1
4013	21.25	1
4014	16.5	1
4015	16.0	1
4016	18.75	1
4017	15.5	1
4018	15.5	1
4019	18.0	1
4020	20.75	1
4021	16.5	1
4022	27.375	1
4023	16.5	1
4024	17.25	1
4025	20.0	1
4026	19.5	1
4027	18.0	1
4028	15.75	2
4029	14.25	1
4030	27.0	1
4031	16.0	1
4032	17.75	3
4033	20.0	1
4034	31.875	1
4035	11.75	1
4036	34.25	1
4037	15.75	1
4038	21.0	1
4039	53.25	1
4040	21.75	1
4041	22.0	1
4042	15.25	1
4043	20.5	1
4044	16.0	1
4045	16.0	1
4046	22.5	1
4047	23.75	1
4048	19.5	2
4049	14.625	1
4050	17.0	2
4051	23.5	1
4052	20.0	2
4053	15.75	1
4054	17.25	1
4055	24.0	2
4056	22.5	1
4057	20.75	1
4058	24.25	1
4059	15.25	1
4060	19.5	1
4061	31.0	1
4062	15.5	1
4063	19.25	1
4064	15.0	1
4065	15.0	1
4066	84.5	2
4067	21.875	1
4068	16.0	1
4069	44.5	1
4070	22.375	1
4071	14.5	1
4072	13.75	1
4073	26.5	1
4074	24.25	1
4075	22.5	1
4076	15.25	1
4077	21.25	1
4078	22.125	1
4079	13.25	1
4080	16.0	1
4081	25.875	1
4082	22.25	1
4083	21.5	2
4084	15.75	1
4085	25.25	1
4086	13.0	1
4087	39.75	1
4088	23.75	1
4089	21.25	1
4090	21.125	1
4091	20.0	1
4092	14.5	1
4093	13.5	1
4094	21.25	3
4095	16.625	1
4096	15.75	2
4097	22.5	1
4098	13.0	1
4099	13.625	1
4100	19.5	3
4101	15.0	3
4102	19.25	1
4103	19.25	1
4104	29.0	1
4105	25.0	1
4106	17.875	2
4107	20.0	1
4108	25.75	1
4109	14.75	1
4110	24.125	1
4111	15.5	1
4112	21.75	1
4113	17.75	1
4114	16.375	1
4115	14.0	1
4116	16.0	2
4117	15.25	1
4118	15.75	1
4119	16.5	1
4120	12.75	1
4121	19.25	1
4122	30.5	1
4123	17.5	1
4124	24.25	1
4125	89.75	1
4126	23.5	2
4127	19.25	1
4128	19.75	1
4129	14.0	1
4130	27.5	1
4131	18.375	2
4132	15.25	1
4133	24.75	1
4134	14.0	1
4135	15.0	1
4136	14.375	1
4137	18.75	1
4138	22.875	1
4139	25.0	1
4140	14.0	1
4141	23.75	1
4142	27.5	1
4143	32.75	1
4144	21.125	1
4145	17.875	3
4146	17.5	1
4147	29.25	1
4148	21.75	1
4149	17.75	2
4150	15.5	1
4151	20.5	1
4152	15.75	1
4153	31.75	1
4154	22.5	1
4155	14.75	1
4156	14.75	1
4157	18.25	1
4158	17.0	2
4159	14.0	1
4160	15.5	1
4161	25.0	1
4162	17.5	1
4163	23.75	2
4164	21.0	1
4165	21.5	1
4166	31.625	1
4167	27.5	1
4168	23.5	1
4169	17.0	1
4170	21.25	1
4171	28.875	1
4172	23.5	1
4173	16.625	3
4174	26.0	1
4175	16.0	1
4176	15.75	1
4177	14.75	1
4178	24.25	1
4179	20.25	1
4180	38.875	1
4181	20.75	2
4182	18.25	1
4183	25.625	1
4184	32.0	1
4185	21.75	1
4186	25.25	3
4187	17.0	1
4188	14.75	1
4189	15.75	1
4190	22.25	1
4191	21.0	3
4192	18.25	1
4193	18.0	1
4194	37.0	1
4195	17.75	1
4196	21.0	2
4197	18.5	1
4198	21.625	1
4199	23.5	1
4200	16.0	1
4201	22.5	1
4202	15.0	1
4203	21.375	1
4204	20.875	1
4205	25.25	1
4206	23.375	1
4207	25.5	1
4208	30.25	1
4209	20.5	1
4210	21.875	1
4211	15.0	1
4212	23.0	1
4213	18.5	1
4214	24.125	1
4215	21.75	2
4216	24.75	1
4217	18.75	2
4218	20.25	1
4219	16.5	2
4220	15.0	3
4221	17.5	3
4222	26.375	1
4223	16.25	1
4224	17.25	1
4225	17.0	1
4226	15.75	1
4227	15.0	1
4228	17.25	1
4229	51.125	1
4230	16.25	1
4231	22.5	1
4232	19.25	1
4233	24.625	1
4234	20.75	1
4235	16.625	1
4236	24.5	2
4237	26.125	1
4238	14.75	1
4239	20.875	1
4240	24.25	1
4241	16.125	1
4242	14.75	2
4243	19.0	1
4244	20.625	1
4245	17.25	1
4246	23.5	1
4247	21.0	2
4248	15.0	1
4249	20.75	1
4250	16.0	2
4251	16.25	3
4252	14.0	1
4253	22.5	1
4254	15.5	1
4255	26.25	1
4256	15.125	1
4257	18.75	1
4258	16.25	1
4259	12.5	1
4260	22.25	1
4261	22.25	1
4262	21.25	2
4263	24.75	1
4264	19.5	1
4265	17.75	1
4266	23.25	1
4267	15.0	1
4268	15.0	1
4269	18.875	2
4270	19.25	3
4271	17.75	2
4272	21.25	1
4273	16.75	2
4274	17.25	1
4275	20.875	2
4276	26.75	1
4277	13.5	1
4278	21.875	1
4279	16.75	1
4280	16.5	1
4281	33.625	1
4282	14.5	1
4283	16.125	1
4284	21.25	2
4285	15.75	1
4286	19.125	1
4287	16.0	1
4288	21.5	1
4289	17.25	1
4290	17.625	1
4291	16.75	1
4292	27.25	1
4293	25.5	1
4294	22.25	1
4295	14.0	1
4296	32.0	1
4297	21.5	1
4298	16.75	3
4299	19.25	1
4300	15.5	1
4301	15.0	1
4302	16.5	1
4303	25.375	1
4304	22.5	1
4305	16.25	3
4306	22.75	1
4307	22.75	1
4308	14.75	1
4309	12.0	1
4310	19.5	3
4311	17.0	1
4312	15.5	1
4313	17.25	1
4314	52.75	1
4315	16.25	1
4316	21.25	1
4317	21.5	1
4318	20.0	1
4319	27.0	1
4320	14.25	1
4321	20.0	1
4322	17.0	1
4323	14.5	1
4324	17.25	1
4325	22.75	1
4326	21.25	3
4327	31.5	1
4328	25.625	1
4329	14.5	1
4330	22.0	1
4331	23.0	3
4332	18.5	2
4333	12.125	1
4334	22.25	1
4335	21.875	1
4336	23.25	2
4337	23.75	1
4338	29.375	1
4339	15.5	1
4340	17.5	1
4341	18.75	1
4342	17.0	1
4343	17.25	3
4344	16.375	2
4345	15.5	1
4346	25.25	1
4347	27.375	1
4348	13.5	1
4349	19.5	1
4350	16.75	1
4351	23.5	1
4352	25.875	1
4353	23.625	1
4354	18.75	1
4355	18.0	1
4356	23.625	1
4357	15.0	1
4358	20.5	1
4359	16.25	1
4360	17.5	3
4361	19.0	1
4362	19.5	1
4363	16.25	1
4364	15.75	2
4365	15.0	1
4366	15.0	1
4367	14.25	1
4368	14.75	1
4369	15.25	3
4370	17.5	1
4371	25.375	3
4372	24.25	1
4373	23.25	1
4374	16.625	1
4375	16.75	1
4376	17.25	1
4377	20.0	3
4378	15.5	1
4379	27.125	1
4380	13.625	1
4381	16.25	1
4382	16.5	2
4383	19.75	1
4384	16.25	1
4385	22.0	1
4386	15.0	1
4387	21.5	1
4388	24.25	1
4389	13.5	1
4390	26.5	2
4391	16.375	1
4393	13.75	1
4394	26.0	1
4395	16.5	2
4396	18.25	1
4397	16.5	1
4398	19.0	1
4399	16.75	1
4400	22.0	1
4401	20.0	1
4402	18.625	1
4403	16.25	1
4404	15.0	1
4405	27.0	1
4406	20.75	1
4407	16.25	1
4408	16.0	1
4409	14.25	1
4410	17.5	1
4411	20.0	1
4412	31.375	1
4413	28.0	1
4414	28.25	1
4415	22.5	1
4416	17.5	2
4417	17.875	2
4418	17.25	3
4419	21.75	3
4420	16.75	1
4421	22.5	1
4422	23.25	1
4423	24.0	1
4424	14.25	1
4425	16.125	1
4426	11.75	1
4427	16.125	1
4428	24.5	1
4429	18.25	1
4430	18.0	1
4431	15.25	1
4432	17.25	1
4433	27.5	1
4434	21.5	1
4435	20.75	1
4436	16.375	3
4437	14.25	1
4438	14.0	1
4439	19.875	1
4440	16.25	1
4441	15.75	1
4442	21.0	1
4443	21.0	1
4444	24.25	1
4445	71.5	1
4446	17.0	1
4447	21.75	1
4448	19.25	1
4449	20.0	1
4450	35.875	1
4451	15.5	1
4452	15.5	1
4453	23.625	1
4454	16.5	1
4455	21.75	1
4456	13.625	1
4457	16.25	1
4458	15.625	1
4459	19.25	3
4460	20.75	1
4461	17.125	2
4462	16.75	1
4463	24.0	1
4464	19.5	2
4465	13.25	1
4466	22.875	1
4467	31.25	3
4468	50.5	1
4469	17.25	1
4470	17.75	3
4471	26.0	1
4472	21.0	1
4473	13.0	1
4474	16.75	1
4475	24.625	1
4476	25.5	1
4477	19.25	1
4478	16.0	1
4479	16.25	1
4480	23.0	1
4481	18.5	1
4482	23.75	2
4483	18.5	1
4484	16.0	1
4485	18.875	1
4486	13.25	1
4487	15.25	1
4488	14.25	1
4489	14.5	1
4490	21.75	1
4491	22.5	1
4492	19.375	1
4493	23.75	1
4494	20.5	1
4495	18.0	1
4496	17.75	1
4497	23.5	1
4498	23.0	2
4499	15.375	1
4500	26.375	1
4501	24.0	1
4502	20.0	1
4503	22.25	1
4504	15.125	1
4505	27.125	1
4506	16.5	1
4507	27.75	1
4508	25.875	2
4509	15.0	1
4510	15.25	1
4511	15.125	1
4512	16.5	1
4513	21.375	1
4514	33.5	1
4515	18.5	1
4516	22.25	1
4517	15.5	1
4518	26.25	1
4519	14.0	1
4520	12.0	1
4521	16.5	1
4522	25.75	1
4523	15.25	1
4524	19.5	1
4525	16.75	1
4526	17.0	1
4527	14.75	1
4528	23.625	1
4529	14.375	1
4530	24.25	2
4531	17.0	1
4532	20.625	1
4533	24.0	1
4534	15.75	1
4535	19.75	1
4536	19.5	2
4537	16.25	1
4538	23.5	1
4539	21.5	2
4540	21.75	1
4541	28.375	1
4542	21.75	2
4543	25.75	1
4544	28.375	1
4545	14.0	1
4546	30.375	1
4547	23.75	1
4548	17.375	1
4549	20.375	2
4550	13.625	1
4551	19.875	1
4552	17.625	1
4553	15.0	1
4554	27.0	1
4555	27.75	1
4556	23.5	1
4557	23.75	2
4558	33.5	1
4559	16.625	1
4560	20.5	1
4561	17.75	1
4562	18.25	1
4563	19.0	1
4564	19.5	1
4565	23.25	1
4566	23.25	1
4567	23.125	1
4568	20.375	1
4569	12.25	1
4570	17.375	1
4571	24.75	1
4572	15.0	1
4573	21.25	2
4574	16.75	1
4575	27.75	1
4576	15.25	1
4577	18.75	3
4578	15.5	1
4579	15.75	1
4580	16.0	1
4581	62.25	1
4582	19.0	1
4583	15.625	1
4584	23.125	2
4585	21.375	1
4586	17.0	1
4587	22.875	1
4588	19.75	1
4589	24.125	1
4590	23.5	2
4591	20.0	1
4592	18.25	3
4593	26.5	1
4594	21.375	2
4595	17.5	1
4596	14.0	1
4597	21.5	1
4598	16.75	1
4599	20.0	3
4600	16.5	2
4601	12.5	1
4602	16.25	1
4603	16.5	1
4604	21.25	1
4605	14.5	1
4606	26.625	1
4607	25.5	1
4608	24.0	2
4609	15.5	1
4610	24.375	1
4611	16.75	1
4612	17.25	1
4613	15.25	1
4614	24.625	1
4615	14.75	1
4616	14.25	1
4617	15.875	1
4618	14.75	1
4619	23.25	1
4620	17.0	1
4621	15.75	1
4622	18.5	3
4623	14.75	1
4624	23.5	1
4625	16.625	1
4626	69.75	1
4627	13.25	1
4628	42.25	1
4629	23.5	1
4630	24.125	3
4631	22.875	1
4632	17.5	3
4633	13.75	1
4634	18.0	1
4635	20.5	2
4636	17.75	1
4637	21.75	1
4638	20.5	1
4639	17.0	1
4640	16.5	1
4641	15.75	1
4642	25.5	1
4643	16.0	1
4644	14.25	1
4645	24.75	1
4646	19.75	1
4647	15.75	1
4648	17.75	1
4649	21.625	1
4650	16.25	1
4651	15.0	3
4652	20.25	1
4653	17.0	1
4654	22.75	1
4655	30.75	1
4656	16.0	2
4657	24.25	3
4658	21.0	1
4659	18.75	1
4660	22.0	1
4661	25.375	1
4662	14.25	1
4663	22.0	1
4664	15.0	1
4665	21.5	1
4666	17.5	1
4667	16.25	1
4668	21.25	1
4669	15.0	1
4670	15.5	1
4671	13.75	1
4672	14.5	1
4673	13.75	1
4674	29.5	1
4675	14.5	1
4676	21.5	1
4677	23.0	1
4678	15.5	1
4679	17.5	2
4680	15.25	1
4681	16.0	1
4682	41.875	1
4683	14.5	1
4684	14.875	1
4685	21.875	1
4686	17.5	1
4687	21.25	1
4688	15.5	1
4689	21.125	1
4690	15.75	1
4691	13.25	1
4692	29.375	2
4693	24.75	1
4694	15.25	1
4695	20.25	1
4696	15.75	1
4697	17.25	1
4698	18.25	1
4699	16.0	1
4700	39.875	1
4701	16.25	1
4702	22.25	1
4703	15.25	1
4704	20.125	1
4705	14.0	1
4706	18.0	1
4707	39.0	1
4708	22.375	1
4709	18.25	1
4710	34.5	1
4711	14.5	1
4712	20.0	1
4713	15.5	1
4714	14.75	1
4715	14.75	1
4716	16.25	1
4717	25.125	1
4718	37.0	1
4719	13.75	1
4720	26.25	1
4721	24.0	1
4722	22.875	1
4723	23.75	1
4724	24.625	1
4725	21.25	1
4726	24.25	1
4727	33.75	1
4728	15.75	1
4729	17.25	1
4730	18.25	1
4731	19.25	1
4732	21.25	2
4733	18.5	1
4734	20.75	1
4735	23.25	2
4736	14.75	1
4737	15.375	1
4738	15.25	1
4739	15.5	1
4740	17.75	1
4741	26.0	3
4742	17.0	1
4743	12.875	1
4744	16.75	1
4745	17.0	2
4746	20.5	1
4747	23.0	1
4748	22.75	1
4749	25.5	1
4750	14.5	1
4751	15.75	1
4752	24.5	1
4753	21.75	1
4754	15.25	3
4755	24.5	1
4756	13.0	1
4757	15.0	1
4758	17.75	1
4759	26.5	2
4760	25.75	1
4761	13.125	1
4762	20.75	1
4763	17.25	3
4764	15.5	1
4765	14.0	1
4766	27.25	1
4767	16.875	1
4768	16.125	1
4769	28.5	1
4770	16.5	1
4771	15.875	1
4772	14.875	1
4773	25.0	2
4774	25.0	1
4775	17.0	1
4776	37.75	1
4777	14.25	1
4778	14.0	1
4779	20.125	1
4780	27.25	1
4781	19.0	1
4782	25.0	1
4783	16.75	1
4784	19.75	1
4785	26.625	1
4786	14.25	1
4787	16.25	1
4788	22.0	1
4789	27.75	1
4790	20.25	3
4791	13.75	1
4792	16.0	1
4793	16.0	1
4794	44.75	1
4795	16.5	1
4796	19.75	1
4797	23.25	1
4798	18.25	1
4799	17.0	1
4800	19.75	3
4801	23.75	1
4802	32.5	1
4803	19.75	1
4804	30.875	1
4805	79.0	1
4806	22.5	1
4807	14.0	1
4808	14.25	1
4809	21.25	1
4810	17.75	1
4811	17.875	1
4812	14.5	1
4813	19.25	1
4814	21.5	1
4815	18.0	1
4816	20.125	1
4817	20.25	1
4818	20.5	1
4819	20.375	1
4820	13.625	1
4821	25.5	1
4822	19.25	1
4823	17.0	2
4824	17.5	2
4825	15.0	1
4826	15.25	1
4827	14.625	1
4828	26.75	1
4829	15.0	1
4830	17.5	1
4831	12.75	1
4832	16.0	1
4833	22.5	1
4834	14.125	1
4835	16.0	1
4836	20.0	2
4837	15.25	1
4838	18.25	1
4839	17.75	1
4840	19.5	1
4841	15.75	1
4842	14.75	1
4843	19.625	1
4844	18.75	1
4845	27.0	1
4846	14.5	1
4847	18.75	1
4848	25.625	1
4849	24.25	1
4850	13.75	1
4851	25.0	1
4852	42.125	1
4853	16.0	1
4854	16.75	1
4855	17.75	2
4856	23.25	1
4857	25.0	1
4858	24.5	1
4859	18.0	1
4860	13.5	1
4861	19.5	1
4862	24.0	1
4863	19.0	1
4864	19.0	1
4865	23.75	2
4866	16.625	3
4867	17.25	1
4868	17.0	2
4869	21.125	1
4870	17.25	1
4871	19.5	1
4872	16.5	3
4873	17.75	1
4874	19.5	2
4875	17.625	1
4876	12.625	1
4877	14.5	1
4878	18.25	1
4879	23.0	1
4880	20.875	1
4881	21.5	1
4882	38.0	1
4883	18.0	1
4884	17.0	1
4885	20.875	1
4886	19.75	1
4887	15.0	1
4888	20.5	1
4889	16.25	1
4890	21.375	1
4891	17.5	3
4892	16.75	1
4893	23.25	1
4894	16.5	1
4895	39.875	1
4896	13.5	1
4897	22.75	1
4898	18.75	3
4899	14.0	1
4900	20.375	1
4901	17.0	1
4902	22.5	1
4903	14.0	1
4904	17.75	1
4905	14.25	1
4906	15.5	1
4907	16.5	1
4908	16.5	1
4909	16.75	1
4910	17.75	1
4911	19.0	1
4912	15.5	1
4913	20.75	1
4914	17.75	1
4915	16.5	1
4916	19.5	1
4917	12.5	1
4918	30.875	1
4919	25.75	1
4920	23.0	1
4921	34.5	1
4922	14.75	1
4923	24.25	3
4924	18.0	1
4925	16.75	1
4926	18.0	1
4927	14.5	1
4928	26.75	1
4929	14.5	1
4930	16.5	1
4931	15.5	2
4932	18.25	1
4933	20.0	2
4934	13.25	1
4935	19.75	1
4936	39.0	1
4937	19.625	1
4938	15.75	1
4939	28.5	1
4940	24.375	2
4941	26.0	1
4942	17.0	2
4943	21.75	1
4944	15.5	1
4945	26.25	1
4946	20.75	1
4947	14.625	1
4948	19.25	1
4949	33.875	1
4950	20.25	2
4951	32.75	1
4952	22.75	1
4953	15.625	1
4954	15.0	1
4955	21.0	1
4956	13.5	1
4957	13.0	1
4958	16.125	1
4959	20.0	1
4960	21.5	1
4961	13.75	1
4962	13.0	1
4963	13.75	1
4964	16.75	1
4965	19.5	2
4966	15.125	1
4967	27.375	1
4968	17.75	1
4969	13.75	1
4970	14.0	1
4971	11.875	1
4972	23.75	1
4973	22.0	1
4974	24.375	1
4975	22.5	1
4976	18.5	1
4977	17.25	1
4978	21.375	1
4979	19.25	1
4980	14.5	1
4981	14.5	1
4982	20.375	1
4983	23.75	2
4984	28.75	1
4985	17.25	2
4986	30.125	1
4987	26.25	1
4988	14.5	1
4989	16.5	1
4990	13.5	1
4991	16.5	1
4992	14.25	1
4993	20.875	1
4994	14.75	1
4995	23.5	1
4996	18.25	1
4997	22.75	1
4998	22.375	1
4999	15.75	1
5000	19.75	3
5001	30.75	1
5002	19.75	1
5003	18.5	1
5004	16.25	1
5005	25.125	1
5006	28.75	1
5007	19.0	1
5008	22.25	1
5009	24.5	1
5010	18.75	1
5011	20.25	1
5012	19.25	1
5013	15.5	1
5014	29.75	1
5015	24.25	1
5016	13.5	1
5017	14.5	1
5018	11.5	1
5019	15.25	1
5020	21.125	3
5021	15.5	1
5022	22.25	1
5023	15.25	1
5024	14.75	1
5025	19.75	1
5026	15.375	1
5027	14.25	1
5028	13.0	1
5029	18.75	1
5030	14.75	1
5031	20.0	1
5032	20.75	1
5033	24.5	1
5034	21.0	1
5035	25.25	1
5036	15.875	1
5037	24.25	1
5038	14.875	1
5039	16.5	1
5040	25.75	1
5041	14.5	1
5042	18.75	2
5043	74.25	1
5044	22.125	1
5045	17.875	3
5046	18.75	2
5047	17.0	1
5048	20.5	1
5049	25.25	1
5050	22.75	1
5051	31.875	2
5052	15.0	1
5053	22.375	1
5054	12.75	1
5055	21.625	1
5056	60.375	1
5057	12.75	1
5058	19.875	1
5059	23.125	1
5060	14.125	1
5061	16.25	1
5062	15.0	3
5063	14.75	1
5064	15.25	1
5065	27.75	1
5066	21.5	3
5067	16.75	1
5068	27.0	3
5069	21.25	1
5070	19.25	1
5071	25.75	2
5072	15.5	1
5073	25.0	1
5074	15.5	1
5075	19.625	1
5076	20.75	1
5077	25.5	1
5078	24.25	1
5079	23.75	1
5080	24.125	1
5081	25.0	2
5082	22.5	1
5083	27.25	1
5084	15.5	1
5085	21.5	1
5086	17.0	1
5087	22.25	3
5088	17.0	1
5089	15.75	1
5090	18.0	1
5091	13.125	1
5092	15.0	1
5093	13.5	1
5094	18.5	3
5095	15.25	1
5096	16.25	2
5097	15.25	1
5098	15.25	1
5099	32.0	1
5100	24.375	1
5101	17.0	1
5102	24.5	1
5103	13.75	1
5104	24.625	1
5105	20.5	1
5106	13.75	1
5107	16.5	2
5108	13.75	1
5109	17.25	1
5110	23.25	1
5111	19.25	1
5112	16.75	1
5113	24.0	1
5114	22.5	1
5115	14.75	1
5116	24.0	1
5117	19.5	1
5118	13.75	1
5119	22.125	1
5120	16.0	1
5121	17.0	1
5122	16.25	1
5123	20.5	1
5124	17.0	2
5125	18.0	2
5126	20.625	1
5127	19.625	1
5128	15.25	1
5129	32.625	1
5130	20.5	1
5131	16.5	1
5132	17.25	1
5133	18.25	1
5134	20.75	1
5135	17.5	1
5136	24.625	1
5137	26.75	1
5138	18.5	2
5139	23.375	1
5140	20.75	1
5141	18.0	1
5142	22.5	1
5143	23.875	2
5144	25.5	1
5145	87.5	1
5146	23.0	1
5147	21.25	1
5148	18.25	1
5149	25.625	1
5150	22.25	1
5151	16.25	1
5152	17.75	1
5153	21.5	2
5154	14.375	1
5155	24.0	1
5156	17.25	3
5157	20.375	2
5158	36.5	1
5159	16.875	1
5160	21.0	1
5161	22.25	1
5162	17.125	1
5163	15.5	1
5164	23.0	2
5165	14.375	1
5166	22.125	1
5167	14.75	3
5168	44.375	1
5169	15.75	1
5170	30.0	1
5171	15.75	2
5172	15.375	1
5173	28.125	1
5174	17.875	2
5175	19.75	1
5176	22.375	2
5177	17.0	2
5178	14.125	1
5179	15.0	1
5180	25.375	1
5181	15.25	1
5182	24.0	1
5183	25.5	1
5184	19.625	1
5185	18.25	1
5186	18.0	1
5187	23.75	1
5188	17.5	2
5189	33.25	1
5190	24.125	1
5191	34.125	1
5192	20.5	2
5193	15.25	1
5194	14.75	1
5195	17.125	1
5196	25.0	1
5197	16.5	1
5198	16.5	1
5199	23.75	1
5200	14.125	1
5201	21.5	1
5202	23.5	1
5203	15.25	1
5204	16.75	1
5205	14.75	1
5206	13.75	1
5207	21.5	1
5208	17.25	1
5209	27.25	1
5210	15.375	1
5211	14.5	1
5212	17.5	1
5213	22.0	1
5214	22.25	1
5215	16.25	1
5216	25.0	1
5217	16.75	1
5218	21.0	1
5219	15.75	1
5220	17.375	1
5221	20.75	1
5222	21.25	1
5223	21.375	2
5224	22.875	3
5225	17.25	1
5226	25.625	1
5227	15.75	1
5228	18.75	3
5229	15.625	1
5230	20.0	1
5231	19.75	3
5232	16.625	1
5233	22.5	1
5234	26.5	1
5235	16.5	1
5236	13.625	1
5237	15.0	1
5238	19.25	1
5239	19.5	1
5240	19.5	1
5241	16.0	1
5242	16.625	1
5243	19.75	1
5244	14.5	1
5245	15.25	1
5246	13.5	1
5247	17.25	1
5248	21.375	2
5249	18.5	2
5250	21.375	3
5251	16.125	1
5252	22.0	1
5253	19.0	1
5255	17.75	1
5256	20.75	1
5257	16.75	2
5258	19.0	1
5259	31.75	1
5260	22.375	1
5261	17.25	1
5262	15.125	1
5263	17.25	1
5264	28.5	1
5265	23.5	1
5266	15.75	1
5267	25.625	3
5268	14.0	1
5269	16.5	2
5270	23.625	1
5271	26.5	1
5272	18.25	2
5273	15.875	1
5274	14.25	1
5275	25.0	1
5276	14.5	1
5277	15.0	1
5278	18.5	1
5279	17.0	1
5280	27.125	1
5281	20.75	1
5282	15.0	1
5283	14.0	3
5284	18.5	3
5285	15.75	1
5286	25.375	1
5287	16.75	1
5288	25.0	1
5289	30.125	2
5290	15.0	1
5291	20.5	1
5292	22.875	1
5293	19.25	3
5294	15.375	1
5295	16.5	1
5296	14.25	1
5297	31.0	1
5298	14.75	1
5299	17.125	1
5300	15.0	1
5301	15.0	1
5302	19.375	1
5303	17.5	1
5304	14.75	1
5305	14.75	1
5306	21.0	1
5307	16.75	1
5308	21.75	1
5309	16.5	1
5310	23.5	1
5311	14.0	1
5312	19.75	3
5313	14.75	1
5314	15.75	1
5315	19.5	1
5316	19.0	1
5317	23.5	3
5318	26.25	1
5319	21.25	1
5320	16.75	1
5321	13.75	1
5322	16.0	1
5323	16.75	1
5324	15.75	1
5325	27.875	2
5326	23.0	1
5327	20.375	1
5328	16.5	1
5329	19.375	2
5330	14.75	1
5331	16.75	2
5332	14.75	2
5333	16.0	3
5334	25.875	1
5335	18.5	1
5336	23.75	1
5337	14.5	1
5338	14.0	1
5339	15.625	1
5340	24.0	1
5341	18.75	2
5342	16.5	1
5343	20.5	1
5344	30.75	1
5345	20.625	1
5346	21.0	1
5347	14.875	1
5348	14.0	1
5349	16.75	1
5350	20.0	1
5351	29.125	1
5352	22.5	1
5353	21.0	1
5354	23.625	1
5355	16.0	1
5356	16.0	1
5357	19.25	1
5358	12.75	1
5359	18.0	1
5360	16.25	1
5361	20.5	1
5362	20.25	1
5363	18.0	1
5364	15.25	1
5365	23.25	1
5366	21.125	1
5367	44.375	1
5368	21.25	1
5369	15.0	1
5370	16.0	1
5371	14.5	1
5372	23.0	1
5373	18.5	2
5374	19.0	1
5375	17.25	1
5376	14.0	1
5377	20.5	1
5378	21.5	1
5379	15.75	2
5380	22.0	1
5381	15.25	1
5382	14.875	2
5383	15.0	2
5384	14.75	1
5385	14.5	1
5386	20.625	1
5387	15.25	1
5388	15.25	1
5389	24.25	2
5390	18.25	1
5391	14.75	1
5392	17.5	1
5393	21.25	1
5394	19.75	1
5395	15.0	1
5396	20.5	1
5397	14.375	1
5398	15.5	1
5399	17.25	1
5400	16.25	1
5402	25.0	1
5403	14.5	1
5404	15.0	1
5405	29.0	1
5406	22.75	1
5407	14.375	1
5408	14.75	1
5409	17.75	1
5410	14.25	1
5411	17.875	2
5412	16.0	1
5413	16.5	1
5414	20.75	1
5415	18.5	1
5416	16.75	2
5417	32.25	1
5418	17.5	1
5419	50.75	1
5420	21.0	1
5421	23.0	1
5422	19.5	1
5423	15.25	1
5424	24.75	1
5425	22.75	1
5426	14.0	1
5427	16.375	1
5428	17.875	1
5429	21.5	1
5430	18.5	2
5431	34.5	1
5432	30.75	1
5433	14.0	1
5434	25.625	1
5435	16.25	2
5436	24.125	1
5437	17.5	1
5438	18.5	2
5439	17.125	1
5440	25.625	1
5441	66.5	1
5442	30.0	1
5443	16.875	3
5444	17.5	2
5445	25.5	1
5446	15.25	1
5447	19.5	2
5448	17.5	3
5449	17.25	1
5450	16.75	1
5451	26.75	2
5452	15.5	1
5453	24.0	1
5454	18.75	1
5455	19.5	1
5456	15.5	1
5457	17.0	1
5458	16.25	1
5459	22.5	1
5460	22.75	1
5461	22.25	1
5462	29.75	1
5463	20.25	1
5464	21.75	2
5465	13.75	1
5466	46.75	1
5467	35.75	1
5468	22.125	1
5469	30.0	1
5470	24.375	1
5471	16.75	1
5472	12.875	1
5473	24.0	1
5474	24.375	1
5475	24.5	1
5476	16.5	1
5477	17.0	3
5478	16.5	1
5479	22.75	1
5480	15.875	1
5481	16.0	1
5482	15.25	3
5483	38.375	1
5484	22.75	1
5485	16.125	1
5486	15.75	1
5487	18.75	1
5488	16.0	2
5489	15.875	2
5490	19.25	1
5491	20.0	2
5492	22.5	1
5493	20.25	2
5494	32.125	1
5495	14.0	1
5496	17.75	1
5497	14.0	1
5498	14.625	1
5499	23.125	1
5500	18.5	1
5501	19.625	3
5502	15.0	1
5503	23.5	1
5504	15.25	1
5505	23.25	1
5506	15.625	1
5507	14.25	1
5508	21.875	1
5509	18.25	1
5510	18.5	1
5511	16.0	1
5512	22.25	1
5513	16.75	1
5514	16.0	1
5515	20.25	2
5516	18.5	1
5517	24.375	1
5518	21.25	1
5519	19.0	1
5520	18.0	1
5521	16.25	1
5522	31.375	1
5523	17.75	1
5524	21.5	1
5525	19.25	1
5526	13.75	1
5527	16.5	1
5528	22.0	1
5529	20.25	1
5530	16.75	1
5531	20.875	3
5532	15.875	2
5533	28.375	1
5534	36.875	2
5535	20.75	1
5536	18.0	1
5537	23.5	1
5538	13.25	1
5539	22.625	1
5540	17.125	1
5541	30.25	1
5542	23.0	1
5543	12.5	1
5544	22.5	2
5545	18.75	2
5546	21.75	1
5547	15.75	1
5548	31.125	1
5549	15.0	1
5550	81.0	1
5551	15.0	2
5552	15.25	1
5553	15.0	1
5554	20.75	3
5555	16.25	1
5556	12.5	1
5557	18.0	1
5558	21.0	1
5559	17.5	2
5560	14.625	1
5561	16.25	1
5562	19.0	1
5563	21.125	1
5564	35.125	1
5565	16.75	1
5566	20.25	1
5567	20.25	1
5568	15.375	1
5569	23.25	1
5570	16.5	1
5571	14.5	1
5572	13.75	1
5573	13.75	1
5574	16.0	2
5575	14.25	1
5576	19.375	1
5577	21.0	1
5578	14.625	1
5579	30.625	3
5580	24.0	1
5581	32.0	3
5582	15.75	1
5583	31.5	1
5584	19.25	2
5585	24.5	1
5586	17.5	3
5587	24.75	1
5588	16.5	1
5589	18.25	3
5590	22.0	2
5591	23.875	1
5592	19.125	2
5593	21.75	1
5594	15.75	1
5595	14.25	1
5596	28.75	1
5597	25.75	1
5598	15.0	1
5599	17.25	2
5600	21.0	3
5601	23.75	1
5602	23.0	1
5603	29.25	1
5604	16.0	1
5605	18.75	1
5606	14.5	2
5607	17.75	1
5608	25.5	1
5609	16.0	1
5610	16.0	1
5611	12.875	1
5612	13.625	1
5613	30.5	1
5614	18.75	1
5615	15.25	1
5616	16.75	1
5617	14.75	2
5618	14.75	1
5619	18.25	3
5620	34.0	1
5621	16.25	1
5622	13.75	1
5623	17.25	1
5624	20.25	1
5625	14.625	1
5626	25.25	1
5627	18.25	1
5628	20.5	3
5629	26.75	1
5630	17.75	1
5631	20.5	1
5632	20.25	1
5633	19.0	2
5634	26.5	1
5635	21.125	2
5636	19.375	1
5637	14.875	1
5638	17.25	1
5639	12.25	1
5640	15.75	3
5641	28.75	2
5642	14.375	1
5643	15.25	1
5644	50.375	1
5645	15.75	3
5646	23.625	1
5647	16.75	1
5648	22.0	1
5649	15.25	1
5650	16.875	2
5651	21.25	1
5652	15.25	1
5653	17.875	1
5654	23.875	1
5655	22.5	1
5656	16.5	1
5657	14.75	1
5658	15.5	1
5659	14.5	1
5660	14.0	1
5661	15.75	1
5662	15.125	2
5663	30.75	1
5664	13.0	1
5665	35.875	1
5666	19.625	1
5667	12.0	1
5668	21.375	1
5669	16.0	1
5670	26.5	2
5671	23.5	2
5672	15.5	1
5673	22.75	3
5674	20.125	1
5675	13.0	1
5676	15.0	1
5677	24.25	1
5678	17.75	1
5679	21.25	2
5680	17.625	1
5681	18.25	1
5682	30.375	2
5683	19.0	1
5684	16.5	2
5685	15.25	1
5686	22.0	1
5687	15.5	1
5688	24.0	1
5689	14.5	1
5690	13.0	1
5691	16.25	1
5692	41.875	1
5693	15.125	1
5694	20.25	1
5695	29.25	1
5696	42.75	1
5697	14.75	1
5698	25.375	1
5699	24.375	1
5700	14.75	1
5701	15.875	1
5702	21.0	1
5703	15.0	1
5704	29.125	2
5705	23.375	1
5706	17.25	1
5707	14.0	1
5708	15.0	1
5709	29.375	1
5710	19.25	1
5711	18.75	1
5712	26.0	1
5713	22.0	1
5714	20.5	1
5715	27.75	1
5716	14.875	1
5717	25.875	1
5718	81.25	1
5719	15.75	1
5720	15.75	1
5721	16.5	2
5722	19.375	1
5723	18.25	1
5724	14.375	1
5725	20.25	1
5726	19.625	1
5727	14.5	1
5728	22.0	1
5729	23.75	2
5730	15.5	1
5731	24.5	1
5732	18.25	1
5733	18.5	1
5734	17.25	1
5735	18.25	1
5736	14.25	2
5737	20.25	1
5738	21.25	1
5739	17.25	1
5740	17.0	1
5741	30.0	1
5742	15.25	3
5743	25.25	1
5744	15.25	1
5745	20.0	1
5746	19.5	1
5747	17.75	1
5748	17.0	1
5749	12.75	1
5750	19.0	1
5751	15.25	1
5752	22.375	1
5753	17.375	1
5754	13.5	1
5755	22.5	1
5756	14.75	1
5757	16.625	1
5758	20.625	3
5759	13.375	1
5760	16.75	1
5761	19.75	1
5762	15.5	2
5763	23.375	1
5764	19.75	1
5765	26.5	3
5766	19.5	2
5767	15.75	1
5768	17.25	1
5769	15.0	1
5770	16.375	1
5771	40.875	1
5772	21.5	1
5773	14.625	1
5774	16.0	1
5775	13.75	1
5776	21.125	1
5777	21.5	1
5778	45.75	1
5779	21.625	1
5780	21.5	1
5781	28.5	1
5782	12.5	1
5784	15.125	1
5785	25.25	1
5786	14.5	1
5787	14.75	1
5788	16.625	1
5789	28.0	1
5790	15.0	1
5791	21.0	2
5792	19.75	1
5793	22.25	1
5794	18.125	1
5795	20.75	1
5796	17.375	1
5797	13.25	2
5798	18.75	1
5799	14.25	1
5800	24.375	1
5801	25.0	1
5802	15.75	1
5803	25.75	3
5804	22.0	1
5805	22.0	1
5806	16.0	1
5807	25.625	1
5808	14.75	1
5809	15.75	1
5810	13.5	1
5811	15.875	1
5812	16.75	1
5813	15.75	1
5814	16.25	1
5815	13.5	1
5816	20.75	1
5817	22.25	2
5818	21.625	2
5819	15.5	1
5820	14.25	1
5821	25.25	1
5822	12.875	1
5823	16.25	1
5824	14.375	1
5825	16.0	1
5826	18.75	1
5827	15.75	1
5828	17.375	1
5829	22.5	1
5830	16.0	1
5831	19.5	1
5832	16.0	1
5833	16.5	1
5834	14.5	1
5835	27.0	1
5836	24.0	1
5837	21.875	1
5838	17.25	1
5839	13.5	1
5840	23.125	1
5841	23.25	1
5842	16.5	1
5843	26.75	1
5844	15.5	1
5845	15.125	1
5846	26.0	1
5847	15.625	3
5848	21.5	1
5849	18.0	1
5850	14.0	1
5851	26.0	1
5852	15.375	1
5853	20.25	1
5854	18.25	1
5855	26.75	1
5856	16.875	1
5857	17.125	2
5858	13.0	1
5859	18.0	3
5860	25.25	1
5861	16.25	1
5862	13.75	1
5863	21.5	1
5864	29.0	1
5865	32.875	1
5866	24.25	3
5867	20.5	1
5868	16.0	1
5869	17.75	1
5870	18.75	1
5871	28.25	1
5872	14.75	1
5873	27.75	1
5874	12.75	1
5875	16.0	1
5876	22.0	1
5877	24.125	1
5878	23.375	1
5879	19.25	1
5880	33.125	1
5881	19.375	2
5882	25.75	1
5883	18.5	1
5884	16.0	1
5885	13.5	1
5886	12.75	1
5887	28.5	2
5888	31.25	1
5889	14.75	1
5890	19.375	1
5891	17.5	1
5892	18.0	1
5893	21.75	1
5894	21.375	1
5895	16.5	1
5896	13.625	1
5897	22.0	1
5898	24.25	2
5899	18.0	2
5900	16.75	3
5901	24.25	1
5902	28.625	1
5903	18.5	1
5904	19.625	1
5905	14.0	1
5906	28.875	1
5907	16.0	1
5908	23.0	1
5909	15.75	3
5910	18.25	1
5911	24.625	1
5912	26.75	1
5913	24.875	1
5914	24.25	1
5915	20.125	1
5916	13.75	1
5917	20.875	3
5918	97.625	2
5919	14.0	1
5920	17.25	1
5921	28.875	1
5922	15.5	1
5923	24.5	1
5924	21.75	1
5925	25.25	1
5926	14.0	1
5927	17.25	1
5928	13.75	1
5929	18.625	1
5930	24.125	1
5931	15.25	2
5932	16.5	1
5933	22.25	3
5934	24.875	1
5935	23.625	1
5936	13.5	1
5937	17.5	1
5938	15.625	1
5939	15.125	1
5940	25.0	1
5941	62.75	1
5942	17.5	1
5943	20.25	1
5944	15.5	1
5945	16.75	1
5946	14.375	2
5947	24.625	1
5948	14.5	1
5949	19.75	2
5950	16.125	2
5951	18.75	1
5952	29.25	1
5953	15.5	1
5954	20.5	1
5955	31.0	1
5956	19.5	1
5957	24.0	1
5958	23.0	1
5959	42.25	1
5960	13.75	1
5962	23.125	1
5963	17.5	1
5964	15.25	1
5965	16.75	1
5966	16.25	1
5967	23.75	1
5968	16.0	1
5969	13.75	1
5970	22.75	1
5971	13.0	1
5972	86.25	1
5973	15.625	1
5974	13.375	1
5975	12.5	1
5976	30.5	1
5977	17.5	2
5978	15.5	1
5979	15.25	1
5980	17.5	1
5981	15.875	1
5982	17.5	1
5983	20.25	1
5984	16.25	1
5985	16.0	1
5986	13.5	1
5987	21.5	1
5988	15.25	1
5989	20.875	2
5990	14.75	1
5991	25.875	1
5992	19.75	2
5993	24.75	2
5994	17.5	3
5995	23.5	1
5996	16.625	1
5997	18.25	1
5998	22.25	1
5999	24.0	1
6000	16.5	1
6001	17.5	1
6002	21.875	1
6003	14.25	1
6004	15.0	3
6005	21.0	1
6006	18.25	1
6007	20.75	2
6008	26.75	1
6009	19.75	1
6010	20.75	1
6011	25.25	1
6012	28.25	1
6013	23.0	1
6014	17.0	1
6015	25.0	1
6016	14.0	1
6017	14.25	1
6018	17.25	1
6019	14.625	1
6020	24.25	1
6021	15.5	1
6022	17.375	1
6023	16.0	1
6024	19.75	1
6025	16.5	1
6026	25.0	1
6027	24.0	1
6028	21.5	1
6029	18.0	1
6030	13.75	1
6031	33.125	1
6032	16.5	1
6033	15.0	1
6034	24.25	1
6035	16.5	1
6036	24.75	1
6037	16.25	1
6038	20.75	1
6039	14.5	1
6040	23.75	1
6041	19.25	2
6042	25.75	3
6043	17.25	1
6044	15.875	1
6045	17.75	1
6046	18.75	2
6047	15.625	1
6048	15.5	1
6049	20.125	1
6050	16.25	1
6051	42.0	1
6052	17.5	1
6053	19.0	1
6054	23.5	1
6055	19.5	1
6056	18.25	1
6057	21.5	1
6058	15.0	1
6059	15.25	1
6060	16.75	3
6061	24.75	1
6062	18.875	1
6063	15.75	1
6064	27.5	1
6065	15.5	1
6066	13.75	1
6067	24.75	1
6068	15.125	1
6069	21.75	1
6070	16.5	3
6071	24.75	1
6072	15.25	1
6073	12.5	1
6074	16.25	1
6075	19.5	1
6076	22.25	1
6077	15.5	1
6078	18.75	1
6079	17.5	1
6080	15.75	1
6081	14.0	1
6082	21.25	1
6083	21.625	1
6084	25.75	1
6085	16.5	1
6086	14.75	1
6087	16.25	2
6088	25.0	1
6089	17.5	3
6090	19.375	1
6091	25.0	3
6092	30.0	1
6093	18.75	2
6094	21.125	1
6095	20.5	1
6096	22.875	1
6097	20.0	2
6098	26.75	1
6099	16.0	1
6100	25.5	1
6101	13.75	1
6102	21.5	1
6103	16.25	1
6104	25.25	1
6105	13.75	1
6106	23.625	1
6107	20.25	1
6108	14.5	1
6109	15.75	1
6110	12.75	1
6111	15.125	1
6112	14.75	1
6113	22.5	1
6114	19.125	1
6115	20.75	1
6116	15.5	1
6117	13.75	1
6118	24.0	1
6119	21.25	1
6120	21.0	1
6121	13.625	1
6122	14.75	1
6123	16.0	1
6124	28.75	1
6125	24.0	1
6126	30.0	1
6127	19.875	1
6128	31.375	1
6129	13.75	1
6130	12.75	1
6131	17.5	1
6132	15.5	1
6133	20.25	2
6134	17.25	1
6135	17.5	1
6136	18.0	1
6137	14.75	3
6138	14.75	1
6139	13.625	1
6140	25.0	1
6141	26.75	1
6142	18.375	2
6143	22.5	1
6144	16.5	1
6145	19.625	1
6146	15.5	1
6147	14.0	1
6148	13.5	1
6149	20.5	1
6150	26.375	1
6151	21.875	1
6152	20.375	1
6153	25.0	1
6154	27.5	1
6155	19.75	1
6156	51.25	1
6157	18.75	1
6158	27.5	3
6159	15.5	1
6160	19.75	1
6161	25.375	1
6162	20.0	1
6163	23.375	1
6164	21.75	2
6165	16.625	3
6166	22.75	1
6167	18.5	1
6168	27.75	1
6169	16.875	1
6170	22.0	1
6171	24.75	1
6172	28.375	1
6173	18.0	1
6174	25.25	1
6175	15.25	2
6176	16.5	1
6177	26.5	1
6178	14.0	1
6179	24.25	1
6180	21.625	1
6181	21.25	1
6182	13.5	1
6183	23.0	1
6184	26.875	1
6185	29.0	1
6186	19.0	2
6187	20.125	1
6188	13.5	1
6189	26.75	1
6190	16.75	1
6191	22.25	1
6192	27.25	1
6193	25.375	1
6194	22.25	1
6195	16.75	2
6196	15.5	1
6197	21.25	1
6198	53.75	1
6199	21.5	1
6200	14.75	1
6201	19.875	1
6202	16.0	1
6203	11.75	1
6204	23.25	1
6205	16.5	1
6206	40.0	1
6207	19.5	1
6208	14.25	3
6209	22.5	2
6210	14.75	1
6211	26.25	1
6212	16.5	1
6213	22.25	1
6214	15.625	1
6215	12.5	1
6216	14.5	1
6217	26.75	1
6218	20.75	1
6219	20.25	1
6220	14.625	1
6221	24.0	1
6222	17.5	2
6223	13.0	1
6224	17.5	2
6225	15.75	1
6226	24.25	1
6227	17.75	1
6228	15.5	1
6229	40.125	1
6230	18.75	1
6231	16.0	1
6232	12.75	1
6233	18.5	1
6234	23.75	1
6235	25.25	1
6236	13.875	3
6237	33.75	1
6238	22.875	1
6239	24.125	2
6240	12.625	1
6241	23.5	1
6242	17.25	1
6243	17.0	1
6244	20.75	1
6245	16.5	1
6246	21.5	1
6247	22.5	1
6248	21.25	3
6249	21.0	1
6250	21.25	1
6251	15.75	1
6252	31.25	1
6253	76.375	1
6254	19.25	1
6255	27.125	1
6256	14.5	1
6257	24.5	3
6258	22.0	2
6259	15.25	1
6260	15.5	1
6261	14.25	1
6262	13.75	1
6263	24.25	1
6264	13.75	1
6265	18.25	3
6266	16.25	1
6267	15.5	1
6268	14.875	1
6269	17.75	1
6270	17.25	1
6271	21.25	1
6272	16.5	3
6273	18.0	2
6274	26.75	1
6275	24.25	1
6276	15.25	1
6277	15.5	2
6278	22.5	1
6279	16.75	1
6280	16.0	1
6281	36.0	1
6282	24.125	1
6283	13.5	1
6284	18.5	1
6285	16.75	3
6286	16.25	1
6287	21.25	1
6288	13.75	1
6289	20.25	1
6290	20.0	1
6291	17.75	1
6292	30.75	1
6293	23.375	1
6294	21.75	1
6295	17.625	1
6296	15.25	1
6297	16.5	1
6298	18.25	1
6299	16.375	1
6300	20.25	1
6301	15.25	1
6302	45.5	1
6303	15.5	1
6304	14.75	1
6305	17.0	1
6306	19.25	1
6307	17.125	1
6308	17.75	1
6309	73.75	1
6310	20.125	1
6311	15.5	1
6312	15.25	1
6313	25.125	1
6314	15.375	1
6315	16.0	1
6316	15.5	1
6317	13.75	1
6318	16.25	1
6319	20.5	1
6320	19.75	2
6321	29.375	1
6322	16.375	1
6323	27.625	1
6324	13.5	1
6325	21.75	1
6326	22.75	1
6327	16.75	1
6328	19.75	2
6329	26.0	1
6330	15.0	3
6331	18.125	1
6332	18.75	1
6333	29.75	1
6334	21.25	1
6335	20.5	1
6336	17.875	1
6337	14.125	1
6338	13.25	1
6339	16.75	1
6340	21.0	1
6341	18.75	1
6342	18.25	1
6343	17.0	1
6344	27.0	1
6345	18.25	3
6346	21.75	3
6347	15.0	1
6348	16.0	1
6349	13.5	1
6350	17.5	1
6351	23.625	1
6352	16.5	1
6353	15.625	1
6354	15.0	1
6355	26.25	1
6356	27.25	1
6357	12.875	1
6358	19.0	1
6359	20.875	1
6361	28.375	1
6362	36.5	1
6363	16.0	2
6364	30.25	1
6365	15.75	1
6366	13.5	1
6367	19.0	1
6368	16.5	1
6369	17.625	1
6370	14.0	1
6371	73.25	1
6372	14.75	1
6373	15.75	1
6374	19.25	1
6375	15.625	1
6376	25.0	1
6377	17.25	2
6378	15.25	1
6379	21.0	1
6380	24.5	2
6381	14.0	1
6382	26.375	1
6383	40.0	1
6384	19.625	1
6385	16.25	1
6386	16.0	1
6387	15.25	1
6388	20.25	1
6389	34.75	1
6390	18.0	3
6391	16.75	1
6392	26.125	1
6393	23.5	1
6394	17.25	1
6395	24.25	1
6396	21.625	2
6397	23.625	1
6398	26.75	1
6399	17.25	1
6400	21.75	1
6401	16.5	2
6402	16.25	1
6403	22.0	2
6404	28.375	1
6405	12.5	1
6406	16.25	1
6407	25.0	3
6408	15.75	1
6409	24.625	1
6410	18.25	1
6411	24.875	1
6412	15.5	1
6413	16.375	1
6414	15.5	1
6415	99.75	1
6416	14.75	3
6417	21.0	1
6418	14.125	1
6419	17.5	1
6420	20.0	1
6421	14.75	1
6422	15.25	1
6423	22.5	1
6424	24.25	2
6425	17.75	1
6426	19.0	1
6427	15.75	2
6428	29.25	1
6429	14.25	1
6430	14.5	1
6431	20.0	2
6432	17.5	1
6433	17.5	1
6434	14.75	1
6435	14.75	1
6436	14.75	1
6437	16.5	1
6438	23.25	1
6439	23.375	1
6440	16.25	1
6441	24.75	1
6442	23.25	1
6443	17.0	1
6444	17.5	3
6445	21.25	1
6446	19.75	1
6447	15.25	1
6448	28.75	1
6449	16.5	1
6450	20.75	1
6451	26.5	2
6452	22.5	1
6453	33.625	1
6454	21.0	1
6455	23.5	1
6456	15.0	1
6457	46.875	1
6458	12.75	1
6459	15.0	1
6460	20.25	1
6461	18.5	1
6462	15.0	1
6463	15.25	1
6464	17.25	1
6465	17.875	1
6466	21.5	1
6467	18.25	2
6468	33.5	1
6469	14.5	2
6470	16.5	1
6471	32.75	1
6472	24.625	2
6473	30.0	1
6474	18.0	1
6475	15.5	1
6476	16.0	1
6477	21.25	1
6478	26.625	1
6479	24.5	1
6480	14.0	1
6481	16.25	1
6482	18.0	1
6483	15.0	2
6484	18.25	3
6485	16.375	3
6486	14.75	1
6487	14.25	1
6488	18.75	2
6489	17.625	1
6490	21.75	1
6491	16.625	1
6492	24.25	1
6493	16.0	1
6494	38.75	1
6495	20.75	1
6496	16.0	1
6497	20.0	1
6498	18.0	2
6499	20.375	1
6500	23.75	1
6501	19.875	1
6502	17.5	1
6503	15.5	1
6504	15.0	1
6505	20.75	1
6506	14.0	1
6507	30.0	1
6508	21.0	3
6509	24.375	1
6510	21.125	1
6511	12.75	1
6512	55.25	1
6513	16.0	1
6514	20.75	1
6515	15.25	1
6516	15.75	1
6517	46.25	2
6518	21.5	1
6519	29.75	1
6520	17.0	1
6521	16.25	1
6522	13.5	1
6523	21.25	3
6524	31.75	1
6525	15.875	1
6526	15.5	1
6527	15.75	1
6528	22.125	1
6529	16.0	1
6530	20.0	1
6531	14.5	1
6532	15.5	1
6533	19.25	2
6534	14.25	1
6535	25.0	2
6536	15.0	1
6537	16.75	1
6538	20.0	1
6539	15.5	1
6540	18.0	1
6541	16.5	1
6542	15.75	1
6543	18.875	2
6544	24.25	1
6545	16.125	1
6546	22.0	1
6547	19.25	1
6548	20.75	2
6549	21.25	1
6550	22.125	1
6551	15.0	1
6552	15.25	1
6553	18.75	2
6554	14.0	1
6555	51.75	1
6556	14.0	1
6557	20.25	1
6558	23.0	1
6559	22.125	1
6560	17.25	3
6561	15.5	1
6562	17.375	1
6563	15.125	1
6564	44.875	1
6565	45.25	1
6566	26.25	1
6567	21.625	1
6568	25.5	1
6569	15.0	1
6570	16.875	1
6571	35.875	1
6572	18.625	1
6573	23.625	1
6574	37.375	1
6575	16.5	1
6576	15.5	1
6577	16.0	2
6578	20.75	1
6579	20.5	1
6580	18.5	2
6581	22.0	1
6582	17.0	1
6583	22.75	1
6584	32.75	1
6585	14.125	1
6586	15.5	1
6587	17.5	1
6588	88.25	1
6589	16.5	1
6590	15.75	1
6591	31.75	1
6592	12.625	1
6593	24.125	1
6594	14.75	1
6595	25.75	2
6596	16.75	1
6597	16.25	1
6598	21.75	1
6599	14.0	1
6600	15.75	2
6601	27.875	1
6602	20.75	3
6603	21.5	1
6604	13.25	1
6605	15.75	1
6606	22.5	1
6607	17.0	2
6608	13.625	1
6609	26.375	1
6610	14.5	1
6611	36.25	1
6612	19.5	1
6613	25.625	1
6614	17.375	1
6615	19.875	1
6616	25.0	1
6617	27.25	1
6618	14.5	1
6619	14.125	1
6620	24.75	1
6621	25.0	1
6622	25.5	1
6623	16.5	1
6624	16.25	1
6625	27.25	1
6626	16.5	1
6627	18.25	2
6628	22.75	1
6629	15.0	3
6630	13.75	1
6631	19.5	1
6632	21.75	1
6633	19.0	1
6634	14.125	1
6635	15.5	1
6636	15.375	1
6637	16.25	1
6638	16.0	1
6639	18.875	1
6640	21.25	1
6641	13.625	1
6642	21.25	1
6643	19.5	1
6644	25.0	1
6645	21.125	1
6646	17.0	1
6647	22.0	1
6648	19.25	2
6649	34.5	1
6650	30.375	1
6651	16.0	1
6652	23.5	1
6653	15.25	1
6654	14.25	1
6655	14.75	1
6656	28.375	1
6657	18.0	1
6658	16.125	1
6659	14.25	1
6660	16.25	1
6661	39.5	1
6662	16.5	1
6663	14.875	1
6664	15.5	1
6665	15.125	1
6666	24.0	1
6667	14.875	1
6668	20.75	2
6669	16.5	1
6670	15.375	1
6671	21.0	1
6672	20.75	1
6673	26.5	1
6674	26.375	1
6675	17.0	1
6677	17.5	2
6678	18.5	1
6679	19.25	2
6680	16.0	1
6681	25.25	1
6682	24.25	1
6683	20.25	1
6684	27.0	1
6685	23.25	1
6686	15.75	1
6687	14.75	2
6688	18.5	1
6689	13.5	1
6690	18.25	1
6691	16.5	1
6692	54.625	1
6693	16.5	1
6694	22.0	1
6695	17.75	1
6696	22.0	1
6697	22.25	1
6698	15.0	1
6699	25.25	1
6700	17.5	2
6701	15.625	1
6702	18.75	1
6703	13.0	1
6704	26.75	3
6705	17.375	2
6706	12.75	1
6707	13.5	1
6708	23.5	1
6709	16.0	1
6710	18.0	1
6711	20.875	1
6712	14.5	1
6713	17.25	1
6714	16.5	1
6715	14.5	1
6716	18.5	2
6717	15.0	1
6718	16.0	1
6719	28.5	2
6720	19.25	1
6721	18.125	2
6722	22.0	1
6723	24.5	1
6724	18.0	1
6725	19.75	1
6726	18.0	3
6727	15.5	1
6728	14.875	1
6729	22.25	1
6730	36.375	1
6731	20.75	1
6732	24.375	1
6733	19.5	3
6734	16.0	1
6735	21.25	1
6736	15.25	1
6737	16.0	1
6738	12.75	1
6739	14.75	1
6740	22.5	1
6741	23.125	1
6742	14.375	1
6743	18.0	2
6744	17.5	1
6745	20.375	1
6746	22.0	2
6747	15.0	1
6748	16.0	1
6749	16.5	1
6750	23.25	1
6751	33.75	1
6752	18.0	3
6753	16.25	1
6754	22.75	1
6755	15.75	1
6756	18.25	1
6757	20.0	2
6758	14.0	1
6759	32.25	1
6760	16.0	2
6761	17.0	1
6762	15.5	3
6763	24.625	3
6764	30.75	1
6765	31.125	1
6766	16.75	1
6767	22.25	1
6768	85.75	1
6769	22.5	1
6770	26.5	1
6771	19.75	1
6772	20.0	1
6773	16.75	1
6774	16.75	2
6775	14.0	1
6776	19.25	2
6777	15.5	1
6778	23.75	1
6779	95.0	1
6780	31.875	1
6781	32.25	1
6782	15.5	1
6783	24.5	1
6784	13.75	1
6785	13.5	1
6786	17.75	1
6787	23.75	1
6788	20.0	1
6789	14.25	1
6790	14.5	1
6791	14.625	1
6792	22.0	1
6793	14.0	1
6794	23.375	1
6795	14.5	1
6796	22.125	2
6797	17.25	1
6798	14.0	1
6799	15.0	1
6800	27.25	1
6801	14.75	1
6802	17.75	1
6803	17.75	1
6804	18.0	1
6805	14.75	1
6806	39.75	1
6807	20.25	1
6808	21.0	2
6809	14.5	1
6810	18.0	1
6811	19.625	3
6812	16.25	1
6813	15.75	1
6814	15.0	1
6815	16.25	1
6816	22.0	1
6817	14.25	1
6818	14.5	1
6819	12.5	1
6820	20.75	1
6821	18.25	1
6822	14.0	1
6823	13.75	1
6824	14.75	1
6825	13.0	1
6826	24.25	1
6827	30.75	1
6828	20.0	1
6829	19.25	1
6830	19.625	1
6831	17.25	1
6832	24.5	1
6833	23.125	2
6834	27.5	1
6835	20.0	1
6836	16.75	2
6837	31.625	1
6838	15.75	1
6839	23.5	1
6840	15.75	1
6841	24.375	1
6842	21.5	1
6843	16.25	1
6844	19.75	1
6845	15.25	1
6846	15.0	1
6847	22.0	2
6848	23.0	1
6849	15.5	1
6850	15.25	1
6851	19.5	1
6852	19.375	1
6853	20.75	1
6854	14.75	1
6855	16.5	1
6856	26.0	3
6857	19.75	1
6858	15.75	1
6859	22.5	1
6860	18.5	1
6861	20.375	1
6862	17.5	1
6863	15.5	1
6864	15.5	1
6865	14.25	1
6866	29.75	1
6867	24.25	1
6868	22.25	1
6869	15.5	1
6870	24.5	1
6871	21.625	1
6872	15.25	1
6873	15.5	1
6874	16.0	1
6875	15.75	1
6876	14.5	1
6877	15.875	3
6878	14.125	1
6879	14.75	2
6880	16.0	1
6881	27.5	1
6882	18.125	1
6883	24.5	1
6884	21.25	1
6885	29.875	1
6886	26.125	1
6887	24.875	2
6888	24.75	1
6889	19.0	2
6890	20.5	1
6891	27.625	1
6892	16.75	1
6893	23.5	1
6894	15.5	1
6895	13.25	1
6896	17.0	1
6897	17.5	1
6898	16.5	1
6899	14.75	1
6900	20.25	1
6901	21.0	2
6902	16.0	1
6903	20.5	1
6904	15.25	1
6905	16.25	1
6906	31.5	2
6907	14.75	1
6908	17.0	3
6909	19.5	1
6910	15.625	1
6911	14.875	1
6912	26.25	1
6913	15.5	1
6914	13.5	1
6915	19.0	1
6916	25.0	1
6917	18.5	1
6918	21.75	1
6919	16.5	3
6920	16.25	1
6921	14.5	1
6922	25.0	1
6923	15.125	1
6924	26.5	1
6925	14.75	1
6926	17.0	1
6927	21.375	2
6928	13.75	1
6929	16.25	1
6930	30.75	1
6931	24.25	1
6932	20.25	1
6933	27.0	1
6934	16.875	1
6935	18.0	2
6936	16.75	1
6937	35.125	1
6938	14.75	1
6939	21.25	1
6940	13.875	1
6941	17.0	1
6942	14.25	1
6943	17.125	1
6944	16.5	1
6945	32.0	1
6946	31.25	1
6947	18.5	3
6948	14.5	1
6949	34.0	1
6950	24.75	1
6951	16.75	1
6952	23.875	1
6953	20.125	2
6954	19.125	1
6955	17.0	1
6956	19.25	2
6957	26.875	1
6958	34.0	1
6959	18.5	1
6960	23.625	1
6961	29.0	1
6962	22.25	1
6963	14.75	1
6964	16.75	1
6965	19.75	1
6966	21.5	1
6967	18.25	3
6968	13.75	1
6969	26.75	1
6970	12.75	1
6971	14.75	1
6972	24.75	1
6973	17.0	1
6974	16.25	1
6975	23.25	1
6976	20.375	1
6977	25.0	1
6978	19.25	1
6979	17.125	2
6980	18.0	1
6981	24.5	2
6982	21.375	1
6983	17.875	1
6984	18.25	1
6985	20.25	2
6986	15.0	1
6987	24.0	1
6988	27.0	1
6989	24.0	1
6990	19.0	2
6991	25.75	1
6992	15.625	3
6993	17.125	1
6994	14.875	1
6995	19.5	1
6996	18.0	1
6997	21.0	1
6998	25.625	1
6999	25.625	1
7000	17.0	1
7001	15.5	1
7002	20.75	1
7003	19.0	1
7004	24.375	1
7005	13.75	1
7006	13.0	1
7007	23.0	1
7008	20.0	1
7009	17.5	1
7010	37.0	2
7011	16.25	1
7012	33.875	1
7013	12.75	1
7014	16.0	1
7015	24.25	2
7016	29.0	1
7017	24.5	2
7018	23.25	1
7019	16.25	1
7020	16.125	1
7021	21.0	1
7022	15.75	1
7023	31.25	1
7024	17.0	1
7025	27.0	1
7026	15.0	1
7027	15.0	1
7028	23.5	1
7029	31.25	1
7030	22.25	1
7031	25.25	1
7032	18.25	1
7033	13.875	1
7034	25.625	2
7035	22.25	1
7036	17.25	1
7037	18.75	2
7038	15.5	1
7039	22.25	2
7040	20.5	1
7041	17.0	3
7042	27.0	1
7043	21.0	1
7044	28.25	1
7045	14.5	1
7046	20.125	1
7047	17.625	1
7048	16.75	1
7049	21.25	2
7050	23.0	1
7051	15.0	1
7052	22.5	1
7053	14.5	1
7054	17.75	1
7055	15.75	1
7056	16.5	1
7057	13.75	1
7058	14.5	1
7059	26.0	1
7060	34.25	1
7061	13.25	1
7062	18.75	1
7063	14.625	1
7064	14.375	1
7065	18.25	2
7066	15.0	1
7067	21.75	1
7068	13.5	1
7069	20.375	2
7070	15.75	1
7071	18.5	1
7072	14.0	1
7073	15.5	1
7074	13.375	1
7075	17.25	1
7076	14.75	1
7077	13.75	1
7078	15.625	1
7079	25.25	1
7080	15.0	1
7081	18.25	3
7082	14.5	1
7083	17.25	3
7084	14.75	1
7085	16.75	1
7086	26.0	1
7087	19.125	1
7088	13.25	1
7089	15.5	1
7090	21.5	1
7091	16.25	1
7092	23.5	1
7093	15.0	1
7094	16.125	2
7095	19.25	1
7096	13.75	1
7097	15.75	1
7098	23.75	1
7099	28.75	1
7100	18.125	1
7101	15.25	1
7102	14.5	1
7103	19.5	1
7104	17.5	1
7105	17.125	2
7106	22.625	1
7107	15.25	1
7108	23.0	3
7109	29.375	1
7110	16.0	1
7111	17.5	1
7112	18.75	1
7113	22.0	1
7114	27.75	1
7115	17.5	1
7116	15.25	1
7117	14.875	1
7118	16.0	1
7119	16.0	1
7120	21.25	1
7121	15.875	1
7122	17.0	1
7123	13.375	1
7124	22.625	1
7125	15.625	1
7126	24.25	1
7127	20.75	2
7128	34.5	1
7129	14.625	1
7130	15.25	1
7131	21.0	1
7132	26.5	1
7133	17.5	1
7134	14.75	1
7135	31.0	1
7136	17.5	2
7137	14.25	1
7138	15.25	1
7139	25.5	1
7140	14.75	1
7141	21.25	1
7142	22.75	1
7143	21.5	1
7144	13.5	1
7145	18.5	1
7146	33.0	2
7147	21.75	1
7148	16.25	1
7149	14.25	1
7150	14.0	1
7151	16.25	1
7152	14.625	1
7153	20.0	1
7154	31.5	1
7155	14.75	1
7156	22.5	1
7157	47.75	1
7158	16.5	1
7159	19.625	1
7160	33.375	1
7161	21.5	1
7162	22.75	2
7163	19.25	1
7164	14.25	1
7165	16.25	1
7166	23.0	1
7167	14.0	1
7168	15.25	1
7169	14.0	1
7170	36.5	1
7171	14.25	1
7172	20.75	1
7173	16.25	1
7174	18.5	2
7175	15.5	1
7176	13.0	1
7177	14.0	1
7178	15.375	1
7179	22.75	1
7180	23.375	1
7181	19.75	1
7182	14.0	1
7183	20.875	2
7184	15.375	1
7185	13.0	1
7186	29.0	1
7187	16.75	1
7188	17.75	3
7189	16.0	1
7190	24.75	2
7191	15.125	1
7192	17.75	1
7193	27.75	1
7194	13.25	1
7195	20.0	1
7196	18.25	3
7197	23.75	1
7198	15.75	1
7199	33.75	1
7200	17.0	1
7201	15.75	3
7202	20.5	2
7203	15.125	1
7204	13.5	1
7205	16.5	1
7206	14.25	1
7207	12.75	1
7208	18.0	1
7209	14.5	1
7210	16.25	1
7211	17.75	2
7212	24.0	1
7213	26.0	3
7214	14.5	1
7215	15.0	1
7216	31.0	1
7217	17.5	3
7218	21.5	1
7219	12.875	1
7220	24.25	1
7221	15.75	1
7222	20.0	1
7223	22.75	1
7224	19.5	2
7225	15.375	1
7226	23.125	1
7227	16.0	1
7228	14.5	1
7229	15.5	1
7230	22.75	1
7231	23.875	1
7232	22.25	3
7233	20.75	2
7234	20.0	1
7235	26.0	2
7236	21.25	1
7237	14.75	1
7238	14.75	1
7239	22.25	1
7240	21.5	1
7241	16.0	3
7242	20.5	1
7243	13.75	1
7244	15.875	1
7245	23.125	1
7246	15.5	1
7247	16.5	1
7248	14.0	1
7249	15.75	1
7250	20.25	1
7251	16.75	1
7252	19.0	1
7253	13.25	1
7254	14.875	1
7255	18.25	3
7256	21.5	1
7257	15.75	1
7258	18.75	1
7259	16.0	1
7260	17.0	1
7261	18.125	1
7262	16.0	1
7263	16.375	1
7264	19.25	2
7265	18.0	1
7266	14.25	1
7267	25.25	2
7268	24.75	2
7269	21.75	1
7270	13.75	1
7271	44.5	1
7272	28.375	1
7273	23.0	1
7274	16.0	1
7275	31.0	1
7276	14.0	1
7277	15.75	1
7278	15.5	1
7279	14.5	1
7280	12.75	1
7281	16.75	2
7282	14.5	1
7283	14.125	1
7284	24.875	1
7285	13.875	1
7286	15.75	1
7287	17.25	1
7288	14.5	1
7289	15.75	1
7290	16.25	3
7291	32.875	1
7292	20.0	1
7293	21.75	1
7294	14.75	1
7295	15.875	1
7296	13.75	1
7297	19.75	1
7298	14.75	1
7299	14.0	1
7300	19.375	3
7301	21.75	1
7302	15.5	1
7303	13.5	1
7304	14.0	1
7305	15.625	1
7306	17.75	1
7307	18.75	1
7308	18.75	2
7309	17.625	1
7310	14.625	2
7311	22.75	1
7312	15.0	2
7313	16.625	1
7314	23.5	1
7315	18.5	3
7316	19.25	1
7317	16.5	3
7318	18.0	1
7319	22.125	1
7320	25.25	1
7321	15.5	1
7322	65.0	1
7323	23.375	1
7324	15.5	1
7325	16.0	3
7326	13.875	1
7327	15.75	1
7328	16.25	1
7329	13.875	1
7330	19.75	1
7331	15.375	1
7332	16.75	1
7333	17.5	3
7334	18.0	1
7335	14.5	1
7336	17.5	2
7337	15.75	1
7338	15.25	3
7339	19.75	1
7340	14.5	1
7341	14.25	1
7342	17.5	1
7343	28.875	1
7344	18.25	1
7345	21.0	1
7346	14.25	1
7347	20.25	1
7348	16.0	1
7349	15.75	1
7350	15.25	1
7351	18.125	2
7352	14.25	1
7353	24.125	1
7354	19.0	1
7355	22.75	1
7356	14.25	1
7357	16.625	1
7358	28.0	1
7359	16.5	2
7360	21.125	1
7361	13.75	1
7362	15.25	1
7363	13.125	1
7364	24.625	1
7365	15.75	1
7366	18.75	3
7367	24.0	2
7368	31.5	1
7369	27.25	1
7370	14.75	1
7371	21.5	1
7372	20.875	1
7373	23.625	1
7374	12.625	1
7375	27.75	1
7376	25.0	1
7377	17.5	2
7378	13.5	1
7379	24.75	1
7380	13.75	1
7381	12.25	1
7382	20.625	1
7383	15.5	1
7384	16.75	1
7385	20.5	1
7386	21.0	1
7387	27.5	1
7388	17.75	2
7389	29.5	1
7390	19.5	1
7391	18.5	1
7392	16.5	1
7393	15.5	1
7394	21.75	1
7395	22.75	1
7396	22.75	2
7397	32.75	1
7398	19.0	2
7399	15.625	1
7400	17.25	1
7401	14.375	1
7402	18.25	1
7403	15.5	1
7404	24.375	1
7405	30.75	2
7406	17.5	2
7407	21.875	1
7408	16.0	1
7409	21.75	2
7410	17.0	2
7411	18.875	1
7412	21.75	1
7413	22.25	2
7414	15.0	1
7415	13.25	1
7416	14.0	1
7417	14.0	1
7418	15.25	1
7419	15.0	1
7420	15.0	3
7421	14.75	1
7422	16.125	1
7423	26.25	2
7424	14.25	1
7425	19.5	1
7426	23.5	1
7427	23.0	1
7428	22.25	1
7429	20.0	1
7430	36.0	1
7431	54.75	1
7432	26.5	1
7433	14.125	1
7434	15.75	1
7435	16.25	1
7436	13.5	1
7437	16.625	1
7438	17.5	1
7439	22.5	1
7440	17.75	1
7441	18.25	1
7442	18.75	1
7443	42.0	1
7444	15.25	1
7445	23.5	1
7446	26.0	1
7447	15.25	3
7448	21.25	1
7449	26.75	1
7450	21.5	1
7451	20.5	1
7452	19.625	2
7453	16.0	1
7454	15.0	1
7455	17.75	1
7456	37.5	1
7457	14.75	1
7458	63.375	1
7459	16.75	1
7460	15.25	2
7461	16.625	1
7462	21.0	1
7463	13.5	1
7464	14.25	1
7465	19.25	1
7466	26.75	1
7467	21.75	1
7468	17.25	2
7469	14.75	1
7470	19.25	1
7471	21.125	1
7472	23.0	1
7473	52.25	1
7474	16.75	1
7475	17.0	1
7476	16.0	1
7477	12.0	1
7478	13.75	1
7479	14.5	1
7480	15.75	1
7481	20.25	1
7482	29.75	1
7483	14.125	1
7484	13.625	1
7485	22.5	1
7486	16.875	1
7487	13.75	1
7488	19.0	1
7489	17.25	1
7490	20.75	1
7491	20.75	2
7492	22.5	1
7493	14.75	3
7494	15.75	2
7495	22.0	1
7496	29.75	1
7497	15.5	1
7498	15.0	1
7499	23.75	1
7500	20.25	1
7501	16.25	1
7502	20.75	1
7503	15.75	1
7504	19.0	3
7505	15.75	1
7506	21.25	2
7507	21.25	1
7508	28.5	1
7509	16.5	1
7510	20.0	1
7511	16.5	1
7512	20.875	1
7513	15.0	1
7514	19.75	2
7515	13.25	1
7516	17.25	2
7517	14.75	1
7518	16.25	1
7519	24.25	1
7520	16.0	1
7521	15.5	1
7522	16.25	1
7523	15.75	1
7524	18.25	1
7525	14.875	1
7526	16.75	1
7527	22.125	1
7528	24.875	1
7529	22.375	1
7530	19.75	1
7531	36.75	1
7532	14.875	1
7533	12.75	1
7534	13.5	1
7535	17.625	1
7536	15.375	1
7537	26.125	1
7538	18.75	1
7539	15.5	1
7540	53.75	1
7541	16.75	1
7542	18.75	1
7543	18.5	1
7544	19.5	1
7545	18.25	2
7546	17.5	1
7547	15.875	1
7548	22.5	1
7549	17.375	1
7550	25.5	1
7551	16.75	2
7552	13.5	1
7553	24.75	1
7554	13.75	1
7555	12.75	1
7556	17.0	1
7557	22.75	1
7558	14.25	1
7559	21.0	1
7560	19.0	1
7561	14.0	1
7562	18.0	1
7563	14.25	1
7564	16.0	2
7565	26.5	1
7566	16.125	1
7567	15.75	1
7568	23.875	1
7569	22.25	1
7570	32.0	1
7571	14.5	1
7572	15.0	2
7573	14.75	1
7574	14.75	1
7575	23.5	1
7576	15.375	1
7577	24.875	1
7578	25.75	1
7579	17.0	1
7580	21.75	1
7581	25.5	1
7582	18.5	3
7583	24.25	1
7584	13.75	1
7585	16.0	1
7586	21.0	1
7587	19.25	1
7588	22.375	1
7589	13.875	1
7590	15.25	1
7591	16.5	1
7592	24.125	1
7593	17.0	1
7594	22.0	3
7595	16.75	3
7596	16.75	2
7597	16.25	1
7598	21.375	1
7599	18.75	1
7600	13.625	1
7601	14.5	1
7602	18.5	1
7603	17.75	1
7604	16.25	1
7605	15.0	1
7606	22.625	2
7607	23.5	1
7608	16.75	1
7609	24.125	1
7610	16.625	1
7611	17.25	1
7612	22.75	1
7613	14.5	1
7614	15.5	1
7615	13.75	1
7616	18.25	1
7617	19.0	1
7618	20.0	1
7619	28.125	1
7620	15.125	1
7621	18.375	2
7622	17.25	1
7623	20.5	1
7624	18.0	1
7625	22.75	3
7626	18.0	1
7627	21.0	1
7628	19.5	1
7629	17.0	1
7630	20.75	1
7631	17.75	1
7632	15.75	1
7633	19.0	1
7634	17.5	1
7635	15.5	1
7636	12.625	1
7637	15.25	1
7638	15.75	1
7639	15.25	1
7640	34.75	1
7641	16.25	1
7642	23.0	1
7643	22.25	1
7644	15.75	1
7645	16.5	1
7646	18.0	2
7647	28.0	1
7648	22.75	1
7649	19.5	3
7650	19.0	3
7651	19.25	1
7652	16.625	1
7653	14.25	1
7654	17.75	1
7655	22.75	1
7656	15.375	1
7657	14.5	1
7658	29.0	3
7659	19.25	1
7660	14.875	1
7661	13.75	1
7662	24.5	1
7663	56.25	1
7664	17.75	1
7665	16.25	1
7666	15.625	1
7667	15.0	1
7668	21.5	1
7669	23.0	1
7670	20.25	1
7671	17.75	1
7672	18.0	1
7673	15.0	1
7674	23.5	1
7675	18.25	1
7676	25.25	1
7677	14.625	1
7678	19.75	1
7679	20.25	1
7680	19.625	1
7681	24.25	1
7682	16.5	2
7683	24.75	3
7684	21.0	1
7685	20.75	1
7686	14.25	1
7687	16.5	2
7688	24.375	1
7689	17.0	1
7690	15.75	1
7691	21.25	1
7692	22.75	1
7693	16.75	1
7694	18.25	2
7695	14.5	1
7696	20.0	1
7697	15.0	1
7698	26.25	1
7699	15.75	1
7700	18.125	1
7701	15.0	1
7702	28.5	1
7703	21.125	1
7704	17.0	1
7705	19.75	1
7706	21.0	1
7707	22.0	2
7708	15.0	1
7709	20.625	1
7710	19.5	1
7711	26.625	1
7712	20.25	1
7713	36.125	3
7714	27.0	1
7715	22.625	3
7716	24.75	1
7717	19.875	1
7718	17.0	1
7719	23.0	1
7720	18.75	1
7721	28.0	1
7722	15.0	1
7723	14.375	1
7724	13.75	1
7725	14.0	1
7726	14.0	1
7727	13.0	1
7728	17.0	1
7729	21.25	2
7730	28.5	1
7731	25.75	1
7732	18.5	1
7733	27.75	1
7734	15.75	1
7735	21.125	1
7736	17.0	1
7737	33.0	3
7738	21.0	1
7739	15.75	1
7740	20.75	1
7741	21.5	1
7742	15.5	1
7743	15.375	1
7744	12.75	1
7745	21.0	1
7746	14.0	1
7747	65.5	1
7748	15.25	1
7749	15.625	1
7750	15.5	1
7751	17.5	1
7752	15.25	3
7753	22.375	1
7754	15.5	1
7755	20.75	1
7756	28.0	1
7757	26.375	1
7758	23.25	1
7759	21.625	1
7760	25.125	1
7761	18.0	1
7762	27.25	1
7763	17.75	2
7764	17.5	1
7765	18.5	1
7766	16.75	1
7767	30.75	1
7768	16.75	1
7769	15.5	1
7770	13.75	1
7771	23.75	1
7772	18.375	1
7774	20.5	1
7775	36.375	1
7776	14.5	1
7777	18.5	1
7778	15.25	1
7779	14.5	1
7780	13.875	1
7781	23.375	1
7782	19.25	1
7783	19.0	1
7784	23.75	1
7785	15.75	1
7786	28.0	1
7787	19.875	1
7788	16.5	1
7789	28.25	1
7790	18.25	2
7791	48.75	1
7792	21.0	1
7793	22.0	1
7794	17.25	1
7795	21.75	1
7796	25.125	1
7797	20.0	1
7798	15.0	2
7799	14.125	1
7800	14.5	1
7801	13.25	1
7802	14.25	1
7803	21.125	2
7804	17.0	1
7805	20.5	1
7806	16.5	1
7807	24.0	1
7808	16.625	1
7809	22.875	1
7810	15.25	2
7811	17.25	2
7812	17.75	1
7813	101.75	1
7814	16.5	1
7815	30.0	1
7816	14.25	1
7817	22.75	1
7818	19.0	1
7819	23.125	1
7820	24.75	2
7821	24.0	1
7822	26.5	1
7823	19.0	3
7824	22.625	1
7825	14.5	1
7826	22.25	1
7827	14.5	1
7828	19.5	1
7829	16.625	1
7830	17.5	1
7831	17.75	1
7832	27.625	2
7833	17.25	1
7834	23.75	1
7835	15.625	1
7836	24.625	2
7837	13.0	1
7838	14.75	1
7839	19.5	2
7840	14.875	1
7841	19.0	1
7842	79.25	1
7843	29.25	1
7844	16.875	1
7845	17.5	1
7846	14.25	1
7847	16.0	1
7848	16.25	3
7849	18.75	1
7850	14.5	1
7851	18.75	1
7852	21.25	1
7853	19.25	1
7854	15.0	1
7855	25.75	2
7856	18.375	1
7857	22.5	1
7858	13.25	1
7859	22.75	1
7860	15.75	1
7861	18.25	1
7862	26.5	1
7863	21.5	1
7864	13.75	1
7865	17.0	2
7866	28.0	1
7867	85.125	1
7868	31.625	1
7869	18.75	1
7870	19.5	1
7871	23.75	1
7872	25.75	1
7873	13.25	1
7874	17.0	1
7875	16.5	1
7876	31.0	1
7877	14.5	1
7878	22.25	3
7879	15.5	1
7880	21.75	1
7881	12.75	1
7882	15.75	1
7883	15.0	1
7884	23.5	1
7885	14.625	1
7886	15.75	1
7887	24.5	1
7888	16.5	1
7889	17.75	1
7890	24.0	2
7891	13.625	1
7892	19.75	1
7893	21.25	3
7894	25.375	1
7895	17.25	1
7896	15.375	1
7897	14.625	1
7898	17.5	2
7899	25.5	1
7900	17.125	1
7901	21.25	1
7902	19.5	1
7903	19.75	3
7904	15.75	2
7905	29.25	1
7906	22.75	1
7907	18.5	1
7908	17.0	1
7909	16.75	1
7910	25.75	1
7911	20.5	1
7912	24.25	1
7913	21.25	2
7914	19.25	1
7915	31.375	1
7916	15.75	1
7917	15.25	3
7918	15.5	1
7919	46.0	1
7920	24.25	1
7921	27.0	1
7922	15.375	2
7923	18.0	1
7924	19.75	3
7925	19.125	1
7926	65.0	1
7927	15.25	1
7928	23.75	3
7929	26.125	1
7930	14.75	1
7931	21.5	2
7932	20.0	1
7933	18.0	1
7934	28.25	2
7935	20.5	1
7936	15.0	1
7937	19.75	2
7938	19.75	1
7939	22.875	1
7940	14.5	1
7941	16.875	1
7942	27.375	1
7943	15.25	1
7944	18.25	1
7945	18.5	1
7946	16.75	2
7947	13.75	1
7948	15.25	1
7949	18.5	1
7950	13.75	1
7951	15.75	1
7952	19.5	1
7953	12.625	1
7954	18.5	1
7955	14.25	1
7956	39.5	1
7957	13.25	1
7958	24.25	2
7959	13.5	1
7960	22.25	1
7961	14.625	1
7962	13.5	1
7963	24.5	1
7964	24.25	1
7965	18.125	1
7966	29.5	1
7967	24.5	2
7968	26.625	1
7969	23.75	1
7970	14.75	1
7971	16.75	3
7972	15.5	1
7973	17.5	1
7974	45.25	1
7975	26.75	1
7976	15.875	3
7977	16.875	1
7978	28.375	1
7979	22.375	1
7980	13.5	1
7981	15.5	1
7982	22.0	1
7983	23.375	1
7984	19.5	3
7985	35.5	2
7986	15.5	1
7987	19.0	1
7988	15.0	1
7989	16.0	1
7990	13.75	1
7991	24.0	1
7992	22.0	1
7993	17.0	1
7994	18.75	1
7995	23.75	1
7996	21.0	1
7997	21.75	1
7998	21.5	1
7999	16.75	1
8000	16.0	1
8001	27.5	1
8002	26.75	1
8003	15.25	1
8004	14.0	1
8005	19.5	3
8006	17.25	1
8007	18.375	3
8008	24.875	1
8009	19.25	2
8010	22.0	2
8011	19.0	1
8012	22.75	1
8013	22.75	1
8014	24.75	1
8015	18.75	1
8016	16.25	2
8017	22.75	1
8018	15.75	2
8019	27.0	1
8020	19.875	1
8021	16.0	1
8022	15.25	1
8023	16.25	1
8024	16.0	1
8025	25.875	1
8026	23.25	2
8027	13.75	1
8028	21.125	2
8029	14.5	1
8030	13.25	1
8031	15.0	1
8032	24.75	1
8033	16.0	1
8034	21.375	1
8035	15.0	1
8036	22.625	3
8037	14.75	1
8038	14.75	1
8039	20.5	1
8040	23.625	1
8041	15.25	1
8042	21.75	1
8043	17.875	1
8044	28.25	1
8045	17.0	1
8046	18.25	1
8047	15.75	1
8048	16.75	1
8049	20.75	1
8050	25.75	2
8051	23.625	1
8052	15.75	2
8053	18.75	1
8054	17.25	1
8055	15.75	1
8056	23.625	1
8057	13.75	1
8058	22.25	1
8059	20.0	3
8060	12.75	1
8061	20.0	3
8062	16.5	1
8063	21.0	1
8064	13.75	1
8065	19.375	3
8066	25.625	1
8067	24.25	1
8068	19.25	1
8069	24.0	1
8070	22.5	1
8071	18.75	3
8072	17.0	3
8073	15.125	1
8074	17.5	1
8075	22.75	1
8076	19.0	2
8077	18.0	3
8078	14.75	1
8079	24.0	1
8080	20.75	3
8081	19.0	1
8082	21.0	2
8083	15.5	1
8084	14.25	1
8085	27.25	1
8086	15.0	1
8087	74.5	1
8088	15.875	1
8089	16.25	1
8090	17.0	1
8091	14.25	1
8092	22.25	3
8093	16.375	1
8094	22.5	1
8095	31.5	1
8096	15.0	1
8097	27.25	1
8098	25.625	3
8099	16.0	1
8100	22.0	1
8101	36.5	1
8102	20.125	2
8103	25.5	1
8104	21.0	1
8105	14.75	1
8106	16.25	1
8107	21.75	1
8108	16.75	1
8109	16.25	1
8110	18.25	3
8111	13.5	1
8112	32.125	2
8113	26.5	1
8114	22.375	1
8115	17.125	3
8116	21.0	1
8117	21.375	1
8118	22.125	1
8119	16.0	1
8120	26.5	1
8121	19.0	2
8122	15.625	1
8123	20.25	1
8124	19.75	1
8125	16.0	3
8126	22.875	1
8127	19.75	3
8128	17.25	1
8129	22.75	1
8130	29.5	2
8131	16.0	1
8132	17.125	1
8133	23.5	1
8134	88.0	1
8135	17.75	1
8136	23.0	1
8137	15.375	1
8138	12.75	1
8139	20.5	2
8140	23.5	1
8141	18.75	1
8142	14.5	1
8143	20.0	1
8144	13.75	1
8145	14.25	1
8146	21.25	1
8147	52.125	1
8148	19.75	1
8149	18.25	2
8150	27.0	1
8151	17.0	1
8152	16.75	1
8153	25.5	1
8154	22.0	1
8155	17.25	1
8156	14.5	2
8157	22.5	1
8158	13.75	1
8159	24.75	1
8160	22.25	1
8161	19.5	1
8162	20.0	2
8163	17.75	1
8164	36.375	3
8165	18.75	3
8166	15.75	1
8167	17.5	2
8168	14.375	1
8169	14.75	1
8170	20.5	1
8171	16.0	2
8172	15.75	2
8173	21.5	1
8174	21.5	1
8175	13.5	1
8176	24.875	1
8177	31.5	1
8178	26.75	1
8179	22.5	1
8180	18.25	1
8181	21.0	1
8182	30.25	1
8183	17.5	1
8184	15.5	1
8185	15.0	1
8186	20.5	3
8187	19.75	1
8188	19.75	1
8189	20.5	1
8190	38.0	1
8191	34.5	1
8192	25.25	1
8193	20.125	1
8194	14.0	1
8195	13.625	1
8196	34.0	1
8197	16.5	1
8198	17.25	1
8199	16.75	1
8200	55.25	1
8201	18.375	2
8202	14.25	1
8203	14.75	1
8204	26.75	1
8205	20.25	1
8206	23.25	1
8207	14.25	1
8208	15.75	1
8209	21.25	1
8210	16.5	1
8211	17.25	3
8212	14.25	1
8213	44.25	1
8214	21.25	3
8215	20.5	1
8216	16.0	1
8217	16.25	1
8218	15.5	1
8219	17.5	2
8220	15.75	1
8221	14.25	1
8222	29.0	1
8223	23.25	1
8224	14.0	1
8225	19.25	1
8226	20.25	3
8227	29.75	2
8228	23.0	3
8229	19.5	1
8230	24.25	1
8231	22.875	1
8232	24.875	1
8233	13.5	1
8234	18.0	1
8235	18.0	1
8236	22.0	1
8237	14.25	1
8238	15.75	1
8239	15.5	1
8240	21.25	1
8241	15.5	1
8242	26.375	1
8243	14.625	1
8244	15.5	1
8245	20.0	1
8246	23.75	1
8247	14.5	1
8248	22.25	2
8249	29.0	1
8250	30.0	1
8251	15.25	2
8252	19.5	3
8253	24.0	2
8254	15.25	1
8255	28.5	1
8256	20.25	3
8257	29.625	1
8258	14.875	1
8259	18.0	1
8260	19.0	3
8261	15.5	3
8262	15.75	1
8263	16.25	1
8264	14.625	2
8265	20.75	1
8266	15.75	1
8267	23.75	1
8268	17.875	1
8269	24.25	2
8270	27.375	1
8271	15.5	1
8272	22.0	1
8273	24.375	1
8274	16.25	1
8275	30.125	1
8276	15.0	1
8277	19.125	1
8278	16.0	1
8279	20.75	1
8280	15.875	1
8281	15.125	1
8282	19.75	1
8283	22.75	1
8284	15.75	1
8285	14.5	1
8286	21.25	2
8287	16.625	1
8288	18.625	1
8289	15.25	2
8290	36.0	1
8291	17.5	2
8292	16.75	2
8293	17.75	1
8294	13.5	3
8295	21.0	1
8296	19.0	1
8297	15.5	1
8298	14.75	1
8299	23.25	1
8300	19.25	1
8301	18.75	1
8302	33.0	1
8303	26.625	1
8304	21.5	1
8305	19.5	2
8306	16.875	1
8307	14.75	1
8308	33.5	1
8309	25.75	1
8310	14.5	1
8311	13.125	1
8312	32.875	1
8313	15.0	1
8314	21.75	3
8315	19.5	2
8316	15.25	1
8317	16.5	1
8318	14.75	1
8319	27.375	1
8320	19.625	1
8321	16.5	1
8322	16.75	1
8323	20.625	1
8324	19.0	1
8325	19.5	1
8326	17.0	3
8327	15.625	1
8328	17.75	3
8329	16.125	3
8330	21.0	1
8331	18.5	1
8332	14.75	1
8333	18.5	1
8334	20.0	1
8335	17.75	1
8336	16.0	1
8337	32.5	2
8338	14.625	1
8339	14.0	1
8340	14.875	3
8341	15.25	1
8342	19.0	1
8343	17.75	2
8344	23.5	2
8345	16.75	1
8346	17.75	1
8347	43.875	1
8348	24.875	1
8349	25.25	1
8350	20.75	1
8351	15.625	1
8352	21.25	1
8353	15.5	1
8354	23.25	1
8355	31.375	1
8356	55.125	1
8357	27.25	2
8358	17.0	1
8359	17.5	1
8360	19.5	1
8361	23.75	1
8362	14.625	1
8363	16.0	2
8364	16.0	1
8365	25.75	1
8366	31.5	1
8367	14.875	1
8368	20.375	1
8369	20.5	1
8370	21.25	1
8371	20.25	3
8372	20.0	1
8373	31.25	3
8374	16.75	1
8375	18.5	2
8376	15.0	1
8377	26.875	1
8378	21.0	3
8379	14.25	1
8380	14.875	1
8381	14.75	1
8382	14.375	1
8383	19.25	3
8384	14.5	1
8385	17.5	2
8386	17.25	1
8387	21.5	1
8388	19.75	1
8389	21.25	1
8390	26.25	1
8391	16.375	1
8392	16.25	1
8393	16.75	1
8394	29.25	2
8395	19.0	1
8396	21.0	1
8397	21.75	1
8398	18.375	1
8399	15.75	1
8400	12.625	1
8401	19.5	2
8402	26.5	1
8403	27.625	1
8404	15.625	1
8405	20.5	1
8406	24.875	1
8407	26.0	1
8408	24.75	1
8409	20.625	2
8410	17.75	1
8411	16.75	1
8412	17.0	1
8413	21.625	1
8414	15.0	1
8415	17.125	1
8416	16.375	1
8417	24.5	1
8418	19.25	2
8419	21.5	1
8420	23.5	1
8421	14.0	1
8422	21.5	1
8423	13.25	1
8424	14.25	1
8425	22.25	1
8426	15.625	1
8427	18.5	2
8428	30.0	1
8429	34.0	1
8430	17.5	1
8431	39.25	1
8432	24.625	1
8433	24.25	1
8434	28.75	1
8435	18.5	1
8436	17.75	3
8437	16.0	1
8438	16.0	1
8439	17.5	1
8440	13.375	1
8441	20.125	1
8442	16.625	1
8443	21.75	2
8444	27.75	1
8445	13.5	1
8446	23.625	3
8447	17.875	1
8448	14.25	1
8449	25.75	1
8450	24.5	1
8451	21.5	1
8452	14.25	1
8453	21.75	1
8454	15.5	1
8455	14.5	1
8456	18.5	3
8457	23.75	1
8458	24.25	1
8459	21.5	1
8460	15.75	1
8461	20.5	1
8462	16.0	1
8463	28.25	1
8464	19.75	2
8465	22.125	1
8466	15.0	1
8467	26.5	1
8468	15.0	1
8469	23.5	2
8470	14.75	1
8471	15.75	1
8472	14.5	1
8473	16.75	1
8474	16.375	1
8475	19.0	1
8476	15.75	1
8477	32.0	1
8478	14.5	1
8479	16.0	1
8480	82.75	1
8481	23.5	1
8482	20.375	3
8483	25.25	1
8484	14.25	1
8485	22.5	3
8486	15.75	1
8487	13.75	1
8488	25.5	1
8489	18.0	1
8490	21.0	2
8491	14.5	1
8492	26.75	1
8493	16.75	1
8494	15.25	1
8495	27.375	2
8496	31.5	1
8497	31.0	1
8498	16.25	3
8499	23.75	1
8500	21.75	1
8501	25.0	1
8502	14.25	1
8503	14.25	1
8504	16.0	1
8505	20.75	1
8506	12.75	1
8507	16.625	1
8508	25.0	1
8509	15.25	1
8510	16.875	3
8511	14.25	1
8512	17.75	3
8513	15.0	1
8514	27.625	1
8515	18.0	1
8516	18.5	1
8517	14.75	1
8518	15.25	1
8519	22.375	1
8520	13.375	1
8521	21.125	1
8522	20.0	2
8523	14.25	1
8524	17.5	1
8525	31.5	1
8526	18.0	1
8527	20.0	1
8528	22.0	1
8529	24.625	3
8530	22.25	1
8531	15.5	1
8532	23.0	1
8533	13.0	1
8534	17.875	1
8535	18.0	1
8536	14.25	1
8537	24.375	1
8538	25.375	1
8539	16.125	1
8540	19.5	1
8541	19.5	1
8542	25.25	1
8543	14.25	1
8544	24.0	1
8545	14.5	1
8546	23.875	1
8547	24.0	1
8548	21.0	1
8549	14.375	1
8550	20.75	2
8551	23.75	1
8552	15.875	2
8553	16.375	3
8554	16.0	2
8555	19.25	2
8556	22.75	1
8557	13.5	1
8558	17.25	1
8559	17.375	1
8560	15.75	1
8561	45.5	1
8562	16.75	1
8563	15.0	1
8564	15.75	1
8565	16.25	1
8566	14.5	1
8567	21.75	1
8568	19.25	1
8569	22.5	1
8570	17.75	1
8571	15.75	1
8572	18.75	1
8573	21.375	1
8574	14.25	1
8575	20.75	1
8576	25.0	2
8577	14.25	1
8578	14.25	1
8579	15.75	1
8580	21.25	1
8581	20.625	1
8582	21.75	1
8583	18.5	1
8584	23.25	1
8585	24.5	1
8586	15.75	1
8587	17.75	1
8588	18.25	1
8589	19.5	1
8590	20.25	1
8591	22.75	1
8592	19.0	2
8593	22.125	1
8594	19.25	1
8595	14.125	1
8596	14.875	1
8597	13.25	1
8598	45.0	1
8599	15.0	1
8600	21.5	1
8601	25.375	1
8602	19.5	1
8603	13.25	1
8604	20.75	1
8605	13.5	1
8606	14.5	1
8607	36.5	1
8608	21.5	1
8609	16.75	1
8610	16.25	1
8611	20.625	1
8612	18.5	1
8613	20.25	1
8614	106.75	1
8615	19.0	1
8616	37.875	1
8617	27.75	1
8618	56.5	1
8619	18.25	1
8620	16.5	1
8621	73.5	1
8622	18.0	1
8623	20.0	1
8624	48.0	1
8625	16.0	1
8626	15.25	1
8627	21.0	1
8628	15.25	1
8629	24.75	1
8630	17.5	1
8631	28.75	1
8632	21.25	3
8633	16.5	1
8634	19.5	2
8635	14.0	1
8636	24.75	2
8637	13.75	1
8638	17.0	2
8639	20.875	3
8640	16.0	1
8641	21.625	1
8642	14.75	1
8643	14.0	1
8644	35.0	1
8645	13.75	1
8646	24.0	2
8647	15.75	1
8648	15.5	1
8649	14.5	1
8650	19.375	1
8651	14.875	1
8652	36.25	1
8653	24.25	1
8654	16.0	1
8655	109.75	1
8656	23.0	1
8657	17.0	1
8658	21.5	1
8659	16.125	1
8660	18.625	1
8661	25.875	1
8662	15.75	1
8663	15.875	1
8664	15.5	1
8665	16.0	1
8666	25.5	1
8667	18.875	1
8668	15.0	1
8669	18.25	1
8670	86.25	1
8671	13.75	1
8672	26.625	1
8673	30.375	1
8674	14.25	1
8675	13.75	1
8676	18.25	2
8677	16.625	1
8678	27.625	1
8679	14.5	1
8680	15.75	1
8681	17.75	1
8682	13.625	1
8683	15.75	1
8684	18.0	3
8685	15.5	1
8686	19.0	1
8687	14.5	1
8688	60.25	1
8689	23.125	1
8690	14.625	1
8691	15.25	1
8692	16.0	1
8693	26.625	1
8694	19.25	1
8695	14.25	1
8696	13.5	1
8697	14.25	1
8698	18.125	2
8699	26.5	2
8700	17.75	1
8701	24.25	2
8702	20.25	1
8703	14.875	1
8704	14.375	1
8705	27.0	1
8706	44.875	1
8707	15.25	1
8708	24.125	1
8709	14.75	1
8710	28.25	1
8711	15.75	1
8712	15.75	1
8713	17.5	1
8714	19.0	2
8715	35.0	1
8716	13.0	1
8717	17.25	3
8718	23.75	1
8719	18.25	1
8720	25.25	1
8721	24.25	1
8722	15.125	1
8723	17.0	1
8724	15.0	1
8725	16.75	1
8726	27.5	1
8727	15.0	1
8728	15.5	1
8729	22.875	1
8730	14.25	1
8731	22.75	1
8732	17.0	1
8733	17.25	1
8734	21.875	1
8735	14.875	1
8736	13.5	1
8737	14.0	1
8738	15.5	1
8739	14.125	1
8740	20.5	1
8741	14.5	1
8742	22.75	1
8743	15.5	1
8744	15.5	1
8745	20.5	1
8746	27.5	1
8747	19.0	1
8748	15.0	1
8749	14.125	1
8750	16.25	1
8751	29.625	1
8752	27.875	1
8753	15.75	1
8754	19.25	1
8755	19.5	1
8756	23.5	1
8757	27.75	1
8758	15.5	1
8759	27.25	1
8760	13.75	1
8761	23.75	1
8762	13.125	1
8763	16.5	1
8764	14.0	1
8765	26.25	1
8766	20.5	1
8767	16.75	1
8768	21.5	1
8769	17.0	1
8770	14.75	1
8771	18.0	1
8772	19.125	1
8773	12.5	1
8774	22.875	1
8775	15.25	1
8776	15.875	2
8777	19.75	1
8778	16.0	1
8779	15.25	1
8780	30.5	1
8781	16.0	3
8782	24.25	1
8783	19.5	1
8784	17.5	1
8785	21.375	1
8786	28.375	1
8787	17.875	1
8788	16.0	1
8789	15.0	1
8790	23.125	1
8791	25.125	2
8792	14.875	1
8793	17.5	1
8794	13.625	1
8795	24.25	1
8796	18.625	1
8797	17.5	2
8798	13.5	1
8799	15.5	2
8800	18.5	1
8801	20.75	1
8802	28.0	1
8803	22.0	1
8804	16.125	1
8805	18.0	3
8806	24.5	1
8807	21.75	2
8808	22.375	2
8809	15.875	3
8810	21.75	1
8811	15.75	1
8812	25.75	2
8813	17.25	1
8814	16.75	1
8815	12.75	1
8816	17.75	1
8817	21.125	1
8818	22.0	1
8819	15.25	1
8820	22.25	2
8821	14.625	1
8822	14.5	1
8823	27.5	2
8824	14.75	1
8825	23.25	2
8826	28.25	1
8827	17.75	1
8828	17.0	3
8829	22.375	1
8830	23.75	1
8831	19.0	1
8832	16.25	1
8833	25.25	1
8834	16.0	1
8835	20.25	1
8836	15.375	1
8837	15.0	1
8838	36.5	1
8839	21.5	1
8840	16.0	1
8841	26.25	1
8842	20.875	1
8843	21.5	1
8844	17.5	1
8845	14.0	1
8846	12.75	1
8847	17.0	1
8848	16.5	1
8849	30.25	1
8850	25.5	1
8851	20.75	1
8852	20.5	1
8853	25.625	1
8854	14.375	1
8855	15.25	1
8856	14.625	1
8857	16.5	1
8858	16.75	1
8859	26.5	1
8860	21.625	1
8861	31.25	1
8862	16.5	1
8863	18.375	2
8864	17.5	1
8865	49.875	1
8866	21.75	1
8867	24.5	1
8868	14.375	1
8869	22.875	1
8870	16.5	3
8871	14.875	1
8872	16.0	1
8873	17.5	1
8874	13.875	1
8875	17.0	3
8876	22.75	1
8877	17.375	1
8878	16.0	1
8879	15.375	1
8880	15.25	1
8881	15.75	1
8882	19.875	1
8883	76.625	1
8884	17.5	1
8885	11.875	1
8886	16.0	1
8887	15.0	1
8888	16.75	2
8889	15.25	1
8890	24.0	1
8891	26.375	1
8892	15.0	1
8893	22.5	1
8894	16.75	1
8895	25.0	1
8896	20.5	1
8897	28.75	1
8898	20.0	1
8899	22.625	1
8900	27.5	1
8901	17.0	1
8902	15.875	1
8903	25.0	1
8904	15.75	1
8905	23.25	1
8906	20.25	1
8907	21.5	1
8908	16.0	1
8909	14.25	1
8910	37.5	1
8911	17.0	2
8912	14.5	1
8913	13.75	1
8914	25.0	1
8915	21.25	1
8916	26.75	1
8917	61.75	1
8918	18.125	1
8919	23.75	3
8920	23.375	1
8921	16.75	2
8922	23.875	1
8923	16.375	3
8924	16.25	1
8925	16.0	1
8926	18.0	1
8927	15.75	2
8928	15.25	1
8929	23.5	1
8930	20.75	2
8931	15.75	3
8932	15.5	1
8933	33.875	2
8934	13.5	1
8935	22.25	1
8936	17.0	1
8937	16.75	1
8939	23.75	1
8940	15.75	1
8941	14.5	1
8942	13.0	1
8943	15.75	1
8944	15.75	1
8945	17.5	1
8946	17.75	1
8947	22.375	3
8948	31.375	2
8949	16.0	1
8950	18.75	1
8951	20.75	1
8952	16.75	1
8953	15.25	1
8954	16.5	1
8955	14.5	1
8956	26.875	1
8957	15.75	1
8958	16.25	1
8959	13.625	1
8960	16.875	1
8961	23.0	1
8962	14.75	1
8963	25.0	2
8964	14.875	1
8965	15.375	3
8966	14.5	1
8967	24.0	1
8968	22.5	1
8969	21.0	1
8970	18.125	1
8971	24.75	2
8972	15.25	1
8973	17.0	1
8974	15.75	1
8975	14.5	1
8976	27.0	1
8977	15.0	1
8978	25.75	1
8979	23.625	1
8980	12.75	1
8981	30.75	1
8982	18.75	1
8983	17.875	1
8984	20.0	1
8985	22.75	1
8986	20.5	1
8987	24.75	1
8988	25.375	1
8989	24.5	1
8990	12.5	1
8991	21.25	1
8992	19.75	1
8993	17.25	1
8994	17.0	1
8995	43.0	1
8996	25.25	1
8997	14.5	1
8998	13.5	1
8999	21.0	1
9000	20.75	1
9001	25.25	1
9002	16.75	1
9003	16.375	1
9004	18.75	1
9005	16.125	1
9006	26.0	1
9007	14.0	1
9008	13.75	1
9009	15.375	2
9010	20.0	1
9011	27.25	1
9012	16.75	1
9013	14.25	1
9014	20.375	1
9015	14.75	1
9016	17.25	1
9017	14.75	1
9018	17.75	1
9019	19.375	1
9020	18.25	1
9021	14.0	1
9022	38.875	1
9023	16.125	1
9024	25.0	2
9025	20.5	2
9026	14.75	1
9027	14.75	1
9028	17.0	1
9029	20.25	1
9030	18.25	3
9031	25.5	1
9032	24.25	1
9033	16.75	1
9034	19.0	2
9035	15.875	3
9036	19.625	1
9037	15.75	1
9038	17.875	1
9039	14.125	1
9040	16.875	3
9041	23.375	2
9042	14.0	1
9043	21.75	1
9044	17.25	1
9045	14.5	1
9046	51.5	1
9047	26.625	1
9048	15.0	1
9049	18.75	2
9050	17.125	1
9051	16.0	1
9052	16.0	2
9053	20.5	3
9054	14.25	1
9055	23.25	1
9056	16.5	1
9057	17.125	1
9058	14.75	1
9059	18.25	1
9060	16.0	1
9061	14.75	1
9062	24.0	1
9063	15.0	1
9064	16.75	1
9065	22.125	1
9066	19.0	1
9067	20.5	1
9068	23.5	1
9069	24.25	1
9070	16.5	1
9071	24.25	1
9072	18.0	1
9073	27.5	1
9074	22.75	1
9075	18.75	1
9076	15.25	1
9077	15.75	1
9078	21.25	1
9079	19.25	1
9080	16.5	1
9081	16.0	1
9082	28.5	2
9083	30.25	2
9084	20.0	1
9085	15.5	1
9086	15.0	1
9087	19.5	1
9088	27.875	1
9089	28.0	1
9090	22.875	1
9091	15.25	1
9092	22.25	1
9093	16.5	1
9094	19.25	2
9095	19.25	3
9096	22.0	1
9097	22.75	1
9098	15.75	2
9099	15.625	1
9100	14.5	1
9101	15.25	1
9102	15.75	1
9103	14.0	1
9104	31.5	1
9105	25.5	1
9106	18.75	1
9107	20.5	1
9108	19.25	2
9109	20.5	2
9110	19.25	1
9111	17.0	1
9112	15.75	1
9113	28.75	2
9114	21.75	1
9115	13.25	1
9116	28.0	1
9117	16.75	1
9118	15.625	2
9119	14.25	1
9120	19.25	1
9121	15.625	1
9122	20.0	1
9123	15.0	1
9124	24.5	1
9125	16.5	1
9126	16.375	1
9127	20.25	1
9128	14.25	1
9129	17.75	1
9130	18.75	1
9131	21.125	3
9132	19.375	1
9133	27.25	2
9134	39.125	1
9135	18.0	1
9136	32.5	1
9137	15.75	1
9138	21.25	2
9139	17.25	1
9140	12.0	1
9141	36.25	1
9142	20.875	1
9143	24.75	1
9144	22.25	1
9145	23.0	2
9146	19.5	1
9147	17.5	1
9148	17.0	1
9149	19.5	1
9150	16.0	1
9151	15.0	1
9152	15.25	1
9153	26.75	1
9154	15.25	3
9155	22.875	1
9156	23.0	1
9157	14.75	1
9158	21.0	1
9159	25.875	1
9160	15.5	1
9161	16.0	1
9162	20.375	1
9163	15.875	1
9164	18.0	3
9165	20.75	1
9166	12.25	1
9167	16.5	2
9168	17.25	1
9169	16.625	1
9170	30.0	1
9171	14.75	1
9172	13.875	1
9173	15.5	1
9174	14.0	1
9175	16.75	2
9176	17.25	1
9177	14.25	1
9178	26.0	1
9179	15.25	1
9180	16.75	1
9181	25.75	2
9182	20.0	1
9183	15.25	1
9184	15.75	2
9185	16.25	1
9186	12.75	1
9187	17.75	2
9188	15.0	1
9189	19.5	2
9190	16.5	1
9191	18.0	1
9192	16.5	1
9193	21.5	1
9194	15.0	2
9195	16.25	1
9196	21.75	3
9197	22.75	1
9198	14.75	1
9199	17.75	1
9200	18.25	1
9201	28.375	1
9202	14.5	1
9203	19.5	1
9204	13.5	1
9205	14.75	1
9206	21.0	1
9207	36.5	1
9208	15.0	1
9209	14.25	1
9210	29.375	1
9211	15.5	1
9212	21.0	1
9213	18.625	1
9214	18.625	1
9215	18.25	1
9216	16.0	1
9217	24.0	1
9218	15.125	1
9219	22.625	2
9220	14.875	1
9221	20.5	2
9222	19.375	1
9223	21.875	1
9224	24.125	1
9225	21.375	1
9226	17.0	2
9227	15.75	1
9228	22.5	1
9229	18.5	1
9230	16.0	1
9231	13.5	1
9232	15.75	1
9233	24.25	1
9234	16.25	1
9235	14.5	1
9236	22.75	1
9237	15.5	1
9238	14.75	1
9239	23.875	1
9240	20.875	2
9241	19.375	1
9242	26.125	1
9243	19.125	1
9244	14.25	1
9245	15.5	1
9246	14.5	1
9247	20.25	2
9248	25.5	1
9249	16.375	1
9250	22.0	1
9251	19.5	3
9252	17.75	3
9253	20.75	1
9254	23.25	1
9255	27.25	1
9256	15.625	1
9257	24.25	1
9258	13.75	1
9259	18.0	3
9260	21.25	1
9261	15.25	2
9262	20.5	1
9263	14.25	1
9264	23.0	1
9265	13.75	1
9266	18.375	3
9267	18.0	1
9268	20.125	1
9269	15.75	3
9270	18.0	1
9271	13.75	1
9272	26.0	2
9273	20.0	1
9274	15.5	1
9275	17.5	1
9276	18.0	1
9277	15.0	1
9278	20.375	1
9279	15.0	1
9280	16.25	1
9281	27.875	1
9282	16.75	3
9283	14.5	1
9284	77.75	1
9285	20.5	3
9286	20.5	1
9287	13.5	1
9288	21.5	1
9289	11.75	1
9290	13.75	1
9291	13.375	1
9292	13.75	1
9293	21.5	1
9294	27.25	1
9295	17.875	3
9296	15.75	1
9297	16.25	1
9298	22.75	1
9299	21.875	1
9300	14.25	1
9301	17.375	2
9302	15.5	1
9303	16.25	1
9304	15.75	3
9305	22.5	3
9306	19.75	1
9307	15.5	1
9308	18.125	1
9309	15.5	1
9310	22.5	1
9311	34.25	1
9312	91.5	1
9313	17.0	1
9314	25.75	1
9315	15.75	1
9316	14.25	1
9317	15.75	3
9318	20.625	2
9319	17.75	1
9320	23.0	1
9321	48.625	1
9322	15.5	1
9323	17.5	1
9324	19.0	1
9325	15.75	3
9326	25.0	1
9327	16.5	1
9328	15.25	1
9329	18.5	1
9330	53.25	1
9331	20.75	2
9332	16.0	1
9333	23.75	1
9334	16.0	1
9335	17.0	1
9336	17.0	1
9337	22.0	1
9338	25.125	1
9339	12.75	1
9340	23.0	1
9341	14.25	1
9342	20.5	3
9343	15.75	1
9344	37.875	1
9345	15.75	1
9346	25.75	1
9347	12.5	1
9348	16.875	1
9349	18.75	1
9350	21.25	1
9351	13.5	1
9352	15.25	1
9353	14.75	1
9354	16.25	1
9355	18.75	1
9356	20.0	1
9357	18.25	1
9358	16.25	3
9359	16.0	2
9360	18.75	1
9361	14.25	1
9362	15.0	1
9363	22.25	1
9364	15.0	1
9365	28.5	1
9366	12.5	1
9367	24.5	3
9368	14.875	1
9369	21.5	2
9370	16.75	1
9371	15.25	1
9372	23.25	1
9373	26.0	1
9374	17.75	1
9375	21.75	1
9376	31.625	1
9377	28.0	1
9378	13.5	1
9379	12.5	1
9380	16.0	1
9381	24.5	1
9382	24.75	1
9383	26.375	1
9384	27.125	1
9385	26.0	1
9386	16.0	1
9387	26.0	1
9388	27.0	1
9389	26.25	1
9390	17.0	1
9391	15.25	1
9392	13.75	1
9393	19.25	1
9394	23.875	2
9395	14.5	1
9396	13.25	1
9397	13.5	1
9398	19.0	1
9399	14.75	1
9400	23.75	1
9401	16.25	1
9402	26.125	1
9403	17.375	2
9404	23.875	1
9405	16.5	1
9406	17.625	1
9407	16.75	3
9408	26.5	1
9409	17.75	1
9410	23.75	2
9411	18.0	2
9412	20.0	1
9413	20.5	1
9414	16.75	1
9415	19.25	1
9416	23.5	1
9417	16.625	1
9418	16.875	1
9419	30.375	1
9420	16.75	1
9421	15.75	3
9422	12.5	1
9423	20.0	3
9424	14.75	1
9425	28.5	1
9426	16.0	1
9427	26.25	2
9428	20.625	1
9429	15.25	1
9430	20.875	1
9431	17.5	1
9432	23.5	1
9433	17.0	1
9434	16.875	1
9435	23.75	1
9436	15.0	1
9437	33.0	1
9438	17.75	1
9439	28.0	1
9440	23.25	1
9441	26.25	3
9442	19.5	1
9443	15.25	1
9444	22.375	1
9445	15.375	1
9446	18.0	3
9447	13.75	1
9448	21.5	1
9449	23.75	1
9450	15.25	1
9451	26.75	1
9452	14.75	1
9453	27.5	1
9454	38.125	1
9455	20.5	1
9456	12.75	1
9457	16.0	1
9458	14.0	1
9459	23.125	1
9460	18.25	1
9461	32.5	2
9462	19.5	1
9463	17.5	1
9464	16.625	1
9465	13.75	1
9466	21.375	1
9467	19.5	1
9468	22.125	1
9469	16.25	1
9470	26.0	1
9471	23.75	1
9472	13.75	1
9473	25.5	1
9474	17.25	1
9475	15.25	3
9476	23.0	1
9477	14.5	1
9478	20.0	2
9479	24.875	1
9480	23.0	2
9481	20.0	1
9482	19.5	1
9483	18.75	1
9484	17.5	1
9485	21.0	1
9486	43.375	1
9487	16.125	1
9488	17.0	3
9489	18.5	1
9490	25.75	1
9491	14.5	1
9492	15.875	1
9493	13.75	1
9494	18.5	1
9495	15.5	1
9496	15.5	1
9497	16.5	1
9498	41.25	1
9499	15.5	1
9500	16.25	1
9501	14.25	1
9502	15.375	1
9503	20.875	2
9504	14.25	1
9505	15.0	3
9506	19.0	1
9507	16.75	1
9508	14.5	1
9509	15.0	1
9510	24.625	1
9511	15.75	3
9512	16.0	1
9513	21.875	1
9514	18.875	1
9515	12.75	1
9516	14.25	1
9517	16.5	3
9518	19.0	1
9519	19.875	1
9520	20.5	1
9521	15.25	1
9522	34.25	1
9523	23.75	2
9524	19.625	1
9525	16.0	1
9526	20.5	1
9527	29.75	1
9528	16.625	1
9529	25.25	1
9530	22.75	1
9531	24.875	1
9532	18.75	1
9533	18.375	3
9534	14.75	1
9535	26.25	1
9536	16.5	1
9537	21.25	3
9538	21.5	2
9539	21.125	3
9540	13.25	1
9541	13.5	1
9542	17.125	1
9543	13.75	1
9544	23.875	1
9545	21.625	1
9546	15.25	1
9547	15.5	1
9548	26.5	1
9549	31.375	1
9550	15.5	1
9551	15.0	1
9552	24.125	1
9553	23.0	1
9554	24.5	1
9555	20.25	1
9556	25.0	1
9557	32.25	1
9558	32.125	1
9559	14.25	1
9560	17.0	1
9561	21.0	1
9562	16.0	1
9563	15.25	1
9564	25.5	1
9565	13.375	1
9566	14.75	1
9567	21.0	1
9568	22.625	3
9569	27.75	1
9570	25.0	1
9571	12.0	1
9572	21.75	1
9573	16.25	1
9574	12.75	1
9575	21.75	1
9576	14.5	1
9577	16.75	1
9578	14.75	1
9579	17.125	1
9580	16.75	1
9581	14.75	1
9582	15.5	1
9583	24.75	1
9584	18.25	1
9585	27.0	1
9586	23.5	1
9587	17.5	1
9588	24.5	1
9589	17.375	1
9590	34.25	3
9591	20.25	1
9592	23.125	1
9593	16.375	1
9594	23.375	1
9595	13.0	1
9596	17.75	1
9597	18.25	1
9598	21.0	2
9599	24.75	1
9600	14.0	1
9601	14.75	1
9602	22.0	1
9603	21.0	1
9604	24.0	1
9605	14.75	1
9606	15.75	1
9607	17.0	1
9608	26.0	1
9609	30.125	1
9610	23.5	1
9611	14.75	1
9612	21.25	1
9613	16.25	1
9614	17.0	1
9615	14.5	1
9616	17.0	1
9617	14.0	1
9618	15.125	1
9619	15.75	1
9620	15.25	3
9621	16.5	1
9622	14.375	1
9623	24.25	1
9624	13.0	1
9625	17.5	1
9626	17.125	1
9627	23.75	1
9628	20.0	3
9629	13.75	1
9630	28.125	1
9631	23.75	1
9632	16.75	1
9633	16.0	1
9634	21.625	1
9635	15.75	3
9636	20.75	2
9637	14.25	1
9638	17.125	2
9639	13.0	1
9640	18.0	1
9641	59.125	1
9642	24.0	1
9643	19.375	1
9644	28.75	1
9645	14.75	1
9646	33.25	2
9647	15.75	1
9648	16.0	1
9649	15.0	1
9650	18.25	3
9651	16.25	1
9652	18.0	1
9653	18.75	1
9654	15.25	1
9655	24.5	1
9656	15.5	1
9657	14.25	1
9658	12.75	1
9659	22.25	1
9660	15.0	1
9661	24.5	1
9662	15.5	1
9663	19.5	1
9664	13.25	1
9665	18.25	1
9666	17.25	1
9667	22.25	1
9668	19.75	1
9669	16.25	1
9670	25.375	1
9671	25.875	2
9672	15.75	1
9673	50.75	1
9674	12.25	1
9675	20.25	2
9676	22.75	1
9677	20.25	1
9678	16.75	1
9679	16.75	1
9680	18.75	2
9681	16.5	1
9682	17.75	2
9683	29.125	1
9684	16.875	1
9685	23.75	1
9686	16.75	3
9687	18.25	1
9688	32.875	1
9689	19.75	1
9690	17.5	1
9691	16.625	1
9692	26.875	1
9693	18.25	1
9694	20.75	1
9695	25.5	1
9696	17.0	2
9697	23.75	1
9698	14.75	1
9699	28.0	1
9700	14.0	1
9701	19.0	1
9702	20.0	1
9703	22.0	1
9704	24.75	1
9705	25.25	1
9706	17.0	1
9707	18.5	1
9708	20.0	2
9709	29.75	1
9710	14.75	1
9711	24.625	1
9712	23.375	2
9713	23.375	2
9714	21.75	2
9715	22.5	1
9716	27.125	1
9717	14.75	1
9718	18.25	2
9719	33.75	2
9720	23.0	1
9721	15.25	1
9722	14.5	1
9723	14.25	1
9724	20.75	2
9725	19.75	1
9726	32.875	1
9727	15.625	1
9728	17.25	1
9729	22.375	1
9730	15.5	1
9731	14.25	1
9732	17.75	1
9733	12.875	1
9734	21.0	2
9735	32.25	1
9736	14.75	1
9737	16.0	1
9738	13.75	1
9739	14.75	1
9740	27.625	1
9741	17.25	1
9742	17.0	1
9743	19.25	1
9744	18.25	1
9745	14.5	2
9746	29.5	2
9747	17.0	3
9748	17.0	1
9749	17.375	2
9750	25.5	1
9751	22.0	1
9752	19.5	1
9753	17.5	1
9754	23.5	1
9755	21.75	1
9756	25.0	1
9757	16.75	1
9758	15.375	3
9759	26.25	1
9760	24.125	1
9761	16.5	1
9762	16.875	1
9763	15.75	1
9764	27.875	1
9765	13.5	1
9766	21.5	1
9767	26.25	1
9768	27.0	1
9769	19.25	1
9770	15.0	1
9771	17.125	2
9772	13.5	1
9773	15.5	1
9774	24.25	1
9775	15.125	1
9776	21.625	1
9777	19.0	1
9778	17.625	1
9779	14.5	1
9780	17.875	1
9781	15.875	1
9782	14.375	1
9783	21.0	1
9784	20.75	1
9785	14.875	1
9786	18.0	1
9787	23.625	2
9788	13.0	1
9789	15.5	3
9790	24.125	1
9791	19.75	2
9792	24.375	1
9793	14.0	1
9794	18.75	2
9795	28.5	1
9796	21.0	1
9797	15.125	1
9798	16.75	1
9799	24.375	1
9800	22.25	1
9801	17.5	1
9802	17.0	1
9803	18.75	1
9804	25.0	1
9805	18.0	3
9806	25.5	1
9807	20.5	1
9808	17.25	1
9809	28.75	1
9810	24.75	1
9811	18.5	1
9812	53.875	1
9813	17.25	2
9814	18.75	2
9815	25.125	1
9816	26.125	1
9817	27.125	3
9818	25.625	1
9819	15.25	1
9820	25.75	1
9821	20.0	1
9822	14.5	1
9823	16.25	1
9824	15.25	1
9825	20.5	1
9826	29.75	1
9827	12.5	1
9828	14.75	1
9829	28.75	1
9830	13.25	1
9831	24.75	2
9832	15.25	1
9833	25.0	1
9834	19.5	1
9835	15.375	1
9836	12.25	1
9837	15.25	1
9838	17.75	2
9839	16.75	1
9840	23.75	1
9841	17.875	1
9842	18.25	2
9843	17.25	1
9844	16.0	1
9845	15.75	1
9846	18.125	1
9847	13.75	1
9848	17.5	1
9849	26.0	1
9850	16.75	1
9851	15.25	1
9852	17.375	1
9853	21.0	1
9854	23.0	1
9855	20.375	1
9856	22.25	2
9857	26.25	1
9858	49.0	1
9859	20.625	1
9860	23.0	1
9861	25.25	1
9862	14.875	1
9863	18.25	3
9864	20.375	1
9865	23.5	1
9866	25.25	1
9867	21.125	2
9868	21.375	1
9869	18.5	2
9870	20.5	1
9871	79.25	1
9872	16.625	3
9873	15.25	1
9874	19.875	1
9875	13.25	1
9876	14.25	1
9877	23.75	1
9878	17.75	2
9879	14.25	1
9880	19.25	1
9881	15.25	1
9882	24.25	1
9883	29.5	2
9884	24.75	1
9885	24.0	1
9886	23.625	1
9887	38.75	1
9888	16.375	1
9889	20.75	2
9890	43.625	1
9891	18.5	1
9892	18.0	1
9893	16.0	1
9894	17.625	1
9895	14.5	1
9896	11.875	1
9897	14.0	1
9898	24.375	1
9899	25.5	1
9900	26.25	1
9901	14.0	1
9902	33.625	1
9903	21.375	1
9904	26.0	1
9905	16.75	1
9906	25.25	1
9907	24.0	1
9908	20.0	1
9909	24.25	1
9910	27.25	1
9911	24.875	1
9912	13.75	1
9913	15.75	1
9914	15.5	3
9915	15.25	1
9916	16.875	1
9917	16.0	2
9918	27.75	2
9919	27.125	1
9920	15.5	1
9921	28.5	1
9922	14.25	1
9923	14.0	1
9924	25.75	1
9925	36.25	1
9926	16.0	1
9927	17.0	1
9928	27.75	1
9929	14.0	1
9930	18.375	2
9931	17.25	1
9932	14.75	1
9933	27.75	2
9934	15.75	1
9935	15.0	2
9936	22.0	1
9937	23.5	1
9938	16.5	1
9939	21.0	1
9940	14.75	1
9941	19.5	1
9942	25.625	1
9943	16.75	1
9944	23.0	1
9945	25.5	1
9946	20.25	3
9947	16.0	1
9948	21.5	1
9949	14.875	1
9950	19.125	1
9951	30.0	1
9952	18.875	2
9953	14.0	1
9954	22.75	1
9955	33.625	1
9956	19.25	1
9957	18.75	3
9958	23.0	1
9959	24.125	1
9960	26.375	2
9961	26.0	1
9962	17.0	1
9963	13.375	1
9964	21.0	1
9965	15.5	1
9966	14.0	1
9967	22.375	1
9968	25.875	1
9969	14.0	1
9970	18.0	1
9971	13.75	1
9972	13.75	1
9973	21.5	1
9974	25.125	1
9975	22.0	1
9976	14.5	1
9977	15.75	1
9978	27.25	1
9979	17.75	3
9980	15.0	1
9981	25.5	1
9982	15.875	1
9983	16.0	2
9984	28.5	1
9985	16.75	1
9986	15.0	1
9987	15.25	2
9988	14.25	1
9989	22.75	1
9990	26.875	1
9991	15.75	1
9992	18.375	3
9993	19.25	1
9994	15.75	1
9995	14.75	1
9996	16.5	2
9997	31.0	1
9998	24.25	1
9999	16.5	1
10000	15.75	1
