ID	OPC	CUSPS
1	86.125	6
2	21.75	1
3	20.75	1
5	20.75	1
7	25.375	1
8	98.875	3
9	188.25	6
10	102.875	4
11	50.625	3
12	51.125	3
14	285.0	6
15	62.25	5
16	24.25	1
17	27.25	1
18	71.125	5
19	21.375	1
20	87.25	2
21	39.25	1
22	108.25	1
23	168.875	6
24	24.0	2
25	55.25	3
26	42.375	3
27	28.75	2
28	48.125	5
29	21.5	1
30	26.25	3
31	28.0	1
32	90.25	7
33	119.5	5
34	148.625	4
35	64.125	3
36	57.5	4
37	270.5	1
39	53.625	3
40	23.75	1
41	34.75	2
42	104.625	5
43	22.625	1
44	59.125	1
45	52.875	3
46	36.5	1
47	59.25	3
48	45.375	3
49	73.875	1
50	35.25	3
51	85.75	5
52	97.875	7
53	19.25	1
54	75.875	1
55	109.125	4
56	45.375	3
57	37.5	3
58	77.0	5
59	206.75	5
60	107.0	4
61	37.125	3
62	23.25	1
63	83.125	3
64	57.625	4
65	54.75	2
66	84.875	1
67	89.375	5
69	26.875	1
70	155.75	2
71	40.875	3
72	93.5	6
73	86.5	1
74	28.0	1
75	41.875	4
76	87.125	6
77	33.75	3
78	92.25	4
80	23.25	3
81	42.5	1
82	86.875	5
83	24.75	3
84	18.375	1
85	25.25	3
86	93.25	5
87	45.375	5
88	23.0	1
89	70.5	1
90	60.75	5
91	64.375	3
92	113.125	6
93	76.75	3
95	19.5	1
96	201.375	2
97	27.25	1
98	31.5	2
99	118.5	4
100	44.25	5
101	120.5	2
102	64.875	6
103	62.0	1
104	89.625	6
105	177.625	1
106	184.0	1
107	31.75	3
108	23.0	1
110	403.25	1
111	73.75	4
112	51.75	3
113	95.375	5
114	36.0	3
115	22.0	2
116	22.75	2
117	177.875	1
118	129.375	5
119	67.625	3
120	27.0	2
121	91.125	6
122	28.25	2
123	313.25	4
124	67.0	4
125	72.0	6
126	50.25	3
127	20.75	3
128	47.75	3
129	60.5	2
130	47.125	3
131	29.0	1
132	53.5	1
134	51.0	2
135	39.375	4
136	155.25	5
137	87.75	4
138	88.25	7
140	187.5	8
141	74.5	2
142	137.125	4
143	44.5	4
144	65.375	4
145	20.25	1
146	106.25	1
147	39.5	4
148	39.25	3
149	183.0	3
150	32.25	3
151	44.625	4
153	34.875	1
154	79.75	5
155	37.375	3
156	21.75	1
157	66.5	1
158	167.125	5
160	108.0	5
161	69.625	5
162	24.5	1
163	24.0	2
164	172.25	7
166	47.625	5
167	132.625	3
168	22.25	1
169	60.875	6
170	34.75	1
171	22.25	1
172	51.75	3
173	31.125	3
174	30.0	3
175	122.75	5
176	98.0	3
177	18.5	1
178	208.0	2
179	39.375	3
180	139.75	3
181	35.5	3
182	16.5	1
184	70.25	1
185	85.75	3
186	121.0	6
187	123.125	4
188	304.375	15
189	48.0	3
190	60.0	2
191	103.625	1
192	240.5	11
193	103.5	5
194	94.75	5
195	249.25	4
196	62.25	3
197	41.0	1
198	385.875	1
199	203.0	5
200	230.0	10
201	48.25	3
202	246.75	9
203	374.75	1
204	20.5	1
206	31.0	2
207	27.5	3
208	99.5	4
209	16.75	1
210	39.125	3
211	159.0	1
212	21.625	3
213	31.125	3
214	65.0	3
215	129.125	5
216	50.125	3
217	20.125	2
218	80.375	5
219	68.625	3
220	27.625	1
221	25.75	3
222	79.125	4
223	135.75	7
224	100.5	6
225	233.75	3
226	67.5	4
227	57.375	3
228	52.25	3
229	138.875	5
230	65.5	1
231	23.5	1
232	78.0	3
233	20.25	1
234	118.0	3
235	48.875	3
236	177.375	6
238	76.875	6
239	136.75	3
240	93.5	3
241	97.375	3
242	160.125	5
243	30.75	2
244	117.375	5
245	211.5	2
246	91.125	3
247	191.375	1
248	292.375	1
249	69.625	6
250	35.5	2
251	35.5	3
252	216.25	3
253	59.75	4
254	77.0	5
255	71.75	5
256	127.375	5
257	20.5	1
258	96.375	4
259	52.75	4
260	56.5	3
261	71.25	5
262	40.75	3
263	28.0	2
264	21.75	2
265	82.125	5
266	35.875	3
267	21.5	2
268	45.625	1
270	71.625	1
271	39.25	3
272	35.875	4
273	50.625	3
274	62.5	3
275	85.625	6
276	96.5	4
277	34.625	2
278	19.25	1
279	67.5	4
280	37.625	1
281	98.625	5
282	66.5	1
283	98.75	7
284	50.0	3
285	18.0	1
286	23.625	1
287	321.75	5
288	34.375	2
289	23.0	1
290	134.5	3
291	100.5	5
292	84.125	5
293	23.125	1
294	54.875	2
295	31.5	2
296	89.25	6
297	92.125	7
298	24.0	1
300	71.75	4
301	254.75	2
302	409.125	4
303	161.125	6
304	70.625	4
305	166.0	3
306	44.5	3
307	20.0	1
308	90.875	5
309	47.5	3
310	82.75	1
311	134.875	1
312	26.5	3
313	126.125	3
314	77.125	5
315	318.25	7
317	20.75	1
319	44.75	1
320	42.625	3
321	36.75	1
322	34.75	3
323	48.25	4
324	36.75	3
326	49.0	3
327	42.5	3
328	84.125	5
329	33.0	1
330	104.75	5
331	22.125	1
332	65.0	4
333	65.0	5
334	28.75	2
335	236.5	9
336	49.875	3
337	255.75	5
338	37.5	2
339	95.875	5
340	28.5	1
342	53.0	4
343	63.625	3
344	77.375	1
345	193.375	7
346	18.875	1
347	46.875	5
348	55.125	4
349	88.5	1
350	43.5	2
351	47.0	3
352	29.875	2
354	107.625	4
355	214.0	1
357	69.375	4
358	46.5	3
359	21.875	1
360	86.25	2
361	31.25	1
362	47.375	3
363	45.125	3
364	48.375	3
365	41.0	3
366	109.75	6
367	56.0	3
368	109.5	6
369	107.625	4
370	79.625	5
371	198.625	3
372	97.25	2
373	19.75	1
374	48.125	3
376	53.875	3
377	179.875	6
378	28.625	3
379	48.75	3
380	26.75	2
381	205.25	5
382	169.25	4
383	85.75	4
384	25.0	2
385	85.75	1
386	35.5	3
387	27.75	1
388	67.25	2
389	192.25	5
390	37.5	4
391	73.125	5
392	200.5	5
393	59.375	4
394	41.25	3
395	57.75	1
396	29.75	1
397	198.5	2
398	76.375	3
399	32.0	3
400	41.25	5
401	35.0	2
402	38.75	3
403	65.0	3
404	49.375	5
405	53.5	1
406	76.75	3
407	26.625	1
408	25.75	3
409	27.25	1
410	64.625	1
411	55.25	4
412	88.375	3
413	145.625	2
414	205.25	1
415	35.25	2
416	59.0	5
417	29.875	3
418	31.75	3
419	71.75	5
420	155.0	3
421	19.125	2
422	30.75	1
423	69.25	5
424	157.875	5
425	51.0	3
426	48.5	3
427	78.25	4
428	183.0	6
429	73.0	1
430	156.125	3
432	116.625	5
433	75.25	5
434	181.625	5
436	43.25	1
437	26.25	3
438	36.0	3
439	45.875	3
440	30.25	3
441	40.625	4
442	41.75	3
443	22.25	3
444	82.5	1
445	35.625	3
446	75.25	1
447	91.125	7
449	127.375	3
450	27.0	3
453	27.5	1
454	121.25	3
455	54.75	1
456	179.875	6
457	71.625	2
458	43.0	3
459	15.75	2
460	73.5	4
461	59.25	3
462	44.125	1
463	114.125	4
464	64.625	1
465	43.0	3
466	25.875	1
467	66.75	4
468	91.25	5
469	51.5	5
470	100.25	4
471	31.625	3
472	113.125	5
473	62.625	1
474	44.75	3
475	100.5	5
476	113.5	5
477	69.25	1
478	112.5	5
479	57.875	4
480	58.125	3
481	99.25	4
482	30.0	3
483	50.0	1
484	33.25	3
485	155.5	6
486	147.375	6
487	46.375	3
488	110.375	3
489	49.0	3
490	120.75	4
491	312.375	9
492	66.0	4
493	60.875	4
494	63.375	5
495	29.25	2
496	32.0	1
497	41.25	5
498	64.5	4
499	42.5	3
500	38.5	3
501	20.25	1
502	68.75	4
503	96.25	9
505	216.25	6
506	49.5	3
507	75.0	5
508	174.375	7
509	48.625	3
510	75.75	5
511	265.125	7
512	35.125	3
513	43.375	4
514	21.25	1
515	114.625	5
516	85.875	2
517	64.375	4
518	229.625	7
519	95.875	5
520	42.125	3
521	75.25	5
522	41.125	3
523	21.0	1
524	32.625	4
525	30.625	3
526	149.5	6
527	76.375	5
528	140.0	1
529	19.0	1
530	213.375	3
531	64.875	4
532	59.75	5
533	118.0	3
534	28.75	3
535	98.875	5
536	70.125	1
537	76.0	1
538	84.375	5
539	39.875	3
540	18.25	1
541	51.75	4
542	17.25	2
543	259.875	4
544	40.0	3
545	73.25	5
546	65.375	3
547	86.0	6
548	86.875	10
549	106.25	5
550	25.25	1
551	51.375	3
552	26.25	3
553	312.5	6
554	28.875	1
555	111.875	4
556	22.5	3
557	86.75	3
558	40.875	3
559	58.0	3
560	69.625	5
561	38.25	3
563	36.875	4
564	33.5	4
565	28.0	1
566	67.0	3
567	28.25	3
568	31.625	2
569	303.25	3
570	48.75	3
572	38.125	4
573	103.75	5
574	22.75	3
575	26.875	3
576	81.25	5
577	132.125	1
578	89.625	4
580	38.25	2
581	203.0	7
583	37.0	1
584	104.0	5
585	57.5	3
586	32.0	1
587	215.375	7
588	40.375	3
589	208.75	6
590	51.25	3
591	225.25	8
592	42.0	1
593	21.0	3
594	31.25	3
595	297.75	2
596	21.75	3
597	353.875	5
598	119.25	5
599	45.75	4
600	65.25	4
602	242.75	7
604	46.625	3
605	82.75	3
607	88.25	4
608	37.5	4
609	38.625	3
610	241.25	1
611	40.0	2
612	94.125	5
613	72.75	4
614	104.125	4
615	47.75	3
616	130.25	1
618	160.75	5
619	22.875	3
620	23.75	3
621	151.375	4
622	59.375	3
623	28.875	1
624	43.625	3
625	18.75	2
626	61.625	4
627	125.25	3
628	27.5	3
629	156.375	3
630	88.25	3
631	39.375	4
632	34.625	3
633	22.25	3
634	37.0	3
635	26.75	3
636	32.875	3
637	38.5	3
638	23.5	1
639	77.125	3
640	36.375	4
641	155.625	5
642	67.0	6
643	64.25	3
644	25.0	3
645	63.875	1
646	94.375	5
647	57.75	4
649	33.25	3
650	90.625	4
651	81.625	5
652	39.375	3
653	55.0	4
655	44.75	3
656	27.75	1
657	68.75	4
658	91.625	6
659	44.75	3
660	98.125	3
661	62.75	5
662	19.5	1
663	68.25	4
664	111.25	4
665	101.5	4
666	25.5	3
668	97.25	5
669	24.0	3
670	23.0	3
671	122.0	7
672	31.25	3
673	114.75	3
674	155.5	5
675	124.375	1
676	103.75	6
677	175.5	4
678	30.625	3
679	53.5	3
680	84.0	4
681	141.0	1
682	222.375	4
683	102.5	6
684	37.625	2
685	38.25	4
686	46.5	4
687	179.5	6
688	49.0	3
689	82.875	4
690	20.5	3
691	152.375	5
692	37.25	1
693	209.75	4
694	115.125	3
695	24.125	3
696	33.5	3
697	133.25	7
698	20.5	1
699	43.75	3
700	80.0	5
701	114.75	5
702	65.5	1
703	45.625	3
704	47.75	1
705	21.0	1
706	31.75	1
707	70.375	2
708	188.5	2
709	164.125	2
710	41.875	4
711	20.75	1
712	21.0	1
713	23.0	1
714	31.375	3
715	256.5	3
716	73.0	4
717	31.25	2
718	332.625	4
720	74.875	5
721	244.25	4
722	170.375	3
724	81.25	4
725	42.5	1
727	233.5	1
728	29.25	3
729	20.625	1
730	18.0	1
731	65.125	3
732	26.5	1
733	107.0	9
734	48.75	3
735	84.375	3
736	23.0	1
737	30.0	2
738	23.25	3
739	24.25	3
740	32.125	3
741	29.25	3
742	276.0	3
743	75.625	4
744	206.0	6
745	122.25	3
746	71.25	1
747	37.625	3
749	33.25	2
750	46.25	5
751	47.75	1
752	20.25	1
753	44.0	2
754	155.875	3
755	74.875	4
756	51.375	3
757	25.75	3
758	126.25	7
759	30.5	3
760	235.25	8
762	98.0	5
764	46.875	3
765	135.0	4
766	416.375	6
767	166.0	1
768	262.5	7
769	142.75	4
770	41.25	4
771	48.25	3
772	60.375	4
773	80.0	6
774	62.625	4
775	53.25	4
776	93.75	5
777	53.75	4
778	30.125	3
779	68.5	6
780	78.0	2
781	32.0	2
783	34.375	3
784	132.875	4
785	101.125	4
786	69.75	1
787	23.625	2
788	19.75	1
789	60.125	3
790	136.125	1
791	206.875	7
792	156.375	3
793	40.25	3
796	42.875	4
797	183.875	3
798	27.0	3
799	23.625	3
800	18.0	1
801	88.5	3
802	32.25	3
803	88.625	4
804	28.0	3
805	37.25	1
806	63.625	3
807	76.25	4
808	64.5	3
809	164.625	5
810	127.0	2
811	41.125	4
812	98.75	2
813	295.25	3
814	76.125	2
815	149.875	1
816	196.75	7
817	51.75	3
818	30.5	1
819	251.5	2
820	28.375	1
821	29.75	3
822	71.0	7
823	17.875	1
824	52.375	3
825	78.125	4
826	94.875	11
827	38.25	3
828	42.0	2
829	23.0	3
830	19.5	1
831	73.75	6
832	165.375	3
833	67.25	5
834	153.625	5
835	22.0	2
836	22.0	1
837	20.0	2
838	29.875	1
839	24.5	2
840	69.125	3
841	72.75	3
845	58.0	4
846	376.625	1
847	25.5	1
848	47.0	1
849	132.125	5
852	91.125	5
853	170.5	3
854	90.0	5
855	73.625	3
856	79.5	4
857	63.625	3
858	46.25	4
859	168.75	4
860	87.25	4
861	63.375	5
862	50.375	3
863	32.5	3
864	62.25	3
865	28.75	3
866	122.0	7
867	33.875	2
868	120.75	4
869	40.25	3
870	143.625	5
871	92.875	1
872	160.5	3
873	105.625	3
874	132.75	4
875	47.5	1
876	125.625	3
877	53.75	3
878	58.625	3
879	30.25	1
880	67.375	1
881	64.75	4
882	64.875	4
883	123.625	5
884	27.875	1
885	23.25	1
886	180.625	2
887	16.75	1
888	47.0	3
889	32.125	3
890	52.0	3
891	23.5	1
892	25.25	1
893	29.25	2
894	54.625	3
895	104.25	4
896	86.375	5
897	42.75	1
899	24.75	1
900	43.375	2
901	51.0	3
902	25.75	1
903	65.0	3
904	51.5	3
905	81.625	4
906	22.75	3
907	47.0	4
908	88.75	4
909	42.25	1
910	130.875	8
911	51.25	4
912	36.75	4
913	111.75	5
914	119.875	3
915	138.25	4
916	32.75	1
917	73.875	2
918	20.75	2
920	90.25	1
923	103.375	4
924	32.375	3
925	90.125	5
926	85.75	4
927	65.75	3
928	34.125	1
929	31.5	2
930	64.375	3
931	41.875	4
932	89.5	5
933	63.375	3
934	77.5	1
936	51.375	3
937	159.25	5
938	206.125	5
939	51.5	3
940	22.5	3
941	26.25	1
942	37.25	3
943	37.25	3
944	196.5	7
945	43.25	3
946	25.375	1
947	189.5	6
948	87.25	5
949	58.5	4
950	24.125	2
951	26.25	3
952	91.25	1
953	53.0	3
954	76.75	3
955	75.25	3
956	135.25	2
957	121.5	1
958	148.375	1
959	59.625	4
961	224.25	2
962	39.75	3
963	81.75	4
964	46.0	3
965	96.0	4
966	160.0	1
967	74.0	3
968	21.75	1
969	22.75	2
971	25.75	1
972	30.25	3
973	215.5	5
974	45.375	3
976	110.25	3
977	19.625	1
978	19.75	2
979	21.0	1
980	116.125	5
981	17.0	1
982	61.0	5
983	80.375	5
984	64.0	4
985	38.125	2
986	30.625	3
987	58.5	3
988	58.625	3
989	37.25	3
990	30.625	2
991	33.75	3
992	42.75	3
993	135.125	6
994	20.0	1
995	125.625	7
996	20.0	1
997	63.25	2
998	24.5	2
999	171.75	4
1000	298.375	5
1001	89.75	4
1002	30.0	1
1003	91.25	5
1004	107.25	5
1005	54.375	3
1006	167.125	7
1007	116.875	4
1008	26.25	2
1009	25.625	3
1010	315.75	6
1011	42.375	3
1012	40.0	3
1013	243.5	1
1015	95.75	4
1016	91.625	4
1017	45.0	4
1020	146.75	7
1022	32.5	1
1023	43.75	3
1024	113.125	3
1025	287.0	1
1026	162.875	4
1027	42.0	3
1028	21.25	1
1029	52.375	2
1030	134.75	6
1032	140.125	6
1033	74.625	2
1035	33.0	3
1037	24.5	1
1038	35.875	3
1039	92.25	6
1040	114.125	3
1041	28.75	2
1042	48.75	3
1043	31.5	1
1044	75.25	5
1045	20.0	3
1046	136.5	3
1047	32.25	3
1048	95.25	5
1049	39.25	3
1050	270.375	5
1051	20.0	3
1052	51.375	4
1053	74.875	4
1054	141.75	7
1055	94.0	3
1056	85.5	4
1057	19.5	1
1058	108.75	4
1059	57.875	4
1060	51.375	4
1061	57.875	3
1062	62.375	4
1063	196.375	3
1064	140.875	5
1065	72.5	5
1066	75.125	4
1068	71.125	3
1069	76.75	5
1070	83.375	5
1071	60.625	1
1072	88.25	5
1073	130.0	1
1074	74.375	3
1075	46.125	4
1076	59.75	3
1077	24.25	1
1078	36.75	3
1079	76.125	3
1080	41.25	3
1081	19.5	1
1082	95.875	4
1083	60.625	3
1084	145.75	4
1085	88.75	4
1086	55.25	3
1087	214.125	2
1088	27.5	1
1089	103.75	4
1090	59.625	3
1091	129.75	5
1092	118.375	4
1093	41.125	3
1094	130.625	7
1095	89.0	6
1096	65.5	4
1097	49.0	4
1100	184.125	1
1101	182.875	3
1102	36.625	3
1103	105.875	6
1104	92.75	5
1105	36.125	3
1106	31.0	1
1107	115.0	4
1108	98.25	6
1109	100.375	7
1110	20.0	2
1111	169.625	3
1112	221.625	1
1113	145.75	3
1114	19.5	1
1115	39.25	3
1116	57.625	5
1117	64.125	3
1118	46.5	4
1119	86.5	4
1120	48.875	3
1121	19.0	1
1122	72.75	7
1123	64.25	1
1124	39.5	2
1125	136.625	3
1127	160.5	6
1128	38.25	3
1129	69.0	5
1130	20.25	1
1131	37.625	3
1132	170.5	6
1133	73.125	5
1134	24.0	3
1135	56.375	3
1136	112.875	6
1138	218.5	3
1139	145.0	5
1140	63.125	3
1143	18.5	1
1144	59.75	3
1145	48.0	2
1146	55.25	2
1148	113.875	8
1149	20.5	1
1152	38.625	2
1153	32.75	3
1154	39.5	3
1155	101.75	6
1156	132.625	3
1157	46.0	1
1159	102.75	4
1160	43.25	3
1161	194.875	7
1162	47.25	3
1164	59.0	5
1165	22.625	2
1166	54.5	3
1167	126.625	4
1168	83.625	5
1169	123.25	1
1170	101.0	4
1171	105.25	7
1172	67.0	4
1173	20.75	1
1174	19.25	1
1175	61.5	5
1176	214.625	5
1177	37.125	4
1178	40.0	3
1179	22.75	1
1180	36.125	3
1181	64.125	1
1182	110.25	5
1183	115.25	4
1184	52.0	3
1185	75.5	5
1186	165.375	2
1187	21.0	1
1188	200.875	6
1189	121.0	4
1190	115.5	4
1191	91.875	4
1192	24.25	1
1193	394.625	5
1194	23.625	2
1195	68.0	7
1197	140.125	3
1198	46.375	3
1199	31.0	3
1201	41.125	3
1202	51.625	1
1203	160.75	7
1204	41.0	3
1205	75.125	4
1206	53.5	4
1207	48.75	1
1208	32.75	1
1209	37.625	3
1210	52.375	3
1211	83.875	5
1212	238.5	7
1213	37.5	3
1214	64.375	1
1215	86.0	5
1217	92.75	5
1218	18.75	1
1219	19.25	1
1220	51.125	3
1221	34.5	3
1222	208.125	2
1223	139.0	8
1224	132.625	3
1225	143.5	5
1226	22.375	1
1227	144.125	6
1228	38.25	3
1229	160.0	7
1230	147.625	3
1231	46.0	5
1232	167.25	2
1233	50.5	4
1234	54.25	3
1235	135.875	5
1236	61.0	3
1237	96.0	5
1238	53.0	3
1239	88.875	5
1240	40.625	3
1241	177.25	4
1242	66.75	3
1243	57.5	5
1244	106.75	5
1245	80.5	5
1246	69.25	3
1247	28.125	1
1248	42.5	3
1250	68.75	4
1251	96.625	5
1252	141.125	4
1254	100.5	5
1255	57.0	3
1256	48.375	4
1257	48.875	3
1258	68.0	3
1259	42.5	3
1260	395.5	1
1261	23.375	1
1262	20.75	1
1263	101.75	1
1264	107.75	9
1265	28.75	2
1266	53.25	3
1267	72.75	4
1268	167.875	3
1269	90.125	5
1270	44.875	5
1271	99.5	4
1272	54.0	3
1273	246.125	1
1274	117.75	2
1275	48.125	3
1276	21.0	3
1277	40.0	5
1278	174.0	2
1279	143.875	4
1280	16.75	2
1281	36.75	3
1282	251.75	1
1283	20.875	1
1284	19.5	2
1285	42.5	3
1286	81.875	6
1287	29.375	2
1288	21.25	1
1289	18.75	1
1290	116.375	3
1291	237.875	4
1292	86.25	5
1293	250.5	6
1294	57.375	3
1295	73.875	3
1296	64.875	3
1297	99.0	4
1298	49.75	3
1299	230.125	5
1300	41.0	3
1301	83.5	5
1302	22.75	3
1303	21.25	1
1304	59.25	3
1305	22.5	1
1306	77.0	1
1308	261.75	4
1309	84.625	3
1310	122.375	1
1311	34.25	2
1312	51.875	1
1313	118.625	5
1314	63.125	3
1315	39.875	4
1316	93.125	3
1317	128.75	3
1318	22.0	1
1319	30.25	2
1320	24.625	3
1321	21.75	3
1322	72.375	3
1323	73.75	4
1324	145.875	7
1325	22.75	3
1326	56.5	3
1328	68.625	3
1329	63.125	3
1330	28.625	4
1331	39.5	4
1332	70.5	5
1333	60.25	2
1335	82.625	4
1336	72.75	5
1337	70.375	3
1338	269.0	4
1339	92.25	5
1340	139.25	4
1341	115.75	2
1342	132.0	5
1343	70.25	1
1344	72.0	2
1347	126.125	4
1348	39.625	4
1349	34.75	1
1350	290.5	5
1351	68.25	3
1353	276.125	5
1354	20.75	1
1355	130.75	5
1356	62.125	3
1357	357.25	5
1358	93.875	4
1359	363.5	1
1360	76.0	8
1361	94.25	4
1362	74.25	1
1363	19.0	2
1364	25.625	1
1365	117.125	3
1366	86.0	4
1367	68.0	3
1368	92.0	5
1369	51.5	4
1370	36.5	4
1371	88.375	5
1372	25.5	3
1373	79.5	3
1374	97.75	4
1375	30.125	1
1376	95.25	4
1377	123.625	4
1378	76.0	4
1379	24.75	1
1380	153.5	6
1381	57.125	4
1382	94.625	4
1383	187.875	3
1384	94.75	4
1385	92.625	5
1386	280.375	6
1387	63.25	4
1388	153.0	2
1389	65.25	4
1390	170.875	1
1391	20.25	1
1392	46.875	2
1393	77.5	4
1394	70.875	4
1395	30.75	2
1396	196.75	1
1397	25.25	3
1398	20.375	3
1399	69.5	5
1400	98.0	6
1401	303.5	1
1402	59.125	5
1403	24.875	1
1404	356.25	7
1405	93.75	7
1406	69.0	6
1407	22.75	1
1408	19.75	1
1409	31.375	2
1410	94.75	6
1411	145.75	4
1412	77.125	6
1414	84.625	6
1415	31.75	3
1416	23.0	1
1417	74.375	4
1418	56.625	3
1419	170.375	3
1420	33.0	3
1421	25.5	3
1422	106.25	4
1423	32.25	3
1424	32.25	3
1425	145.625	4
1426	49.5	3
1427	32.25	2
1428	196.25	5
1429	151.875	7
1430	72.5	3
1431	54.0	3
1432	18.75	1
1433	262.75	3
1434	199.25	8
1435	36.125	3
1436	87.0	5
1437	65.875	4
1438	80.625	5
1439	107.75	5
1440	87.125	5
1441	68.125	3
1442	62.375	3
1444	79.25	1
1445	51.75	3
1446	53.25	2
1447	19.5	1
1448	75.625	4
1449	44.0	3
1450	22.0	1
1452	154.75	1
1453	34.75	3
1454	114.125	7
1455	55.375	4
1456	37.0	3
1457	37.875	3
1458	65.75	4
1459	35.25	3
1460	108.125	7
1461	131.75	6
1462	173.5	9
1463	57.5	3
1464	22.25	1
1465	30.75	3
1466	83.5	3
1467	38.875	1
1468	46.625	3
1469	20.375	2
1470	29.125	2
1471	60.625	4
1472	67.5	1
1473	22.75	1
1474	30.25	3
1475	32.875	2
1476	58.25	5
1477	32.625	3
1478	76.375	5
1480	63.875	3
1481	23.5	1
1482	28.75	3
1484	39.5	3
1485	66.0	4
1486	39.875	3
1487	43.125	3
1488	384.0	7
1489	26.0	2
1490	46.375	1
1491	210.25	2
1492	45.125	3
1493	359.375	7
1495	63.5	1
1496	121.0	3
1497	42.625	4
1498	30.875	1
1499	171.125	2
1500	46.5	3
1501	147.0	7
1502	27.25	1
1503	137.625	5
1504	80.375	4
1505	158.5	3
1506	129.5	6
1507	42.0	3
1508	62.5	3
1509	82.0	4
1510	54.5	3
1511	196.75	5
1512	68.75	1
1513	162.625	4
1514	60.25	1
1515	63.125	3
1516	17.25	1
1517	21.5	1
1518	57.75	3
1519	94.25	5
1521	122.125	3
1522	223.25	2
1523	158.375	6
1525	54.125	3
1526	67.125	3
1527	58.25	4
1529	21.375	3
1531	27.25	2
1532	42.375	4
1533	37.875	3
1534	18.75	1
1535	153.75	6
1536	30.75	2
1537	22.25	1
1538	25.375	3
1539	243.75	1
1540	36.875	3
1541	29.25	1
1542	61.5	4
1543	41.75	3
1544	135.5	5
1545	29.0	3
1546	48.375	3
1547	39.0	3
1548	93.25	6
1549	37.0	3
1550	91.125	4
1551	19.875	1
1552	41.75	3
1553	32.25	3
1554	77.125	4
1555	34.0	3
1556	108.375	2
1557	31.25	3
1558	89.75	6
1559	37.375	3
1560	46.5	3
1561	87.25	3
1562	42.25	3
1563	91.5	6
1564	41.875	2
1565	84.75	1
1566	93.5	3
1567	99.625	2
1568	163.75	5
1569	44.625	1
1570	25.0	3
1571	45.625	3
1573	120.25	6
1574	61.0	4
1575	49.5	3
1576	90.625	4
1577	50.0	3
1578	142.875	4
1580	31.25	3
1581	56.5	3
1582	56.25	1
1583	30.25	1
1584	16.0	1
1585	20.25	1
1587	132.25	2
1588	101.75	5
1589	37.0	1
1590	225.0	7
1591	20.75	1
1592	151.25	4
1593	67.375	1
1594	74.5	3
1595	35.125	3
1596	35.875	2
1598	241.5	7
1599	22.0	3
1600	94.875	5
1601	67.75	4
1602	54.75	5
1604	56.5	4
1605	133.75	3
1606	103.25	6
1607	42.5	3
1608	89.375	4
1609	106.0	7
1610	93.125	6
1611	53.125	4
1612	37.75	2
1613	45.25	3
1614	36.125	3
1615	94.625	6
1616	19.75	1
1617	94.75	5
1618	27.0	1
1619	105.875	5
1620	130.625	6
1621	44.375	3
1622	28.25	1
1623	76.0	4
1624	71.875	4
1625	34.5	3
1626	93.875	5
1627	29.75	2
1628	53.5	3
1629	82.75	4
1630	46.125	5
1631	18.75	1
1632	77.125	4
1633	38.0	3
1634	53.625	3
1635	19.0	1
1636	75.25	3
1637	28.125	3
1638	197.0	7
1639	73.5	1
1640	56.375	5
1641	33.375	1
1642	56.25	4
1643	86.0	3
1644	46.25	1
1645	114.5	4
1646	157.5	4
1647	17.5	1
1648	136.25	4
1649	56.0	3
1650	47.25	3
1651	213.125	3
1652	115.5	5
1653	30.125	1
1654	31.75	3
1655	21.5	1
1656	265.125	5
1657	57.0	4
1658	45.875	3
1659	51.875	4
1660	92.5	5
1661	51.375	1
1662	42.375	3
1663	42.5	3
1664	47.0	3
1665	185.375	3
1666	56.5	3
1667	77.25	4
1669	42.625	3
1670	30.125	1
1671	17.25	2
1672	20.875	2
1673	126.25	5
1674	42.5	4
1675	24.5	1
1676	23.5	3
1677	42.875	3
1678	43.25	2
1679	102.0	3
1680	99.0	6
1681	81.75	4
1682	22.75	1
1683	93.125	6
1684	100.0	3
1685	98.25	5
1686	18.25	1
1687	40.875	2
1688	79.125	4
1689	135.125	5
1690	78.125	5
1691	430.75	4
1692	33.375	2
1693	80.375	5
1694	62.75	3
1695	56.25	2
1696	135.75	3
1697	18.5	1
1698	49.75	1
1699	103.625	2
1700	53.25	1
1701	45.625	3
1702	183.375	5
1703	231.375	4
1704	149.75	3
1705	198.25	1
1706	71.25	3
1707	66.5	4
1708	151.375	1
1709	25.625	3
1710	36.5	3
1711	75.625	3
1712	93.125	3
1713	41.625	3
1714	103.75	4
1715	53.375	3
1716	47.25	3
1717	28.25	3
1718	217.25	2
1719	43.5	4
1720	95.0	7
1721	203.375	3
1722	69.25	1
1723	23.875	2
1724	28.25	1
1725	23.25	1
1726	44.375	3
1728	50.0	3
1729	22.125	1
1730	86.375	6
1731	74.75	3
1732	49.5	1
1733	54.25	4
1734	84.0	5
1735	40.0	3
1736	125.875	5
1737	103.375	4
1738	38.375	3
1739	41.125	3
1740	28.25	3
1741	67.25	5
1742	92.5	3
1743	210.875	2
1744	18.75	1
1745	28.25	3
1746	53.5	3
1747	108.125	4
1748	14.0	1
1749	203.375	2
1751	23.75	3
1753	20.0	3
1754	157.125	9
1755	16.25	1
1756	99.5	4
1757	222.0	3
1761	78.625	3
1762	73.5	3
1763	22.25	1
1765	56.25	3
1766	33.0	3
1767	74.5	5
1768	30.5	1
1770	24.5	3
1771	129.375	2
1772	39.0	3
1773	31.375	2
1774	43.25	3
1775	21.25	1
1776	32.5	3
1777	34.25	2
1778	41.0	4
1779	153.625	5
1780	25.25	3
1781	28.5	3
1782	26.25	3
1783	18.75	1
1784	36.75	1
1785	100.75	3
1786	23.25	3
1787	69.75	4
1788	316.0	5
1789	34.25	3
1790	57.75	3
1791	132.0	5
1792	367.125	7
1793	66.5	5
1794	83.75	3
1795	97.375	1
1796	215.5	8
1797	68.0	3
1798	108.125	3
1799	54.625	4
1800	119.75	6
1801	66.875	4
1802	64.0	3
1803	122.375	4
1804	238.25	2
1806	51.0	3
1807	48.125	2
1808	51.5	2
1809	23.75	1
1811	48.0	3
1812	76.25	4
1813	65.5	5
1814	151.75	6
1815	46.125	1
1816	102.5	5
1817	44.75	3
1818	256.0	2
1819	70.0	1
1820	28.25	3
1821	40.625	1
1822	24.5	3
1823	72.0	4
1824	88.0	3
1825	113.0	5
1828	31.25	3
1829	49.125	1
1830	50.25	3
1831	23.375	2
1833	71.25	3
1834	188.5	6
1835	17.75	1
1836	50.875	4
1837	25.0	1
1838	75.375	1
1839	37.75	3
1840	28.125	3
1841	84.0	3
1844	48.5	2
1845	48.25	3
1846	69.0	3
1847	157.5	2
1848	168.0	6
1849	35.25	3
1850	100.875	4
1851	111.875	5
1852	117.5	4
1854	181.375	3
1855	42.375	3
1856	25.75	1
1857	34.625	3
1858	75.0	5
1859	18.0	1
1860	30.5	3
1861	109.0	4
1862	75.125	5
1863	54.25	4
1864	41.875	3
1865	46.0	3
1866	53.5	4
1867	73.0	5
1868	114.25	5
1869	26.75	3
1870	114.875	5
1871	50.625	3
1872	51.5	1
1873	20.25	1
1875	22.25	3
1876	23.125	2
1877	46.25	3
1878	31.125	3
1879	112.125	1
1880	39.875	3
1881	20.25	2
1883	22.25	1
1884	237.125	7
1885	150.125	5
1886	31.625	3
1887	124.125	5
1889	49.875	3
1890	21.5	3
1891	100.625	6
1893	19.25	2
1894	152.25	4
1896	228.125	6
1897	47.625	4
1898	168.75	1
1899	186.5	6
1900	74.5	3
1901	90.75	5
1902	275.0	3
1903	20.25	3
1904	225.625	7
1905	246.625	7
1906	36.25	3
1908	20.25	1
1909	177.75	3
1910	28.375	1
1911	64.25	4
1912	19.75	3
1913	37.0	2
1914	111.5	6
1915	158.75	4
1916	53.25	4
1917	166.625	8
1918	20.25	2
1919	55.75	4
1920	166.625	3
1921	129.5	4
1922	22.0	3
1923	44.125	3
1924	81.125	3
1925	58.25	4
1926	67.25	3
1927	62.875	1
1928	48.5	3
1930	55.625	3
1931	54.75	3
1932	205.625	3
1933	226.5	1
1934	54.25	3
1935	79.375	5
1937	141.125	7
1938	73.0	5
1939	68.0	3
1940	69.375	5
1941	45.625	3
1942	171.375	5
1943	81.0	1
1944	26.625	1
1945	72.75	4
1946	79.0	3
1947	71.375	4
1948	31.0	3
1949	94.875	2
1950	64.25	5
1952	38.875	3
1953	99.75	3
1954	43.875	3
1955	45.25	4
1957	134.75	5
1958	33.0	3
1960	33.125	3
1961	98.875	3
1962	55.75	1
1963	58.5	3
1964	15.5	1
1966	110.375	5
1967	18.25	1
1968	252.0	1
1969	23.5	1
1970	37.75	1
1971	48.125	2
1972	172.0	1
1974	20.75	2
1975	68.875	3
1976	22.875	1
1977	61.125	5
1978	207.125	2
1979	78.125	5
1980	103.625	5
1981	36.75	3
1982	34.75	3
1983	65.875	4
1984	65.0	1
1985	279.0	1
1986	72.375	3
1987	259.875	6
1988	69.25	2
1989	173.875	1
1990	32.25	3
1991	94.375	4
1992	39.75	3
1993	42.875	1
1994	211.25	3
1996	311.25	5
1997	53.5	1
1998	99.0	4
1999	81.75	5
2000	21.0	1
2001	40.5	3
2002	26.5	1
2003	29.25	1
2004	170.625	5
2005	41.875	3
2006	24.625	3
2007	156.5	3
2008	49.75	3
2009	22.25	2
2010	191.25	2
2012	19.25	1
2013	111.375	7
2015	32.0	3
2016	22.75	2
2017	124.25	3
2018	106.25	4
2019	133.5	2
2020	136.75	5
2021	51.25	1
2022	83.25	2
2023	21.875	1
2024	113.25	8
2025	40.625	4
2026	30.875	1
2027	45.375	3
2028	84.125	4
2029	63.0	7
2030	49.0	5
2031	73.25	6
2033	175.375	5
2035	49.875	3
2036	45.0	3
2037	223.125	6
2038	60.5	3
2039	21.75	2
2040	42.5	3
2042	54.875	3
2043	63.0	1
2044	57.25	4
2045	103.25	4
2046	49.625	4
2047	75.5	3
2048	47.75	3
2049	28.625	4
2050	229.75	1
2051	83.625	3
2052	78.0	6
2053	45.25	3
2054	24.5	3
2055	30.25	3
2056	179.25	3
2057	139.5	5
2058	66.25	2
2059	52.375	3
2060	216.625	10
2061	93.0	5
2062	56.0	3
2063	44.25	2
2064	222.875	1
2065	88.25	4
2066	194.75	8
2067	22.0	1
2068	30.625	3
2069	143.5	4
2070	26.0	1
2072	72.0	4
2074	96.75	7
2075	18.75	1
2076	29.0	2
2077	41.5	3
2078	32.5	3
2079	118.625	5
2080	53.5	4
2081	109.375	5
2083	26.5	3
2084	62.25	3
2085	60.25	3
2086	89.125	5
2087	91.875	2
2088	129.125	5
2091	120.625	4
2092	58.75	5
2094	113.25	2
2095	56.125	4
2096	65.125	3
2097	52.75	1
2098	255.375	7
2099	61.875	5
2100	44.5	4
2102	74.25	3
2103	131.5	7
2104	63.375	4
2105	46.125	3
2107	180.75	8
2108	58.875	1
2109	32.5	3
2110	137.75	3
2111	24.375	3
2112	127.25	8
2113	44.875	3
2114	69.875	3
2115	108.25	7
2116	38.625	3
2117	73.625	3
2118	100.5	3
2119	19.75	1
2120	61.125	4
2121	89.0	5
2122	32.0	2
2123	35.0	1
2124	97.25	6
2125	39.875	3
2126	45.875	3
2127	20.0	3
2128	226.25	4
2129	69.25	3
2130	43.75	3
2131	73.5	4
2132	62.75	3
2133	33.0	3
2134	32.5	3
2135	42.5	3
2136	73.125	5
2137	113.0	4
2138	39.25	3
2139	115.875	4
2140	32.875	1
2141	22.5	2
2142	22.25	2
2143	180.125	7
2144	41.375	3
2145	52.75	6
2146	87.75	6
2147	390.5	4
2148	63.5	1
2149	83.625	1
2150	160.875	4
2151	37.25	3
2152	23.75	3
2153	142.75	3
2154	253.0	4
2155	165.0	5
2156	27.25	3
2157	118.75	2
2158	49.0	3
2159	28.0	2
2160	80.75	5
2161	83.0	4
2164	44.0	3
2166	245.625	1
2167	146.625	4
2168	17.75	1
2169	65.875	3
2170	54.25	3
2171	20.5	1
2172	143.25	1
2173	95.875	7
2175	176.375	1
2176	91.25	1
2177	112.5	6
2178	200.25	4
2179	35.875	3
2180	117.625	4
2181	68.25	1
2182	89.75	4
2183	42.25	3
2184	51.0	3
2185	119.625	6
2186	29.25	1
2187	27.125	3
2188	49.25	3
2189	33.625	3
2190	39.25	3
2191	27.75	3
2192	82.375	4
2193	43.125	3
2196	64.25	4
2198	105.375	6
2199	80.75	2
2201	249.375	6
2202	103.5	5
2203	89.75	4
2205	188.75	3
2206	104.5	4
2207	75.875	3
2208	132.25	4
2209	53.25	3
2210	96.5	3
2211	85.0	3
2212	21.0	2
2213	23.75	1
2214	72.5	4
2215	152.375	2
2216	67.125	3
2217	157.875	4
2218	49.875	1
2220	39.75	3
2221	119.5	7
2222	66.75	5
2223	181.25	1
2224	21.0	2
2225	29.875	3
2226	73.25	2
2227	20.75	1
2228	29.5	3
2230	20.25	1
2231	172.25	6
2232	177.375	5
2233	24.0	3
2234	143.625	5
2235	79.75	5
2236	42.25	5
2237	46.0	3
2238	23.125	1
2239	25.0	3
2240	101.25	5
2241	19.75	2
2242	119.125	6
2243	81.625	5
2244	21.375	3
2245	64.625	5
2247	74.125	5
2248	32.5	3
2250	86.25	5
2251	46.75	3
2252	93.75	6
2253	39.625	3
2254	66.0	3
2255	53.75	1
2256	85.25	1
2257	26.875	1
2258	149.25	7
2259	49.75	3
2260	58.75	5
2261	18.625	1
2262	91.0	1
2263	264.0	1
2264	159.875	4
2265	197.0	5
2266	195.375	3
2267	42.125	2
2268	23.75	1
2269	170.0	1
2271	58.375	4
2272	73.375	4
2273	46.25	4
2274	111.375	3
2275	28.75	3
2276	24.375	1
2277	472.25	3
2278	176.875	4
2279	103.0	6
2280	128.25	3
2281	74.875	2
2282	47.0	3
2283	169.875	10
2284	87.5	6
2285	85.0	1
2286	41.875	1
2287	29.75	3
2288	49.875	3
2290	233.125	8
2291	43.0	3
2293	89.0	2
2294	77.75	3
2295	49.625	2
2296	31.25	2
2298	41.5	3
2299	37.0	3
2300	116.5	3
2301	89.625	5
2302	50.75	4
2303	241.0	6
2304	24.0	1
2305	134.875	5
2306	35.375	3
2307	76.5	5
2309	170.0	4
2310	90.875	4
2311	46.75	3
2312	53.5	1
2313	21.25	3
2314	60.75	5
2315	347.5	2
2317	44.375	4
2318	201.25	2
2319	44.125	3
2320	225.75	7
2321	50.25	5
2322	41.875	4
2323	29.0	3
2325	43.75	3
2326	27.25	1
2327	35.875	3
2328	57.625	3
2330	20.25	2
2331	37.0	3
2332	20.75	2
2333	40.875	3
2336	45.125	3
2337	165.75	4
2338	105.375	6
2339	44.625	3
2340	31.125	2
2341	42.375	3
2342	32.5	3
2343	28.5	3
2344	56.75	1
2345	347.625	5
2346	59.625	1
2347	20.0	1
2348	22.875	1
2349	42.875	5
2350	55.75	3
2351	65.25	1
2353	46.625	3
2354	150.375	2
2355	213.5	7
2356	106.375	7
2357	50.5	3
2358	42.5	3
2359	81.5	3
2360	131.875	5
2361	96.25	5
2362	88.875	6
2363	137.25	5
2364	25.25	2
2365	24.0	1
2366	56.625	3
2367	39.25	3
2368	54.25	5
2369	22.25	1
2370	48.625	3
2371	124.375	8
2372	75.25	4
2373	44.75	3
2374	73.0	4
2375	33.625	3
2377	46.0	2
2378	21.5	1
2379	77.125	3
2381	104.5	4
2382	246.5	7
2383	48.0	4
2384	25.25	3
2385	26.375	1
2386	20.0	1
2388	61.375	2
2389	89.25	4
2391	46.0	3
2392	76.875	2
2393	63.875	3
2394	52.0	5
2395	29.0	3
2397	86.125	2
2398	44.875	3
2399	18.0	3
2400	80.0	3
2401	91.125	5
2402	31.5	3
2404	113.5	4
2405	49.75	4
2406	42.25	3
2407	20.0	3
2408	28.0	3
2409	43.25	3
2410	83.0	1
2411	21.625	3
2412	47.75	3
2413	26.375	3
2414	48.0	3
2415	96.375	6
2416	50.375	4
2417	38.375	3
2418	71.375	5
2419	94.75	4
2420	64.125	4
2421	81.125	2
2422	30.0	2
2423	33.0	2
2424	52.125	3
2425	67.875	5
2426	63.25	4
2427	75.75	7
2430	157.75	3
2431	34.5	1
2432	17.5	1
2433	75.125	3
2434	48.75	3
2435	61.0	4
2436	27.25	1
2437	58.25	3
2438	84.0	4
2439	24.5	3
2440	161.625	7
2441	37.625	3
2442	74.875	5
2443	36.5	3
2444	39.125	3
2445	24.25	1
2447	76.75	3
2448	29.25	1
2449	76.0	5
2450	84.75	4
2451	22.25	1
2452	20.0	2
2453	145.0	1
2454	36.875	4
2455	21.75	1
2456	70.875	3
2457	79.125	1
2458	36.875	3
2459	68.375	1
2460	97.375	4
2461	65.875	4
2462	226.625	6
2464	53.25	4
2465	121.25	6
2466	160.25	4
2467	226.75	7
2468	147.0	6
2469	56.75	4
2470	68.5	1
2471	215.0	2
2472	36.25	4
2473	58.75	3
2474	52.75	3
2475	22.25	1
2476	32.25	1
2477	66.5	4
2478	37.0	3
2480	35.25	2
2481	197.875	6
2482	78.125	4
2483	69.125	3
2484	126.75	2
2485	30.375	1
2486	21.5	1
2487	36.0	1
2488	107.75	9
2489	46.625	5
2490	33.375	2
2491	24.25	3
2492	268.875	2
2493	244.75	5
2494	81.0	1
2497	31.0	3
2498	32.75	2
2500	32.25	2
2501	27.0	2
2503	147.625	3
2504	291.75	3
2505	78.125	3
2506	25.5	1
2507	60.25	3
2508	76.0	7
2509	60.0	1
2510	28.0	1
2511	51.625	3
2512	49.0	3
2513	20.5	1
2514	217.625	7
2515	62.125	2
2516	25.0	1
2517	182.75	6
2518	84.5	3
2519	22.0	1
2520	74.75	3
2521	67.125	5
2522	219.875	1
2523	141.875	5
2524	100.625	6
2525	19.0	1
2526	46.25	3
2527	51.5	3
2529	150.25	2
2530	118.25	5
2531	131.75	4
2532	149.25	5
2534	28.125	2
2535	56.375	4
2536	48.625	2
2537	37.5	2
2538	53.5	4
2539	118.75	4
2540	122.875	3
2541	68.5	4
2542	112.75	6
2544	122.25	6
2545	22.0	3
2546	63.625	4
2547	54.875	2
2548	114.75	5
2549	196.5	7
2550	57.0	1
2551	20.75	3
2552	69.25	3
2553	23.375	1
2554	131.0	1
2555	25.75	2
2556	126.0	3
2557	74.875	3
2558	67.625	5
2559	20.5	2
2560	34.5	3
2561	55.625	5
2562	26.0	3
2563	38.75	3
2565	38.5	1
2568	171.75	4
2570	69.875	4
2571	69.5	4
2572	40.125	3
2573	28.875	2
2574	32.5	3
2575	58.75	3
2576	101.875	5
2577	93.0	3
2578	216.0	6
2580	80.25	6
2581	80.0	5
2582	18.25	1
2583	42.0	3
2584	55.75	4
2585	30.75	1
2586	78.0	4
2587	59.875	2
2589	124.75	5
2590	29.75	3
2591	134.0	5
2592	42.0	5
2594	27.625	1
2595	19.25	2
2596	198.0	5
2597	70.0	4
2598	28.25	2
2599	21.5	3
2600	75.625	5
2601	26.5	1
2602	198.25	8
2603	61.0	1
2605	132.875	6
2606	61.0	1
2607	92.5	5
2608	103.0	4
2609	63.25	3
2610	143.25	4
2611	69.875	2
2612	46.375	3
2613	117.875	4
2614	58.25	5
2615	33.0	1
2616	138.625	4
2617	19.25	1
2618	52.125	3
2619	18.375	1
2622	121.75	4
2623	26.25	3
2624	56.125	4
2625	81.125	4
2626	107.0	3
2627	78.5	5
2628	23.0	3
2629	115.5	5
2630	40.125	3
2631	153.5	6
2632	52.875	3
2633	26.0	1
2634	101.375	4
2635	37.625	4
2636	44.375	3
2637	33.375	3
2638	32.25	3
2639	32.75	3
2640	92.375	5
2641	40.75	3
2642	123.25	6
2643	41.875	3
2644	63.5	4
2645	76.875	4
2646	134.0	5
2648	30.0	3
2650	44.0	3
2651	320.5	5
2652	117.5	5
2653	21.25	1
2654	78.75	5
2655	57.875	4
2656	81.125	4
2657	29.0	3
2658	122.375	3
2659	234.75	2
2660	75.75	5
2661	61.75	4
2662	22.25	1
2663	233.875	4
2664	72.375	3
2665	160.75	5
2666	26.375	2
2667	62.0	1
2668	141.0	5
2670	144.0	5
2671	28.75	1
2672	235.75	1
2673	60.5	3
2674	28.25	2
2675	70.25	2
2676	185.0	1
2677	70.625	4
2678	51.25	3
2679	44.375	3
2680	27.0	2
2681	39.75	3
2682	181.5	6
2683	58.0	3
2684	137.75	4
2685	24.5	3
2686	46.25	5
2687	38.5	3
2688	123.75	3
2689	147.375	5
2690	18.125	1
2691	112.75	5
2692	33.25	3
2693	30.0	1
2694	34.25	3
2695	72.125	6
2696	115.0	3
2697	435.375	1
2698	81.0	1
2699	180.75	1
2700	23.5	3
2701	48.625	4
2702	81.0	6
2703	157.75	5
2704	40.0	3
2705	27.625	2
2706	41.625	3
2708	143.0	1
2709	22.625	3
2710	116.75	5
2711	40.125	3
2712	39.375	4
2713	134.125	5
2715	428.375	4
2716	60.125	3
2717	63.5	1
2718	33.75	3
2719	24.75	1
2720	53.0	3
2721	97.5	6
2722	59.375	3
2723	70.5	5
2724	202.5	3
2725	29.875	2
2726	64.5	1
2727	90.125	5
2728	41.75	3
2729	22.75	3
2730	155.75	4
2731	44.0	2
2732	24.0	2
2733	95.25	1
2734	33.125	4
2735	62.875	3
2736	110.875	4
2737	50.625	3
2738	69.875	4
2739	67.125	3
2740	51.875	4
2741	305.875	1
2742	91.125	6
2744	95.125	1
2745	20.25	3
2746	128.625	5
2747	262.25	5
2748	34.5	3
2749	88.125	3
2750	39.75	3
2751	86.5	5
2752	20.375	1
2753	51.5	2
2754	33.125	3
2755	20.5	1
2756	64.0	4
2757	88.625	5
2759	208.5	5
2760	24.625	1
2761	34.125	3
2762	95.625	2
2763	74.125	5
2764	95.0	4
2765	33.75	3
2766	188.375	6
2767	39.625	3
2768	70.75	4
2770	36.25	3
2771	65.0	1
2772	45.5	5
2773	39.75	3
2774	32.25	3
2776	68.25	3
2777	67.0	4
2778	191.5	7
2780	340.375	2
2781	56.5	4
2783	53.25	4
2784	43.125	4
2785	59.5	2
2786	60.0	5
2787	105.75	4
2790	33.75	4
2791	39.75	2
2792	161.75	5
2793	65.75	5
2794	91.75	3
2795	74.875	4
2796	34.75	2
2797	84.375	4
2799	39.75	3
2800	38.25	3
2801	76.375	5
2802	163.5	5
2803	71.0	5
2804	186.25	4
2805	44.25	1
2806	20.125	1
2807	65.25	5
2808	29.125	3
2809	57.375	4
2810	65.25	1
2812	23.75	1
2813	44.25	3
2814	57.75	1
2815	22.75	3
2816	53.0	3
2817	94.375	5
2819	128.0	5
2820	83.375	3
2821	35.625	3
2822	27.75	3
2825	39.0	3
2826	25.5	1
2827	87.5	11
2828	158.625	5
2829	23.25	1
2830	69.5	3
2831	53.5	4
2832	199.875	3
2833	27.25	3
2835	36.75	3
2836	133.75	5
2837	41.5	1
2838	70.5	4
2839	183.0	6
2840	18.125	1
2841	88.125	4
2842	48.375	3
2843	124.625	4
2844	37.25	3
2845	122.75	5
2846	111.5	2
2848	59.25	4
2849	49.875	3
2850	56.125	1
2851	48.25	3
2852	30.5	2
2853	36.25	3
2854	36.75	1
2855	27.125	3
2856	76.25	4
2857	31.125	1
2858	26.625	3
2859	30.625	3
2860	130.125	7
2861	54.5	3
2862	110.75	5
2863	21.875	2
2864	161.0	4
2865	41.25	4
2866	75.0	1
2867	31.0	2
2868	37.25	3
2869	67.25	3
2870	34.75	2
2871	78.25	8
2872	203.125	5
2873	55.125	3
2874	19.5	3
2875	88.75	5
2876	60.0	4
2877	121.5	7
2878	87.0	5
2880	45.625	3
2881	46.875	3
2882	251.125	7
2883	93.875	4
2884	59.25	4
2885	125.875	3
2886	19.5	1
2887	162.875	7
2888	150.5	1
2889	43.25	4
2890	38.75	3
2891	63.375	4
2892	76.25	3
2893	73.625	6
2894	182.25	7
2896	151.25	3
2897	250.75	5
2898	212.875	4
2899	40.75	4
2900	25.0	3
2901	31.0	3
2902	20.5	1
2903	62.25	7
2904	30.0	2
2905	54.5	3
2906	29.25	3
2908	73.625	5
2909	64.75	3
2910	102.625	4
2911	18.5	1
2912	27.375	1
2913	33.25	2
2914	36.5	3
2915	78.25	4
2916	27.5	3
2917	43.75	2
2918	114.5	3
2919	44.75	4
2920	146.0	6
2921	48.625	3
2922	41.0	3
2923	96.125	5
2924	93.25	4
2925	90.25	2
2926	19.0	1
2927	86.125	1
2928	36.625	3
2929	20.5	1
2930	18.75	1
2932	81.75	4
2933	109.625	7
2934	76.75	5
2935	58.25	1
2937	109.625	2
2938	85.375	5
2939	97.0	5
2942	18.5	2
2943	36.375	3
2944	144.0	3
2945	134.25	3
2946	31.5	2
2947	110.375	5
2948	45.875	2
2949	25.625	2
2950	174.375	4
2951	19.0	1
2952	48.125	3
2953	61.0	3
2954	29.25	2
2955	121.125	4
2956	31.0	1
2957	75.125	5
2958	68.75	1
2959	142.25	6
2960	33.25	3
2961	22.0	3
2962	25.25	1
2963	57.75	3
2964	110.75	5
2966	22.25	3
2967	56.75	3
2968	53.375	5
2969	67.25	3
2970	135.625	6
2971	61.875	4
2972	182.625	2
2973	162.75	4
2974	47.125	1
2975	110.125	3
2976	101.375	5
2977	65.0	3
2978	27.25	3
2979	49.75	2
2980	44.375	4
2981	69.125	4
2982	44.125	3
2983	64.0	1
2984	25.5	1
2985	23.75	2
2986	25.75	3
2987	35.75	3
2988	177.0	6
2989	43.625	1
2990	67.25	1
2991	75.375	4
2992	114.375	5
2993	30.25	3
2994	223.375	5
2995	71.75	3
2996	72.25	2
2997	24.0	1
2998	95.875	5
2999	218.875	5
3000	20.0	3
3001	19.5	1
3002	51.875	5
3003	21.75	1
3004	164.75	9
3005	44.5	4
3006	108.0	4
3007	141.125	2
3008	110.125	4
3009	86.25	4
3010	69.0	2
3012	150.75	2
3013	49.5	3
3014	106.75	6
3015	132.25	3
3016	83.5	5
3017	45.625	4
3018	306.5	3
3019	41.75	4
3020	76.375	5
3021	40.875	4
3022	76.875	4
3023	108.75	3
3024	82.375	4
3025	47.625	1
3026	80.375	4
3027	66.5	1
3028	270.0	1
3029	61.5	1
3030	26.0	3
3031	32.25	4
3032	83.625	3
3033	48.75	3
3034	38.375	3
3035	66.0	1
3036	126.0	3
3037	127.25	3
3038	84.625	5
3039	43.5	3
3040	43.375	3
3041	54.25	4
3042	23.75	3
3043	79.375	6
3044	74.0	4
3045	58.375	1
3047	34.0	2
3048	44.75	3
3049	68.5	3
3051	55.125	4
3052	156.875	2
3053	204.25	4
3054	93.0	3
3055	66.5	5
3056	73.25	1
3057	22.875	1
3058	87.625	4
3059	203.625	3
3060	64.0	3
3061	47.75	3
3062	34.875	3
3063	45.625	3
3064	46.5	3
3065	102.875	5
3067	45.0	3
3068	18.75	1
3069	69.25	3
3070	103.625	4
3071	87.125	5
3072	49.5	2
3074	156.0	5
3075	31.25	2
3076	65.5	3
3077	70.25	6
3078	38.375	4
3079	147.375	4
3080	43.875	2
3081	53.75	4
3082	20.0	3
3083	61.375	3
3084	216.75	1
3085	98.5	3
3086	116.5	7
3088	190.0	1
3089	104.625	4
3090	33.5	3
3091	21.25	2
3092	63.5	3
3093	65.625	5
3094	78.0	4
3095	30.375	3
3096	70.25	5
3098	145.625	3
3099	41.5	3
3100	183.75	6
3101	82.625	1
3102	51.375	4
3103	43.75	3
3104	93.125	2
3105	79.25	5
3106	149.625	6
3107	55.75	4
3108	108.125	2
3109	29.75	2
3110	39.5	3
3111	24.5	3
3112	84.25	3
3113	56.375	4
3114	87.5	1
3115	39.375	3
3116	33.875	2
3117	59.625	2
3118	29.875	2
3119	20.25	1
3120	116.375	5
3121	70.5	2
3122	36.75	3
3123	197.75	3
3125	185.125	6
3126	30.5	1
3127	320.25	3
3129	152.5	6
3130	21.25	1
3131	69.0	4
3132	113.5	6
3133	61.625	4
3134	50.25	4
3135	42.25	3
3136	87.5	1
3137	46.25	3
3138	213.25	10
3139	83.625	2
3140	135.25	6
3141	54.125	2
3142	59.75	2
3143	42.0	3
3144	66.375	3
3145	33.75	3
3148	112.375	3
3149	59.75	5
3150	22.5	1
3151	77.0	7
3152	136.125	3
3153	63.125	3
3154	82.25	1
3155	49.5	2
3156	43.25	1
3157	55.625	3
3158	181.875	2
3159	29.625	3
3160	87.625	2
3161	67.75	1
3162	71.0	5
3163	32.25	2
3164	87.875	7
3166	105.375	6
3167	246.125	1
3168	37.875	2
3169	216.0	5
3170	58.25	3
3171	75.0	3
3172	36.5	3
3173	90.875	2
3174	49.75	5
3175	34.875	1
3176	52.375	3
3177	83.75	10
3178	216.0	1
3179	21.5	3
3180	106.75	5
3181	63.25	3
3182	71.5	1
3183	89.25	3
3184	154.75	5
3185	187.625	7
3186	50.0	2
3187	21.75	3
3188	31.0	3
3189	59.0	3
3190	36.625	4
3191	48.25	2
3192	77.5	4
3193	157.625	7
3194	21.75	1
3195	88.625	6
3196	81.375	4
3197	69.125	1
3198	60.375	3
3199	44.625	3
3200	23.25	1
3201	82.125	5
3202	56.75	5
3203	30.25	2
3204	63.625	5
3205	70.5	5
3206	21.625	2
3207	102.25	5
3208	120.75	4
3209	75.375	5
3210	101.5	4
3211	384.875	1
3212	69.125	5
3213	34.5	3
3214	136.5	6
3215	210.875	5
3216	95.5	4
3217	30.625	3
3218	37.25	1
3219	33.0	3
3220	88.0	4
3221	49.0	1
3222	35.25	3
3223	130.75	5
3224	24.0	1
3225	21.75	1
3226	82.125	3
3227	38.5	3
3228	162.75	5
3229	50.25	3
3230	25.875	2
3231	19.0	2
3232	29.75	3
3233	131.25	4
3234	98.875	5
3235	54.75	1
3236	38.5	3
3237	35.75	3
3238	228.625	3
3240	21.25	2
3241	99.875	5
3242	249.875	3
3243	263.5	3
3245	109.625	6
3246	20.75	1
3247	180.5	3
3249	102.125	2
3250	36.0	3
3251	186.0	7
3252	21.0	2
3253	20.75	1
3254	118.25	4
3255	46.5	4
3256	34.5	3
3257	25.875	2
3258	120.625	3
3259	20.25	3
3260	51.375	4
3261	76.0	4
3262	101.875	4
3263	51.875	5
3264	50.25	3
3265	236.0	5
3266	112.875	6
3267	47.875	3
3268	36.625	2
3269	57.5	4
3270	190.0	2
3271	136.875	4
3272	31.0	3
3273	41.75	3
3274	23.5	3
3276	180.25	5
3277	39.0	3
3278	134.625	5
3279	37.5	3
3281	91.25	5
3282	139.25	7
3283	61.5	5
3284	29.0	3
3285	84.0	5
3286	168.0	4
3287	18.75	1
3288	94.625	5
3289	51.625	3
3291	158.5	4
3292	63.75	4
3293	59.125	3
3294	260.0	8
3295	17.625	1
3296	64.0	3
3297	44.375	5
3298	32.0	4
3299	29.875	3
3300	23.125	1
3301	299.25	3
3302	37.625	3
3303	46.25	3
3304	40.625	1
3305	24.0	3
3306	60.625	3
3307	36.25	3
3308	307.0	1
3309	402.5	1
3310	22.0	3
3311	273.5	8
3312	118.125	3
3313	94.625	1
3314	128.25	4
3315	66.375	5
3316	43.625	1
3317	40.25	4
3318	67.625	3
3319	42.75	3
3320	41.875	3
3321	100.625	4
3322	35.25	3
3323	85.5	4
3324	64.0	4
3325	207.125	5
3326	21.125	3
3328	95.75	4
3329	44.375	3
3330	29.75	1
3331	37.0	3
3332	163.5	3
3333	21.625	1
3334	39.25	3
3335	133.25	3
3336	172.75	5
3338	25.5	1
3339	37.25	3
3340	154.125	5
3341	25.25	3
3343	117.375	5
3344	79.25	3
3345	27.5	1
3346	68.5	4
3347	134.875	6
3348	66.375	3
3349	21.0	1
3350	23.625	1
3351	49.125	3
3352	20.25	1
3353	121.375	5
3354	125.125	4
3355	59.25	4
3356	62.0	4
3357	67.25	4
3358	122.625	4
3359	25.75	1
3360	35.75	3
3361	62.75	3
3362	85.25	5
3363	27.0	1
3364	38.75	4
3365	30.375	3
3366	38.875	3
3367	111.375	2
3368	223.5	5
3369	67.25	3
3370	19.75	1
3371	21.5	1
3372	51.625	3
3373	218.75	5
3374	87.25	5
3375	67.0	2
3376	46.375	3
3377	89.0	3
3378	74.25	3
3379	257.25	1
3380	23.625	1
3381	42.625	3
3382	34.5	3
3383	91.625	3
3384	32.0	1
3385	29.625	1
3388	77.0	5
3389	92.75	5
3390	42.75	3
3392	19.0	1
3393	22.75	1
3394	99.5	5
3395	76.0	7
3396	54.0	4
3398	50.25	3
3399	23.75	1
3401	90.0	4
3402	127.0	4
3403	31.0	3
3404	89.0	4
3406	70.625	1
3407	33.5	3
3408	67.125	4
3409	67.0	5
3410	35.125	3
3411	125.25	4
3412	24.0	1
3414	273.5	1
3415	18.75	1
3416	73.875	5
3417	35.0	1
3418	78.375	6
3419	78.625	4
3420	137.75	7
3421	28.0	2
3422	40.25	3
3423	99.375	5
3424	82.25	4
3425	40.25	2
3426	24.375	3
3427	180.0	6
3428	55.75	4
3429	73.625	4
3430	80.75	3
3432	263.75	2
3433	96.625	6
3434	76.75	5
3435	97.375	5
3436	72.75	2
3437	58.5	4
3438	23.75	3
3439	31.625	3
3440	19.75	1
3441	206.75	3
3442	375.25	2
3443	51.0	3
3444	104.125	6
3446	54.375	4
3447	97.625	3
3448	24.0	3
3449	21.5	2
3450	65.75	4
3451	131.875	5
3452	81.125	3
3453	70.375	3
3454	233.0	5
3455	208.0	1
3456	48.75	4
3457	37.125	3
3458	52.25	3
3459	60.625	3
3460	51.125	5
3461	69.5	3
3462	107.375	5
3463	64.25	2
3464	44.625	3
3466	27.5	3
3467	105.0	3
3468	59.125	2
3469	123.875	4
3470	101.125	3
3471	59.125	5
3472	72.5	4
3474	103.75	2
3475	66.75	3
3476	28.0	1
3477	76.0	5
3478	107.375	4
3481	135.25	5
3482	44.375	5
3483	84.375	3
3484	96.625	3
3485	110.5	3
3487	104.875	5
3489	60.5	5
3490	30.75	3
3491	28.75	1
3492	50.5	4
3493	21.5	1
3494	39.625	3
3495	236.0	1
3496	48.375	3
3497	99.75	3
3498	111.125	5
3499	70.375	4
3500	165.5	1
3501	103.0	5
3502	177.25	2
3503	112.625	5
3504	85.875	5
3505	30.375	2
3506	145.875	1
3507	26.0	1
3508	165.75	3
3509	93.25	1
3510	33.5	3
3511	152.5	3
3512	62.875	4
3513	61.875	3
3514	46.75	1
3515	140.5	3
3517	133.125	6
3518	119.875	7
3519	208.375	6
3520	220.375	6
3521	30.75	3
3522	29.0	1
3523	159.75	3
3524	19.75	1
3525	74.5	4
3526	123.375	4
3527	174.125	7
3528	179.375	7
3529	40.875	3
3530	51.875	1
3531	26.75	2
3532	126.625	6
3533	73.25	4
3534	48.375	3
3535	216.0	1
3536	30.0	3
3537	142.5	6
3538	23.75	2
3539	26.375	1
3540	68.75	3
3541	138.25	1
3542	114.875	5
3543	23.5	2
3544	35.625	3
3545	25.5	3
3546	100.625	7
3547	21.5	3
3548	66.125	3
3549	80.0	5
3550	139.25	3
3551	37.625	4
3552	157.375	5
3553	99.75	1
3554	22.0	3
3555	163.625	3
3556	64.125	3
3557	27.75	3
3558	43.75	4
3559	137.375	5
3560	24.5	1
3561	84.875	2
3562	31.0	2
3563	33.5	3
3564	142.75	5
3565	31.25	3
3566	66.0	1
3567	18.0	2
3568	178.625	9
3569	16.5	1
3570	47.625	1
3571	74.25	1
3572	22.0	1
3573	80.0	6
3574	36.75	3
3575	119.0	4
3576	130.375	6
3577	195.625	3
3578	89.0	1
3579	129.625	4
3580	34.0	4
3581	64.125	3
3582	39.125	4
3583	38.75	3
3584	20.0	1
3586	87.0	6
3587	88.875	4
3588	99.875	7
3589	63.75	3
3591	118.125	6
3592	19.0	1
3593	34.75	3
3594	22.0	3
3596	85.5	7
3597	20.375	1
3599	44.875	3
3600	29.0	3
3601	170.375	3
3602	22.25	1
3603	23.625	1
3604	52.25	4
3605	65.0	1
3606	64.25	3
3607	92.5	5
3608	179.25	4
3609	21.5	1
3610	105.25	2
3611	190.875	1
3612	46.75	3
3613	75.25	4
3614	21.5	1
3615	34.375	3
3616	30.5	3
3617	212.0	4
3618	83.5	4
3619	43.25	4
3620	127.5	5
3621	28.25	3
3622	27.5	3
3623	72.5	2
3624	115.875	5
3625	65.625	4
3626	73.875	2
3627	110.875	5
3628	57.75	4
3629	70.25	3
3630	38.0	2
3631	116.375	6
3633	40.25	2
3634	37.25	3
3635	164.125	6
3636	144.625	3
3637	197.75	2
3638	27.25	2
3639	108.25	6
3640	52.875	4
3641	48.375	3
3642	64.125	4
3643	16.0	2
3644	25.25	3
3645	155.25	4
3646	109.25	3
3647	20.5	3
3648	38.125	3
3649	30.75	3
3650	29.0	2
3651	237.25	3
3652	26.5	1
3653	88.0	4
3654	42.125	3
3655	75.25	6
3656	57.875	3
3657	113.125	8
3658	311.375	4
3659	34.625	2
3660	64.375	5
3661	76.125	4
3662	63.5	4
3663	30.75	3
3664	102.5	4
3665	117.875	7
3666	41.75	3
3667	26.75	3
3668	43.25	3
3669	97.25	3
3670	29.25	3
3671	27.75	1
3672	42.5	3
3673	64.0	3
3674	54.375	5
3675	74.625	3
3676	68.125	3
3677	138.5	3
3678	70.75	2
3679	31.25	1
3680	52.125	3
3681	27.75	3
3682	20.5	1
3683	85.25	5
3684	33.875	3
3685	252.25	4
3686	201.5	3
3687	52.0	2
3688	52.375	3
3689	36.25	1
3690	54.625	4
3692	51.5	4
3693	41.5	4
3694	53.5	3
3695	20.0	1
3696	74.375	6
3697	198.375	7
3698	60.5	1
3699	95.625	3
3700	185.375	8
3701	223.25	2
3702	56.5	4
3704	94.75	3
3705	103.0	6
3706	48.5	4
3708	38.375	3
3709	92.0	5
3710	250.375	4
3711	38.625	3
3712	28.0	3
3713	78.75	3
3715	65.0	4
3716	27.75	1
3718	117.625	4
3719	59.125	5
3720	269.5	1
3721	50.875	2
3722	24.125	1
3723	99.625	5
3724	87.25	5
3725	147.375	5
3726	285.5	1
3727	16.75	2
3728	130.5	7
3729	59.75	3
3730	54.25	3
3731	59.375	3
3733	97.875	1
3734	56.5	3
3735	72.625	4
3737	56.875	3
3738	28.0	3
3739	82.875	4
3740	55.5	2
3741	21.5	2
3742	33.25	2
3743	102.625	2
3744	19.5	1
3747	77.875	4
3748	38.75	3
3749	55.875	3
3750	27.25	3
3751	50.25	4
3752	47.625	3
3753	17.0	1
3754	27.25	1
3755	50.75	4
3756	29.25	2
3757	61.125	3
3758	438.75	1
3759	187.875	7
3760	30.75	3
3761	77.25	6
3762	53.75	3
3763	73.375	3
3764	57.5	1
3765	100.5	2
3766	43.75	4
3767	85.25	2
3768	63.75	5
3769	38.5	3
3770	64.75	3
3771	49.875	3
3772	21.5	3
3773	309.25	1
3774	35.625	3
3775	42.5	3
3776	23.0	1
3777	129.75	3
3778	22.5	1
3779	44.25	3
3780	249.75	1
3781	160.875	4
3782	37.25	4
3783	72.0	4
3784	41.125	1
3785	44.75	3
3786	21.25	3
3787	36.25	4
3788	60.625	4
3789	31.25	3
3790	30.875	1
3791	55.75	3
3792	138.5	5
3793	96.0	6
3794	199.5	1
3795	19.25	1
3796	61.375	3
3797	35.5	1
3798	42.25	3
3799	76.0	3
3800	53.875	2
3801	56.25	3
3802	79.5	3
3803	54.75	3
3805	57.875	5
3806	24.0	2
3807	26.0	1
3808	88.25	3
3809	20.0	1
3810	21.25	3
3811	58.375	5
3812	93.75	6
3813	51.5	4
3814	107.0	4
3816	21.375	1
3817	66.75	5
3818	21.5	1
3819	30.5	2
3820	62.0	5
3821	266.75	4
3822	40.0	3
3823	89.125	5
3824	196.75	7
3825	35.75	3
3826	22.25	1
3827	90.25	6
3828	76.5	5
3829	184.625	3
3830	79.875	5
3831	38.125	3
3832	96.25	5
3833	136.0	5
3834	75.625	5
3835	85.5	5
3837	77.875	4
3838	26.0	3
3839	100.375	4
3840	23.5	1
3841	114.0	6
3842	79.75	2
3843	85.125	5
3844	28.25	1
3846	78.75	5
3847	21.0	1
3848	45.75	3
3850	48.625	2
3851	112.125	6
3852	105.625	6
3853	61.375	5
3854	33.5	3
3855	133.125	6
3856	20.125	1
3858	81.25	4
3859	66.125	3
3860	37.375	1
3862	33.0	3
3863	44.625	3
3864	49.75	3
3865	85.0	3
3866	62.75	4
3867	36.375	3
3868	88.5	5
3869	22.25	3
3870	122.75	5
3871	203.75	4
3872	106.25	6
3873	24.0	3
3874	207.75	4
3875	244.0	3
3876	77.75	1
3877	30.75	3
3879	58.75	5
3881	21.25	2
3882	34.25	1
3883	19.5	1
3884	84.0	5
3885	21.25	2
3886	32.5	3
3887	144.0	7
3888	133.125	5
3889	40.875	4
3890	66.0	2
3891	78.0	4
3892	228.875	4
3893	34.25	2
3894	83.0	4
3895	167.875	5
3896	25.25	2
3897	60.5	3
3898	26.25	3
3899	48.75	3
3900	25.0	1
3902	36.875	1
3903	311.375	1
3904	48.75	3
3905	97.5	5
3906	92.5	6
3907	128.5	5
3908	151.875	4
3909	40.25	3
3910	34.5	1
3911	50.0	1
3912	59.0	4
3913	23.0	2
3914	90.625	4
3915	89.875	1
3916	23.5	3
3917	102.0	1
3918	153.0	7
3919	37.5	3
3920	103.25	7
3921	56.375	4
3922	49.25	4
3923	19.5	1
3924	123.25	1
3925	161.375	3
3927	69.75	4
3928	190.625	6
3929	62.125	4
3931	36.75	3
3932	224.25	9
3933	37.75	3
3934	47.875	3
3935	40.75	3
3936	78.125	3
3937	110.0	4
3938	190.625	3
3939	71.5	4
3941	68.375	4
3942	32.5	3
3943	130.625	4
3944	25.625	1
3945	105.875	7
3946	423.75	12
3947	39.25	3
3948	176.375	9
3949	58.0	2
3950	36.0	3
3951	43.375	3
3952	128.5	3
3953	43.875	3
3954	18.5	1
3956	117.0	1
3957	25.25	1
3958	56.875	4
3959	65.0	4
3960	16.0	1
3961	70.5	3
3962	129.25	5
3963	43.25	3
3964	51.0	3
3965	63.375	4
3967	44.375	3
3969	20.75	1
3970	19.25	1
3971	19.0	1
3972	73.125	4
3973	62.5	4
3974	286.875	5
3975	92.75	4
3976	204.25	6
3977	24.5	1
3978	21.5	3
3979	20.75	1
3980	19.25	3
3981	68.25	5
3982	125.125	4
3983	45.5	3
3984	75.125	4
3985	35.625	3
3986	339.75	5
3987	22.0	1
3988	40.0	3
3989	195.875	5
3990	77.75	5
3991	87.375	4
3992	239.0	6
3993	93.625	3
3994	42.625	3
3995	35.375	3
3996	29.75	2
3997	209.625	8
4000	62.625	4
4001	24.75	3
4002	43.875	4
4003	105.5	1
4004	41.75	3
4005	118.75	5
4006	75.75	3
4007	23.875	1
4008	62.25	3
4009	39.625	3
4010	95.5	9
4012	105.0	5
4013	155.375	7
4014	25.75	1
4015	30.75	3
4016	98.875	5
4017	37.75	3
4018	57.75	5
4019	48.75	1
4020	37.125	5
4021	56.125	3
4022	205.5	6
4023	45.875	3
4024	78.0	4
4026	28.125	2
4027	24.25	2
4028	54.25	3
4029	21.375	3
4030	176.5	5
4031	54.75	3
4033	55.875	5
4034	172.375	3
4035	51.5	5
4036	187.25	1
4037	39.25	3
4039	138.75	2
4040	116.375	9
4041	107.125	6
4042	23.5	2
4043	28.5	2
4044	80.375	5
4045	60.625	3
4046	127.0	5
4047	92.0	5
4048	122.5	5
4049	25.625	1
4050	79.375	4
4051	181.25	3
4052	97.5	2
4053	62.625	3
4054	84.625	5
4056	128.5	5
4057	78.875	3
4058	208.125	7
4059	42.75	3
4060	55.125	3
4063	54.75	5
4064	49.875	3
4065	36.5	4
4066	201.25	2
4067	126.125	3
4068	20.25	1
4069	292.375	1
4070	118.125	3
4071	27.75	3
4072	29.25	3
4073	70.5	1
4074	36.125	3
4075	92.125	4
4076	85.75	4
4079	28.25	1
4080	68.75	4
4081	23.5	1
4082	32.875	1
4083	61.75	3
4084	45.125	4
4085	63.125	1
4086	18.25	1
4087	83.5	1
4088	58.75	1
4089	97.75	7
4090	111.75	6
4091	141.375	9
4092	184.25	1
4093	22.0	3
4094	124.0	7
4095	24.0	1
4096	100.25	5
4097	53.25	3
4098	17.125	1
4099	42.25	5
4100	75.5	5
4101	116.375	7
4102	26.875	2
4103	71.0	3
4104	85.875	1
4105	128.875	5
4106	46.5	2
4107	107.375	4
4108	71.875	1
4109	28.375	2
4110	53.25	4
4111	51.0	4
4113	36.5	2
4114	61.625	2
4115	18.25	1
4117	27.25	1
4118	34.75	3
4119	29.875	1
4120	62.0	5
4121	107.375	4
4122	70.5	1
4123	32.75	2
4124	90.25	2
4125	280.875	1
4126	78.5	2
4127	70.5	3
4128	21.5	3
4129	29.0	3
4130	112.75	2
4131	57.875	4
4132	47.625	3
4133	146.75	1
4134	44.25	3
4135	27.0	3
4136	59.25	4
4137	48.625	4
4138	106.625	6
4140	36.5	3
4141	245.625	4
4142	78.5	3
4143	60.875	1
4144	160.375	4
4145	71.625	3
4146	41.5	3
4147	101.5	4
4148	107.25	5
4149	68.375	5
4150	79.75	4
4152	40.75	3
4153	101.25	2
4154	51.0	3
4155	38.75	3
4156	45.125	3
4157	25.125	2
4158	89.0	3
4159	19.75	2
4160	94.25	3
4161	45.25	2
4162	150.375	5
4163	143.25	2
4164	46.75	3
4165	105.0	4
4166	214.5	1
4167	172.875	2
4168	114.5	5
4169	21.5	3
4170	118.25	5
4171	114.625	6
4172	138.875	1
4173	61.25	4
4174	149.375	5
4176	20.0	1
4177	32.875	2
4178	232.625	3
4179	110.75	3
4180	221.25	6
4181	87.125	2
4182	88.125	10
4183	195.0	7
4184	323.25	1
4185	63.0	2
4186	136.75	7
4187	32.5	3
4188	20.75	3
4189	19.0	1
4190	129.375	6
4191	53.75	3
4192	54.0	2
4194	339.625	4
4195	38.0	2
4196	128.875	4
4197	118.875	3
4198	140.625	3
4200	40.125	3
4201	207.125	5
4202	30.5	2
4203	34.5	3
4204	62.375	5
4205	98.625	3
4206	61.75	1
4208	219.5	3
4209	78.75	4
4210	137.5	4
4211	43.875	3
4212	97.875	2
4213	24.375	1
4214	146.125	3
4216	235.625	6
4217	52.0	3
4218	27.0	1
4219	79.375	2
4220	96.75	7
4221	101.875	6
4222	100.5	5
4223	23.25	3
4224	19.75	3
4225	46.5	4
4226	21.0	3
4227	54.0	3
4228	31.75	3
4229	200.5	1
4230	49.125	3
4231	151.625	5
4233	141.875	4
4234	110.25	5
4235	19.0	1
4236	81.5	4
4238	49.125	3
4239	64.75	4
4240	71.5	4
4241	22.25	1
4242	65.0	3
4243	129.25	3
4244	63.125	4
4246	154.375	4
4247	55.75	4
4248	78.75	4
4249	57.625	2
4250	54.5	3
4251	72.75	6
4252	20.25	3
4253	78.5	3
4254	26.0	2
4255	129.625	4
4256	88.625	4
4257	29.5	3
4258	30.0	2
4259	21.125	3
4260	79.875	2
4261	98.25	3
4262	95.25	6
4263	74.0	4
4264	63.75	3
4265	34.5	3
4266	87.625	4
4267	28.625	1
4268	51.625	3
4269	54.375	3
4270	106.75	6
4271	74.5	4
4272	149.875	5
4274	21.5	2
4275	287.5	2
4276	237.25	4
4277	68.875	5
4278	131.625	3
4279	27.5	3
4280	30.25	1
4281	83.25	1
4282	56.375	4
4283	21.875	1
4284	64.625	4
4285	20.75	2
4286	19.5	3
4287	34.75	1
4288	86.625	5
4289	41.75	2
4290	80.5	5
4291	21.0	2
4292	197.0	5
4293	83.5	4
4294	87.125	6
4295	91.75	3
4296	199.25	5
4297	107.25	5
4298	74.875	5
4299	226.125	2
4300	59.125	4
4301	60.5	4
4302	46.875	4
4303	42.75	3
4304	95.75	3
4305	66.75	6
4306	122.125	3
4307	58.75	5
4308	35.375	3
4309	33.25	3
4310	105.375	6
4311	40.375	3
4312	19.5	1
4313	47.75	3
4314	97.625	1
4315	50.75	3
4316	94.875	3
4317	190.0	5
4318	87.75	3
4319	183.5	6
4320	17.5	1
4321	42.125	3
4322	19.75	1
4323	52.25	4
4325	98.75	1
4326	135.0	6
4327	115.375	5
4328	70.75	1
4329	42.375	4
4330	211.25	10
4331	135.125	7
4332	78.0	7
4333	44.0	4
4334	33.0	3
4335	83.25	2
4336	108.0	4
4337	127.125	4
4338	264.875	5
4339	79.0	5
4340	47.875	3
4341	72.0	5
4342	87.5	4
4343	100.125	6
4344	110.625	5
4345	40.125	3
4346	60.5	3
4347	219.125	4
4348	36.25	4
4349	34.625	3
4350	35.25	3
4352	42.75	1
4353	124.75	5
4354	49.375	3
4355	30.0	2
4356	81.5	5
4357	37.75	3
4358	93.5	4
4359	24.5	1
4360	55.25	3
4361	22.0	3
4362	92.0	5
4363	61.125	4
4365	52.625	3
4366	23.75	3
4367	55.0	3
4368	46.375	3
4369	56.875	4
4371	94.75	9
4372	61.75	1
4373	102.625	5
4374	44.125	3
4375	39.25	3
4376	42.0	1
4377	77.875	4
4378	21.375	1
4379	87.875	3
4380	30.5	3
4381	21.25	1
4382	80.625	4
4383	87.5	1
4384	22.25	1
4385	215.25	1
4386	43.125	3
4388	108.625	5
4389	24.375	1
4390	157.25	6
4391	59.75	3
4392	232.125	2
4393	57.0	4
4394	82.875	1
4395	99.625	6
4396	48.0	3
4397	29.5	1
4398	39.375	4
4399	28.0	2
4401	74.75	5
4402	23.125	3
4403	20.75	1
4404	24.0	3
4405	59.375	1
4406	61.625	3
4407	23.375	3
4408	20.5	1
4409	17.375	1
4410	38.75	3
4411	164.25	1
4412	92.0	2
4413	150.5	4
4414	167.75	6
4415	76.125	5
4416	23.0	3
4417	76.375	4
4418	71.5	4
4419	90.875	8
4421	109.25	3
4422	108.625	5
4423	103.5	3
4424	26.875	2
4425	52.75	3
4426	18.0	1
4427	37.875	3
4428	217.625	8
4429	29.75	1
4430	39.75	1
4431	23.0	1
4432	46.625	3
4433	158.125	3
4434	60.0	5
4436	53.625	5
4437	23.5	2
4438	18.0	1
4439	79.875	7
4440	18.75	1
4441	19.0	1
4442	174.5	3
4443	225.125	4
4444	102.75	5
4445	167.875	1
4446	83.375	7
4447	84.75	4
4448	23.125	3
4449	25.0	3
4450	97.125	1
4451	61.375	4
4452	47.875	3
4453	122.125	4
4454	184.875	3
4455	78.625	4
4456	22.375	3
4457	28.0	1
4458	20.5	1
4459	129.625	4
4460	136.0	1
4462	40.125	4
4463	49.0	1
4464	44.5	3
4465	92.0	4
4466	102.75	5
4467	189.25	5
4468	265.75	1
4469	31.5	1
4470	95.25	6
4471	81.75	2
4472	49.0	3
4473	28.875	3
4474	37.25	3
4475	58.5	1
4476	100.625	4
4478	29.125	3
4479	22.75	1
4480	197.5	5
4481	35.75	3
4482	120.25	3
4483	100.25	5
4484	159.75	5
4485	50.0	4
4486	26.25	3
4487	36.75	3
4488	32.5	1
4489	32.0	3
4490	192.375	5
4491	68.5	1
4492	102.125	10
4493	86.75	5
4494	97.75	4
4495	27.75	3
4496	38.25	4
4497	57.5	1
4498	157.75	6
4499	18.25	1
4500	145.625	4
4501	144.5	3
4503	38.375	1
4504	41.0	3
4505	64.375	4
4506	78.625	3
4508	261.875	5
4509	60.75	5
4510	47.5	3
4511	67.125	5
4512	31.375	3
4513	98.625	5
4514	75.5	1
4516	71.0	1
4517	84.375	5
4518	103.625	3
4519	21.625	2
4520	25.75	3
4521	61.0	7
4522	342.0	1
4523	41.0	3
4524	56.25	4
4525	60.5	3
4526	37.125	3
4527	41.625	4
4528	44.125	3
4529	26.375	3
4531	57.25	1
4532	87.875	3
4533	77.0	6
4534	21.5	1
4535	26.0	1
4536	128.75	5
4537	57.125	4
4538	73.5	2
4539	104.625	2
4540	96.375	4
4541	191.75	6
4542	75.75	5
4543	262.375	3
4544	72.125	1
4545	23.0	1
4546	187.0	6
4547	86.5	5
4548	42.5	3
4549	68.375	3
4550	28.25	1
4551	131.0	4
4552	85.75	5
4553	66.5	4
4554	223.375	4
4555	163.875	5
4556	99.625	5
4557	117.25	3
4558	281.875	4
4559	47.5	3
4560	60.25	4
4561	24.0	1
4562	35.0	1
4563	86.5	4
4564	96.75	6
4565	215.625	5
4566	117.125	5
4567	142.125	5
4568	119.5	4
4569	26.75	1
4570	44.5	3
4571	153.75	4
4572	20.5	1
4573	321.375	9
4574	18.75	1
4575	78.5	1
4576	45.125	4
4577	94.5	8
4578	42.0	4
4579	21.75	1
4580	31.0	2
4581	277.25	1
4582	38.5	3
4583	21.0	2
4584	114.0	5
4585	31.875	2
4586	19.75	1
4587	177.875	7
4588	120.0	1
4589	133.75	5
4591	57.75	2
4592	96.25	7
4593	123.0	3
4594	62.75	3
4595	18.0	2
4596	20.875	2
4597	188.0	1
4598	89.75	5
4599	156.5	7
4601	16.25	2
4602	21.5	3
4603	52.625	5
4604	94.125	3
4605	46.25	4
4607	297.875	1
4608	55.375	3
4609	19.5	2
4610	147.0	5
4611	60.75	2
4612	143.875	6
4613	46.125	4
4614	153.25	2
4615	30.0	3
4616	22.25	3
4617	31.0	3
4618	50.5	3
4619	125.0	6
4620	21.5	1
4621	34.0	3
4622	149.125	3
4623	51.875	5
4625	24.0	3
4626	219.875	1
4627	58.75	3
4628	338.5	1
4629	111.75	3
4630	89.0	5
4631	58.5	1
4632	80.375	3
4633	20.75	1
4634	38.0	4
4635	169.5	4
4636	82.5	3
4637	175.75	5
4638	187.5	6
4639	23.25	3
4640	18.625	1
4641	22.125	1
4642	67.5	1
4643	40.25	3
4644	45.875	3
4645	167.75	5
4646	103.25	4
4647	79.75	6
4648	24.625	1
4649	101.0	3
4650	23.375	2
4651	51.125	4
4652	67.375	4
4653	48.0	4
4654	44.75	3
4655	283.625	6
4656	81.75	2
4657	140.875	7
4659	51.0	4
4661	31.75	3
4662	29.25	1
4663	77.0	1
4665	69.125	1
4666	50.25	4
4667	33.25	1
4668	52.0	3
4669	40.625	3
4670	62.75	3
4671	27.125	3
4672	27.5	2
4673	30.625	3
4674	128.875	3
4676	132.5	6
4677	127.625	4
4678	22.0	3
4680	62.25	5
4681	53.75	2
4682	365.75	4
4683	20.5	1
4684	19.25	2
4686	26.625	3
4688	25.0	1
4689	117.25	3
4690	39.25	3
4691	50.375	4
4692	105.625	6
4693	148.75	6
4694	21.875	1
4695	115.25	5
4696	17.5	1
4697	34.5	3
4698	61.0	4
4699	60.0	4
4701	41.75	3
4703	50.625	3
4705	53.125	3
4706	108.125	6
4708	31.375	2
4709	22.5	3
4710	451.75	1
4711	52.75	3
4712	68.5	4
4713	42.25	3
4714	18.25	1
4715	25.0	3
4716	21.25	1
4717	211.375	2
4718	115.5	1
4719	36.125	3
4720	73.75	4
4721	181.875	6
4722	101.25	4
4723	41.25	1
4724	241.875	4
4725	106.25	5
4726	159.25	4
4727	72.125	2
4728	25.625	3
4729	29.0	3
4730	21.5	1
4731	62.5	5
4732	85.875	6
4733	43.375	3
4734	46.375	5
4736	35.0	4
4737	19.625	1
4738	17.25	1
4739	33.25	3
4740	41.75	1
4741	89.5	1
4742	30.5	4
4744	59.0	3
4745	40.0	2
4747	60.5	3
4748	77.5	5
4749	188.375	3
4751	21.0	1
4752	77.625	5
4753	93.125	3
4754	55.25	5
4755	128.75	1
4756	45.25	3
4757	19.25	1
4758	73.125	3
4759	179.625	3
4760	97.625	4
4762	88.25	5
4763	57.875	3
4764	30.5	3
4765	38.75	3
4766	90.125	3
4767	26.5	1
4768	57.5	3
4769	191.625	5
4770	80.875	3
4771	39.5	4
4772	23.75	3
4773	94.125	2
4774	68.25	5
4775	22.0	2
4776	239.875	3
4777	42.75	3
4778	20.75	2
4779	21.25	1
4780	183.75	5
4781	89.0	4
4782	73.25	4
4783	22.5	3
4784	56.125	5
4785	125.375	4
4786	35.0	3
4787	34.875	3
4788	20.25	1
4789	145.75	5
4790	185.5	9
4791	38.0	5
4792	30.75	3
4793	52.125	3
4794	330.5	4
4795	44.25	1
4796	108.25	3
4797	206.375	1
4798	55.125	3
4799	27.5	1
4800	146.625	6
4801	194.0	3
4802	80.75	1
4803	70.25	3
4804	186.5	4
4805	266.25	1
4806	119.0	3
4807	28.5	1
4809	66.75	1
4810	24.75	3
4811	51.375	2
4812	25.75	3
4813	83.75	2
4814	53.625	3
4815	21.75	1
4816	26.75	3
4818	47.0	4
4819	72.75	1
4820	65.75	5
4821	136.875	3
4822	52.75	3
4823	85.625	4
4824	51.0	3
4825	36.25	3
4826	39.625	2
4827	22.0	1
4828	274.875	2
4829	23.875	3
4830	29.625	1
4831	42.5	4
4832	27.5	1
4833	164.0	5
4834	17.5	1
4835	28.0	3
4837	17.875	1
4838	18.5	1
4839	68.5	3
4840	23.5	2
4841	23.75	3
4842	25.0	1
4843	70.5	5
4844	47.375	2
4845	75.375	1
4846	65.25	3
4847	111.375	3
4848	136.125	5
4849	110.0	4
4850	33.75	3
4851	234.625	3
4852	254.75	1
4853	23.25	2
4854	153.0	6
4855	78.5	5
4856	132.125	7
4857	163.125	6
4858	44.375	4
4859	44.625	4
4860	21.25	1
4861	52.5	4
4862	81.125	5
4863	32.375	3
4864	41.5	3
4865	177.5	4
4866	80.625	5
4867	28.375	1
4868	48.375	3
4869	154.375	6
4870	53.375	4
4871	130.625	3
4872	56.875	3
4873	30.0	1
4875	63.25	3
4876	46.75	3
4877	55.125	5
4878	31.75	1
4879	130.25	5
4880	117.625	6
4881	20.75	1
4882	205.625	1
4883	25.25	3
4884	21.0	1
4885	83.5	7
4887	22.25	3
4888	31.625	1
4889	38.375	2
4890	51.25	1
4891	100.625	6
4892	17.0	1
4893	387.25	1
4894	61.25	3
4895	207.25	1
4896	30.5	2
4897	106.25	1
4898	80.625	4
4899	18.5	1
4900	76.875	4
4901	45.125	3
4902	41.0	3
4904	21.75	1
4905	73.375	5
4907	31.375	1
4908	35.75	3
4909	21.5	1
4912	40.5	3
4913	32.0	2
4914	121.75	5
4915	53.625	3
4916	18.5	1
4917	27.5	3
4918	64.875	2
4919	119.0	5
4920	175.0	6
4921	253.25	1
4922	29.5	1
4923	158.25	7
4924	40.375	3
4925	45.5	4
4926	23.125	2
4927	48.5	5
4928	62.25	3
4929	51.375	3
4930	52.375	3
4931	54.5	3
4933	97.5	4
4934	39.25	3
4935	88.125	4
4936	187.125	1
4937	176.625	1
4938	24.375	3
4939	137.375	6
4940	87.75	4
4941	118.625	5
4942	62.5	3
4943	50.0	3
4944	26.5	2
4945	141.25	4
4946	207.0	2
4947	35.25	3
4948	119.625	3
4949	475.125	8
4950	84.0	4
4951	250.125	5
4952	159.875	3
4953	20.25	2
4955	83.625	3
4956	28.125	1
4957	27.5	1
4958	36.25	3
4959	85.75	3
4960	33.875	4
4961	34.0	3
4962	48.75	3
4963	20.25	3
4964	43.75	5
4966	108.0	4
4967	70.875	1
4968	31.75	3
4969	27.75	3
4970	24.0	2
4971	20.5	3
4972	99.75	4
4973	112.5	6
4974	240.5	4
4975	160.5	2
4976	100.375	9
4977	37.375	3
4978	148.875	4
4979	44.875	4
4980	34.0	3
4981	26.5	3
4982	154.0	4
4983	92.25	3
4984	70.0	1
4985	93.125	6
4986	163.5	5
4988	30.0	3
4989	49.5	4
4990	47.625	4
4991	38.625	3
4992	19.75	1
4993	113.75	5
4994	23.125	3
4995	38.375	3
4996	43.5	3
4997	79.125	4
4998	92.75	4
4999	37.375	4
5000	91.25	5
5001	73.0	1
5002	53.125	5
5003	79.625	3
5004	56.25	3
5005	177.625	3
5006	205.625	6
5007	97.5	4
5008	106.25	3
5009	338.125	7
5010	73.5	6
5011	27.625	1
5012	105.875	5
5013	32.75	3
5014	78.75	1
5015	56.75	3
5016	36.75	3
5017	47.0	3
5018	36.5	3
5019	38.875	2
5020	171.75	4
5021	33.25	3
5022	84.375	3
5023	20.5	1
5024	73.875	5
5025	68.75	5
5026	70.75	4
5027	21.25	1
5028	43.25	3
5029	50.875	4
5030	22.75	3
5031	92.25	2
5032	102.625	3
5033	162.125	3
5034	43.75	4
5036	18.25	1
5037	34.625	3
5038	37.0	3
5039	29.0	3
5040	185.0	5
5041	31.0	3
5042	98.125	3
5043	138.125	1
5044	117.25	5
5045	82.0	7
5046	129.625	2
5047	26.875	1
5048	97.0	5
5049	202.25	8
5050	88.5	3
5051	109.875	3
5052	73.875	5
5053	197.5	7
5054	25.125	3
5055	60.5	2
5056	200.5	1
5057	18.25	1
5058	65.75	4
5059	147.25	5
5060	19.25	1
5061	64.0	4
5063	23.0	3
5064	82.625	4
5065	54.75	1
5066	78.0	6
5068	188.5	7
5069	106.625	6
5070	146.5	6
5071	83.375	4
5072	21.0	1
5073	97.0	5
5074	122.5	5
5075	49.375	3
5076	123.375	4
5077	151.5	7
5078	92.0	5
5079	60.0	3
5080	171.875	1
5081	110.25	7
5082	166.0	5
5083	62.0	1
5084	59.625	5
5085	31.375	3
5086	23.5	3
5087	141.25	8
5088	100.125	4
5089	56.25	2
5090	145.125	3
5091	33.625	2
5092	21.125	1
5093	68.5	6
5094	73.75	3
5095	64.25	4
5096	55.25	3
5097	43.25	4
5098	47.5	3
5099	80.25	1
5100	143.0	3
5101	41.875	3
5102	305.0	1
5104	228.75	6
5105	30.5	2
5106	41.0	3
5107	37.5	3
5108	26.125	2
5109	20.75	1
5110	151.625	4
5112	66.875	3
5114	167.625	3
5115	34.0	2
5116	87.25	3
5117	54.0	3
5118	55.125	4
5119	112.25	3
5120	35.125	1
5121	43.375	3
5122	83.75	6
5123	48.5	1
5125	56.0	3
5126	110.125	5
5127	201.25	6
5128	44.75	3
5129	181.375	3
5130	109.0	3
5131	20.5	1
5132	27.375	1
5133	88.0	6
5134	132.125	7
5135	21.5	1
5136	19.75	1
5137	101.125	1
5138	67.25	3
5139	211.5	4
5140	70.5	4
5141	17.5	1
5142	99.125	5
5143	91.0	4
5144	246.0	1
5145	191.875	1
5146	86.25	3
5147	29.375	3
5148	42.75	3
5149	188.875	2
5150	59.75	1
5151	21.625	1
5152	71.25	4
5153	66.75	7
5154	82.375	5
5155	260.5	3
5157	70.75	3
5158	92.5	1
5159	22.0	2
5161	111.5	5
5162	42.25	3
5163	61.625	4
5164	137.0	6
5165	44.5	3
5166	200.125	2
5168	135.875	1
5169	30.25	3
5170	236.75	1
5171	51.0	3
5172	82.5	5
5173	330.625	4
5174	41.75	3
5175	99.625	6
5176	77.125	5
5178	21.25	3
5179	60.125	3
5180	156.25	4
5181	60.375	3
5182	100.625	4
5183	31.75	1
5184	118.125	1
5185	27.25	3
5186	46.875	3
5187	186.75	2
5188	43.5	3
5189	82.25	1
5190	211.0	6
5191	257.25	9
5193	43.125	3
5194	29.0	2
5195	74.75	3
5196	72.5	1
5197	88.75	5
5198	49.625	3
5199	204.875	3
5200	40.25	3
5201	47.25	3
5202	68.75	1
5203	53.125	2
5204	28.5	1
5205	39.375	3
5206	59.0	4
5207	110.375	3
5208	54.625	3
5209	162.0	3
5210	47.0	4
5211	19.75	2
5212	32.75	3
5213	58.625	1
5214	51.0	1
5215	29.625	3
5216	107.875	5
5217	20.75	2
5218	55.75	1
5219	20.75	1
5220	48.75	3
5221	62.625	3
5222	102.875	3
5223	242.375	5
5224	33.75	1
5225	48.0	3
5226	77.0	4
5227	31.0	4
5228	99.875	5
5229	26.75	3
5230	68.875	1
5231	92.0	6
5232	33.0	3
5233	157.25	1
5234	165.875	3
5235	23.75	1
5236	28.5	3
5237	58.625	2
5238	50.375	3
5239	49.0	3
5240	283.375	6
5241	39.75	3
5242	45.25	4
5243	46.75	4
5244	19.5	1
5245	23.25	2
5246	62.5	4
5247	146.625	5
5248	184.75	6
5249	57.375	3
5250	87.375	12
5251	38.5	2
5252	58.75	4
5253	78.625	4
5254	322.625	1
5255	51.75	3
5256	36.5	1
5257	53.25	3
5258	73.875	4
5260	107.125	3
5261	29.5	3
5262	58.5	4
5263	25.25	1
5264	56.375	1
5265	238.0	5
5266	20.0	2
5267	143.625	7
5268	17.75	1
5269	82.5	5
5270	138.25	5
5271	108.125	4
5273	18.25	2
5275	81.75	2
5276	26.875	1
5277	22.375	1
5278	97.625	4
5279	71.625	5
5280	169.0	4
5281	79.875	3
5282	40.125	3
5284	71.25	3
5285	36.5	2
5286	61.375	1
5287	25.5	3
5288	279.875	3
5289	159.75	2
5290	52.75	3
5291	99.5	5
5292	208.375	1
5293	109.5	4
5294	36.875	3
5295	42.875	3
5296	27.75	1
5297	91.625	1
5298	34.625	3
5299	63.0	5
5300	29.5	3
5301	67.625	4
5302	72.0	6
5303	19.25	2
5304	24.25	3
5305	32.625	2
5307	38.75	3
5308	56.5	5
5309	42.125	2
5310	228.0	1
5312	128.875	5
5313	42.75	4
5314	31.5	3
5315	25.0	2
5316	33.25	1
5317	144.125	7
5318	157.5	5
5319	65.25	1
5320	19.0	1
5321	25.25	1
5322	45.0	4
5324	39.625	3
5325	167.625	4
5327	65.875	1
5328	51.625	1
5330	45.5	2
5332	57.875	2
5334	241.375	1
5335	42.625	3
5336	130.625	5
5337	64.75	3
5338	58.625	3
5339	30.25	4
5340	111.25	4
5342	92.125	5
5343	64.75	3
5344	83.0	1
5345	223.875	5
5346	79.5	5
5347	37.75	3
5348	25.75	1
5349	21.75	1
5350	40.75	4
5351	129.875	5
5352	102.875	5
5354	63.375	6
5355	52.5	5
5357	51.5	4
5358	22.0	3
5359	181.875	4
5360	23.75	1
5361	61.125	5
5362	63.375	4
5363	45.125	3
5364	40.5	3
5365	42.375	4
5366	44.25	1
5367	265.75	1
5368	124.625	5
5369	38.5	3
5370	68.25	3
5371	48.25	3
5372	39.75	1
5373	81.125	4
5374	68.375	5
5375	78.25	5
5376	46.75	3
5378	62.625	4
5379	36.625	3
5380	50.0	1
5381	57.25	3
5382	67.0	4
5383	47.875	2
5385	33.5	3
5386	28.25	3
5387	44.875	2
5388	28.75	1
5389	130.625	3
5390	50.5	3
5391	40.25	3
5392	60.25	4
5393	76.875	3
5394	48.0	5
5395	36.75	3
5396	96.25	4
5397	34.875	2
5398	36.875	3
5399	20.0	2
5400	49.5	3
5401	292.875	2
5402	155.25	7
5403	21.0	1
5404	55.375	3
5405	72.0	3
5406	86.5	4
5407	50.875	4
5408	22.0	1
5409	66.375	3
5410	23.0	3
5411	37.25	2
5412	24.25	3
5413	46.875	5
5414	92.5	4
5415	97.75	5
5416	37.25	3
5417	81.625	1
5418	21.75	3
5419	177.5	1
5420	84.625	5
5421	88.5	4
5422	32.75	3
5423	63.625	3
5424	86.125	5
5425	20.25	1
5426	24.0	3
5427	30.75	3
5428	24.75	1
5429	74.0	4
5430	61.0	4
5431	229.75	6
5432	247.0	7
5433	36.5	2
5434	60.875	4
5436	68.875	1
5437	100.625	5
5438	160.625	4
5439	53.0	3
5440	99.25	4
5441	173.25	2
5442	234.5	3
5443	85.75	6
5445	154.375	5
5446	35.75	3
5447	94.5	5
5448	62.0	4
5449	77.625	4
5450	35.75	1
5451	102.5	4
5452	76.625	5
5453	96.875	4
5454	20.75	1
5455	16.5	1
5456	33.75	3
5457	43.5	2
5458	33.0	3
5459	132.25	5
5460	74.75	3
5461	144.625	5
5462	62.125	1
5465	20.75	1
5466	297.25	2
5467	277.75	5
5468	94.25	3
5469	58.5	1
5470	265.75	6
5471	22.625	1
5473	108.0	4
5474	44.0	4
5475	175.75	7
5476	28.75	2
5477	64.125	3
5478	42.125	3
5479	206.5	6
5480	73.375	1
5481	22.5	1
5482	109.25	5
5485	102.5	7
5486	54.875	5
5488	29.0	4
5490	50.25	5
5492	155.5	3
5493	50.5	4
5494	134.25	5
5495	39.875	3
5496	62.75	4
5497	20.25	2
5498	28.5	2
5499	194.875	6
5500	63.875	4
5501	76.625	3
5503	70.625	4
5504	44.25	4
5505	160.125	7
5506	31.25	3
5507	28.25	3
5508	83.0	4
5509	32.25	1
5510	80.625	5
5511	31.75	1
5512	20.0	1
5513	21.375	1
5514	30.125	1
5515	65.875	4
5516	48.625	3
5517	183.375	6
5518	43.125	4
5519	114.625	5
5520	22.25	2
5521	21.5	2
5522	156.75	3
5523	80.75	5
5524	71.75	3
5525	52.0	3
5526	30.625	1
5527	33.5	3
5528	96.75	3
5529	115.25	5
5530	22.25	1
5531	129.25	7
5532	108.75	2
5533	189.375	7
5534	222.875	4
5535	123.0	4
5536	47.75	1
5537	79.625	4
5538	90.5	5
5539	149.75	4
5540	64.0	4
5541	174.25	5
5542	155.125	6
5543	16.75	1
5544	84.5	4
5545	90.0	4
5546	140.375	5
5547	42.25	3
5548	140.625	4
5549	27.25	3
5550	201.5	1
5551	42.75	2
5552	46.375	3
5553	39.0	3
5554	113.5	5
5555	34.75	2
5556	36.25	3
5557	87.25	4
5559	83.25	3
5560	22.0	2
5561	34.0	3
5562	89.625	2
5563	184.25	9
5564	65.125	2
5565	27.5	1
5566	91.5	3
5567	37.75	3
5568	27.75	3
5569	45.5	5
5570	36.5	4
5571	49.0	2
5572	38.75	3
5573	20.5	3
5574	59.75	3
5575	19.0	1
5576	54.5	5
5577	80.125	4
5578	33.625	3
5579	173.5	6
5580	149.875	5
5582	45.125	3
5583	68.25	2
5584	171.375	3
5585	137.875	5
5586	104.375	6
5587	311.75	3
5588	81.25	3
5589	86.25	4
5590	75.625	3
5591	85.5	5
5593	90.5	5
5594	24.875	2
5595	75.125	5
5596	167.5	4
5597	116.375	6
5598	72.375	3
5599	69.5	3
5600	252.125	5
5601	81.25	4
5602	136.25	6
5603	263.5	5
5604	110.875	4
5605	25.0	2
5606	61.5	3
5607	55.875	3
5608	77.0	1
5609	24.375	3
5610	30.375	2
5611	48.5	3
5612	64.625	3
5613	237.0	4
5614	75.125	3
5615	26.5	1
5616	57.875	3
5617	99.625	7
5618	64.375	1
5619	78.0	6
5620	83.0	1
5621	25.5	2
5622	67.75	6
5623	58.125	3
5624	119.75	3
5625	26.0	2
5626	81.375	1
5627	68.625	3
5628	92.0	6
5630	20.25	1
5631	75.625	3
5632	83.625	5
5633	97.75	4
5634	191.75	3
5635	130.125	7
5636	68.0	4
5637	53.25	4
5638	40.875	3
5639	35.5	3
5640	80.125	5
5641	53.125	2
5642	34.0	2
5643	41.5	2
5644	252.375	1
5646	136.75	3
5647	19.375	2
5648	299.25	6
5649	20.625	1
5650	54.375	4
5651	109.25	5
5652	26.75	2
5653	21.75	1
5654	191.125	4
5656	38.25	2
5657	40.5	3
5658	172.5	3
5659	21.0	1
5660	24.5	3
5661	22.75	1
5662	52.375	3
5663	306.25	6
5664	68.0	3
5665	92.5	1
5666	59.5	2
5667	21.0	1
5669	21.25	3
5670	175.875	5
5671	78.75	3
5672	48.25	3
5673	39.0	1
5674	23.0	2
5675	26.0	3
5676	28.25	1
5677	61.5	1
5678	71.5	4
5679	69.25	2
5680	46.0	3
5681	18.75	2
5682	119.5	6
5683	23.375	2
5684	44.25	3
5685	29.875	1
5686	142.75	4
5687	47.25	3
5688	116.375	4
5689	51.875	3
5690	53.75	3
5691	44.625	3
5692	205.25	1
5693	52.5	3
5694	114.75	2
5695	176.5	4
5697	29.375	1
5698	166.5	4
5699	233.875	7
5700	27.375	3
5701	19.5	1
5702	57.375	3
5703	34.25	3
5704	116.625	2
5705	61.0	1
5706	40.75	4
5707	66.375	3
5708	33.5	3
5709	262.0	5
5710	72.625	3
5711	24.875	3
5712	274.75	5
5713	125.25	4
5714	96.125	4
5715	220.25	5
5716	19.25	1
5717	287.125	2
5718	314.25	1
5719	46.875	3
5720	66.125	4
5722	42.75	1
5723	40.125	3
5724	33.75	3
5725	111.25	5
5726	109.75	7
5727	41.25	3
5728	54.375	3
5729	170.75	4
5730	24.5	2
5731	102.0	4
5732	135.25	2
5733	162.5	6
5734	76.25	2
5735	62.375	3
5736	49.25	3
5737	161.25	2
5738	70.75	3
5739	63.375	6
5740	22.0	2
5741	164.625	3
5742	96.125	3
5743	275.875	5
5744	41.0	3
5745	88.625	5
5746	84.625	1
5747	129.625	3
5748	28.75	3
5749	29.5	3
5750	176.5	1
5751	29.0	1
5752	144.0	1
5753	22.125	2
5754	38.5	3
5755	66.5	1
5756	30.0	2
5757	31.75	1
5758	124.625	6
5759	25.0	1
5760	26.75	3
5761	84.625	3
5763	84.875	5
5764	40.875	3
5765	160.875	6
5766	153.625	3
5767	55.875	2
5768	34.25	1
5769	46.375	3
5770	191.25	3
5771	239.75	4
5772	71.25	5
5773	42.25	4
5774	20.75	1
5775	26.5	3
5776	147.0	8
5777	87.0	4
5779	62.25	1
5780	163.875	7
5781	185.375	5
5782	21.125	1
5783	161.25	1
5784	33.75	2
5785	197.5	4
5786	23.75	1
5787	16.625	1
5788	156.375	1
5789	60.0	1
5790	26.75	1
5791	64.25	4
5793	110.875	4
5794	65.75	5
5795	161.125	5
5796	27.25	1
5797	58.625	4
5798	28.875	3
5799	61.125	3
5800	140.125	4
5801	169.5	5
5802	31.0	3
5803	66.0	5
5804	151.125	3
5805	102.75	3
5806	44.125	3
5807	79.625	4
5808	61.25	4
5809	47.25	3
5810	67.0	3
5811	20.75	1
5812	38.0	3
5813	37.375	3
5814	25.375	1
5815	21.0	3
5816	103.375	1
5817	75.0	2
5818	95.0	6
5819	40.5	3
5820	41.5	4
5821	153.875	4
5822	27.5	3
5823	25.0	3
5824	60.25	3
5825	32.0	3
5826	22.875	2
5827	32.5	1
5828	74.5	5
5829	178.875	6
5830	28.875	1
5832	40.0	3
5834	36.875	3
5835	109.625	5
5836	303.625	1
5837	97.375	3
5838	17.75	1
5839	31.5	3
5840	128.5	6
5841	130.625	5
5842	67.125	4
5843	156.375	5
5844	30.25	1
5845	22.5	3
5846	209.0	7
5849	36.75	3
5851	100.5	1
5852	39.25	3
5853	58.75	4
5854	24.5	2
5855	39.75	1
5856	30.375	1
5857	91.25	5
5858	30.125	3
5859	59.875	3
5860	47.5	3
5861	33.75	3
5862	30.25	3
5864	293.375	8
5865	225.375	5
5866	125.75	7
5867	177.5	6
5868	50.75	3
5869	27.0	3
5870	46.5	5
5871	88.125	4
5872	26.5	3
5873	178.75	5
5874	18.5	1
5875	36.5	3
5876	87.5	5
5877	58.5	3
5878	75.125	2
5879	54.5	4
5880	183.0	5
5881	63.125	3
5882	223.25	7
5883	63.875	5
5884	20.0	1
5885	31.25	2
5886	20.5	1
5887	87.0	1
5888	326.75	2
5889	26.75	3
5890	122.75	5
5891	40.0	3
5893	94.125	4
5894	278.875	7
5895	26.25	3
5896	33.375	3
5897	66.5	1
5898	152.25	5
5900	99.0	7
5902	83.75	5
5903	45.25	4
5904	43.5	5
5905	20.875	3
5906	98.5	5
5907	24.125	3
5908	54.625	1
5909	84.5	4
5910	28.375	1
5911	142.625	5
5912	82.625	1
5913	109.0	5
5915	63.625	3
5916	75.5	5
5917	61.75	3
5918	198.125	1
5919	39.0	3
5920	31.25	2
5921	292.875	3
5922	46.625	2
5923	235.25	7
5924	167.375	6
5925	97.0	7
5926	29.25	3
5927	29.0	3
5928	32.5	3
5929	26.875	1
5930	131.0	4
5931	51.375	3
5933	99.5	7
5934	118.125	5
5935	235.75	9
5936	81.25	6
5938	76.875	7
5939	40.625	2
5940	201.0	2
5941	470.25	1
5942	25.25	1
5943	124.75	7
5944	27.75	1
5945	22.75	1
5947	77.0	3
5948	40.875	3
5949	67.0	3
5950	69.875	3
5951	50.5	3
5952	142.5	5
5953	19.0	1
5954	142.375	1
5955	157.0	5
5956	83.875	7
5957	98.5	6
5958	24.0	1
5959	126.375	1
5960	29.5	3
5961	133.0	2
5962	32.75	1
5964	62.5	4
5965	25.125	2
5966	22.5	2
5967	165.5	5
5968	98.25	5
5970	110.625	4
5971	36.25	3
5972	259.875	1
5973	52.25	3
5974	18.75	2
5975	28.25	1
5976	45.375	1
5977	81.5	4
5978	44.75	3
5979	38.875	3
5980	32.75	1
5981	41.5	3
5982	45.75	1
5983	57.125	4
5984	18.5	1
5985	54.5	4
5986	17.125	2
5987	213.625	2
5988	43.125	3
5989	68.625	2
5990	21.0	2
5991	200.5	5
5992	81.5	4
5993	69.375	3
5994	36.875	2
5995	52.5	1
5996	28.25	1
5997	29.875	1
5998	75.125	3
5999	120.875	5
6000	46.625	3
6002	66.875	3
6003	52.5	4
6004	112.25	5
6005	90.75	3
6006	32.75	3
6007	86.375	3
6008	75.625	3
6009	69.25	4
6010	121.75	6
6011	78.375	4
6012	260.375	1
6013	80.0	5
6014	32.5	2
6015	82.5	3
6016	122.625	4
6017	28.5	3
6018	21.5	3
6019	80.75	6
6020	40.75	1
6021	46.125	3
6022	75.625	2
6023	22.0	2
6024	134.125	3
6025	26.0	1
6026	217.625	4
6027	177.25	8
6028	148.5	7
6030	19.0	3
6032	29.375	1
6033	21.0	3
6035	43.0	2
6036	108.5	5
6037	30.25	1
6038	57.875	2
6039	19.0	1
6040	160.625	6
6041	74.75	6
6042	380.25	3
6043	144.625	6
6044	39.25	3
6045	26.5	1
6046	88.0	5
6047	151.5	4
6048	67.75	4
6049	124.625	6
6050	40.875	3
6051	107.125	1
6052	148.0	7
6053	52.125	3
6054	220.375	5
6055	16.5	1
6056	72.25	5
6057	106.625	4
6058	22.0	1
6059	45.375	4
6060	66.625	3
6061	109.75	7
6062	33.0	3
6063	55.875	4
6064	184.25	7
6065	37.75	3
6066	52.5	3
6068	19.0	1
6069	83.0	6
6070	62.25	4
6071	184.875	6
6072	22.25	1
6073	70.0	6
6075	52.75	3
6076	142.5	5
6077	79.75	4
6078	93.5	5
6079	44.0	5
6080	19.75	1
6081	27.875	3
6082	86.25	3
6083	38.0	5
6084	129.625	6
6085	31.375	1
6086	83.75	7
6087	55.5	3
6088	77.375	3
6089	48.5	3
6090	30.875	1
6091	107.5	7
6092	146.0	3
6093	120.25	5
6094	89.875	3
6096	145.625	6
6097	78.875	6
6098	68.0	4
6099	26.25	1
6100	104.375	3
6101	49.625	3
6102	30.875	1
6103	81.75	6
6104	148.875	5
6105	63.125	3
6106	108.75	4
6107	70.75	3
6108	34.5	4
6109	93.375	5
6110	39.875	2
6111	29.625	3
6112	32.75	3
6113	130.875	5
6114	42.625	4
6115	81.75	4
6116	55.25	2
6117	25.75	2
6118	145.375	3
6119	123.125	4
6120	65.125	1
6121	29.75	4
6122	20.5	2
6123	45.75	3
6124	58.5	1
6125	175.875	5
6126	297.5	6
6127	113.625	4
6128	142.875	5
6129	26.875	3
6130	40.375	3
6131	45.25	4
6132	46.25	3
6133	70.0	3
6134	40.0	3
6135	22.5	1
6136	23.125	2
6137	59.875	4
6138	19.0	1
6139	80.375	5
6140	65.5	2
6141	79.125	3
6142	41.0	3
6143	85.875	8
6144	19.5	1
6145	24.5	2
6146	35.75	3
6147	46.25	3
6148	24.75	1
6150	68.0	1
6151	124.625	4
6152	90.875	3
6153	88.375	1
6154	119.375	3
6155	54.5	3
6157	24.75	1
6158	104.875	3
6159	36.25	4
6160	44.125	3
6161	247.25	6
6162	84.25	4
6163	195.25	3
6164	180.875	7
6165	71.875	5
6166	244.625	2
6167	63.125	3
6168	97.0	4
6169	23.0	3
6170	86.25	5
6171	119.75	3
6172	180.75	7
6173	20.5	2
6174	116.5	4
6175	51.25	3
6176	48.75	6
6177	90.75	1
6178	51.875	3
6179	142.75	5
6180	56.25	4
6181	104.625	3
6183	75.0	3
6184	124.0	3
6185	72.125	1
6186	68.75	3
6187	33.25	3
6188	33.5	3
6189	152.875	2
6190	33.625	2
6192	197.5	4
6193	251.875	3
6194	95.625	6
6196	72.625	3
6197	115.25	3
6198	232.375	1
6199	217.25	3
6200	28.25	1
6201	155.75	4
6202	82.0	4
6203	60.75	5
6204	44.5	1
6205	52.0	3
6206	72.125	1
6207	104.0	6
6208	62.125	5
6210	21.25	1
6211	213.75	5
6212	21.25	1
6213	156.5	6
6214	22.125	1
6215	38.0	4
6216	47.875	3
6217	164.75	4
6218	127.0	4
6219	21.75	1
6220	33.125	5
6221	69.5	1
6222	82.0	4
6223	49.375	4
6224	70.625	3
6226	140.375	6
6227	91.5	2
6228	33.375	1
6230	19.75	1
6231	34.25	3
6232	18.75	1
6234	75.75	5
6236	85.375	6
6237	165.0	5
6238	293.125	1
6239	143.0	4
6240	89.75	4
6241	128.5	6
6242	37.5	3
6243	41.5	3
6244	127.0	3
6245	29.0	3
6246	83.0	5
6247	155.875	3
6248	150.75	4
6249	251.125	3
6250	100.75	3
6251	20.0	2
6252	91.0	2
6253	174.75	1
6254	70.125	5
6255	104.25	3
6256	43.0	3
6257	100.25	5
6258	80.0	4
6259	61.25	2
6260	22.25	2
6262	19.25	1
6263	55.25	4
6264	27.75	3
6266	85.875	5
6267	19.75	1
6268	21.25	1
6269	30.5	1
6270	30.875	2
6271	37.0	1
6272	93.0	6
6273	92.125	6
6274	145.875	5
6275	193.25	4
6276	58.625	3
6277	52.75	3
6278	131.25	6
6280	25.5	3
6281	227.25	1
6282	189.75	4
6283	27.25	3
6284	57.125	3
6285	69.75	4
6286	23.0	1
6287	44.125	1
6289	93.25	5
6290	90.75	5
6291	96.125	5
6292	117.875	4
6293	146.375	5
6294	30.0	3
6295	36.375	4
6296	42.125	3
6297	45.375	3
6298	52.125	3
6299	27.0	2
6300	100.75	6
6301	62.625	3
6302	284.25	3
6303	19.5	1
6304	29.625	2
6305	56.5	3
6306	19.25	1
6307	38.75	2
6308	68.125	4
6309	241.5	2
6310	70.375	3
6311	49.0	3
6312	77.625	5
6314	19.0	1
6315	37.0	3
6316	22.25	2
6317	23.75	1
6318	31.375	2
6319	124.25	5
6320	74.5	4
6321	252.125	6
6322	35.75	3
6323	206.25	5
6324	66.625	3
6325	59.0	5
6326	76.625	4
6327	58.875	4
6328	100.875	3
6329	259.5	3
6330	92.125	6
6331	21.0	3
6332	40.75	1
6333	175.0	7
6334	98.75	4
6336	126.875	4
6337	45.375	5
6338	28.25	1
6339	28.0	3
6341	37.625	3
6342	28.75	3
6343	47.25	3
6344	46.0	3
6345	64.5	4
6346	68.25	5
6347	28.75	2
6348	46.125	3
6349	24.0	3
6350	44.75	2
6351	77.875	1
6352	23.75	3
6353	26.25	3
6354	74.25	4
6355	132.125	2
6356	104.0	5
6357	39.875	3
6358	59.0	6
6359	120.625	4
6360	171.25	1
6361	233.625	4
6362	168.875	4
6364	199.625	7
6365	33.25	3
6366	58.625	3
6367	37.0	3
6368	105.375	4
6370	30.0	3
6371	227.875	1
6372	34.5	3
6373	66.0	5
6374	72.75	5
6375	23.5	1
6378	49.375	3
6379	133.625	1
6380	99.75	3
6381	55.25	3
6382	81.375	1
6383	118.375	1
6384	62.625	5
6385	57.5	3
6386	30.25	3
6387	22.0	1
6388	73.375	4
6389	311.5	6
6390	87.5	5
6391	18.25	3
6392	149.375	3
6393	78.625	4
6394	33.0	3
6395	112.125	2
6397	62.125	3
6398	79.5	1
6399	64.5	4
6400	168.5	6
6401	69.25	6
6402	55.625	3
6403	115.625	6
6404	115.0	2
6405	24.5	1
6406	31.5	3
6407	391.625	5
6408	37.125	2
6409	80.875	6
6410	54.75	4
6411	111.375	5
6412	64.625	3
6413	53.625	4
6414	74.875	5
6415	260.125	1
6416	79.625	4
6417	84.25	5
6418	64.25	3
6419	29.125	1
6421	82.25	6
6422	52.75	4
6424	156.75	5
6425	39.75	3
6426	41.5	1
6427	64.125	2
6428	111.375	3
6429	20.25	2
6430	56.5	3
6431	72.25	4
6432	35.75	2
6433	78.875	3
6434	30.75	3
6435	68.5	3
6436	37.0	2
6437	38.75	3
6438	84.875	5
6439	254.125	5
6440	19.125	1
6441	145.375	6
6442	40.25	1
6443	69.5	3
6444	83.25	5
6445	32.125	5
6446	63.875	5
6447	21.5	1
6448	262.125	4
6449	28.75	3
6450	69.5	3
6451	71.125	3
6452	67.75	1
6453	97.25	1
6454	124.625	6
6455	215.625	7
6456	27.75	1
6457	93.75	1
6458	23.0	1
6459	37.75	3
6460	48.5	3
6462	28.125	1
6463	39.75	3
6464	32.25	1
6465	75.625	4
6466	112.5	3
6469	111.5	5
6470	52.0	5
6471	230.875	3
6472	134.625	4
6473	49.5	1
6474	31.25	3
6475	47.0	3
6476	36.375	2
6478	32.875	3
6479	71.375	1
6480	22.125	1
6481	38.25	3
6482	34.0	2
6483	70.875	3
6484	101.25	6
6485	50.875	3
6486	37.75	5
6487	36.625	3
6488	71.5	6
6489	45.75	3
6490	240.625	3
6491	150.5	5
6493	22.75	2
6494	258.125	3
6495	112.0	3
6496	77.5	4
6497	104.5	6
6498	57.5	3
6499	36.0	1
6500	58.5	5
6501	83.5	5
6502	38.625	3
6503	21.25	1
6504	40.5	4
6505	42.75	3
6506	87.125	4
6507	145.0	6
6508	149.25	5
6509	114.625	5
6510	115.125	5
6511	19.375	1
6512	171.25	1
6513	133.125	5
6514	33.125	3
6515	18.5	1
6516	29.25	3
6517	123.625	2
6518	42.5	1
6519	268.5	2
6520	60.375	4
6521	38.5	3
6522	67.5	4
6523	68.625	3
6524	133.5	5
6525	45.625	3
6526	68.375	4
6527	39.25	3
6528	142.125	6
6529	30.0	3
6530	58.75	4
6531	42.875	2
6532	18.5	1
6533	68.875	3
6534	21.25	1
6535	68.375	4
6536	24.75	2
6538	57.0	1
6539	31.75	3
6540	82.75	6
6541	164.5	2
6542	22.75	1
6543	158.75	4
6544	122.125	4
6545	49.375	2
6546	104.625	5
6547	56.375	1
6548	77.75	3
6549	76.375	5
6550	155.0	4
6551	63.75	3
6552	22.625	1
6553	118.875	4
6554	42.125	3
6555	181.375	1
6556	58.125	3
6557	80.5	4
6558	196.75	5
6559	99.125	5
6561	48.5	3
6562	51.25	3
6563	37.5	3
6564	137.0	1
6566	107.5	3
6567	98.125	1
6568	101.75	5
6569	39.375	3
6570	39.25	3
6571	207.0	1
6572	96.25	7
6573	135.125	4
6574	419.625	6
6575	27.125	1
6576	44.875	3
6577	74.125	3
6578	79.25	2
6579	52.5	5
6580	58.625	3
6581	113.75	3
6582	26.5	2
6583	176.625	6
6584	102.875	1
6585	37.5	2
6586	78.125	6
6587	37.5	3
6588	291.25	2
6589	71.25	4
6590	45.5	3
6591	76.5	1
6592	52.0	2
6593	51.125	4
6594	94.25	3
6595	181.25	8
6596	21.75	3
6597	37.5	3
6598	356.75	5
6599	26.75	3
6600	34.75	3
6601	182.125	4
6603	59.625	4
6604	31.25	3
6605	27.625	1
6606	117.5	5
6608	37.0	2
6609	108.25	8
6610	31.25	3
6611	87.5	1
6612	38.5	5
6613	147.75	4
6614	17.5	1
6615	97.375	5
6616	86.875	6
6617	71.125	1
6618	28.25	2
6619	38.625	3
6620	79.25	1
6621	231.75	1
6622	105.125	5
6623	29.75	1
6624	65.0	3
6626	39.875	3
6627	55.75	3
6628	61.0	1
6629	56.25	3
6630	69.125	6
6631	102.875	3
6632	75.125	2
6633	32.5	1
6634	24.0	3
6636	27.125	3
6637	19.5	2
6638	18.75	1
6639	76.0	3
6640	151.5	1
6641	35.0	3
6642	59.5	4
6643	147.625	4
6644	63.25	4
6645	62.25	5
6646	30.0	3
6648	73.25	5
6649	70.125	1
6650	230.25	6
6652	85.5	1
6653	21.5	1
6654	18.0	1
6655	28.25	5
6656	174.25	4
6657	22.5	2
6658	17.75	1
6659	28.0	3
6660	94.75	5
6661	244.25	1
6662	39.0	3
6663	47.875	3
6664	41.75	3
6665	125.875	3
6666	145.0	4
6667	57.25	3
6668	62.75	4
6669	35.25	3
6670	119.25	2
6671	71.375	1
6672	97.625	5
6673	291.125	9
6674	57.375	1
6675	36.625	2
6676	441.25	1
6677	54.75	2
6679	60.0	2
6680	18.0	3
6681	177.25	7
6682	47.25	3
6683	132.75	4
6684	55.5	1
6685	72.125	4
6686	21.25	1
6687	56.125	3
6688	85.375	3
6689	19.75	2
6690	98.5	5
6691	47.375	4
6692	261.625	1
6693	46.25	5
6694	178.375	2
6695	28.75	3
6696	129.375	7
6697	85.875	4
6698	21.5	1
6699	94.0	6
6700	67.125	3
6701	46.125	4
6703	23.25	1
6704	93.125	7
6705	37.25	2
6706	43.5	3
6707	38.25	3
6708	98.25	3
6709	73.875	4
6710	110.75	5
6711	32.25	1
6712	35.0	3
6713	33.875	2
6714	79.875	5
6715	19.75	1
6716	58.5	4
6717	33.75	3
6718	41.75	3
6719	270.5	3
6720	28.0	2
6721	77.375	3
6722	159.0	7
6724	33.125	4
6725	26.75	1
6726	92.625	7
6727	20.0	1
6728	39.125	2
6730	175.75	3
6731	46.0	4
6732	127.25	4
6733	99.75	6
6734	68.375	4
6735	95.0	5
6736	54.75	4
6737	60.75	5
6738	16.5	1
6739	81.875	5
6740	119.375	4
6741	262.5	1
6742	35.0	3
6743	77.25	4
6744	119.875	5
6745	94.25	4
6746	88.5	5
6747	20.625	1
6748	76.625	4
6749	39.5	3
6750	46.5	3
6751	377.0	1
6752	87.5	5
6753	41.375	3
6754	99.125	6
6755	68.25	3
6756	136.25	5
6758	72.75	5
6760	57.375	2
6761	19.25	1
6762	77.75	4
6763	79.25	6
6764	118.0	4
6765	259.5	1
6766	53.25	3
6767	102.375	4
6768	376.5	2
6769	154.875	5
6770	132.0	3
6771	123.0	5
6772	97.75	5
6773	63.625	3
6774	58.875	2
6775	40.75	3
6777	44.75	3
6778	135.75	5
6779	253.375	2
6780	215.75	2
6781	81.125	3
6782	23.875	3
6783	265.5	6
6784	51.75	3
6785	60.5	4
6786	130.75	3
6787	241.75	3
6789	60.25	4
6790	95.75	3
6791	27.0	1
6792	84.75	4
6793	26.625	3
6794	148.625	4
6795	36.75	3
6796	177.0	8
6797	67.125	4
6798	35.25	2
6799	51.625	3
6800	213.5	2
6801	60.125	3
6802	49.0	3
6803	20.5	3
6804	46.5	1
6805	37.0	4
6806	72.5	2
6807	105.5	5
6808	89.875	5
6809	36.25	3
6810	101.25	8
6811	75.25	4
6813	21.125	1
6814	131.75	6
6815	22.25	3
6816	75.875	4
6817	26.5	1
6818	90.0	3
6819	26.25	2
6820	30.25	1
6821	41.25	3
6822	23.375	3
6823	29.75	2
6824	23.25	1
6825	48.0	3
6826	62.0	5
6827	175.625	3
6828	114.375	3
6829	42.0	3
6830	110.75	5
6831	74.375	4
6832	138.5	7
6833	62.375	3
6834	103.75	5
6835	21.125	1
6836	68.125	3
6837	63.25	1
6838	28.625	2
6839	72.5	4
6840	42.5	3
6843	42.5	3
6844	39.875	2
6845	20.5	1
6846	34.25	3
6847	132.5	8
6848	75.75	5
6849	44.125	4
6850	21.5	1
6851	48.375	4
6852	62.25	5
6853	119.625	5
6854	34.0	3
6855	25.75	3
6856	205.625	7
6857	74.875	4
6858	37.5	4
6859	252.125	6
6860	41.25	3
6862	28.25	2
6863	52.375	3
6864	78.125	4
6865	35.875	5
6866	381.625	10
6867	77.5	1
6868	301.875	1
6869	34.25	2
6870	76.0	4
6871	146.0	5
6872	21.875	1
6873	24.625	3
6874	52.5	3
6875	81.875	3
6877	77.375	5
6878	19.75	1
6879	53.25	2
6880	33.5	3
6881	165.0	2
6882	75.0	4
6883	142.375	2
6884	60.25	1
6885	191.25	7
6886	161.25	7
6887	170.75	4
6888	108.125	5
6889	87.375	4
6890	55.125	4
6891	236.625	4
6892	20.5	1
6893	32.25	1
6894	53.0	3
6895	23.625	1
6896	25.5	2
6897	21.25	2
6898	42.75	3
6899	26.75	1
6900	96.125	4
6901	81.875	4
6902	102.875	4
6903	83.0	5
6904	83.125	4
6905	23.875	1
6906	48.375	1
6907	45.5	3
6908	114.25	7
6910	42.375	3
6911	49.75	3
6912	58.5	4
6913	20.75	3
6914	27.875	2
6915	35.75	4
6916	102.5	3
6917	44.5	1
6918	81.0	5
6919	74.0	6
6920	31.25	3
6921	46.625	3
6923	20.5	1
6924	180.75	3
6925	30.625	2
6927	96.625	4
6928	39.25	3
6929	26.75	1
6930	77.375	1
6931	102.875	3
6932	103.25	4
6933	137.75	3
6934	20.0	1
6935	73.375	5
6936	54.125	4
6937	254.875	9
6938	34.375	2
6939	76.0	5
6940	24.5	1
6941	97.75	6
6942	58.875	5
6943	19.0	1
6944	31.375	1
6945	177.5	1
6946	197.25	5
6947	74.5	5
6948	19.25	1
6949	77.75	1
6951	23.25	1
6952	155.75	7
6953	53.5	3
6954	54.75	4
6955	27.0	2
6957	214.0	7
6958	91.75	1
6959	117.875	4
6960	26.5	3
6961	88.25	1
6962	58.5	3
6963	27.0	3
6964	33.875	3
6965	96.125	6
6966	112.625	6
6967	110.75	8
6968	25.125	3
6970	27.0	3
6971	25.25	3
6972	64.5	1
6973	50.0	4
6974	22.125	1
6975	129.375	5
6976	60.0	3
6977	46.5	3
6978	35.625	1
6979	87.25	5
6980	64.875	4
6981	150.125	4
6982	44.25	2
6983	18.0	1
6984	38.5	1
6985	67.25	2
6986	48.0	3
6988	65.0	3
6989	51.625	3
6990	90.25	4
6991	130.5	4
6993	22.5	3
6994	38.25	3
6995	103.875	5
6996	25.0	3
6998	184.875	6
7000	132.375	4
7001	23.5	3
7002	32.0	2
7003	27.375	3
7004	79.75	3
7005	27.75	3
7006	38.75	3
7007	191.125	5
7008	30.75	2
7009	22.25	2
7011	24.125	1
7012	58.0	1
7013	42.0	3
7014	26.75	3
7015	65.625	2
7016	112.875	3
7017	67.75	3
7019	38.75	3
7020	34.5	1
7021	83.5	3
7022	28.0	3
7023	76.0	1
7024	56.0	3
7025	124.0	1
7026	84.25	4
7027	41.75	3
7028	47.375	5
7029	78.625	1
7030	190.875	1
7032	82.625	3
7033	19.625	1
7034	174.0	4
7035	35.0	1
7036	24.125	1
7037	65.75	4
7038	38.375	3
7039	89.25	4
7040	113.5	6
7041	82.25	6
7042	196.625	6
7043	106.25	1
7044	289.375	6
7045	30.0	3
7046	119.75	4
7047	57.0	3
7048	29.0	2
7049	46.375	2
7050	93.375	3
7051	20.0	1
7053	43.75	6
7054	38.375	4
7056	17.375	1
7057	44.5	3
7058	71.5	4
7059	193.375	5
7060	70.75	1
7061	19.5	1
7062	181.25	5
7063	26.0	3
7064	30.25	2
7065	64.75	2
7066	47.25	4
7067	43.625	3
7068	28.5	3
7069	47.5	3
7070	25.25	1
7071	26.75	3
7072	88.75	5
7073	34.25	3
7074	21.0	1
7076	17.75	1
7077	31.375	3
7078	25.625	3
7079	125.25	5
7080	18.0	1
7081	41.375	3
7082	37.0	4
7083	104.625	5
7084	24.5	1
7085	37.0	3
7086	206.875	3
7087	94.0	4
7088	23.25	3
7089	22.0	2
7090	84.0	5
7091	57.0	3
7092	49.625	3
7093	69.0	4
7094	101.25	7
7095	59.875	5
7096	47.25	4
7097	27.75	1
7099	117.25	5
7101	19.25	1
7102	33.5	3
7103	67.125	5
7104	137.0	5
7105	77.375	3
7106	107.125	4
7107	19.0	1
7108	195.625	7
7109	220.75	4
7110	40.0	3
7111	112.375	4
7112	87.75	3
7115	29.125	1
7116	31.625	1
7117	48.875	3
7118	29.5	3
7119	60.0	1
7120	62.5	5
7121	32.0	3
7123	58.0	4
7124	82.75	4
7125	39.375	1
7126	172.375	5
7128	113.0	2
7129	54.5	4
7130	25.625	3
7131	89.75	3
7132	80.25	5
7133	25.5	1
7134	30.25	2
7135	97.625	1
7136	76.5	4
7137	23.75	2
7138	43.875	2
7139	162.625	4
7140	28.0	1
7142	154.5	6
7143	87.25	5
7144	38.5	3
7145	66.875	5
7146	221.375	7
7147	157.0	2
7148	39.25	3
7149	44.0	3
7150	99.375	5
7151	33.25	3
7152	52.875	4
7153	18.25	1
7155	45.375	4
7156	144.25	4
7157	362.25	1
7158	54.625	3
7159	112.0	5
7160	118.875	1
7163	97.125	4
7164	63.125	3
7165	45.375	4
7166	36.875	3
7167	28.0	1
7168	48.0	3
7169	34.25	2
7170	121.125	2
7171	27.75	3
7172	146.125	3
7173	25.625	2
7174	79.75	3
7175	36.75	1
7176	22.0	1
7177	29.5	3
7178	23.75	1
7179	127.875	3
7180	169.5	5
7181	109.25	3
7182	34.125	3
7183	151.75	3
7184	57.875	5
7185	19.0	1
7186	130.0	5
7187	35.75	1
7188	118.375	7
7189	70.625	4
7190	69.375	4
7191	28.75	1
7192	38.5	3
7193	93.875	6
7194	17.5	1
7195	117.5	6
7196	118.375	6
7197	116.0	5
7198	24.5	2
7199	325.0	4
7200	35.25	3
7202	112.625	3
7203	19.25	1
7204	37.0	4
7205	22.75	1
7206	32.125	2
7207	42.0	3
7208	33.25	2
7209	20.25	1
7210	56.0	3
7211	66.5	4
7212	129.125	3
7213	107.375	5
7214	25.75	2
7215	50.0	4
7216	204.875	6
7217	63.0	5
7218	147.625	1
7219	31.75	2
7220	75.5	1
7221	19.0	1
7222	71.0	3
7223	55.125	5
7224	86.5	5
7225	30.75	3
7226	40.125	3
7227	21.375	3
7228	48.75	3
7229	58.25	3
7231	177.375	5
7232	64.75	5
7233	73.25	6
7234	45.125	4
7235	96.625	3
7236	25.0	2
7237	23.25	1
7238	37.875	3
7240	55.5	5
7241	60.0	4
7242	82.5	3
7243	20.125	2
7245	172.75	4
7246	39.5	3
7247	102.375	5
7248	40.25	3
7249	28.75	1
7250	70.875	1
7251	30.25	1
7252	27.375	2
7253	41.25	3
7254	63.375	3
7255	91.25	5
7257	44.875	3
7258	52.75	3
7259	29.0	3
7261	140.125	6
7262	43.5	3
7263	57.5	3
7264	71.875	3
7265	31.375	3
7266	25.5	1
7267	58.25	2
7268	120.25	5
7269	106.5	3
7270	70.625	6
7271	198.375	5
7272	187.0	7
7273	80.5	1
7274	43.125	3
7275	212.125	7
7276	22.0	1
7278	21.0	2
7279	25.75	3
7280	17.5	3
7281	46.5	3
7282	63.75	3
7283	31.0	3
7284	42.75	3
7285	157.75	2
7286	19.75	3
7287	18.75	1
7288	27.5	1
7289	40.0	2
7290	81.625	4
7291	253.25	5
7292	71.625	3
7293	95.375	4
7294	26.0	2
7295	64.5	3
7296	35.625	2
7297	97.75	5
7298	86.5	5
7299	65.25	3
7300	186.75	5
7301	142.375	4
7302	29.625	2
7303	22.75	3
7304	34.75	3
7305	24.0	2
7306	69.125	3
7307	104.5	3
7309	47.625	3
7310	58.375	4
7311	97.0	5
7312	66.375	3
7313	30.25	2
7314	201.875	7
7315	128.5	6
7316	105.875	4
7317	76.0	3
7318	19.5	1
7320	162.75	6
7321	34.0	1
7322	144.375	1
7323	63.375	4
7324	44.0	3
7325	61.0	4
7326	38.75	3
7327	39.0	2
7328	30.875	1
7329	37.625	3
7331	57.75	4
7332	46.625	5
7333	41.75	3
7334	77.625	7
7335	63.25	6
7336	86.5	3
7337	29.75	3
7339	227.25	5
7340	28.5	3
7341	21.75	2
7342	46.625	4
7343	162.875	3
7344	52.5	5
7345	89.125	1
7346	34.75	3
7347	130.5	4
7348	31.0	3
7349	54.125	3
7351	104.875	2
7352	47.875	3
7353	65.0	1
7354	76.0	4
7355	113.5	7
7356	29.0	3
7357	21.5	1
7358	117.375	4
7360	184.5	5
7361	46.125	3
7362	21.375	1
7363	39.75	3
7365	23.25	3
7367	110.0	3
7368	145.25	3
7369	292.625	5
7370	43.0	3
7371	86.75	4
7372	117.375	6
7373	33.5	3
7374	15.25	1
7375	158.875	2
7376	156.25	3
7377	36.25	2
7378	68.125	5
7379	123.0	4
7380	52.5	3
7381	31.125	3
7382	40.75	2
7383	41.375	3
7384	20.75	3
7385	69.75	4
7386	84.375	5
7387	229.375	8
7388	97.5	5
7389	153.25	5
7390	172.625	5
7391	64.375	5
7392	50.5	3
7393	44.25	3
7394	75.0	3
7395	68.75	3
7396	114.25	3
7397	338.625	7
7398	141.75	4
7399	43.625	3
7400	48.625	4
7401	33.875	4
7402	62.625	3
7403	18.25	3
7404	216.625	6
7405	170.0	8
7406	152.625	4
7408	25.75	3
7409	183.125	5
7411	18.5	1
7412	53.75	1
7413	73.0	4
7414	68.0	5
7415	33.75	2
7416	34.875	3
7417	22.25	1
7418	22.875	3
7419	48.0	3
7421	30.75	3
7422	45.5	3
7423	59.375	3
7424	24.75	3
7425	37.5	3
7426	298.75	1
7427	124.625	4
7428	57.875	5
7429	42.5	3
7430	262.5	8
7431	212.25	1
7432	87.375	3
7433	38.375	3
7434	22.0	1
7435	28.5	1
7436	59.625	5
7437	34.0	2
7438	38.25	3
7439	68.375	4
7440	101.875	7
7441	80.125	5
7442	21.75	1
7443	180.0	1
7444	24.0	2
7445	113.625	6
7446	67.625	3
7447	60.0	6
7449	67.75	1
7450	50.625	5
7451	23.5	2
7452	91.75	5
7453	30.0	1
7454	23.375	1
7455	25.875	2
7456	197.0	1
7457	62.75	4
7458	174.5	1
7459	31.5	3
7461	38.0	1
7463	44.75	3
7464	44.875	3
7465	28.5	2
7468	63.5	4
7469	41.75	3
7470	46.75	3
7471	76.75	5
7472	67.5	2
7473	141.0	1
7474	93.0	5
7475	53.0	2
7476	39.0	3
7477	18.25	1
7478	57.5	3
7479	24.25	3
7480	51.875	4
7481	53.5	3
7483	64.875	3
7484	41.625	3
7485	77.375	4
7486	167.375	6
7487	99.0	4
7488	42.125	3
7489	103.875	3
7491	74.25	4
7492	24.75	1
7494	100.5	7
7495	117.0	6
7497	79.125	5
7499	200.625	2
7500	54.375	3
7501	34.625	3
7502	86.625	4
7503	36.0	3
7504	112.875	6
7505	42.75	3
7506	123.75	5
7508	409.25	8
7509	53.75	4
7510	58.5	3
7511	44.0	4
7512	143.0	2
7513	32.0	1
7514	77.5	4
7515	19.0	1
7516	61.75	3
7517	42.625	3
7518	51.625	4
7519	131.0	5
7520	37.25	2
7521	39.5	3
7522	48.625	3
7523	34.25	3
7524	52.0	3
7525	14.75	1
7526	49.625	3
7527	116.375	4
7528	191.75	5
7529	71.25	4
7530	65.0	5
7531	180.5	4
7532	45.625	3
7533	43.5	5
7534	38.0	3
7535	36.375	3
7536	52.25	4
7537	91.625	5
7538	43.75	5
7539	30.25	2
7540	297.125	1
7541	42.875	3
7542	138.25	5
7544	164.75	3
7545	116.75	5
7546	48.375	2
7547	36.5	4
7548	52.375	4
7549	33.25	3
7550	236.25	5
7551	84.5	6
7552	38.75	3
7553	65.75	2
7554	23.0	1
7555	19.25	1
7556	54.75	4
7557	216.75	4
7558	19.625	1
7559	170.875	1
7560	88.75	4
7561	107.875	2
7562	181.5	8
7563	37.75	1
7564	36.75	3
7565	181.75	7
7566	26.25	3
7567	25.5	3
7568	120.75	5
7569	52.875	1
7570	217.75	5
7571	38.5	3
7573	20.0	1
7574	45.625	5
7575	160.125	5
7576	70.0	3
7577	221.25	6
7578	89.875	3
7579	20.0	1
7580	96.125	4
7581	117.375	5
7582	84.5	5
7583	155.5	5
7584	44.25	3
7585	32.75	2
7586	26.625	1
7587	31.5	1
7588	129.375	5
7589	27.0	3
7590	88.875	7
7591	99.25	6
7592	129.5	6
7594	92.5	4
7595	97.5	6
7596	84.5	6
7597	146.25	4
7598	113.75	5
7599	145.375	6
7600	36.25	3
7601	47.125	3
7602	24.75	2
7603	29.125	1
7604	44.625	1
7605	45.375	6
7606	132.25	4
7607	190.875	4
7608	61.875	4
7609	199.5	4
7610	54.5	3
7611	48.5	4
7612	148.625	4
7613	37.75	3
7614	18.5	2
7615	21.0	1
7616	19.75	1
7617	46.875	4
7618	61.625	5
7619	187.5	5
7620	35.125	3
7621	52.75	3
7622	51.125	3
7623	122.0	1
7624	87.0	4
7625	153.625	5
7626	23.0	1
7627	123.75	4
7628	26.0	1
7629	22.5	3
7630	39.625	4
7631	62.0	6
7632	21.0	1
7633	71.25	2
7634	25.0	3
7635	49.75	3
7636	46.5	3
7637	43.125	5
7638	38.5	3
7639	73.75	3
7640	221.75	2
7641	23.5	2
7642	69.75	1
7644	35.375	2
7645	49.5	3
7646	77.375	4
7647	42.0	3
7648	148.875	3
7649	86.875	4
7650	88.625	6
7651	20.75	2
7652	51.625	3
7653	249.0	3
7654	23.0	1
7655	71.5	1
7656	24.0	1
7657	27.0	3
7658	123.375	10
7659	29.625	3
7660	22.25	1
7661	43.375	3
7662	95.5	5
7663	147.375	1
7664	31.25	3
7665	37.0	3
7666	18.75	3
7667	37.0	2
7668	55.5	1
7669	92.375	5
7670	62.0	4
7671	46.5	4
7672	85.75	3
7673	50.875	3
7674	77.75	3
7675	44.375	4
7676	69.0	1
7677	68.875	3
7678	45.875	3
7679	81.0	5
7680	57.625	4
7681	123.125	4
7683	109.5	7
7684	27.125	1
7685	161.5	3
7686	19.375	1
7687	78.25	4
7688	205.0	5
7689	33.375	3
7690	82.5	4
7691	84.125	5
7692	62.125	3
7693	54.5	3
7694	56.0	2
7695	40.0	5
7696	41.625	3
7697	30.25	3
7698	220.5	3
7699	36.5	3
7700	77.25	4
7701	38.5	3
7702	57.5	1
7703	58.0	1
7704	46.5	4
7705	51.5	1
7706	46.125	3
7707	44.75	2
7709	91.875	4
7710	66.125	4
7713	93.0	3
7714	84.625	3
7716	135.0	4
7717	61.75	1
7718	27.75	1
7719	64.625	3
7720	72.25	5
7721	173.375	4
7722	22.875	3
7723	60.0	5
7724	55.75	4
7725	43.875	3
7726	48.75	4
7727	46.125	3
7728	46.625	4
7729	144.375	4
7730	64.0	1
7731	194.25	5
7732	20.25	3
7734	22.625	1
7735	70.5	3
7736	30.75	1
7737	335.625	10
7739	20.0	1
7740	83.125	3
7741	67.75	4
7742	37.0	1
7743	39.375	3
7744	25.75	1
7745	80.75	5
7746	62.375	5
7747	136.25	1
7748	24.75	1
7749	19.25	1
7750	33.25	3
7751	58.0	3
7752	105.5	5
7753	102.25	4
7754	16.25	1
7755	144.625	7
7757	114.75	6
7758	132.625	5
7759	176.75	2
7760	189.75	1
7761	53.0	4
7762	74.25	1
7763	68.25	3
7764	21.5	3
7765	73.75	3
7766	83.875	3
7767	268.125	4
7768	25.0	3
7769	44.75	3
7770	43.0	3
7771	72.5	3
7772	67.375	3
7773	193.5	1
7774	115.125	4
7775	91.875	3
7776	22.875	3
7778	56.875	3
7780	28.25	2
7781	73.75	1
7782	28.375	1
7784	214.25	4
7785	22.0	1
7786	151.625	7
7787	52.125	4
7788	31.625	3
7789	149.625	2
7790	58.75	4
7791	210.875	1
7792	96.25	5
7793	138.625	3
7794	38.25	3
7795	175.75	2
7796	72.625	1
7797	48.0	4
7798	68.25	4
7799	33.375	1
7800	42.0	3
7801	18.875	1
7802	20.75	2
7803	131.75	4
7804	59.625	4
7806	58.5	5
7807	92.5	5
7808	38.875	3
7809	36.75	2
7810	55.625	3
7811	43.0	3
7812	31.0	3
7813	424.0	1
7814	40.5	2
7815	195.0	6
7816	56.125	3
7817	111.75	3
7818	72.5	4
7819	87.5	5
7820	124.875	6
7821	108.5	4
7822	182.875	3
7823	69.5	4
7824	127.875	5
7825	24.5	1
7826	108.25	3
7827	25.0	3
7828	118.75	7
7829	34.5	4
7830	50.125	1
7831	66.0	5
7832	136.375	5
7833	36.5	3
7834	79.0	5
7835	49.625	3
7836	204.625	7
7837	22.5	1
7839	83.0	3
7840	70.625	4
7841	22.75	2
7842	165.75	1
7843	202.75	6
7844	51.0	5
7845	69.5	4
7846	102.25	5
7847	25.75	3
7848	58.875	3
7849	42.25	5
7850	19.5	1
7851	60.0	5
7853	28.5	2
7854	26.0	3
7855	85.0	5
7856	69.125	4
7857	65.0	5
7859	74.5	5
7860	25.75	3
7861	63.25	3
7862	221.25	2
7863	84.75	5
7864	34.375	4
7865	64.25	3
7866	124.375	4
7867	328.375	1
7868	314.875	7
7869	50.75	5
7870	59.625	4
7872	131.375	5
7873	31.25	2
7874	110.0	7
7875	23.75	1
7876	86.125	1
7877	18.0	1
7878	115.875	7
7879	18.0	1
7880	152.875	1
7881	44.5	5
7882	60.625	5
7883	69.375	2
7884	227.375	1
7885	43.625	3
7886	69.25	5
7887	73.5	3
7888	23.25	1
7889	38.25	3
7890	87.5	4
7891	27.25	1
7892	56.0	3
7893	82.5	5
7894	280.0	2
7895	58.5	4
7896	40.0	3
7897	67.25	5
7898	52.625	4
7899	112.5	5
7900	56.25	6
7901	87.125	6
7902	78.5	4
7903	76.875	5
7905	151.875	3
7906	132.625	4
7907	86.625	4
7908	50.25	3
7909	40.625	3
7910	20.0	1
7911	28.75	1
7913	95.375	5
7914	108.25	5
7915	323.625	5
7916	141.5	4
7917	48.5	4
7918	54.875	4
7919	258.125	1
7920	83.0	3
7921	145.125	4
7922	62.5	3
7923	29.25	3
7924	94.125	5
7925	143.625	5
7926	222.875	1
7927	25.75	3
7928	143.625	8
7929	23.75	1
7930	25.0	3
7931	84.125	6
7932	98.5	6
7933	77.875	3
7935	51.625	3
7936	30.75	3
7937	72.0	4
7938	25.25	1
7939	188.0	3
7940	56.875	3
7941	46.125	3
7942	210.625	3
7943	21.5	1
7944	32.0	2
7945	23.5	2
7946	61.0	3
7947	32.0	1
7948	50.125	3
7949	40.5	2
7950	55.875	3
7951	39.625	3
7952	64.0	1
7953	54.25	5
7954	45.125	3
7955	66.125	5
7957	53.625	3
7958	115.5	4
7959	20.5	1
7961	29.5	1
7962	43.5	3
7963	106.875	5
7964	110.125	4
7965	78.25	8
7966	85.625	1
7967	84.375	5
7968	151.0	5
7969	132.625	5
7970	53.5	3
7971	98.0	4
7972	77.375	4
7974	229.75	2
7975	144.5	2
7976	74.5	7
7977	71.875	3
7978	307.375	7
7979	77.5	3
7980	76.375	4
7981	30.0	1
7982	101.5	3
7983	98.5	3
7984	98.375	5
7985	103.5	1
7986	38.0	3
7988	23.0	1
7989	37.625	3
7990	23.5	1
7991	115.375	3
7992	75.5	5
7993	36.125	3
7994	56.5	4
7995	124.5	3
7996	98.375	5
7998	111.875	3
7999	46.875	3
8000	50.75	3
8001	115.375	5
8002	47.0	1
8003	48.5	3
8004	36.625	4
8005	74.5	6
8006	38.125	3
8007	101.125	7
8008	253.875	7
8009	76.25	5
8010	190.0	4
8011	68.5	3
8012	51.125	3
8013	96.25	6
8014	172.0	4
8015	62.875	4
8017	85.25	4
8019	82.75	5
8020	60.25	4
8022	88.625	3
8024	30.75	3
8025	112.375	5
8026	75.875	3
8027	26.5	3
8028	96.25	3
8029	26.5	2
8030	29.875	2
8031	40.0	4
8033	18.75	1
8034	94.875	6
8035	28.125	2
8036	319.0	12
8037	18.25	1
8038	24.25	1
8039	128.375	5
8040	167.5	6
8042	99.125	3
8043	34.375	1
8044	24.5	1
8046	122.75	6
8047	17.25	2
8048	20.5	1
8049	119.125	2
8050	37.25	2
8051	207.25	4
8052	41.75	4
8053	55.0	3
8054	38.75	4
8056	195.75	5
8057	51.25	5
8059	87.75	6
8060	18.5	1
8062	24.25	2
8063	56.25	3
8064	25.875	1
8066	178.75	7
8067	47.0	3
8069	220.375	6
8070	136.625	2
8071	109.75	6
8072	89.0	5
8073	79.625	6
8074	24.5	1
8075	83.75	4
8076	110.25	5
8077	62.75	4
8078	20.75	1
8079	128.625	4
8080	180.375	3
8081	80.5	3
8082	97.625	2
8083	24.25	1
8084	46.5	4
8085	63.25	5
8086	27.375	1
8087	297.0	1
8088	35.5	4
8089	44.75	3
8090	26.5	1
8091	29.5	3
8092	155.875	8
8093	49.5	4
8094	99.125	7
8095	327.875	6
8096	40.375	1
8097	77.625	2
8098	111.125	7
8099	72.5	3
8100	87.625	5
8101	93.375	2
8102	59.25	3
8103	75.25	5
8104	119.625	5
8105	39.0	3
8106	23.0	3
8107	66.625	5
8108	63.625	4
8109	37.125	3
8110	132.625	5
8111	48.875	5
8112	54.375	1
8113	132.75	5
8114	162.375	6
8115	60.25	3
8116	53.375	3
8117	20.625	1
8118	193.0	5
8119	54.0	1
8120	183.375	1
8122	27.375	3
8123	47.75	3
8124	100.125	5
8125	73.75	4
8126	119.875	5
8127	149.875	5
8128	115.375	6
8129	290.75	1
8130	170.125	7
8131	37.0	3
8132	73.0	4
8133	65.25	4
8134	343.875	1
8135	29.25	1
8136	136.875	1
8137	61.25	4
8138	17.125	1
8139	33.0	2
8140	49.0	3
8141	35.875	1
8142	24.0	2
8143	58.5	4
8144	29.75	4
8145	45.875	3
8146	89.75	1
8147	219.375	1
8148	51.125	1
8149	64.5	3
8150	273.5	8
8151	23.5	1
8152	75.25	5
8153	101.75	5
8154	123.375	7
8155	26.25	3
8156	101.0	6
8157	122.75	3
8158	63.75	3
8159	138.875	5
8160	79.625	1
8161	99.75	5
8162	69.125	3
8163	52.75	3
8164	382.5	3
8165	127.125	6
8166	33.125	2
8167	65.5	3
8168	27.75	2
8169	48.5	3
8170	196.125	3
8171	26.25	2
8172	52.625	4
8173	19.25	1
8174	106.125	5
8175	27.375	1
8176	153.0	6
8177	146.75	2
8178	110.875	4
8179	120.0	5
8180	36.0	1
8181	50.125	3
8182	165.25	5
8183	71.5	4
8185	47.5	3
8187	26.875	1
8188	103.0	6
8189	110.0	3
8191	374.875	9
8192	215.75	7
8193	208.0	1
8194	59.75	3
8195	17.5	1
8197	26.5	1
8198	23.125	1
8199	34.25	2
8200	243.125	1
8202	60.25	4
8203	26.125	2
8204	107.5	4
8205	131.875	5
8206	64.75	1
8207	35.75	3
8208	71.0	5
8209	129.75	3
8210	70.625	4
8211	92.75	6
8212	25.625	1
8213	200.25	1
8214	124.75	5
8215	83.25	4
8216	33.0	1
8217	45.0	2
8218	18.0	1
8219	110.375	5
8220	30.5	2
8221	49.625	3
8222	112.75	2
8223	222.875	8
8224	39.375	2
8225	52.375	3
8226	184.25	8
8227	112.875	2
8228	288.75	3
8229	125.25	6
8230	121.5	4
8231	101.875	5
8232	144.25	2
8233	62.5	3
8235	20.25	2
8236	85.0	4
8237	36.25	3
8238	18.5	1
8239	35.5	5
8240	177.5	6
8241	43.375	3
8242	69.625	1
8243	31.25	1
8244	49.75	3
8245	115.625	3
8246	132.125	6
8247	48.875	3
8248	79.75	4
8249	87.5	1
8250	232.625	7
8251	70.875	2
8253	77.0	5
8254	64.0	7
8255	176.625	1
8257	82.0	1
8258	17.0	1
8259	20.5	1
8260	94.25	6
8261	57.75	5
8262	26.75	1
8263	34.5	2
8264	128.625	6
8266	52.875	4
8267	183.625	3
8268	22.0	2
8269	203.875	4
8270	20.5	1
8271	27.125	2
8272	130.875	5
8273	62.25	1
8274	78.375	5
8275	230.125	2
8276	30.375	3
8277	80.0	6
8279	149.25	3
8280	21.25	3
8281	22.875	1
8282	32.75	3
8283	74.625	3
8284	51.625	4
8285	34.875	3
8286	27.75	2
8287	25.75	1
8288	42.75	1
8289	54.375	2
8290	159.75	5
8291	78.75	3
8292	44.25	3
8293	54.5	3
8294	111.0	5
8295	100.0	2
8297	26.25	3
8298	53.625	4
8299	58.625	5
8300	21.25	1
8301	62.5	5
8302	69.0	1
8303	250.25	6
8304	128.0	2
8305	98.25	4
8306	30.0	2
8307	18.75	1
8308	82.25	1
8309	73.25	3
8310	23.0	3
8311	39.25	5
8312	76.75	1
8313	21.5	1
8314	165.875	8
8315	81.5	6
8316	37.125	3
8317	29.125	3
8319	422.25	8
8320	98.25	6
8321	20.75	1
8322	32.25	2
8323	61.0	4
8324	59.375	5
8325	99.25	4
8326	113.0	7
8327	51.125	3
8328	68.5	4
8329	139.625	7
8330	32.5	1
8332	18.0	1
8333	21.25	1
8334	132.125	3
8335	30.5	3
8336	24.25	3
8337	84.25	1
8338	20.0	1
8339	29.75	3
8340	72.75	5
8341	38.25	4
8342	95.25	3
8344	81.875	3
8345	69.75	3
8347	161.0	3
8348	82.375	4
8349	77.625	1
8350	51.625	5
8351	18.0	1
8352	43.5	4
8353	27.0	2
8354	73.0	1
8355	178.875	2
8356	205.625	1
8357	92.625	5
8358	66.0	6
8359	51.0	5
8360	110.375	6
8361	123.375	7
8362	19.25	1
8363	46.125	3
8364	51.625	3
8365	248.75	5
8366	59.125	1
8367	20.75	1
8368	70.75	3
8369	122.375	4
8370	114.875	5
8371	141.0	7
8373	148.25	9
8374	103.25	5
8375	81.25	4
8376	28.25	3
8377	43.375	1
8378	95.75	5
8379	20.25	3
8380	39.125	1
8381	44.5	3
8382	51.25	4
8383	77.375	5
8384	23.0	1
8385	52.25	2
8386	21.5	1
8387	80.25	4
8388	102.75	4
8389	103.25	5
8390	185.375	5
8391	18.875	1
8392	29.25	3
8393	39.125	3
8394	214.625	4
8395	126.125	4
8397	138.875	4
8399	53.0	3
8400	24.25	1
8401	54.5	3
8402	67.625	4
8404	23.25	3
8405	96.25	3
8406	56.75	1
8407	147.0	5
8408	98.75	5
8409	90.0	3
8410	19.25	1
8411	78.0	3
8412	75.375	4
8413	139.75	5
8414	48.125	3
8415	54.125	3
8416	36.875	3
8417	59.625	4
8419	111.5	4
8420	83.25	1
8421	34.875	3
8422	171.75	7
8423	139.125	4
8424	34.5	3
8425	52.5	3
8426	23.0	1
8427	156.25	4
8428	70.125	1
8429	340.25	4
8430	49.75	2
8431	261.0	1
8432	188.25	3
8433	230.125	6
8434	52.5	1
8435	50.375	3
8436	93.5	7
8437	27.375	1
8438	69.875	3
8439	34.375	1
8441	62.75	5
8442	58.375	3
8443	179.0	4
8444	133.875	5
8445	34.5	3
8446	86.875	4
8447	26.625	3
8448	22.25	1
8449	198.625	3
8450	51.75	1
8451	144.0	6
8452	25.0	3
8453	135.875	8
8454	21.0	3
8455	79.875	5
8456	76.0	5
8457	91.625	3
8458	80.625	4
8460	17.5	1
8461	29.125	3
8462	36.75	3
8463	54.75	1
8464	102.5	9
8465	68.75	1
8466	42.125	2
8467	65.5	1
8468	54.0	3
8469	140.125	4
8470	17.25	1
8471	47.125	3
8472	68.5	5
8473	49.875	4
8474	50.25	4
8475	80.0	4
8476	52.25	3
8477	163.75	2
8478	46.75	4
8479	40.25	3
8480	257.125	1
8481	40.0	3
8482	134.875	4
8483	117.0	5
8484	26.75	3
8485	90.5	6
8486	21.875	1
8487	20.0	1
8488	137.5	1
8491	17.25	1
8492	147.75	3
8493	40.25	5
8494	47.75	3
8495	195.5	9
8496	283.5	1
8497	63.25	1
8498	86.125	7
8499	43.75	3
8500	113.625	5
8501	249.125	4
8502	39.75	3
8503	26.75	3
8504	81.625	3
8505	74.875	4
8506	19.75	3
8507	28.25	1
8508	110.5	3
8509	27.0	2
8510	140.0	3
8511	43.5	3
8512	69.125	3
8513	41.5	3
8514	165.25	4
8515	65.125	6
8516	253.875	7
8517	19.625	1
8518	33.625	2
8519	50.25	1
8520	28.375	2
8521	22.875	1
8523	18.5	2
8524	42.75	3
8525	136.375	3
8526	20.5	1
8527	113.75	4
8528	255.5	6
8529	147.5	8
8531	20.25	1
8532	79.875	5
8533	51.0	3
8534	29.5	3
8535	44.125	3
8537	119.125	4
8538	326.0	3
8539	63.25	3
8540	110.875	1
8541	49.125	2
8542	57.75	1
8543	26.5	3
8544	168.125	5
8545	34.875	3
8546	81.0	4
8547	64.125	3
8548	100.75	3
8549	56.25	3
8550	90.5	4
8551	85.25	3
8552	118.25	7
8553	90.125	6
8554	50.75	3
8555	100.625	4
8556	101.5	5
8558	72.125	2
8559	34.0	1
8560	29.375	3
8561	52.75	1
8562	58.25	6
8563	75.375	6
8564	31.0	2
8565	33.5	1
8566	21.75	1
8567	29.5	1
8568	25.0	3
8569	109.0	3
8570	47.875	3
8571	51.125	3
8572	45.0	1
8573	129.75	3
8574	75.25	5
8577	60.5	4
8579	61.0	4
8580	69.625	5
8581	48.875	3
8582	154.125	6
8583	30.0	1
8584	52.875	3
8585	159.125	1
8586	33.75	3
8587	28.5	2
8588	42.125	3
8589	72.75	5
8590	21.75	1
8591	60.75	4
8592	62.5	3
8593	35.5	1
8594	24.25	3
8595	53.875	5
8596	84.0	7
8597	16.5	1
8598	233.75	1
8599	26.625	3
8600	109.25	3
8601	83.5	1
8602	129.125	3
8603	74.875	3
8604	170.125	5
8605	27.5	1
8606	27.5	3
8607	301.75	3
8608	21.25	3
8609	66.0	3
8610	51.75	3
8611	76.0	4
8612	63.5	4
8613	83.75	4
8614	277.875	1
8615	54.375	4
8616	304.0	1
8617	64.5	1
8618	461.75	1
8619	29.25	1
8620	45.125	3
8621	201.5	1
8622	33.5	3
8623	45.375	3
8625	32.0	2
8626	34.75	3
8627	137.375	5
8629	42.125	3
8630	70.75	3
8631	53.625	1
8632	88.75	4
8633	45.75	3
8634	91.75	5
8635	24.75	3
8636	85.25	1
8637	33.75	3
8638	62.875	3
8639	96.375	6
8640	52.25	1
8641	55.5	3
8642	24.75	2
8644	134.5	4
8645	15.125	2
8646	154.5	6
8647	19.25	3
8648	107.375	5
8649	19.25	1
8650	77.5	4
8651	69.125	3
8652	193.75	7
8653	60.625	3
8654	19.5	2
8655	184.375	1
8656	41.875	1
8657	44.75	3
8658	101.875	2
8659	31.0	1
8660	57.125	3
8661	174.875	6
8662	20.75	1
8663	30.0	3
8664	55.125	4
8665	44.0	3
8666	79.5	1
8667	52.25	3
8668	46.25	3
8669	25.75	3
8670	443.0	1
8671	40.625	3
8672	183.875	6
8673	386.875	3
8674	46.25	3
8675	57.25	3
8676	128.25	7
8677	55.625	4
8679	45.875	3
8680	32.75	1
8681	47.0	3
8682	20.0	1
8683	43.5	3
8684	91.125	6
8685	42.625	3
8686	86.5	5
8687	28.75	3
8688	200.0	1
8689	27.5	3
8690	46.75	3
8691	18.75	1
8693	132.375	5
8694	54.75	4
8695	38.375	2
8696	53.625	4
8697	29.625	3
8699	140.875	2
8700	119.0	3
8701	68.75	3
8702	73.875	3
8703	18.0	1
8704	23.25	3
8705	113.25	3
8706	421.125	1
8707	33.5	3
8708	171.25	4
8709	50.875	3
8710	179.0	6
8711	25.5	2
8712	62.5	3
8713	20.125	2
8714	68.125	2
8715	225.25	4
8716	38.0	3
8717	82.25	5
8718	132.5	5
8719	62.875	3
8720	120.5	5
8721	59.5	1
8722	26.875	3
8723	39.25	3
8724	27.375	3
8725	20.75	1
8726	226.0	8
8727	42.375	3
8728	34.75	4
8729	98.25	4
8730	23.25	2
8731	133.125	7
8732	47.0	4
8733	54.875	3
8734	182.5	2
8735	36.875	3
8736	37.625	3
8737	144.75	5
8738	51.875	2
8739	34.75	4
8741	46.375	3
8742	157.375	5
8743	24.0	1
8744	78.5	5
8745	60.125	5
8746	158.0	6
8748	68.375	3
8750	27.625	3
8751	145.25	2
8752	207.25	2
8753	59.0	3
8754	42.875	1
8755	56.625	3
8756	73.875	7
8757	55.25	3
8758	19.75	1
8759	183.625	5
8760	68.75	3
8761	158.375	3
8762	59.75	4
8763	33.75	2
8764	23.25	1
8765	89.5	2
8766	66.375	5
8767	32.25	1
8768	106.5	2
8769	23.625	1
8770	42.75	3
8771	46.625	4
8772	24.75	3
8773	23.0	1
8774	176.5	4
8775	36.375	3
8776	44.375	4
8777	20.25	1
8778	97.75	4
8779	26.5	3
8780	149.375	5
8781	43.25	3
8782	52.375	1
8783	49.75	4
8784	70.0	1
8785	85.625	5
8786	133.125	2
8787	28.125	3
8788	50.75	5
8789	44.875	4
8790	116.875	5
8791	111.75	7
8792	39.75	3
8794	42.25	3
8796	45.5	1
8798	37.5	3
8800	55.625	3
8801	145.625	3
8802	139.0	4
8803	169.5	6
8804	32.0	3
8805	72.875	5
8806	45.5	4
8807	72.5	4
8808	101.75	5
8810	164.5	6
8811	20.25	1
8812	149.125	8
8813	26.0	3
8814	33.5	2
8815	27.0	3
8816	19.5	3
8817	52.75	3
8818	70.75	5
8819	67.0	4
8821	32.0	2
8822	46.5	3
8823	85.875	11
8824	30.125	3
8825	92.75	5
8827	132.75	4
8828	55.375	4
8829	144.5	5
8830	46.625	5
8831	59.875	4
8832	21.0	1
8833	103.5	7
8834	88.75	8
8835	47.5	3
8836	69.5	3
8837	53.5	4
8838	260.875	4
8839	50.125	1
8840	19.25	1
8841	66.75	1
8842	25.875	1
8844	27.5	2
8845	30.375	3
8846	66.5	3
8847	33.625	3
8848	21.75	1
8849	165.375	5
8850	197.0	2
8851	136.375	4
8852	78.25	4
8853	79.75	3
8854	17.25	1
8855	29.75	2
8856	36.5	3
8857	31.375	3
8858	46.625	4
8859	77.25	1
8860	53.125	1
8861	98.5	3
8862	21.875	1
8864	54.125	3
8865	419.375	1
8866	153.125	8
8867	273.875	8
8868	32.375	3
8869	131.0	7
8870	69.125	5
8871	81.0	1
8872	80.75	5
8873	30.75	1
8874	56.25	3
8875	134.875	6
8876	220.125	4
8877	24.0	3
8878	61.75	4
8879	42.375	3
8880	98.5	7
8881	24.5	1
8882	101.75	7
8883	186.25	1
8884	21.5	3
8885	18.5	3
8886	18.375	1
8887	45.125	3
8888	80.375	3
8889	64.75	3
8890	76.625	3
8891	133.5	5
8892	69.375	3
8893	189.75	4
8894	130.25	5
8895	229.5	4
8896	43.75	5
8897	86.0	1
8898	92.5	2
8899	60.25	3
8901	51.0	4
8902	22.75	1
8903	183.75	6
8904	30.0	1
8905	43.125	3
8906	53.0	3
8907	54.875	3
8908	34.125	2
8909	19.375	1
8911	88.5	2
8912	83.375	5
8913	39.5	3
8914	169.625	3
8915	66.75	5
8916	170.25	1
8917	181.625	1
8918	88.0	6
8920	157.625	5
8922	122.125	3
8923	57.75	3
8924	76.5	4
8925	46.25	3
8926	19.25	1
8927	65.75	5
8928	34.25	3
8929	40.5	3
8930	70.25	5
8931	114.75	7
8932	71.25	3
8933	315.0	11
8934	59.625	3
8936	34.125	3
8937	53.0	2
8938	240.75	1
8940	41.0	3
8941	19.25	1
8942	20.75	1
8943	41.75	3
8944	33.5	3
8945	53.0	1
8946	19.0	1
8947	74.5	3
8948	163.75	6
8949	44.75	3
8950	53.125	3
8951	133.625	6
8952	44.75	4
8954	20.0	2
8955	79.25	5
8956	130.375	3
8957	41.5	3
8958	35.5	3
8960	38.125	3
8961	94.0	3
8962	51.75	3
8963	157.25	5
8964	29.25	4
8965	57.625	5
8966	27.625	3
8967	86.5	6
8968	66.375	1
8969	65.75	3
8970	92.5	4
8971	120.25	6
8972	28.75	3
8973	38.375	3
8974	84.625	1
8975	23.875	3
8976	169.125	4
8977	35.5	4
8978	122.25	5
8979	238.375	6
8980	66.0	3
8981	49.5	1
8982	57.0	3
8983	55.25	1
8984	71.125	3
8985	47.875	4
8986	63.125	4
8987	159.5	2
8988	65.75	5
8989	105.25	5
8990	64.375	3
8991	126.25	4
8992	100.625	6
8993	70.25	4
8994	34.5	3
8995	66.375	1
8996	141.75	4
8997	19.75	1
8998	41.375	3
8999	46.25	4
9000	27.0	1
9001	67.5	1
9003	42.625	3
9004	38.5	1
9005	25.75	3
9006	186.25	4
9007	25.25	3
9008	33.125	3
9010	93.25	6
9011	149.0	6
9012	30.5	2
9013	19.75	1
9014	125.875	5
9015	35.25	3
9016	55.0	5
9017	59.75	3
9018	92.0	6
9019	57.75	4
9020	37.125	2
9021	26.5	1
9023	42.25	1
9024	102.0	3
9025	59.0	1
9026	103.0	7
9027	55.75	3
9028	33.75	1
9029	25.375	2
9031	123.75	4
9032	116.5	2
9034	57.0	7
9035	50.875	4
9037	41.5	3
9038	38.75	3
9039	23.5	2
9040	79.75	3
9041	156.125	5
9042	62.625	3
9043	168.75	5
9044	27.5	3
9045	25.25	3
9046	168.5	1
9047	166.875	2
9048	71.375	5
9049	46.5	3
9050	46.125	3
9051	31.75	2
9052	39.375	3
9053	70.875	3
9054	26.0	3
9055	174.75	1
9056	41.25	3
9057	69.5	5
9058	46.0	4
9059	52.625	4
9060	72.25	6
9061	37.0	3
9062	60.5	1
9063	33.5	1
9064	70.25	3
9065	99.875	5
9066	38.5	4
9067	24.875	1
9068	81.125	4
9069	131.75	5
9070	52.125	4
9071	101.625	5
9072	83.75	5
9073	119.25	5
9074	149.0	7
9075	66.125	5
9076	19.25	3
9077	37.75	3
9078	55.625	4
9079	67.375	3
9080	27.5	3
9081	35.5	4
9082	144.875	4
9083	255.375	5
9084	37.125	4
9085	32.25	3
9086	18.0	1
9087	84.625	6
9088	175.125	3
9089	82.75	1
9090	59.0	3
9091	23.125	3
9092	90.0	3
9093	27.125	1
9094	83.0	5
9095	119.875	5
9096	141.5	6
9097	118.375	4
9099	38.25	4
9100	41.25	3
9101	60.125	4
9102	41.875	3
9103	35.75	1
9104	108.625	1
9105	311.25	3
9106	39.25	3
9107	104.5	3
9108	72.25	5
9109	106.5	2
9110	62.625	5
9111	19.75	2
9112	40.0	3
9114	97.5	6
9115	49.25	3
9116	81.75	1
9117	16.75	1
9119	88.5	5
9120	87.375	5
9121	49.125	3
9122	101.75	5
9123	41.0	2
9124	139.75	2
9125	24.5	1
9126	19.5	1
9127	84.375	3
9128	55.125	4
9129	61.0	4
9131	73.75	3
9132	97.0	3
9133	112.625	6
9134	122.75	2
9135	22.625	3
9136	278.25	9
9137	26.0	3
9138	47.25	3
9139	22.5	2
9140	19.0	2
9141	61.0	1
9142	116.75	4
9143	175.375	6
9144	135.75	6
9145	96.0	4
9146	106.0	5
9147	85.0	4
9148	61.25	3
9149	80.5	4
9150	32.375	1
9151	24.75	1
9152	30.375	3
9153	315.5	7
9154	76.125	5
9155	145.125	5
9156	122.5	5
9157	64.5	5
9158	177.375	8
9159	179.5	3
9160	36.75	2
9161	38.0	1
9162	204.125	3
9163	82.125	5
9164	93.625	6
9165	96.375	4
9166	33.875	3
9168	86.5	2
9169	21.0	1
9170	89.0	1
9171	38.0	1
9172	19.5	3
9173	39.375	3
9174	29.5	3
9175	36.75	2
9176	83.875	3
9177	73.125	4
9178	218.75	7
9179	21.5	1
9180	62.75	3
9181	148.5	3
9183	71.5	5
9184	60.875	3
9185	27.25	2
9186	35.25	3
9187	97.75	3
9188	34.75	3
9189	109.75	3
9190	41.25	4
9191	20.0	2
9193	76.75	4
9194	92.5	5
9195	72.625	3
9198	82.0	5
9199	66.375	4
9200	32.875	3
9201	220.875	7
9202	75.75	4
9203	67.625	1
9204	36.75	3
9205	48.875	3
9206	70.75	4
9208	32.0	2
9209	28.875	1
9210	291.0	5
9211	27.0	1
9212	66.375	3
9213	58.125	3
9214	74.125	4
9215	33.875	2
9216	29.0	3
9217	153.75	4
9219	73.875	3
9220	32.25	3
9222	62.5	3
9223	67.625	4
9224	108.875	4
9225	56.75	4
9226	65.25	4
9227	67.25	3
9228	55.5	1
9229	30.0	1
9230	23.125	3
9231	31.125	3
9233	334.375	7
9235	18.25	1
9236	81.25	6
9237	24.5	3
9238	41.5	3
9239	25.5	1
9240	80.625	3
9241	78.125	5
9242	169.5	6
9243	41.25	1
9244	25.5	1
9245	21.0	1
9246	26.0	1
9247	94.0	4
9248	73.875	2
9249	19.0	1
9250	238.75	4
9251	144.75	5
9252	79.875	7
9254	176.625	1
9255	76.0	3
9256	30.25	3
9257	103.5	4
9258	25.25	2
9259	100.875	6
9260	46.25	3
9261	55.0	3
9262	190.625	2
9263	37.75	3
9264	44.25	1
9265	27.0	3
9266	94.0	5
9267	69.875	4
9268	31.75	2
9269	73.375	4
9270	29.5	3
9271	32.5	3
9272	192.75	5
9273	70.75	4
9274	22.75	3
9275	27.0	2
9276	73.875	4
9277	25.0	1
9278	23.75	1
9279	31.5	1
9280	48.5	4
9281	290.625	2
9283	37.25	3
9284	215.375	1
9285	64.75	5
9286	46.75	3
9287	34.0	3
9289	16.5	2
9290	47.75	4
9291	38.375	3
9292	23.0	3
9293	189.375	5
9294	96.875	4
9295	95.375	3
9296	27.5	1
9297	29.25	1
9298	74.5	3
9299	54.5	1
9300	31.5	3
9301	60.375	3
9302	36.375	3
9303	26.0	1
9305	104.75	7
9306	87.875	5
9307	39.125	3
9308	21.25	1
9309	54.375	3
9310	104.125	5
9311	166.125	2
9312	187.625	1
9313	18.75	1
9314	83.5	1
9315	51.625	4
9316	110.625	5
9317	175.375	5
9318	108.75	4
9319	61.875	3
9320	28.25	2
9321	218.0	1
9322	46.125	3
9323	72.0	3
9324	44.375	1
9325	85.25	5
9326	66.375	1
9328	28.125	1
9329	33.25	1
9330	228.5	3
9331	73.875	4
9332	21.0	1
9333	162.625	4
9334	51.625	3
9335	56.625	5
9336	55.75	3
9337	62.125	4
9338	148.375	5
9339	28.875	3
9340	223.125	3
9341	31.875	2
9342	200.25	5
9343	19.0	1
9344	117.0	1
9345	32.25	3
9346	67.75	1
9347	43.5	3
9348	27.5	3
9349	53.375	5
9350	20.0	1
9351	71.25	3
9352	72.375	6
9353	32.75	3
9354	64.75	4
9355	33.75	4
9356	106.25	3
9357	58.25	1
9358	69.75	4
9359	54.125	3
9360	145.25	6
9361	39.125	4
9362	38.75	3
9363	60.25	1
9364	26.375	1
9365	182.0	7
9366	64.25	5
9367	151.625	6
9368	57.75	4
9369	79.875	7
9370	33.375	3
9371	33.375	4
9372	21.5	3
9373	74.25	3
9374	147.75	5
9375	101.875	5
9376	83.125	1
9377	63.875	3
9378	19.25	1
9379	48.125	3
9380	23.5	2
9381	131.25	4
9382	72.625	5
9384	64.75	5
9385	210.25	1
9386	19.75	2
9387	163.5	3
9388	80.875	4
9389	92.625	5
9390	21.75	1
9391	49.5	4
9392	37.875	3
9393	54.0	4
9394	126.25	5
9395	21.375	3
9396	42.5	4
9397	41.25	3
9398	79.75	4
9399	62.875	4
9400	63.5	1
9401	24.75	3
9402	124.375	5
9403	49.5	2
9405	91.5	6
9406	19.5	2
9407	52.75	3
9408	78.375	3
9409	41.625	3
9410	87.625	6
9411	100.375	5
9412	57.0	1
9413	52.125	3
9414	31.75	1
9415	77.875	4
9416	59.375	4
9417	59.375	4
9418	27.25	3
9419	187.375	3
9421	67.625	5
9422	47.0	3
9423	123.125	6
9424	23.875	3
9425	56.5	1
9426	95.0	3
9427	87.125	6
9428	89.125	4
9429	22.0	3
9430	94.25	4
9431	50.875	3
9432	151.875	5
9433	78.75	5
9434	88.75	4
9435	136.75	6
9436	42.0	3
9437	199.625	3
9438	52.25	5
9439	222.75	2
9440	139.125	4
9441	112.0	12
9442	51.25	3
9443	28.5	3
9444	180.375	2
9445	32.625	2
9446	99.875	7
9447	47.375	3
9448	64.25	4
9451	112.375	4
9452	29.0	3
9453	167.5	1
9454	319.25	11
9455	177.5	2
9456	71.25	5
9457	33.5	5
9458	72.125	1
9459	61.875	4
9460	22.125	1
9461	91.0	1
9462	28.375	1
9463	25.25	1
9464	36.25	4
9465	38.75	3
9466	60.625	1
9467	37.625	3
9468	65.875	1
9469	25.5	2
9470	283.125	7
9471	221.125	5
9472	23.0	3
9473	153.375	6
9474	64.375	4
9475	75.25	6
9476	90.0	5
9477	33.875	2
9478	115.5	6
9479	152.25	3
9480	121.25	2
9481	72.75	4
9482	100.75	6
9483	74.25	3
9484	26.25	3
9485	99.625	4
9486	252.125	1
9487	24.0	2
9488	89.375	4
9489	43.75	4
9490	190.0	6
9491	37.125	3
9492	38.75	3
9493	20.0	1
9494	49.25	3
9495	37.5	3
9496	22.5	3
9497	50.25	3
9498	233.75	1
9499	22.5	1
9500	33.0	1
9501	29.0	3
9502	28.25	3
9503	92.25	4
9504	40.375	3
9505	78.625	3
9506	65.0	1
9507	30.25	1
9508	47.625	4
9509	52.0	3
9510	102.875	5
9511	95.0	6
9512	81.75	4
9513	60.25	4
9516	21.5	1
9518	39.5	2
9519	157.875	3
9520	137.125	6
9521	33.625	3
9522	70.0	1
9523	166.375	7
9524	21.0	1
9525	91.75	3
9527	222.125	4
9528	130.5	5
9529	101.5	3
9530	63.875	1
9531	152.125	4
9532	24.75	1
9533	96.875	8
9534	35.5	3
9535	163.125	5
9536	39.5	5
9537	127.5	6
9538	110.5	4
9539	93.375	5
9540	35.125	3
9541	35.0	3
9542	37.5	3
9543	39.5	3
9544	76.25	1
9545	47.125	4
9546	41.625	3
9547	48.625	4
9548	115.375	5
9549	178.75	2
9550	54.125	3
9551	37.75	3
9552	140.75	5
9553	61.5	1
9554	80.75	4
9556	151.875	5
9557	228.125	6
9558	95.0	4
9559	47.0	3
9560	37.5	4
9561	86.25	5
9562	25.25	1
9563	48.375	2
9564	104.125	4
9565	75.25	3
9566	43.375	4
9567	118.125	6
9568	89.0	5
9569	201.875	4
9570	128.5	4
9571	48.625	3
9573	45.5	3
9574	108.375	6
9575	60.0	1
9576	49.375	3
9577	52.875	1
9578	65.25	3
9579	93.5	5
9580	257.125	5
9581	46.25	5
9582	49.0	3
9583	126.375	4
9584	59.125	3
9585	111.0	4
9586	136.0	5
9587	18.5	1
9589	32.25	3
9590	203.375	4
9591	39.0	1
9592	80.0	4
9593	19.0	2
9594	150.25	2
9595	46.25	3
9597	25.25	3
9598	117.75	5
9599	142.125	5
9600	50.125	3
9601	15.75	1
9602	42.875	1
9603	77.125	4
9604	178.625	7
9605	87.25	3
9606	76.25	5
9607	36.0	3
9608	108.625	4
9609	118.625	3
9610	87.125	7
9611	78.0	5
9612	74.625	3
9613	19.875	2
9614	22.75	1
9615	77.0	5
9616	62.5	5
9617	45.375	3
9619	29.125	3
9620	65.375	5
9621	28.25	3
9622	45.875	3
9623	110.25	4
9624	30.0	1
9625	33.375	2
9626	40.0	3
9628	74.0	5
9629	19.5	1
9630	166.0	3
9631	135.875	5
9632	144.625	7
9633	58.5	3
9634	86.75	5
9636	100.625	6
9637	49.625	3
9638	46.375	3
9639	24.0	1
9640	22.75	1
9641	223.5	1
9643	61.125	3
9644	92.25	2
9645	56.25	3
9646	111.75	2
9647	42.625	3
9648	20.25	1
9649	33.125	4
9650	70.125	4
9653	25.375	3
9654	48.75	3
9655	65.0	1
9656	32.0	3
9657	23.625	1
9658	69.375	5
9659	129.0	2
9660	45.75	4
9661	104.0	5
9662	70.5	5
9663	46.875	2
9664	35.0	2
9665	26.375	3
9666	26.875	2
9667	70.75	1
9668	68.375	5
9669	49.375	4
9671	134.25	5
9672	18.75	2
9673	82.0	1
9674	26.5	3
9675	70.875	5
9676	141.0	7
9677	73.25	4
9678	43.75	4
9679	36.25	4
9680	74.875	3
9681	51.75	2
9682	72.875	2
9683	175.0	7
9684	36.25	2
9685	132.25	2
9686	104.25	3
9687	66.25	4
9688	137.5	4
9689	78.5	3
9690	31.0	2
9691	25.25	3
9692	217.875	5
9693	96.25	5
9694	67.625	4
9695	82.0	1
9696	61.75	3
9697	83.5	5
9698	55.5	5
9699	113.75	5
9700	40.625	3
9701	25.25	1
9702	23.75	1
9703	222.0	7
9704	175.0	3
9705	94.625	6
9706	49.875	3
9707	101.625	5
9708	84.125	4
9710	51.125	3
9712	159.625	5
9713	118.875	4
9716	144.25	2
9717	36.0	3
9718	81.875	3
9719	83.5	1
9720	80.875	3
9721	45.25	3
9722	31.75	3
9723	34.625	3
9724	106.875	6
9725	68.75	4
9726	120.5	3
9727	103.875	6
9729	108.0	1
9730	48.375	3
9731	37.375	3
9732	41.0	3
9733	43.0	3
9734	79.75	3
9735	187.75	1
9736	43.75	3
9737	64.875	3
9738	52.75	3
9739	27.25	3
9740	180.25	5
9741	55.875	6
9742	24.25	3
9743	45.5	3
9744	24.5	2
9746	83.375	1
9747	69.25	5
9748	31.0	3
9750	158.0	6
9751	111.875	3
9752	84.125	5
9753	86.0	3
9754	61.5	3
9755	136.875	4
9756	196.25	3
9757	18.0	1
9758	44.25	3
9759	91.75	4
9760	76.125	4
9761	18.75	1
9763	39.375	3
9764	168.25	4
9765	32.0	1
9766	153.25	6
9767	55.75	2
9768	106.75	3
9769	39.125	4
9770	28.25	1
9771	87.75	5
9772	19.75	1
9773	17.75	1
9774	123.0	5
9775	33.75	1
9776	127.0	3
9777	46.5	3
9778	78.75	4
9779	55.625	4
9780	105.75	5
9781	21.0	1
9782	29.375	1
9783	171.75	1
9784	88.625	4
9785	61.875	4
9786	82.5	5
9787	94.75	4
9788	29.25	3
9790	163.75	3
9792	99.375	4
9793	43.5	3
9795	79.625	4
9796	49.0	1
9797	20.0	1
9798	26.75	2
9799	135.75	5
9800	106.75	4
9801	39.125	3
9802	22.375	1
9803	47.25	4
9804	46.0	3
9805	85.375	6
9806	248.125	5
9807	165.0	3
9808	81.875	8
9809	79.625	1
9810	99.75	5
9811	25.625	2
9812	238.5	1
9813	74.875	2
9815	117.5	3
9816	179.75	3
9817	129.125	5
9818	87.25	1
9819	34.0	4
9821	39.25	1
9822	24.875	3
9823	71.25	3
9824	32.5	2
9825	174.5	2
9826	218.25	6
9827	177.75	4
9829	77.75	5
9830	37.0	3
9831	87.0	4
9832	40.625	3
9833	212.75	3
9835	33.625	1
9836	102.375	3
9837	60.5	5
9838	89.5	4
9839	34.25	3
9840	147.25	3
9841	113.375	5
9842	93.75	5
9843	56.625	3
9844	45.125	3
9845	24.25	1
9846	104.0	5
9847	100.0	4
9848	18.25	1
9849	77.25	5
9850	35.25	3
9851	39.75	3
9852	65.5	6
9853	145.75	2
9854	25.5	2
9855	49.0	4
9857	228.875	7
9858	123.5	1
9859	63.25	4
9860	83.125	4
9861	103.125	5
9862	45.375	5
9863	109.75	6
9864	71.75	3
9865	180.25	6
9866	68.25	5
9867	104.0	3
9868	155.25	3
9869	88.5	4
9870	40.25	1
9871	195.125	1
9873	37.75	3
9874	38.5	2
9875	23.5	1
9877	117.125	5
9878	125.625	3
9879	22.0	1
9880	67.0	4
9881	31.25	3
9882	70.0	1
9883	402.375	3
9884	90.0	1
9885	49.5	1
9886	76.625	4
9887	330.0	7
9888	36.25	2
9889	92.125	4
9890	230.125	1
9891	52.0	4
9892	29.75	2
9893	42.0	3
9894	26.375	1
9895	48.125	4
9896	35.25	3
9897	33.75	3
9898	100.875	6
9899	225.125	2
9900	21.25	1
9901	33.25	3
9902	80.25	1
9903	102.25	5
9904	269.25	6
9905	45.5	4
9906	108.25	3
9907	99.75	1
9909	165.375	1
9910	95.0	6
9911	231.25	2
9912	31.5	3
9913	29.25	2
9914	71.75	4
9915	63.625	4
9916	25.75	3
9918	267.5	6
9919	192.75	3
9920	58.5	4
9921	163.625	4
9922	46.125	3
9923	31.25	1
9924	81.75	5
9925	206.25	1
9926	33.5	3
9927	19.5	3
9928	327.75	10
9929	31.0	3
9930	73.25	4
9931	23.75	2
9932	33.0	2
9933	188.5	6
9934	25.875	3
9935	68.5	6
9936	111.125	5
9937	72.125	3
9938	17.0	3
9939	207.75	3
9940	23.125	1
9941	137.625	3
9942	113.25	4
9943	60.0	4
9944	75.625	4
9945	141.125	4
9946	83.5	7
9947	20.625	1
9949	36.0	4
9950	26.125	3
9951	184.375	7
9952	94.625	2
9953	55.5	4
9954	131.0	3
9955	98.875	1
9956	34.5	3
9957	74.25	6
9958	98.5	3
9959	105.125	5
9960	115.25	4
9961	78.0	1
9962	26.5	3
9963	24.375	2
9964	128.75	3
9965	130.0	5
9966	22.75	1
9967	174.0	5
9968	105.0	3
9969	19.75	1
9970	58.25	6
9971	27.25	1
9972	38.375	3
9973	108.0	5
9974	45.625	3
9975	157.0	3
9976	144.125	3
9977	31.25	3
9978	154.5	1
9979	55.625	4
9981	89.5	2
9982	48.75	3
9983	91.375	6
9984	302.375	3
9985	29.875	3
9986	58.875	3
9987	68.0	3
9988	22.375	1
9989	151.625	5
9990	169.625	6
9991	34.875	3
9992	157.625	10
9993	23.25	3
9994	76.5	3
9995	29.25	3
9996	84.125	7
9998	103.75	5
9999	25.5	3
10000	77.75	5
