Binary	UpDownNotation	n	GridSize	KC
0100110	031313	7	7x7	9.047369
0011001	021220	7	7x7	11.632331
0011110	002111	7	7x7	10.339850
1011110	002022	7	7x7	7.754888
1000010	000000	7	7x7	2.584963
0001010	030203	7	7x7	11.632331
1111000	031113	7	7x7	10.339850
1111110	000002	7	7x7	6.462406
1011111	021111	7	7x7	9.047369
0010000	021221	7	7x7	11.632331
0100111	030202	7	7x7	10.339850
1110001	002021	7	7x7	9.047369
0010101	033333	7	7x7	6.462406
1010111	021131	7	7x7	12.924813
0001110	031121	7	7x7	12.924813
1111111	021113	7	7x7	10.339850
0101000	000313	7	7x7	10.339850
1110101	022131	7	7x7	11.632331
0101000	033333	7	7x7	6.462406
0001101	030220	7	7x7	11.632331
0110000	003020	7	7x7	10.339850
1110000	003131	7	7x7	10.339850
1101000	021122	7	7x7	11.632331
1000000	000021	7	7x7	9.047369
1000101	021200	7	7x7	11.632331
0001111	000022	7	7x7	7.754888
0100000	003020	7	7x7	10.339850
0111111	003130	7	7x7	11.632331
0000001	002112	7	7x7	11.632331
1110111	033112	7	7x7	10.339850
0010010	030202	7	7x7	10.339850
0110001	031122	7	7x7	11.632331
1100101	031112	7	7x7	10.339850
0001110	003130	7	7x7	11.632331
0000001	030200	7	7x7	10.339850
0111100	030222	7	7x7	10.339850
1000000	003111	7	7x7	10.339850
0110100	030020	7	7x7	12.924813
0111111	022220	7	7x7	7.754888
1010001	000303	7	7x7	9.047369
0001010	003312	7	7x7	11.632331
1110100	033022	7	7x7	11.632331
1000110	021211	7	7x7	9.047369
1100010	003133	7	7x7	10.339850
1100000	030220	7	7x7	11.632331
1000111	033111	7	7x7	9.047369
0111100	031112	7	7x7	10.339850
0111110	021131	7	7x7	12.924813
1001111	031121	7	7x7	12.924813
0001011	020331	7	7x7	11.632331
1100001	002213	7	7x7	11.632331
0011101	002203	7	7x7	11.632331
1101111	031111	7	7x7	9.047369
0111011	000211	7	7x7	10.339850
1010011	030222	7	7x7	10.339850
1001000	002212	7	7x7	11.632331
0000110	021133	7	7x7	11.632331
1100101	003000	7	7x7	7.754888
1101010	021113	7	7x7	10.339850
1010000	020331	7	7x7	11.632331
0111110	021220	7	7x7	11.632331
0011000	002221	7	7x7	9.047369
1000010	031330	7	7x7	11.632331
1101111	031300	7	7x7	11.632331
0110111	022113	7	7x7	10.339850
1000001	022203	7	7x7	10.339850
0011000	002021	7	7x7	9.047369
0011110	030311	7	7x7	10.339850
1101110	003303	7	7x7	10.339850
0010100	021200	7	7x7	11.632331
0111000	030203	7	7x7	11.632331
1101101	021131	7	7x7	12.924813
0011011	033022	7	7x7	11.632331
0010011	003312	7	7x7	11.632331
0011110	033130	7	7x7	11.632331
0110001	031121	7	7x7	12.924813
0011010	000021	7	7x7	9.047369
1110010	002222	7	7x7	7.754888
1101010	020302	7	7x7	11.632331
0011111	003131	7	7x7	10.339850
0100111	021122	7	7x7	11.632331
1101101	020302	7	7x7	11.632331
0001110	033133	7	7x7	9.047369
1100111	003113	7	7x7	11.632331
1111111	003031	7	7x7	9.047369
0110111	020302	7	7x7	11.632331
1001111	002121	7	7x7	10.339850
1011011	021111	7	7x7	9.047369
0011010	000311	7	7x7	10.339850
0010001	033312	7	7x7	10.339850
1010010	033112	7	7x7	10.339850
0101011	000212	7	7x7	10.339850
1001000	000221	7	7x7	9.047369
0000100	000311	7	7x7	10.339850
1110100	021212	7	7x7	9.047369
1010011	021213	7	7x7	10.339850
1001001	021222	7	7x7	10.339850
1010000	003303	7	7x7	10.339850
1110100	002213	7	7x7	11.632331
0101001	002030	7	7x7	10.339850
0111001	021113	7	7x7	10.339850
1100010	033022	7	7x7	11.632331
0011101	002203	7	7x7	11.632331
1101110	031311	7	7x7	9.047369
0010001	020022	7	7x7	10.339850
1011100	022131	7	7x7	11.632331
1101100	000211	7	7x7	10.339850
0110100	031303	7	7x7	11.632331
0111010	033113	7	7x7	10.339850
0110101	000003	7	7x7	6.462406
0000101	003131	7	7x7	10.339850
0011111	003331	7	7x7	9.047369
1001101	000221	7	7x7	9.047369
0100110	003030	7	7x7	7.754888
0100110	033331	7	7x7	7.754888
0010001	033002	7	7x7	10.339850
1101011	003303	7	7x7	10.339850
1001111	022033	7	7x7	11.632331
1011111	003111	7	7x7	10.339850
1001101	002111	7	7x7	10.339850
0101010	003311	7	7x7	10.339850
0110111	000200	7	7x7	7.754888
1100110	021133	7	7x7	11.632331
1101011	022131	7	7x7	11.632331
1001111	000311	7	7x7	10.339850
0100100	002000	7	7x7	7.754888
0010100	003111	7	7x7	10.339850
1010010	000333	7	7x7	7.754888
0000110	020222	7	7x7	9.047369
0001001	030311	7	7x7	10.339850
1001011	003002	7	7x7	9.047369
1101101	031303	7	7x7	11.632331
0100100	030202	7	7x7	10.339850
0000101	002222	7	7x7	7.754888
1111011	030221	7	7x7	11.632331
0100011	031333	7	7x7	10.339850
1110000	000311	7	7x7	10.339850
1011100	031121	7	7x7	12.924813
0110001	003111	7	7x7	10.339850
1100111	000311	7	7x7	10.339850
1100100	003133	7	7x7	10.339850
0011000	002121	7	7x7	10.339850
0110011	033022	7	7x7	11.632331
1000111	002122	7	7x7	10.339850
1110110	031113	7	7x7	10.339850
1010010	030003	7	7x7	10.339850
1000100	033000	7	7x7	9.047369
1011111	020303	7	7x7	10.339850
1100000	022200	7	7x7	9.047369
1000010	033313	7	7x7	10.339850
0011001	030311	7	7x7	10.339850
1000000	002003	7	7x7	9.047369
0110001	033312	7	7x7	10.339850
1100011	021213	7	7x7	10.339850
0101000	003130	7	7x7	11.632331
1011010	000020	7	7x7	9.047369
0100100	020002	7	7x7	10.339850
0010010	033022	7	7x7	11.632331
1001010	000222	7	7x7	7.754888
0111110	003313	7	7x7	11.632331
0101100	021211	7	7x7	9.047369
0110100	002112	7	7x7	11.632331
1111010	020030	7	7x7	12.924813
0100110	003303	7	7x7	10.339850
1010101	022113	7	7x7	10.339850
1000110	033121	7	7x7	11.632331
1001000	020300	7	7x7	10.339850
0011110	003131	7	7x7	10.339850
1010000	020211	7	7x7	10.339850
1011111	020221	7	7x7	10.339850
1000010	000222	7	7x7	7.754888
0100101	033313	7	7x7	10.339850
0010101	030300	7	7x7	7.754888
0001000	000212	7	7x7	10.339850
0001010	021133	7	7x7	11.632331
1101011	000003	7	7x7	6.462406
1111110	000020	7	7x7	9.047369
1010101	030203	7	7x7	11.632331
0101111	033033	7	7x7	9.047369
1111001	030030	7	7x7	10.339850
0111100	033130	7	7x7	11.632331
0000010	022131	7	7x7	11.632331
0110111	022212	7	7x7	10.339850
0011010	021222	7	7x7	10.339850
1101101	000302	7	7x7	10.339850
1111110	021131	7	7x7	12.924813
1111101	022121	7	7x7	10.339850
1100001	031122	7	7x7	11.632331
0101010	003111	7	7x7	10.339850
0010111	031300	7	7x7	11.632331
0000000	003130	7	7x7	11.632331
0100111	031122	7	7x7	11.632331
1100011	022131	7	7x7	11.632331
0111101	030203	7	7x7	11.632331
1101110	031303	7	7x7	11.632331
1000011	021202	7	7x7	11.632331
1011101	033112	7	7x7	10.339850
1010110	020203	7	7x7	9.047369
0011011	003333	7	7x7	7.754888
0100101	002211	7	7x7	10.339850
0110111	021200	7	7x7	11.632331
0011101	031300	7	7x7	11.632331
1011101	020331	7	7x7	11.632331
1000010	031312	7	7x7	10.339850
0000111	033131	7	7x7	10.339850
0111011	033331	7	7x7	7.754888
1011101	021200	7	7x7	11.632331
0111111	020002	7	7x7	10.339850
1111010	033022	7	7x7	11.632331
1100111	031333	7	7x7	10.339850
1011011	003312	7	7x7	11.632331
1011001	021220	7	7x7	11.632331
1011000	030022	7	7x7	11.632331
1100111	031330	7	7x7	11.632331
0110000	031311	7	7x7	9.047369
0000000	033312	7	7x7	10.339850
1001110	000221	7	7x7	9.047369
1100001	022021	7	7x7	11.632331
1010111	031330	7	7x7	11.632331
0100110	033111	7	7x7	9.047369
1001000	021221	7	7x7	11.632331
1111001	003312	7	7x7	11.632331
1111110	003002	7	7x7	9.047369
0110011	022131	7	7x7	11.632331
1111010	030311	7	7x7	10.339850
0110001	031303	7	7x7	11.632331
0011010	003330	7	7x7	9.047369
1111001	003313	7	7x7	11.632331
0010010	031330	7	7x7	11.632331
1100010	030021	7	7x7	12.924813
0111101	021220	7	7x7	11.632331
1110110	003033	7	7x7	7.754888
0001001	030311	7	7x7	10.339850
1000011	021113	7	7x7	10.339850
1000101	022221	7	7x7	7.754888
0101110	033313	7	7x7	10.339850
1110011	020333	7	7x7	10.339850
0101111	000302	7	7x7	10.339850
0000100	033022	7	7x7	11.632331
0011111	022021	7	7x7	11.632331
0000001	031312	7	7x7	10.339850
0110011	022022	7	7x7	9.047369
0000101	000212	7	7x7	10.339850
0101100	000031	7	7x7	9.047369
0100001	020003	7	7x7	10.339850
1111101	000202	7	7x7	9.047369
0001001	021200	7	7x7	11.632331
1010110	031131	7	7x7	11.632331
0000011	031300	7	7x7	11.632331
0111100	003312	7	7x7	11.632331
1001001	031122	7	7x7	11.632331
0110011	020211	7	7x7	10.339850
0101100	033131	7	7x7	10.339850
0101011	033111	7	7x7	9.047369
0001111	030022	7	7x7	11.632331
1101110	033312	7	7x7	10.339850
0011011	022131	7	7x7	11.632331
1000010	031133	7	7x7	11.632331
1001111	000003	7	7x7	6.462406
1010011	020212	7	7x7	10.339850
1110110	021222	7	7x7	10.339850
1010101	000300	7	7x7	7.754888
1000110	003311	7	7x7	10.339850
0101011	003330	7	7x7	9.047369
1001101	000003	7	7x7	6.462406
1010001	022221	7	7x7	7.754888
0011111	033303	7	7x7	10.339850
1011000	030200	7	7x7	10.339850
0010101	031300	7	7x7	11.632331
1000100	031121	7	7x7	12.924813
0000011	003313	7	7x7	11.632331
0001001	030002	7	7x7	10.339850
0100111	031111	7	7x7	9.047369
0000100	000221	7	7x7	9.047369
0101100	022003	7	7x7	10.339850
1001000	000020	7	7x7	9.047369
0010000	033311	7	7x7	9.047369
1010010	000221	7	7x7	9.047369
1001000	021113	7	7x7	10.339850
0111010	031133	7	7x7	11.632331
1100111	002022	7	7x7	7.754888
1001010	020021	7	7x7	11.632331
0010010	031113	7	7x7	10.339850
1000001	022131	7	7x7	11.632331
1111111	020020	7	7x7	10.339850
1010100	031113	7	7x7	10.339850
0010011	021211	7	7x7	9.047369
1101101	033020	7	7x7	11.632331
0001110	003130	7	7x7	11.632331
0001011	031303	7	7x7	11.632331
0011111	033312	7	7x7	10.339850
0011110	003302	7	7x7	11.632331
1110110	022112	7	7x7	10.339850
0100010	000002	7	7x7	6.462406
0111101	000311	7	7x7	10.339850
0101000	033333	7	7x7	6.462406
0001111	000003	7	7x7	6.462406
1001100	020222	7	7x7	9.047369
0010101	020022	7	7x7	10.339850
1101001	003311	7	7x7	10.339850
0010011	033312	7	7x7	10.339850
0110111	002120	7	7x7	11.632331
1010111	021220	7	7x7	11.632331
1111010	000000	7	7x7	2.584963
0001101	003113	7	7x7	11.632331
0011110	031333	7	7x7	10.339850
0110011	021131	7	7x7	12.924813
1111000	000220	7	7x7	9.047369
0100000	002112	7	7x7	11.632331
0011000	030300	7	7x7	7.754888
0101001	021211	7	7x7	9.047369
1001111	002122	7	7x7	10.339850
0011000	033020	7	7x7	11.632331
0010010	002221	7	7x7	9.047369
1000110	021221	7	7x7	11.632331
0011000	022111	7	7x7	9.047369
1011110	003333	7	7x7	7.754888
1100011	002122	7	7x7	10.339850
0010111	021113	7	7x7	10.339850
1110001	021211	7	7x7	9.047369
0010011	033312	7	7x7	10.339850
1100100	002021	7	7x7	9.047369
1111110	003133	7	7x7	10.339850
1001110	000331	7	7x7	9.047369
0101001	031131	7	7x7	11.632331
1001010	003113	7	7x7	11.632331
0111101	022131	7	7x7	11.632331
0001010	021121	7	7x7	11.632331
1011001	022033	7	7x7	11.632331
1100101	022120	7	7x7	11.632331
1000001	031121	7	7x7	12.924813
1101011	020302	7	7x7	11.632331
1000111	000333	7	7x7	7.754888
0100000	003133	7	7x7	10.339850
0111101	021133	7	7x7	11.632331
1001111	000030	7	7x7	9.047369
0000010	020333	7	7x7	10.339850
1111110	030311	7	7x7	10.339850
1111000	031122	7	7x7	11.632331
0001111	020022	7	7x7	10.339850
1111010	031122	7	7x7	11.632331
0111010	022222	7	7x7	6.462406
0101110	020212	7	7x7	10.339850
1010111	002111	7	7x7	10.339850
0111100	021131	7	7x7	12.924813
1111110	020003	7	7x7	10.339850
0000101	033331	7	7x7	7.754888
1110110	022112	7	7x7	10.339850
0000001	030220	7	7x7	11.632331
1001100	002121	7	7x7	10.339850
1110111	000021	7	7x7	9.047369
0010100	022213	7	7x7	10.339850
1101100	033113	7	7x7	10.339850
1101000	030030	7	7x7	10.339850
1111101	033113	7	7x7	10.339850
0101111	022022	7	7x7	9.047369
1111001	002200	7	7x7	10.339850
1110011	000330	7	7x7	9.047369
0000101	002033	7	7x7	10.339850
0110111	002111	7	7x7	10.339850
0100000	003031	7	7x7	9.047369
1011000	033020	7	7x7	11.632331
1001110	020212	7	7x7	10.339850
0000011	003131	7	7x7	10.339850
0000100	020331	7	7x7	11.632331
0110000	022120	7	7x7	11.632331
0010000	000313	7	7x7	10.339850
1000001	020022	7	7x7	10.339850
0110010	030000	7	7x7	9.047369
0100001	030221	7	7x7	11.632331
1011001	003000	7	7x7	7.754888
1011101	000331	7	7x7	9.047369
1010110	000021	7	7x7	9.047369
0100100	020302	7	7x7	11.632331
1100011	031300	7	7x7	11.632331
1000011	033312	7	7x7	10.339850
0101011	003002	7	7x7	9.047369
0010010	000222	7	7x7	7.754888
1000101	030313	7	7x7	10.339850
0000001	031130	7	7x7	12.924813
0001111	022121	7	7x7	10.339850
1010100	020222	7	7x7	9.047369
0000101	002203	7	7x7	11.632331
1100011	000002	7	7x7	6.462406
1001100	000000	7	7x7	2.584963
0101101	022111	7	7x7	9.047369
1000101	021222	7	7x7	10.339850
1010010	000302	7	7x7	10.339850
0011010	022112	7	7x7	10.339850
0111001	031111	7	7x7	9.047369
0111011	033121	7	7x7	11.632331
1100110	022213	7	7x7	10.339850
0100101	020330	7	7x7	11.632331
1010101	021200	7	7x7	11.632331
0110001	003113	7	7x7	11.632331
1110001	030033	7	7x7	10.339850
1001111	022113	7	7x7	10.339850
0011100	021133	7	7x7	11.632331
0101011	031311	7	7x7	9.047369
0001001	021120	7	7x7	12.924813
1001110	000002	7	7x7	6.462406
0101111	031311	7	7x7	9.047369
0000000	000212	7	7x7	10.339850
1010111	002003	7	7x7	9.047369
0100001	031113	7	7x7	10.339850
0000110	030331	7	7x7	10.339850
1011010	021133	7	7x7	11.632331
0001100	021120	7	7x7	12.924813
0101011	020002	7	7x7	10.339850
1110001	000220	7	7x7	9.047369
0010000	021131	7	7x7	12.924813
0100101	033121	7	7x7	11.632331
0001000	000020	7	7x7	9.047369
0100101	030203	7	7x7	11.632331
1111010	021220	7	7x7	11.632331
1000001	031313	7	7x7	9.047369
1101110	000021	7	7x7	9.047369
0000010	031300	7	7x7	11.632331
0101000	030333	7	7x7	9.047369
0001010	022213	7	7x7	10.339850
0101000	020302	7	7x7	11.632331
0110011	030200	7	7x7	10.339850
0110101	033131	7	7x7	10.339850
0110000	021131	7	7x7	12.924813
1011100	031300	7	7x7	11.632331
1101010	030333	7	7x7	9.047369
0011100	031330	7	7x7	11.632331
1000101	022212	7	7x7	10.339850
0000100	031112	7	7x7	10.339850
0100100	021131	7	7x7	12.924813
0001110	000313	7	7x7	10.339850
1111101	030022	7	7x7	11.632331
1000011	031122	7	7x7	11.632331
0001001	033020	7	7x7	11.632331
0100001	003330	7	7x7	9.047369
1001110	002202	7	7x7	10.339850
0110110	033002	7	7x7	10.339850
0100000	033112	7	7x7	10.339850
1011101	021133	7	7x7	11.632331
0010010	003033	7	7x7	7.754888
0000011	003111	7	7x7	10.339850
1000000	000313	7	7x7	10.339850
0111101	033111	7	7x7	9.047369
0010111	002020	7	7x7	7.754888
1101010	021131	7	7x7	12.924813
0101000	003331	7	7x7	9.047369
0110110	003131	7	7x7	10.339850
0111111	020030	7	7x7	12.924813
1111001	022220	7	7x7	7.754888
1000010	003113	7	7x7	11.632331
1110001	022212	7	7x7	10.339850
0010111	020331	7	7x7	11.632331
1111011	030002	7	7x7	10.339850
0000111	021131	7	7x7	12.924813
1001001	020021	7	7x7	11.632331
1100101	031303	7	7x7	11.632331
1010001	021202	7	7x7	11.632331
0011111	031312	7	7x7	10.339850
0110010	031113	7	7x7	10.339850
0100100	031121	7	7x7	12.924813
1111110	030331	7	7x7	10.339850
0000111	021131	7	7x7	12.924813
1101111	030222	7	7x7	10.339850
1001011	002213	7	7x7	11.632331
1010000	021122	7	7x7	11.632331
0101110	003113	7	7x7	11.632331
0001111	033002	7	7x7	10.339850
1100100	030200	7	7x7	10.339850
0001000	002112	7	7x7	11.632331
0111000	020002	7	7x7	10.339850
0010111	031300	7	7x7	11.632331
1011100	022033	7	7x7	11.632331
1011011	000212	7	7x7	10.339850
1010000	002002	7	7x7	9.047369
1100111	031312	7	7x7	10.339850
1101001	020020	7	7x7	10.339850
1111000	030311	7	7x7	10.339850
1100101	022122	7	7x7	9.047369
1001001	031303	7	7x7	11.632331
0101101	002111	7	7x7	10.339850
1111110	033002	7	7x7	10.339850
0100110	030003	7	7x7	10.339850
1000111	033331	7	7x7	7.754888
0111110	020331	7	7x7	11.632331
0101100	033020	7	7x7	11.632331
1011011	022113	7	7x7	10.339850
0010111	000311	7	7x7	10.339850
1110000	022131	7	7x7	11.632331
0011010	000002	7	7x7	6.462406
1011100	022030	7	7x7	11.632331
1000000	031303	7	7x7	11.632331
1010011	002112	7	7x7	11.632331
1000010	003333	7	7x7	7.754888
1100100	031111	7	7x7	9.047369
0010010	021202	7	7x7	11.632331
0010101	021212	7	7x7	9.047369
0111101	021212	7	7x7	9.047369
1001110	020300	7	7x7	10.339850
0110101	000021	7	7x7	9.047369
1001001	033121	7	7x7	11.632331
0101110	002112	7	7x7	11.632331
1110011	022112	7	7x7	10.339850
0011010	033000	7	7x7	9.047369
0110000	030311	7	7x7	10.339850
0010111	002003	7	7x7	9.047369
1000100	033333	7	7x7	6.462406
0101101	022021	7	7x7	11.632331
1010101	021131	7	7x7	12.924813
0111100	021121	7	7x7	11.632331
1100011	021212	7	7x7	9.047369
0111100	020333	7	7x7	10.339850
0010011	031121	7	7x7	12.924813
1100100	003333	7	7x7	7.754888
0101011	022021	7	7x7	11.632331
1100000	030302	7	7x7	9.047369
0111011	020021	7	7x7	11.632331
0000111	020221	7	7x7	10.339850
0010010	022120	7	7x7	11.632331
1000001	021120	7	7x7	12.924813
0110100	021211	7	7x7	9.047369
1110101	031122	7	7x7	11.632331
1010110	002121	7	7x7	10.339850
0000011	021113	7	7x7	10.339850
0000000	002111	7	7x7	10.339850
0011001	003000	7	7x7	7.754888
0100010	021113	7	7x7	10.339850
0100000	002111	7	7x7	10.339850
0100101	002022	7	7x7	7.754888
1000100	002121	7	7x7	10.339850
1100110	031303	7	7x7	11.632331
0111010	030221	7	7x7	11.632331
1000001	002021	7	7x7	9.047369
0000110	000333	7	7x7	7.754888
0011011	030333	7	7x7	9.047369
1110100	021111	7	7x7	9.047369
1110100	021120	7	7x7	12.924813
1101000	022112	7	7x7	10.339850
1110101	020021	7	7x7	11.632331
0100000	021202	7	7x7	11.632331
0011000	022002	7	7x7	10.339850
0110110	021200	7	7x7	11.632331
0000011	030200	7	7x7	10.339850
1001011	022002	7	7x7	10.339850
1001100	003003	7	7x7	9.047369
0110110	021212	7	7x7	9.047369
0100011	020033	7	7x7	11.632331
0110110	033022	7	7x7	11.632331
1111110	022122	7	7x7	9.047369
0011101	022131	7	7x7	11.632331
0110111	031303	7	7x7	11.632331
0010000	022131	7	7x7	11.632331
1001100	020003	7	7x7	10.339850
1010001	021120	7	7x7	12.924813
1001111	033121	7	7x7	11.632331
1110000	000002	7	7x7	6.462406
0001110	022213	7	7x7	10.339850
1010000	033113	7	7x7	10.339850
1100100	002033	7	7x7	10.339850
0001110	003002	7	7x7	9.047369
0101111	031122	7	7x7	11.632331
0001011	030303	7	7x7	7.754888
0101001	031130	7	7x7	12.924813
0100001	003031	7	7x7	9.047369
1000011	002220	7	7x7	9.047369
1000000	022203	7	7x7	10.339850
0100110	003312	7	7x7	11.632331
1010011	022203	7	7x7	10.339850
0001001	021113	7	7x7	10.339850
1010110	022120	7	7x7	11.632331
1100111	021221	7	7x7	11.632331
1000110	022020	7	7x7	10.339850
0010010	002212	7	7x7	11.632331
0010001	030220	7	7x7	11.632331
0101101	022122	7	7x7	9.047369
1111001	031121	7	7x7	12.924813
1010001	020333	7	7x7	10.339850
1011010	002203	7	7x7	11.632331
1000110	000302	7	7x7	10.339850
1000111	033121	7	7x7	11.632331
1011110	021113	7	7x7	10.339850
1111110	022220	7	7x7	7.754888
0100010	031112	7	7x7	10.339850
0011000	000333	7	7x7	7.754888
0011010	030220	7	7x7	11.632331
1110011	030200	7	7x7	10.339850
0001010	033020	7	7x7	11.632331
1111011	000211	7	7x7	10.339850
1010111	021111	7	7x7	9.047369
1001011	021133	7	7x7	11.632331
0111000	021220	7	7x7	11.632331
1011001	002112	7	7x7	11.632331
0000011	022221	7	7x7	7.754888
1001110	020211	7	7x7	10.339850
0111000	020031	7	7x7	12.924813
1011011	031312	7	7x7	10.339850
1000101	000221	7	7x7	9.047369
1101011	021111	7	7x7	9.047369
0010000	002021	7	7x7	9.047369
1100101	002120	7	7x7	11.632331
0001011	021133	7	7x7	11.632331
0110000	033121	7	7x7	11.632331
1101101	003111	7	7x7	10.339850
0101111	031111	7	7x7	9.047369
1001001	030202	7	7x7	10.339850
0011000	020331	7	7x7	11.632331
0000011	000300	7	7x7	7.754888
1010000	002033	7	7x7	10.339850
0011011	000311	7	7x7	10.339850
0010111	003111	7	7x7	10.339850
1111111	030302	7	7x7	9.047369
1010110	031121	7	7x7	12.924813
1001011	002122	7	7x7	10.339850
0100111	002202	7	7x7	10.339850
1000001	033031	7	7x7	11.632331
1010010	031300	7	7x7	11.632331
0011011	021200	7	7x7	11.632331
0111100	000333	7	7x7	7.754888
1011011	030030	7	7x7	10.339850
1110101	033002	7	7x7	10.339850
0011110	000031	7	7x7	9.047369
0010010	021200	7	7x7	11.632331
0010111	030200	7	7x7	10.339850
1101110	000211	7	7x7	10.339850
1011111	003131	7	7x7	10.339850
0010011	022131	7	7x7	11.632331
1101110	021220	7	7x7	11.632331
1001000	000302	7	7x7	10.339850
0010011	003113	7	7x7	11.632331
0100010	033312	7	7x7	10.339850
0000011	021111	7	7x7	9.047369
1111010	030221	7	7x7	11.632331
1111111	020221	7	7x7	10.339850
0001101	000020	7	7x7	9.047369
1000101	021133	7	7x7	11.632331
0011011	033131	7	7x7	10.339850
1011111	033302	7	7x7	10.339850
1010001	021200	7	7x7	11.632331
1111000	030002	7	7x7	10.339850
0001010	022033	7	7x7	11.632331
1010010	021133	7	7x7	11.632331
1101010	021213	7	7x7	10.339850
0001011	031130	7	7x7	12.924813
0110100	022211	7	7x7	9.047369
1110010	000002	7	7x7	6.462406
0101000	031313	7	7x7	9.047369
0010111	003313	7	7x7	11.632331
1100111	020021	7	7x7	11.632331
1110011	002200	7	7x7	10.339850
1011100	000313	7	7x7	10.339850
0100000	022222	7	7x7	6.462406
0111111	031122	7	7x7	11.632331
1000001	020030	7	7x7	12.924813
0101011	022111	7	7x7	9.047369
1010010	000212	7	7x7	10.339850
0101111	033302	7	7x7	10.339850
1101011	003130	7	7x7	11.632331
1110110	021133	7	7x7	11.632331
1011101	021133	7	7x7	11.632331
0101101	002002	7	7x7	9.047369
0111100	021120	7	7x7	12.924813
1001010	003000	7	7x7	7.754888
0110111	031121	7	7x7	12.924813
0001111	022131	7	7x7	11.632331
0101010	003002	7	7x7	9.047369
1010011	031300	7	7x7	11.632331
0100001	000020	7	7x7	9.047369
0010111	021131	7	7x7	12.924813
1110001	020202	7	7x7	7.754888
1100000	002221	7	7x7	9.047369
1000111	002030	7	7x7	10.339850
0101110	031303	7	7x7	11.632331
1100011	020031	7	7x7	12.924813
1010111	030311	7	7x7	10.339850
0110011	021213	7	7x7	10.339850
0110111	021120	7	7x7	12.924813
0110100	022211	7	7x7	9.047369
1010100	002033	7	7x7	10.339850
1101010	021113	7	7x7	10.339850
1000111	000030	7	7x7	9.047369
1001101	021213	7	7x7	10.339850
0111110	002112	7	7x7	11.632331
1100100	002122	7	7x7	10.339850
0101000	002111	7	7x7	10.339850
0101001	031121	7	7x7	12.924813
1110010	031300	7	7x7	11.632331
1100111	000313	7	7x7	10.339850
0011001	031330	7	7x7	11.632331
0000111	031112	7	7x7	10.339850
1010011	031330	7	7x7	11.632331
0100001	002121	7	7x7	10.339850
1001111	033022	7	7x7	11.632331
0101110	021202	7	7x7	11.632331
1111100	020030	7	7x7	12.924813
1111111	030222	7	7x7	10.339850
1100101	021112	7	7x7	10.339850
1010001	031122	7	7x7	11.632331
1110010	021202	7	7x7	11.632331
0001001	000331	7	7x7	9.047369
1101010	022200	7	7x7	9.047369
1011101	003033	7	7x7	7.754888
1001110	021213	7	7x7	10.339850
1001110	003113	7	7x7	11.632331
0011100	022030	7	7x7	11.632331
0001100	021220	7	7x7	11.632331
0000000	021113	7	7x7	10.339850
1010110	003020	7	7x7	10.339850
1111101	002112	7	7x7	11.632331
1101011	002120	7	7x7	11.632331
0010100	021133	7	7x7	11.632331
0100111	000003	7	7x7	6.462406
1011010	021200	7	7x7	11.632331
1000111	030303	7	7x7	7.754888
1001011	031112	7	7x7	10.339850
1001101	003111	7	7x7	10.339850
1101000	031330	7	7x7	11.632331
1000110	000333	7	7x7	7.754888
1110110	021112	7	7x7	10.339850
1101011	021133	7	7x7	11.632331
0100011	030022	7	7x7	11.632331
1100010	033133	7	7x7	9.047369
1101101	031111	7	7x7	9.047369
1111100	000313	7	7x7	10.339850
0001110	000202	7	7x7	9.047369
0000100	030000	7	7x7	9.047369
1001101	020002	7	7x7	10.339850
0100110	021200	7	7x7	11.632331
0101101	031121	7	7x7	12.924813
1000101	031112	7	7x7	10.339850
0101110	020331	7	7x7	11.632331
0111110	020302	7	7x7	11.632331
1011101	002213	7	7x7	11.632331
0100000	033311	7	7x7	9.047369
0100101	031112	7	7x7	10.339850
0001100	000221	7	7x7	9.047369
1011000	033111	7	7x7	9.047369
1111111	030200	7	7x7	10.339850
1000111	030021	7	7x7	12.924813
1101011	021202	7	7x7	11.632331
0011100	022112	7	7x7	10.339850
1010111	033303	7	7x7	10.339850
1101000	021120	7	7x7	12.924813
0010001	021220	7	7x7	11.632331
1101110	002022	7	7x7	7.754888
1001011	003313	7	7x7	11.632331
0111100	020203	7	7x7	9.047369
0010000	003002	7	7x7	9.047369
0111111	000222	7	7x7	7.754888
0011001	033131	7	7x7	10.339850
1100001	002202	7	7x7	10.339850
0010001	031121	7	7x7	12.924813
0101111	003302	7	7x7	11.632331
0001010	022020	7	7x7	10.339850
0011100	003300	7	7x7	10.339850
1101100	033020	7	7x7	11.632331
0001100	033002	7	7x7	10.339850
0000001	002002	7	7x7	9.047369
1110101	021121	7	7x7	11.632331
0110101	021213	7	7x7	10.339850
1001100	002003	7	7x7	9.047369
0000010	033302	7	7x7	10.339850
0000100	020333	7	7x7	10.339850
0001010	033111	7	7x7	9.047369
0001010	020211	7	7x7	10.339850
0110100	030331	7	7x7	10.339850
1011110	031122	7	7x7	11.632331
1101101	022131	7	7x7	11.632331
0101000	022113	7	7x7	10.339850
0111001	033331	7	7x7	7.754888
1011100	021113	7	7x7	10.339850
1100111	021131	7	7x7	12.924813
1011100	033111	7	7x7	9.047369
1010111	021202	7	7x7	11.632331
0010101	033121	7	7x7	11.632331
0101101	000211	7	7x7	10.339850
0111011	022212	7	7x7	10.339850
0100101	000203	7	7x7	10.339850
1110111	020221	7	7x7	10.339850
0101101	031121	7	7x7	12.924813
1000010	003111	7	7x7	10.339850
1010010	020211	7	7x7	10.339850
0010000	022221	7	7x7	7.754888
0101101	021122	7	7x7	11.632331
0100100	031122	7	7x7	11.632331
1100110	033020	7	7x7	11.632331
0100111	033031	7	7x7	11.632331
1111000	030221	7	7x7	11.632331
1011101	031303	7	7x7	11.632331
1110001	000313	7	7x7	10.339850
1101010	002220	7	7x7	9.047369
1001110	003020	7	7x7	10.339850
1011011	002121	7	7x7	10.339850
1000000	000021	7	7x7	9.047369
0110010	021120	7	7x7	12.924813
0011100	002033	7	7x7	10.339850
1010011	002112	7	7x7	11.632331
1100011	030302	7	7x7	9.047369
0011001	030303	7	7x7	7.754888
0101101	030311	7	7x7	10.339850
0110010	002200	7	7x7	10.339850
0110001	022221	7	7x7	7.754888
0011111	000211	7	7x7	10.339850
0011010	031121	7	7x7	12.924813
0010101	003020	7	7x7	10.339850
0011111	030202	7	7x7	10.339850
0011101	031303	7	7x7	11.632331
0000011	030222	7	7x7	10.339850
0010000	002122	7	7x7	10.339850
0000011	003111	7	7x7	10.339850
0000010	030221	7	7x7	11.632331
1100111	002121	7	7x7	10.339850
1010000	000331	7	7x7	9.047369
0101010	022020	7	7x7	10.339850
0110000	000212	7	7x7	10.339850
1101111	031303	7	7x7	11.632331
1011000	021111	7	7x7	9.047369
0101001	020202	7	7x7	7.754888
1010001	002221	7	7x7	9.047369
1011011	030002	7	7x7	10.339850
0100000	021111	7	7x7	9.047369
0011110	002033	7	7x7	10.339850
1111010	002033	7	7x7	10.339850
0110101	020221	7	7x7	10.339850
0011111	000311	7	7x7	10.339850
1000011	002111	7	7x7	10.339850
1010110	022220	7	7x7	7.754888
0100101	022211	7	7x7	9.047369
0111011	002111	7	7x7	10.339850
0001100	000020	7	7x7	9.047369
0111110	002003	7	7x7	9.047369
1100011	002213	7	7x7	11.632331
0110101	030220	7	7x7	11.632331
0110001	022212	7	7x7	10.339850
1001111	003000	7	7x7	7.754888
1110001	020211	7	7x7	10.339850
1100110	022112	7	7x7	10.339850
1011000	030203	7	7x7	11.632331
0111000	002121	7	7x7	10.339850
1001011	002030	7	7x7	10.339850
0110010	031331	7	7x7	11.632331
0011111	002111	7	7x7	10.339850
1101001	033121	7	7x7	11.632331
0100010	022033	7	7x7	11.632331
0010011	031122	7	7x7	11.632331
0101010	033130	7	7x7	11.632331
0100000	031121	7	7x7	12.924813
0000001	003002	7	7x7	9.047369
1010110	022000	7	7x7	9.047369
1000100	021202	7	7x7	11.632331
1100011	002120	7	7x7	11.632331
1100011	020000	7	7x7	9.047369
0110101	033000	7	7x7	9.047369
0110110	031121	7	7x7	12.924813
1100001	021120	7	7x7	12.924813
1010011	020211	7	7x7	10.339850
0001110	000031	7	7x7	9.047369
1000001	021202	7	7x7	11.632331
0110100	022003	7	7x7	10.339850
0011011	002111	7	7x7	10.339850
1110010	021213	7	7x7	10.339850
0001010	003113	7	7x7	11.632331
0000100	002202	7	7x7	10.339850
1010101	003111	7	7x7	10.339850
0100100	031330	7	7x7	11.632331
0101000	022131	7	7x7	11.632331
0001001	002112	7	7x7	11.632331
0101001	021211	7	7x7	9.047369
1110010	033311	7	7x7	9.047369
0011100	000221	7	7x7	9.047369
0101000	022033	7	7x7	11.632331
1100101	030020	7	7x7	12.924813
0011010	000002	7	7x7	6.462406
0110111	031131	7	7x7	11.632331
0000001	022113	7	7x7	10.339850
1010100	022211	7	7x7	9.047369
0101101	003020	7	7x7	10.339850
1000111	021122	7	7x7	11.632331
0110101	031300	7	7x7	11.632331
1100010	031331	7	7x7	11.632331
0010010	020200	7	7x7	7.754888
1101110	002033	7	7x7	10.339850
1100100	020203	7	7x7	9.047369
1111001	022113	7	7x7	10.339850
1111010	022111	7	7x7	9.047369
0001101	020221	7	7x7	10.339850
1111111	003020	7	7x7	10.339850
0101001	021113	7	7x7	10.339850
1100000	031312	7	7x7	10.339850
1011101	033022	7	7x7	11.632331
1011101	003111	7	7x7	10.339850
0001001	022131	7	7x7	11.632331
0000011	031311	7	7x7	9.047369
0001111	003330	7	7x7	9.047369
0111110	030311	7	7x7	10.339850
0000010	000203	7	7x7	10.339850
0001110	022113	7	7x7	10.339850
1101101	031112	7	7x7	10.339850
1111000	002112	7	7x7	11.632331
0100010	000300	7	7x7	7.754888
0000100	021122	7	7x7	11.632331
1110110	033333	7	7x7	6.462406
1100101	022033	7	7x7	11.632331
0101011	002122	7	7x7	10.339850
0001000	033111	7	7x7	9.047369
1010000	000333	7	7x7	7.754888
1011101	020330	7	7x7	11.632331
1000000	022221	7	7x7	7.754888
0100111	021131	7	7x7	12.924813
1011111	030313	7	7x7	10.339850
0010111	000221	7	7x7	9.047369
1010101	022213	7	7x7	10.339850
1110100	003130	7	7x7	11.632331
1000111	021200	7	7x7	11.632331
0001100	000313	7	7x7	10.339850
0011010	003111	7	7x7	10.339850
1001100	002212	7	7x7	11.632331
1011111	003311	7	7x7	10.339850
0111100	033111	7	7x7	9.047369
1011000	021213	7	7x7	10.339850
0001000	030200	7	7x7	10.339850
1101011	030313	7	7x7	10.339850
0111100	022000	7	7x7	9.047369
1110010	030313	7	7x7	10.339850
0100001	022111	7	7x7	9.047369
1011001	022211	7	7x7	9.047369
1010010	002030	7	7x7	10.339850
0000100	003130	7	7x7	11.632331
1100101	021111	7	7x7	9.047369
0110010	033331	7	7x7	7.754888
1011110	033311	7	7x7	9.047369
0110001	003111	7	7x7	10.339850
1100000	020031	7	7x7	12.924813
0111000	022202	7	7x7	10.339850
0101100	021221	7	7x7	11.632331
1111111	002122	7	7x7	10.339850
0011111	002202	7	7x7	10.339850
0000010	021220	7	7x7	11.632331
0011111	020333	7	7x7	10.339850
1011100	020211	7	7x7	10.339850
0010011	030220	7	7x7	11.632331
1110100	000203	7	7x7	10.339850
0011111	002033	7	7x7	10.339850
0011101	031113	7	7x7	10.339850
1011011	030221	7	7x7	11.632331
1010100	003311	7	7x7	10.339850
0011001	030313	7	7x7	10.339850
0001110	000002	7	7x7	6.462406
1101111	033130	7	7x7	11.632331
0111010	000031	7	7x7	9.047369
1010000	003313	7	7x7	11.632331
1110100	021202	7	7x7	11.632331
1011100	031122	7	7x7	11.632331
0010100	022131	7	7x7	11.632331
0011011	031111	7	7x7	9.047369
1100010	022222	7	7x7	6.462406
0101100	000022	7	7x7	7.754888
0000100	033121	7	7x7	11.632331
0000110	002111	7	7x7	10.339850
0001111	020220	7	7x7	10.339850
0011000	021113	7	7x7	10.339850
0111110	021200	7	7x7	11.632331
1100010	031121	7	7x7	12.924813
0000011	021221	7	7x7	11.632331
1010111	020302	7	7x7	11.632331
1111011	021111	7	7x7	9.047369
1101111	030303	7	7x7	7.754888
0001000	031333	7	7x7	10.339850
1010000	030021	7	7x7	12.924813
1010101	031111	7	7x7	9.047369
0101110	021112	7	7x7	10.339850
0000100	003313	7	7x7	11.632331
0001101	003300	7	7x7	10.339850
0000011	031121	7	7x7	12.924813
0111110	030200	7	7x7	10.339850
0011100	022033	7	7x7	11.632331
0100011	030031	7	7x7	11.632331
0011000	000211	7	7x7	10.339850
1110011	031300	7	7x7	11.632331
0100000	021133	7	7x7	11.632331
0010010	031122	7	7x7	11.632331
0000000	000021	7	7x7	9.047369
0110000	021221	7	7x7	11.632331
1011101	031121	7	7x7	12.924813
0101000	020221	7	7x7	10.339850
0000111	030020	7	7x7	12.924813
0000101	033302	7	7x7	10.339850
0010111	022121	7	7x7	10.339850
1100010	031331	7	7x7	11.632331
1111000	030203	7	7x7	11.632331
1001111	033121	7	7x7	11.632331
1111010	020333	7	7x7	10.339850
1101111	022131	7	7x7	11.632331
1101000	031111	7	7x7	9.047369
1001010	033133	7	7x7	9.047369
0100011	033311	7	7x7	9.047369
1100000	030021	7	7x7	12.924813
0011101	030220	7	7x7	11.632331
1000011	022111	7	7x7	9.047369
1100100	031131	7	7x7	11.632331
0011010	033300	7	7x7	9.047369
1010001	002222	7	7x7	7.754888
1110010	030311	7	7x7	10.339850
1000111	000311	7	7x7	10.339850
1010001	002221	7	7x7	9.047369
1100111	033003	7	7x7	10.339850
0111101	033111	7	7x7	9.047369
1000010	021133	7	7x7	11.632331
0100110	021120	7	7x7	12.924813
1100100	021131	7	7x7	12.924813
1111001	003133	7	7x7	10.339850
1110001	033033	7	7x7	9.047369
1101101	003303	7	7x7	10.339850
0000100	002021	7	7x7	9.047369
1101100	021131	7	7x7	12.924813
1101011	022022	7	7x7	9.047369
0010111	021112	7	7x7	10.339850
1100100	003333	7	7x7	7.754888
0011011	022200	7	7x7	9.047369
1101101	030203	7	7x7	11.632331
0000000	030021	7	7x7	12.924813
1101000	033130	7	7x7	11.632331
1101111	033022	7	7x7	11.632331
0000110	020211	7	7x7	10.339850
0001100	020031	7	7x7	12.924813
1111011	031113	7	7x7	10.339850
1110010	033111	7	7x7	9.047369
1000011	021121	7	7x7	11.632331
1110001	002111	7	7x7	10.339850
0101100	000031	7	7x7	9.047369
1110010	000202	7	7x7	9.047369
1100110	021211	7	7x7	9.047369
0110100	030021	7	7x7	12.924813
1100011	020031	7	7x7	12.924813
1010101	002111	7	7x7	10.339850
1011111	031130	7	7x7	12.924813
1010111	002122	7	7x7	10.339850
0001011	000021	7	7x7	9.047369
1111011	031330	7	7x7	11.632331
0101010	021133	7	7x7	11.632331
0011010	000021	7	7x7	9.047369
1000101	033113	7	7x7	10.339850
0110111	003113	7	7x7	11.632331
1110101	003113	7	7x7	11.632331
0111000	031313	7	7x7	9.047369
0001010	002033	7	7x7	10.339850
1101011	021133	7	7x7	11.632331
1010110	020211	7	7x7	10.339850
0100100	030313	7	7x7	10.339850
0111101	022120	7	7x7	11.632331
0000101	022030	7	7x7	11.632331
0111101	031111	7	7x7	9.047369
1111011	031303	7	7x7	11.632331
0010000	030330	7	7x7	10.339850
0000111	020033	7	7x7	11.632331
1000111	022200	7	7x7	9.047369
1110111	031300	7	7x7	11.632331
1101110	022220	7	7x7	7.754888
1010000	021222	7	7x7	10.339850
0011111	030020	7	7x7	12.924813
0111100	003311	7	7x7	10.339850
0111010	030203	7	7x7	11.632331
0000101	022033	7	7x7	11.632331
0111000	033121	7	7x7	11.632331
0101000	030330	7	7x7	10.339850
1011010	033111	7	7x7	9.047369
1100001	000021	7	7x7	9.047369
1111110	002121	7	7x7	10.339850
0111011	003113	7	7x7	11.632331
1100001	021222	7	7x7	10.339850
1111111	022222	7	7x7	6.462406
1000000	031311	7	7x7	9.047369
0111000	022033	7	7x7	11.632331
1111100	021131	7	7x7	12.924813
1000011	031303	7	7x7	11.632331
1111000	020021	7	7x7	11.632331
1111011	020033	7	7x7	11.632331
0111001	000330	7	7x7	9.047369
1011101	030302	7	7x7	9.047369
1101000	000211	7	7x7	10.339850
0100111	020330	7	7x7	11.632331
1011111	002021	7	7x7	9.047369
1001110	003113	7	7x7	11.632331
1101011	000031	7	7x7	9.047369
1010011	002111	7	7x7	10.339850
1010000	033312	7	7x7	10.339850
0101111	033030	7	7x7	10.339850
0010101	021112	7	7x7	10.339850
0100011	031311	7	7x7	9.047369
1111001	002021	7	7x7	9.047369
0110100	021113	7	7x7	10.339850
0100011	002200	7	7x7	10.339850
1110011	031131	7	7x7	11.632331
1111011	033130	7	7x7	11.632331
0111100	031121	7	7x7	12.924813
1110110	003311	7	7x7	10.339850
1110111	031300	7	7x7	11.632331
1000111	002202	7	7x7	10.339850
0000001	030200	7	7x7	10.339850
0000100	003000	7	7x7	7.754888
0111011	020300	7	7x7	10.339850
1111110	000311	7	7x7	10.339850
1001010	021202	7	7x7	11.632331
1011110	021113	7	7x7	10.339850
1101001	030022	7	7x7	11.632331
0100111	031133	7	7x7	11.632331
1101011	022003	7	7x7	10.339850
0100010	021133	7	7x7	11.632331
1100010	033002	7	7x7	10.339850
0010101	033302	7	7x7	10.339850
0101101	030222	7	7x7	10.339850
1010001	021113	7	7x7	10.339850
1110101	020221	7	7x7	10.339850
0001011	003031	7	7x7	9.047369
0000001	022112	7	7x7	10.339850
0001010	020022	7	7x7	10.339850
0000101	003311	7	7x7	10.339850
0011111	002200	7	7x7	10.339850
1011011	000003	7	7x7	6.462406
0100011	002111	7	7x7	10.339850
1010010	033022	7	7x7	11.632331
0010101	033121	7	7x7	11.632331
0000100	033121	7	7x7	11.632331
0111000	031121	7	7x7	12.924813
0110000	002111	7	7x7	10.339850
0011110	000212	7	7x7	10.339850
1011010	003020	7	7x7	10.339850
1100100	030200	7	7x7	10.339850
1111101	033130	7	7x7	11.632331
1110000	031122	7	7x7	11.632331
1011000	020302	7	7x7	11.632331
1001000	030220	7	7x7	11.632331
0011011	031330	7	7x7	11.632331
0101101	002111	7	7x7	10.339850
1110101	033311	7	7x7	9.047369
0101010	002121	7	7x7	10.339850
0010101	031112	7	7x7	10.339850
0010110	021202	7	7x7	11.632331
1111101	022030	7	7x7	11.632331
1110010	003113	7	7x7	11.632331
1111101	002111	7	7x7	10.339850
0011001	033033	7	7x7	9.047369
1000010	020330	7	7x7	11.632331
0100111	000330	7	7x7	9.047369
1111101	030302	7	7x7	9.047369
1010111	000313	7	7x7	10.339850
0011010	022002	7	7x7	10.339850
1111011	021222	7	7x7	10.339850
1010101	002120	7	7x7	11.632331
1111000	021120	7	7x7	12.924813
0001100	020003	7	7x7	10.339850
0001010	002000	7	7x7	7.754888
0001001	002112	7	7x7	11.632331
0100010	002030	7	7x7	10.339850
0100100	002111	7	7x7	10.339850
0011011	033121	7	7x7	11.632331
1010101	033033	7	7x7	9.047369
0001110	020211	7	7x7	10.339850
0011110	003111	7	7x7	10.339850
1000001	002222	7	7x7	7.754888
1111101	030203	7	7x7	11.632331
0011001	000313	7	7x7	10.339850
0001001	000212	7	7x7	10.339850
0001110	022212	7	7x7	10.339850
0111111	000211	7	7x7	10.339850
1110010	002021	7	7x7	9.047369
1110111	000021	7	7x7	9.047369
0101010	021131	7	7x7	12.924813
1000011	030221	7	7x7	11.632331
0101100	033031	7	7x7	11.632331
1101010	021213	7	7x7	10.339850
1111011	002111	7	7x7	10.339850
0111001	033112	7	7x7	10.339850
0110011	030020	7	7x7	12.924813
0000110	033333	7	7x7	6.462406
1011000	031111	7	7x7	9.047369
1111101	020211	7	7x7	10.339850
0000110	002030	7	7x7	10.339850
1000000	033113	7	7x7	10.339850
1000010	030221	7	7x7	11.632331
1111110	031131	7	7x7	11.632331
1011111	000002	7	7x7	6.462406
1111100	031333	7	7x7	10.339850
1001110	003311	7	7x7	10.339850
1101010	020302	7	7x7	11.632331
0000110	021222	7	7x7	10.339850
0010010	031133	7	7x7	11.632331
1100110	000031	7	7x7	9.047369
0011001	031111	7	7x7	9.047369
1001101	031112	7	7x7	10.339850
1010000	033112	7	7x7	10.339850
1101100	000330	7	7x7	9.047369
0001000	003113	7	7x7	11.632331
1110000	031330	7	7x7	11.632331
0000100	003303	7	7x7	10.339850
0111111	020200	7	7x7	7.754888
1101101	031121	7	7x7	12.924813
0100101	000030	7	7x7	9.047369
1010000	022211	7	7x7	9.047369
0101110	022003	7	7x7	10.339850
0001100	022020	7	7x7	10.339850
1010011	022003	7	7x7	10.339850
0111001	021122	7	7x7	11.632331
0101100	022022	7	7x7	9.047369
1110110	031112	7	7x7	10.339850
0001010	033003	7	7x7	10.339850
1110001	033031	7	7x7	11.632331
0101100	021111	7	7x7	9.047369
1101001	020220	7	7x7	10.339850
1001110	003331	7	7x7	9.047369
0000011	002121	7	7x7	10.339850
0000111	000033	7	7x7	7.754888
1001100	031331	7	7x7	11.632331
0101000	002111	7	7x7	10.339850
0111011	033121	7	7x7	11.632331
1111011	022111	7	7x7	9.047369
1000101	031122	7	7x7	11.632331
0001011	000311	7	7x7	10.339850
0001100	002020	7	7x7	7.754888
1111111	033002	7	7x7	10.339850
0001011	033002	7	7x7	10.339850
0101001	021133	7	7x7	11.632331
0000011	020200	7	7x7	7.754888
0011111	002111	7	7x7	10.339850
1000001	022213	7	7x7	10.339850
0100010	031330	7	7x7	11.632331
1001100	000003	7	7x7	6.462406
0011011	002221	7	7x7	9.047369
1101110	002122	7	7x7	10.339850
1000100	033312	7	7x7	10.339850
1011101	020200	7	7x7	7.754888
0101101	021131	7	7x7	12.924813
1101001	003331	7	7x7	9.047369
1010110	003330	7	7x7	9.047369
1010000	022113	7	7x7	10.339850
0101010	003113	7	7x7	11.632331
1011110	022211	7	7x7	9.047369
1000110	000313	7	7x7	10.339850
0101001	031121	7	7x7	12.924813
0001110	022222	7	7x7	6.462406
0110000	022202	7	7x7	10.339850
0011000	000000	7	7x7	2.584963
0001011	030031	7	7x7	11.632331
1100100	020002	7	7x7	10.339850
1010010	033312	7	7x7	10.339850
0101001	020003	7	7x7	10.339850
0001010	021112	7	7x7	10.339850
1011110	022113	7	7x7	10.339850
0011010	031303	7	7x7	11.632331
1101010	003302	7	7x7	11.632331
1000011	000211	7	7x7	10.339850
0100100	003113	7	7x7	11.632331
0001001	022131	7	7x7	11.632331
0000001	031121	7	7x7	12.924813
1111011	003331	7	7x7	9.047369
1100111	031300	7	7x7	11.632331
1101100	030203	7	7x7	11.632331
1110111	033112	7	7x7	10.339850
1010000	033330	7	7x7	7.754888
1111010	033020	7	7x7	11.632331
1010101	020302	7	7x7	11.632331
1001011	021222	7	7x7	10.339850
1000111	000022	7	7x7	7.754888
1010100	030200	7	7x7	10.339850
0100010	003003	7	7x7	9.047369
0111001	020331	7	7x7	11.632331
1010010	022213	7	7x7	10.339850
0011111	000000	7	7x7	2.584963
1011111	021200	7	7x7	11.632331
0001100	021222	7	7x7	10.339850
0110010	030022	7	7x7	11.632331
1100010	002112	7	7x7	11.632331
0010110	000202	7	7x7	9.047369
1101111	031330	7	7x7	11.632331
0101010	033333	7	7x7	6.462406
1111111	002021	7	7x7	9.047369
0100011	020212	7	7x7	10.339850
0011110	002221	7	7x7	9.047369
1000011	022112	7	7x7	10.339850
0000010	021200	7	7x7	11.632331
0001010	003030	7	7x7	7.754888
0111010	022113	7	7x7	10.339850
1111111	030313	7	7x7	10.339850
0011111	031122	7	7x7	11.632331
0100010	021200	7	7x7	11.632331
1010000	000222	7	7x7	7.754888
0010111	003302	7	7x7	11.632331
1001011	003312	7	7x7	11.632331
0111111	030311	7	7x7	10.339850
0100110	002213	7	7x7	11.632331
1000001	022033	7	7x7	11.632331
0011111	033033	7	7x7	9.047369
1001101	033031	7	7x7	11.632331
0010000	022211	7	7x7	9.047369
1100110	021131	7	7x7	12.924813
0000010	030200	7	7x7	10.339850
0011001	000211	7	7x7	10.339850
1011100	033121	7	7x7	11.632331
0111011	033111	7	7x7	9.047369
1100110	021133	7	7x7	11.632331
1001011	021202	7	7x7	11.632331
0110011	031300	7	7x7	11.632331
1110100	021213	7	7x7	10.339850
0011001	030222	7	7x7	10.339850
0000110	000303	7	7x7	9.047369
0101010	003130	7	7x7	11.632331
0000110	003333	7	7x7	7.754888
0001001	022113	7	7x7	10.339850
0100000	003020	7	7x7	10.339850
0101000	003333	7	7x7	7.754888
0100111	020021	7	7x7	11.632331
1100010	000311	7	7x7	10.339850
1000110	022030	7	7x7	11.632331
0100001	003302	7	7x7	11.632331
1111100	020003	7	7x7	10.339850
0100010	030000	7	7x7	9.047369
1100011	030002	7	7x7	10.339850
0110101	030203	7	7x7	11.632331
1100100	000311	7	7x7	10.339850
1010100	031131	7	7x7	11.632331
1011001	000212	7	7x7	10.339850
0101101	021213	7	7x7	10.339850
1111111	031303	7	7x7	11.632331
0010110	022020	7	7x7	10.339850
0100010	002121	7	7x7	10.339850
0101001	033121	7	7x7	11.632331
0111010	002122	7	7x7	10.339850
1011010	031300	7	7x7	11.632331
0101100	021222	7	7x7	10.339850
1010011	030311	7	7x7	10.339850
1100111	003033	7	7x7	7.754888
1110100	002002	7	7x7	9.047369
0011111	002120	7	7x7	11.632331
1001001	000211	7	7x7	10.339850
0011101	021113	7	7x7	10.339850
0111110	031312	7	7x7	10.339850
0000111	002030	7	7x7	10.339850
1101101	000022	7	7x7	7.754888
0010000	022021	7	7x7	11.632331
0000000	020302	7	7x7	11.632331
1010010	030333	7	7x7	9.047369
1000010	021200	7	7x7	11.632331
1001101	030333	7	7x7	9.047369
0100001	000022	7	7x7	7.754888
0000110	030221	7	7x7	11.632331
0010101	000202	7	7x7	9.047369
1101011	002122	7	7x7	10.339850
0000110	000303	7	7x7	9.047369
1111010	021200	7	7x7	11.632331
1010011	031112	7	7x7	10.339850
1001111	002112	7	7x7	11.632331
0111111	003113	7	7x7	11.632331
0000110	031121	7	7x7	12.924813
0100101	022203	7	7x7	10.339850
1000001	022022	7	7x7	9.047369
0001101	031311	7	7x7	9.047369
1101100	003130	7	7x7	11.632331
1100000	002033	7	7x7	10.339850
0101101	021211	7	7x7	9.047369
0010010	022131	7	7x7	11.632331
0101101	020333	7	7x7	10.339850
0010011	002120	7	7x7	11.632331
0110001	003020	7	7x7	10.339850
1010110	020302	7	7x7	11.632331
0010110	033121	7	7x7	11.632331
1001101	003302	7	7x7	11.632331
0001100	031122	7	7x7	11.632331
0110000	002211	7	7x7	10.339850
1010111	021133	7	7x7	11.632331
1101001	021122	7	7x7	11.632331
1000101	000222	7	7x7	7.754888
0000000	022020	7	7x7	10.339850
0010010	033331	7	7x7	7.754888
1110101	002203	7	7x7	11.632331
1011011	020031	7	7x7	12.924813
1100011	033133	7	7x7	9.047369
0111101	000311	7	7x7	10.339850
1101011	022222	7	7x7	6.462406
1010101	021202	7	7x7	11.632331
0010100	020300	7	7x7	10.339850
1001010	022112	7	7x7	10.339850
1001110	030313	7	7x7	10.339850
1000011	020330	7	7x7	11.632331
1100000	020021	7	7x7	11.632331
0010000	000212	7	7x7	10.339850
0111101	002221	7	7x7	9.047369
1000111	020000	7	7x7	9.047369
1100100	033333	7	7x7	6.462406
1010000	003020	7	7x7	10.339850
0000100	022111	7	7x7	9.047369
0110101	031330	7	7x7	11.632331
1111110	003022	7	7x7	10.339850
0010000	003113	7	7x7	11.632331
1100011	020221	7	7x7	10.339850
0010100	030333	7	7x7	9.047369
1000011	031303	7	7x7	11.632331
1111001	003111	7	7x7	10.339850
0100001	002211	7	7x7	10.339850
1011111	033022	7	7x7	11.632331
1000010	000222	7	7x7	7.754888
0110001	030333	7	7x7	9.047369
0001100	030203	7	7x7	11.632331
0010011	021120	7	7x7	12.924813
0000101	030222	7	7x7	10.339850
1011000	000211	7	7x7	10.339850
1101110	021202	7	7x7	11.632331
1111001	003030	7	7x7	7.754888
0011111	022002	7	7x7	10.339850
0110111	031300	7	7x7	11.632331
1001011	003333	7	7x7	7.754888
1001011	003033	7	7x7	7.754888
0101101	031303	7	7x7	11.632331
0101000	022213	7	7x7	10.339850
1110101	021200	7	7x7	11.632331
1110101	030002	7	7x7	10.339850
1010100	021112	7	7x7	10.339850
0101011	031122	7	7x7	11.632331
0000101	002122	7	7x7	10.339850
0101110	021220	7	7x7	11.632331
1001111	033133	7	7x7	9.047369
1100110	000003	7	7x7	6.462406
1001111	000203	7	7x7	10.339850
0001100	031312	7	7x7	10.339850
0111010	031300	7	7x7	11.632331
1111111	020222	7	7x7	9.047369
1100010	021113	7	7x7	10.339850
0001000	022120	7	7x7	11.632331
0011100	022222	7	7x7	6.462406
1010010	002111	7	7x7	10.339850
1001000	033121	7	7x7	11.632331
1100011	030031	7	7x7	11.632331
1100001	030021	7	7x7	12.924813
0001001	020031	7	7x7	12.924813
1011101	020020	7	7x7	10.339850
0101001	033022	7	7x7	11.632331
0101000	022131	7	7x7	11.632331
0110101	031112	7	7x7	10.339850
0010110	033020	7	7x7	11.632331
0001111	033130	7	7x7	11.632331
0010010	022112	7	7x7	10.339850
0101101	022203	7	7x7	10.339850
0110111	030031	7	7x7	11.632331
1010111	021111	7	7x7	9.047369
0101110	022113	7	7x7	10.339850
1101100	002030	7	7x7	10.339850
0000100	031121	7	7x7	12.924813
1001010	021131	7	7x7	12.924813
1000111	031313	7	7x7	9.047369
1001100	033031	7	7x7	11.632331
1100010	000203	7	7x7	10.339850
1111101	031113	7	7x7	10.339850
0010101	030311	7	7x7	10.339850
1010110	003030	7	7x7	7.754888
1111010	033302	7	7x7	10.339850
0101100	022222	7	7x7	6.462406
0111101	000211	7	7x7	10.339850
0001101	021113	7	7x7	10.339850
0101011	002002	7	7x7	9.047369
0100000	022211	7	7x7	9.047369
0100110	031303	7	7x7	11.632331
0010111	020031	7	7x7	12.924813
0100111	033312	7	7x7	10.339850
1001110	030222	7	7x7	10.339850
0011001	002121	7	7x7	10.339850
1010000	020302	7	7x7	11.632331
0110010	031131	7	7x7	11.632331
1000011	030202	7	7x7	10.339850
1111011	030333	7	7x7	9.047369
1010100	021221	7	7x7	11.632331
0100010	003031	7	7x7	9.047369
1011110	021212	7	7x7	9.047369
1010001	022212	7	7x7	10.339850
0101100	000212	7	7x7	10.339850
0100010	002111	7	7x7	10.339850
1001111	002211	7	7x7	10.339850
0101100	030331	7	7x7	10.339850
0000101	022200	7	7x7	9.047369
1000111	021120	7	7x7	12.924813
1110111	003331	7	7x7	9.047369
1010110	020021	7	7x7	11.632331
1011110	003300	7	7x7	10.339850
0101100	022112	7	7x7	10.339850
1100000	033112	7	7x7	10.339850
1111010	031112	7	7x7	10.339850
1000111	031331	7	7x7	11.632331
0011011	022111	7	7x7	9.047369
0000110	022033	7	7x7	11.632331
1011010	030220	7	7x7	11.632331
0101011	022222	7	7x7	6.462406
0010001	030003	7	7x7	10.339850
1000000	031300	7	7x7	11.632331
0110111	000030	7	7x7	9.047369
1100010	022213	7	7x7	10.339850
0010011	002020	7	7x7	7.754888
1011101	033333	7	7x7	6.462406
0001100	022212	7	7x7	10.339850
0100000	031122	7	7x7	11.632331
0111010	000021	7	7x7	9.047369
0010110	021202	7	7x7	11.632331
0100001	021202	7	7x7	11.632331
1100010	002221	7	7x7	9.047369
1011100	022213	7	7x7	10.339850
1000001	030000	7	7x7	9.047369
1010010	022122	7	7x7	9.047369
1111100	021131	7	7x7	12.924813
0010000	030311	7	7x7	10.339850
1100011	002222	7	7x7	7.754888
1000100	002000	7	7x7	7.754888
1010011	020002	7	7x7	10.339850
0101001	022211	7	7x7	9.047369
1111101	020302	7	7x7	11.632331
0100010	031122	7	7x7	11.632331
0001010	002212	7	7x7	11.632331
0111101	021212	7	7x7	9.047369
0001110	003000	7	7x7	7.754888
1100101	030203	7	7x7	11.632331
1001001	021133	7	7x7	11.632331
1110111	030220	7	7x7	11.632331
1111000	033121	7	7x7	11.632331
1110010	033121	7	7x7	11.632331
0111100	002120	7	7x7	11.632331
0000110	030333	7	7x7	9.047369
1010111	000211	7	7x7	10.339850
0110111	031303	7	7x7	11.632331
0111100	000333	7	7x7	7.754888
1000110	021120	7	7x7	12.924813
0100111	003111	7	7x7	10.339850
0110001	020003	7	7x7	10.339850
1011000	030303	7	7x7	7.754888
0011110	003030	7	7x7	7.754888
1010101	031333	7	7x7	10.339850
1110011	002111	7	7x7	10.339850
1110001	002222	7	7x7	7.754888
0000010	030221	7	7x7	11.632331
1101000	031300	7	7x7	11.632331
0101100	031312	7	7x7	10.339850
0110110	000313	7	7x7	10.339850
1010100	031303	7	7x7	11.632331
1001110	031121	7	7x7	12.924813
0111001	022030	7	7x7	11.632331
1011101	021133	7	7x7	11.632331
1100011	003113	7	7x7	11.632331
1101101	020200	7	7x7	7.754888
0001011	000021	7	7x7	9.047369
0101110	022120	7	7x7	11.632331
1001110	000203	7	7x7	10.339850
1001010	003333	7	7x7	7.754888
1000101	033113	7	7x7	10.339850
1100100	030021	7	7x7	12.924813
1011111	022033	7	7x7	11.632331
1001110	002112	7	7x7	11.632331
0110100	033302	7	7x7	10.339850
0010011	000212	7	7x7	10.339850
1000110	002122	7	7x7	10.339850
1101000	003022	7	7x7	10.339850
0011110	000333	7	7x7	7.754888
0101001	030222	7	7x7	10.339850
0101101	000020	7	7x7	9.047369
1100011	002222	7	7x7	7.754888
0101110	020211	7	7x7	10.339850
0110011	003031	7	7x7	9.047369
1001011	000002	7	7x7	6.462406
0111100	022212	7	7x7	10.339850
1110010	033022	7	7x7	11.632331
1000111	022213	7	7x7	10.339850
0001111	003030	7	7x7	7.754888
1100110	003111	7	7x7	10.339850
1011011	002033	7	7x7	10.339850
0110100	033002	7	7x7	10.339850
0000101	021220	7	7x7	11.632331
0010100	021222	7	7x7	10.339850
0101011	000302	7	7x7	10.339850
1100000	022131	7	7x7	11.632331
0101010	020300	7	7x7	10.339850
1111001	020021	7	7x7	11.632331
1111001	003313	7	7x7	11.632331
1111000	030033	7	7x7	10.339850
1101010	022131	7	7x7	11.632331
1001010	003331	7	7x7	9.047369
1110011	002202	7	7x7	10.339850
0010001	033112	7	7x7	10.339850
0111111	031130	7	7x7	12.924813
1111110	031303	7	7x7	11.632331
0010100	031313	7	7x7	9.047369
0010001	000022	7	7x7	7.754888
1100001	000302	7	7x7	10.339850
0101101	000022	7	7x7	7.754888
0111101	030033	7	7x7	10.339850
1100101	030200	7	7x7	10.339850
1111110	003133	7	7x7	10.339850
0001001	020303	7	7x7	10.339850
0101111	033333	7	7x7	6.462406
1110101	000220	7	7x7	9.047369
0110000	030221	7	7x7	11.632331
1011100	020003	7	7x7	10.339850
0001100	031333	7	7x7	10.339850
0010101	021200	7	7x7	11.632331
0011111	002033	7	7x7	10.339850
1110001	033111	7	7x7	9.047369
0010010	020203	7	7x7	9.047369
1010111	031333	7	7x7	10.339850
0011111	021211	7	7x7	9.047369
0000000	000303	7	7x7	9.047369
1010011	000000	7	7x7	2.584963
1001101	022111	7	7x7	9.047369
1101000	031331	7	7x7	11.632331
0000000	000211	7	7x7	10.339850
1101000	002200	7	7x7	10.339850
0001111	031130	7	7x7	12.924813
1001010	031303	7	7x7	11.632331
0110011	022000	7	7x7	9.047369
0000001	030203	7	7x7	11.632331
0101110	020211	7	7x7	10.339850
1100101	021122	7	7x7	11.632331
0111011	030021	7	7x7	12.924813
0110111	022021	7	7x7	11.632331
0101101	000211	7	7x7	10.339850
0111001	021221	7	7x7	11.632331
0100011	002202	7	7x7	10.339850
1111110	031122	7	7x7	11.632331
1100000	003302	7	7x7	11.632331
1001101	002112	7	7x7	11.632331
1101011	003111	7	7x7	10.339850
1000011	022120	7	7x7	11.632331
1010101	000333	7	7x7	7.754888
0111111	002120	7	7x7	11.632331
0011100	020031	7	7x7	12.924813
0101011	021202	7	7x7	11.632331
0001100	002221	7	7x7	9.047369
1100110	033313	7	7x7	10.339850
1001010	002212	7	7x7	11.632331
0101110	031133	7	7x7	11.632331
1010101	003311	7	7x7	10.339850
0111110	002122	7	7x7	10.339850
0000101	021202	7	7x7	11.632331
1001001	031121	7	7x7	12.924813
1001011	031130	7	7x7	12.924813
1011100	002111	7	7x7	10.339850
0001100	000211	7	7x7	10.339850
1011011	033003	7	7x7	10.339850
0100001	022111	7	7x7	9.047369
1011100	033312	7	7x7	10.339850
1110111	021221	7	7x7	11.632331
1010110	022131	7	7x7	11.632331
0100001	021120	7	7x7	12.924813
1000011	033313	7	7x7	10.339850
1111100	022122	7	7x7	9.047369
0100100	033121	7	7x7	11.632331
0010100	022131	7	7x7	11.632331
0001101	033333	7	7x7	6.462406
1010101	002111	7	7x7	10.339850
1100100	002222	7	7x7	7.754888
1010100	002121	7	7x7	10.339850
0111000	002121	7	7x7	10.339850
1011010	000313	7	7x7	10.339850
1011101	031112	7	7x7	10.339850
1110010	000021	7	7x7	9.047369
0000001	000303	7	7x7	9.047369
0110101	002111	7	7x7	10.339850
1100111	000033	7	7x7	7.754888
0010100	020221	7	7x7	10.339850
0111101	033313	7	7x7	10.339850
0001010	000313	7	7x7	10.339850
1011101	021121	7	7x7	11.632331
0101000	002033	7	7x7	10.339850
0001111	020300	7	7x7	10.339850
1101010	021200	7	7x7	11.632331
0000001	021200	7	7x7	11.632331
1010111	033022	7	7x7	11.632331
1111100	003333	7	7x7	7.754888
1000101	002020	7	7x7	7.754888
0010010	021120	7	7x7	12.924813
1011100	003000	7	7x7	7.754888
0000011	031300	7	7x7	11.632331
1000001	021200	7	7x7	11.632331
0110110	003331	7	7x7	9.047369
1101111	020222	7	7x7	9.047369
0011101	020302	7	7x7	11.632331
1000001	000021	7	7x7	9.047369
1000001	022033	7	7x7	11.632331
0011000	031131	7	7x7	11.632331
1011100	033121	7	7x7	11.632331
1010101	002112	7	7x7	11.632331
1001001	020211	7	7x7	10.339850
0100001	021111	7	7x7	9.047369
1110111	031112	7	7x7	10.339850
1001000	002221	7	7x7	9.047369
1100001	003130	7	7x7	11.632331
0101101	031313	7	7x7	9.047369
1111000	000221	7	7x7	9.047369
0100111	002212	7	7x7	11.632331
0111000	021120	7	7x7	12.924813
0110100	020331	7	7x7	11.632331
1011000	000021	7	7x7	9.047369
1010110	003113	7	7x7	11.632331
1001111	030022	7	7x7	11.632331
0010010	002033	7	7x7	10.339850
1010001	021213	7	7x7	10.339850
1100110	002111	7	7x7	10.339850
0100110	002212	7	7x7	11.632331
1110111	002030	7	7x7	10.339850
1111011	033022	7	7x7	11.632331
1001000	002022	7	7x7	7.754888
1011001	022213	7	7x7	10.339850
1100001	022222	7	7x7	6.462406
1100001	003311	7	7x7	10.339850
0000101	033131	7	7x7	10.339850
1011100	033331	7	7x7	7.754888
0000000	003022	7	7x7	10.339850
0010010	030202	7	7x7	10.339850
1010000	002213	7	7x7	11.632331
1011011	033303	7	7x7	10.339850
0001010	033130	7	7x7	11.632331
1100011	033133	7	7x7	9.047369
0011000	031300	7	7x7	11.632331
1010111	030221	7	7x7	11.632331
0011110	020211	7	7x7	10.339850
1100110	000033	7	7x7	7.754888
0110010	003111	7	7x7	10.339850
1000000	003022	7	7x7	10.339850
0111110	000331	7	7x7	9.047369
0111111	031330	7	7x7	11.632331
1010001	021133	7	7x7	11.632331
0101001	031121	7	7x7	12.924813
1110110	003031	7	7x7	9.047369
0010101	022222	7	7x7	6.462406
0111001	000222	7	7x7	7.754888
0001010	022111	7	7x7	9.047369
1011011	003311	7	7x7	10.339850
0011100	033331	7	7x7	7.754888
1110000	000333	7	7x7	7.754888
0110001	003302	7	7x7	11.632331
0110101	021200	7	7x7	11.632331
1001001	002111	7	7x7	10.339850
1001101	030331	7	7x7	10.339850
0011011	021222	7	7x7	10.339850
1101111	003031	7	7x7	9.047369
1001001	022120	7	7x7	11.632331
0000111	021121	7	7x7	11.632331
0001010	002112	7	7x7	11.632331
0001100	020033	7	7x7	11.632331
0101001	031133	7	7x7	11.632331
0001011	002122	7	7x7	10.339850
0110011	020211	7	7x7	10.339850
0000000	031121	7	7x7	12.924813
1111010	021202	7	7x7	11.632331
0101110	003311	7	7x7	10.339850
0111100	020002	7	7x7	10.339850
1101011	020330	7	7x7	11.632331
0100110	000031	7	7x7	9.047369
0010010	003130	7	7x7	11.632331
1001100	030221	7	7x7	11.632331
1101010	030221	7	7x7	11.632331
0111100	030202	7	7x7	10.339850
0110010	022111	7	7x7	9.047369
1100101	021221	7	7x7	11.632331
1110111	033331	7	7x7	7.754888
1110111	033002	7	7x7	10.339850
1100001	020331	7	7x7	11.632331
0011001	021202	7	7x7	11.632331
1110110	000222	7	7x7	7.754888
1001101	002111	7	7x7	10.339850
1101001	031112	7	7x7	10.339850
0100001	021202	7	7x7	11.632331
0011101	000313	7	7x7	10.339850
1011001	020021	7	7x7	11.632331
1010001	000330	7	7x7	9.047369
1111011	022121	7	7x7	10.339850
1110010	002211	7	7x7	10.339850
0110100	031300	7	7x7	11.632331
1000010	020302	7	7x7	11.632331
1101101	021113	7	7x7	10.339850
1011011	000022	7	7x7	7.754888
1111111	030031	7	7x7	11.632331
0011100	030220	7	7x7	11.632331
1111001	022211	7	7x7	9.047369
0001011	031330	7	7x7	11.632331
0101101	030222	7	7x7	10.339850
0100010	033121	7	7x7	11.632331
1110000	003113	7	7x7	11.632331
1000101	022131	7	7x7	11.632331
1110000	002121	7	7x7	10.339850
1101010	021112	7	7x7	10.339850
1001000	022112	7	7x7	10.339850
0100000	020300	7	7x7	10.339850
0111001	031303	7	7x7	11.632331
1010001	022030	7	7x7	11.632331
1011011	002000	7	7x7	7.754888
0000111	031303	7	7x7	11.632331
0101101	000033	7	7x7	7.754888
0111000	033331	7	7x7	7.754888
0111000	021112	7	7x7	10.339850
0010101	003020	7	7x7	10.339850
0111111	003300	7	7x7	10.339850
1010000	022022	7	7x7	9.047369
0000010	020221	7	7x7	10.339850
0100101	000220	7	7x7	9.047369
0111101	003113	7	7x7	11.632331
1001111	030022	7	7x7	11.632331
0001100	031133	7	7x7	11.632331
1110001	031130	7	7x7	12.924813
0100010	030021	7	7x7	12.924813
1011100	002222	7	7x7	7.754888
1001011	030003	7	7x7	10.339850
0000111	002213	7	7x7	11.632331
0110101	022131	7	7x7	11.632331
1110001	031113	7	7x7	10.339850
0110000	031313	7	7x7	9.047369
1000010	033303	7	7x7	10.339850
0101100	033112	7	7x7	10.339850
1011100	003111	7	7x7	10.339850
1100110	021133	7	7x7	11.632331
1000011	022033	7	7x7	11.632331
1010100	003113	7	7x7	11.632331
0111000	033312	7	7x7	10.339850
1100001	021221	7	7x7	11.632331
0011100	000311	7	7x7	10.339850
0110011	031303	7	7x7	11.632331
1100010	002122	7	7x7	10.339850
1100111	031333	7	7x7	10.339850
1000101	030313	7	7x7	10.339850
0100001	002033	7	7x7	10.339850
0101010	033130	7	7x7	11.632331
1011010	003130	7	7x7	11.632331
0110010	002111	7	7x7	10.339850
0101010	031300	7	7x7	11.632331
0100111	000311	7	7x7	10.339850
1101010	030331	7	7x7	10.339850
0001110	000212	7	7x7	10.339850
1011101	033031	7	7x7	11.632331
1111010	033002	7	7x7	10.339850
1111000	022131	7	7x7	11.632331
0100100	033302	7	7x7	10.339850
0100101	031121	7	7x7	12.924813
1101011	031331	7	7x7	11.632331
1101110	020333	7	7x7	10.339850
1001110	033331	7	7x7	7.754888
1000011	021202	7	7x7	11.632331
1010110	000022	7	7x7	7.754888
1001000	021122	7	7x7	11.632331
1010100	002220	7	7x7	9.047369
0010000	033121	7	7x7	11.632331
0010011	022033	7	7x7	11.632331
1010110	031121	7	7x7	12.924813
0011111	031330	7	7x7	11.632331
1010000	031112	7	7x7	10.339850
1111100	021213	7	7x7	10.339850
0111000	000211	7	7x7	10.339850
1000110	003311	7	7x7	10.339850
0100111	030311	7	7x7	10.339850
0101111	003130	7	7x7	11.632331
0010100	003111	7	7x7	10.339850
1111011	020212	7	7x7	10.339850
1101010	022033	7	7x7	11.632331
1111100	000212	7	7x7	10.339850
1001101	002200	7	7x7	10.339850
0100110	020003	7	7x7	10.339850
0111100	022221	7	7x7	7.754888
0000111	000203	7	7x7	10.339850
0011110	003333	7	7x7	7.754888
0100101	003131	7	7x7	10.339850
1101110	033000	7	7x7	9.047369
0001000	030022	7	7x7	11.632331
0010101	021200	7	7x7	11.632331
1111111	033121	7	7x7	11.632331
1110111	022221	7	7x7	7.754888
1010110	020220	7	7x7	10.339850
0011011	003003	7	7x7	9.047369
0010001	002112	7	7x7	11.632331
1011000	033121	7	7x7	11.632331
0111011	002112	7	7x7	11.632331
0110110	020003	7	7x7	10.339850
0000010	003113	7	7x7	11.632331
1110011	020000	7	7x7	9.047369
0101010	030331	7	7x7	10.339850
1111011	020220	7	7x7	10.339850
1000010	021200	7	7x7	11.632331
0111100	002221	7	7x7	9.047369
1110000	030311	7	7x7	10.339850
0011111	002111	7	7x7	10.339850
1001001	022213	7	7x7	10.339850
1110011	022131	7	7x7	11.632331
1101100	002020	7	7x7	7.754888
1100100	021131	7	7x7	12.924813
1111101	003331	7	7x7	9.047369
0000110	000221	7	7x7	9.047369
1101000	031112	7	7x7	10.339850
0111110	003330	7	7x7	9.047369
1111101	020333	7	7x7	10.339850
0110100	022212	7	7x7	10.339850
0110110	033311	7	7x7	9.047369
1101100	020302	7	7x7	11.632331
0001000	020031	7	7x7	12.924813
0010001	033111	7	7x7	9.047369
1001110	031122	7	7x7	11.632331
1100011	000331	7	7x7	9.047369
0011001	000333	7	7x7	7.754888
0011111	031330	7	7x7	11.632331
1110100	033121	7	7x7	11.632331
1111000	003113	7	7x7	11.632331
1100100	031300	7	7x7	11.632331
1110100	033302	7	7x7	10.339850
1100011	002120	7	7x7	11.632331
1001100	021122	7	7x7	11.632331
0011100	002002	7	7x7	9.047369
1100001	002221	7	7x7	9.047369
0101000	002121	7	7x7	10.339850
1010011	002221	7	7x7	9.047369
0110100	020221	7	7x7	10.339850
1011001	020212	7	7x7	10.339850
1110011	031303	7	7x7	11.632331
0110010	000222	7	7x7	7.754888
0011000	031313	7	7x7	9.047369
1111100	022033	7	7x7	11.632331
0000111	030311	7	7x7	10.339850
1010000	020202	7	7x7	7.754888
1100110	002202	7	7x7	10.339850
0111000	000313	7	7x7	10.339850
1000100	021111	7	7x7	9.047369
1100000	021222	7	7x7	10.339850
1001110	003300	7	7x7	10.339850
1111011	002121	7	7x7	10.339850
1011101	000202	7	7x7	9.047369
0101001	031111	7	7x7	9.047369
1110011	002121	7	7x7	10.339850
0101100	030221	7	7x7	11.632331
0101110	003311	7	7x7	10.339850
1111110	000211	7	7x7	10.339850
0000110	000331	7	7x7	9.047369
1100100	033311	7	7x7	9.047369
1010000	021111	7	7x7	9.047369
0101100	003133	7	7x7	10.339850
1010001	020303	7	7x7	10.339850
0110111	000212	7	7x7	10.339850
0011111	021200	7	7x7	11.632331
1010000	020303	7	7x7	10.339850
1100101	002021	7	7x7	9.047369
0101001	033312	7	7x7	10.339850
1011100	003020	7	7x7	10.339850
0010111	021121	7	7x7	11.632331
0100001	000033	7	7x7	7.754888
0000101	022120	7	7x7	11.632331
0101010	003000	7	7x7	7.754888
0011101	000003	7	7x7	6.462406
0110110	031130	7	7x7	12.924813
0010010	031122	7	7x7	11.632331
1110110	000333	7	7x7	7.754888
1011100	022131	7	7x7	11.632331
1100111	021221	7	7x7	11.632331
0001111	003311	7	7x7	10.339850
1010101	003330	7	7x7	9.047369
1111011	002220	7	7x7	9.047369
1111011	020333	7	7x7	10.339850
0011010	020020	7	7x7	10.339850
0010011	002112	7	7x7	11.632331
1110100	022113	7	7x7	10.339850
1100110	020000	7	7x7	9.047369
0100000	030200	7	7x7	10.339850
1100001	031312	7	7x7	10.339850
1110111	000212	7	7x7	10.339850
1010110	000021	7	7x7	9.047369
0000110	031122	7	7x7	11.632331
0110001	020220	7	7x7	10.339850
0000001	002213	7	7x7	11.632331
1110011	033121	7	7x7	11.632331
1010011	033313	7	7x7	10.339850
0111110	020331	7	7x7	11.632331
1010010	030311	7	7x7	10.339850
0000110	020330	7	7x7	11.632331
0000010	003000	7	7x7	7.754888
1111101	020330	7	7x7	11.632331
0101010	033020	7	7x7	11.632331
1101010	031333	7	7x7	10.339850
0110011	020221	7	7x7	10.339850
1101001	021213	7	7x7	10.339850
1001110	030313	7	7x7	10.339850
0111001	021113	7	7x7	10.339850
1000100	000211	7	7x7	10.339850
0010100	002203	7	7x7	11.632331
0110010	031330	7	7x7	11.632331
0001111	033121	7	7x7	11.632331
1101001	022112	7	7x7	10.339850
1000110	003133	7	7x7	10.339850
1010001	031133	7	7x7	11.632331
1011110	031311	7	7x7	9.047369
0011110	030222	7	7x7	10.339850
1000111	030203	7	7x7	11.632331
0011110	031111	7	7x7	9.047369
1011010	021131	7	7x7	12.924813
0100001	022222	7	7x7	6.462406
0101011	022022	7	7x7	9.047369
0001000	021131	7	7x7	12.924813
0111010	031112	7	7x7	10.339850
1000011	002003	7	7x7	9.047369
1000000	022111	7	7x7	9.047369
0001101	031313	7	7x7	9.047369
0110011	033312	7	7x7	10.339850
1010101	021200	7	7x7	11.632331
0000011	033121	7	7x7	11.632331
0011101	031130	7	7x7	12.924813
1001010	021202	7	7x7	11.632331
0100001	000211	7	7x7	10.339850
0100110	003313	7	7x7	11.632331
0111110	022003	7	7x7	10.339850
0110010	030200	7	7x7	10.339850
0101110	031122	7	7x7	11.632331
1100100	022111	7	7x7	9.047369
1110010	002121	7	7x7	10.339850
0101111	000311	7	7x7	10.339850
0100001	000203	7	7x7	10.339850
0000100	003133	7	7x7	10.339850
0010011	031113	7	7x7	10.339850
1011010	031111	7	7x7	9.047369
1111111	003111	7	7x7	10.339850
1110101	031330	7	7x7	11.632331
0111001	020033	7	7x7	11.632331
1000000	000000	7	7x7	2.584963
1101110	020300	7	7x7	10.339850
0001001	003113	7	7x7	11.632331
1100000	000222	7	7x7	7.754888
0101000	031311	7	7x7	9.047369
0010010	030021	7	7x7	12.924813
1001010	031121	7	7x7	12.924813
0010110	000212	7	7x7	10.339850
0100001	003113	7	7x7	11.632331
0010000	031312	7	7x7	10.339850
0000111	033113	7	7x7	10.339850
1101101	030202	7	7x7	10.339850
0101111	031111	7	7x7	9.047369
1011100	002111	7	7x7	10.339850
0000111	030002	7	7x7	10.339850
1000100	021202	7	7x7	11.632331
0101110	002111	7	7x7	10.339850
0001100	000222	7	7x7	7.754888
1011011	003031	7	7x7	9.047369
1011011	020220	7	7x7	10.339850
0000001	000333	7	7x7	7.754888
1001100	002213	7	7x7	11.632331
0010100	033121	7	7x7	11.632331
0001110	021131	7	7x7	12.924813
0100110	002111	7	7x7	10.339850
1101110	000330	7	7x7	9.047369
1111101	003133	7	7x7	10.339850
1110000	020031	7	7x7	12.924813
0000101	021113	7	7x7	10.339850
0000001	003133	7	7x7	10.339850
0111011	031111	7	7x7	9.047369
1000011	031330	7	7x7	11.632331
0001000	003113	7	7x7	11.632331
0000111	000302	7	7x7	10.339850
1110010	033131	7	7x7	10.339850
0001001	020203	7	7x7	9.047369
1100111	031122	7	7x7	11.632331
0000111	022033	7	7x7	11.632331
1000110	003003	7	7x7	9.047369
1011111	033312	7	7x7	10.339850
0101111	022000	7	7x7	9.047369
0100111	031330	7	7x7	11.632331
0010010	003111	7	7x7	10.339850
0010110	031303	7	7x7	11.632331
0111111	022213	7	7x7	10.339850
0000011	030003	7	7x7	10.339850
0001101	022131	7	7x7	11.632331
0100011	002033	7	7x7	10.339850
1011000	003113	7	7x7	11.632331
0000000	021211	7	7x7	9.047369
1011010	031330	7	7x7	11.632331
0111100	003303	7	7x7	10.339850
0101111	030000	7	7x7	9.047369
1011100	003133	7	7x7	10.339850
0111110	031113	7	7x7	10.339850
1011111	020031	7	7x7	12.924813
0000010	022211	7	7x7	9.047369
1011001	021120	7	7x7	12.924813
0011110	030300	7	7x7	7.754888
0110110	031333	7	7x7	10.339850
1001111	022022	7	7x7	9.047369
0000100	031131	7	7x7	11.632331
0111010	021113	7	7x7	10.339850
0010101	031111	7	7x7	9.047369
0110100	020000	7	7x7	9.047369
0000000	030221	7	7x7	11.632331
1000110	003133	7	7x7	10.339850
1100010	002111	7	7x7	10.339850
1001111	033121	7	7x7	11.632331
0101111	022200	7	7x7	9.047369
1011000	002213	7	7x7	11.632331
0010110	022030	7	7x7	11.632331
1001111	022033	7	7x7	11.632331
1000101	003002	7	7x7	9.047369
0000101	002111	7	7x7	10.339850
1001001	020033	7	7x7	11.632331
0001010	002202	7	7x7	10.339850
0100100	021112	7	7x7	10.339850
0000000	031303	7	7x7	11.632331
0111001	021222	7	7x7	10.339850
1110110	002121	7	7x7	10.339850
0000111	002112	7	7x7	11.632331
0110001	033113	7	7x7	10.339850
1110001	033020	7	7x7	11.632331
0011100	002000	7	7x7	7.754888
0110111	021131	7	7x7	12.924813
1101110	033331	7	7x7	7.754888
1100111	021211	7	7x7	9.047369
1000101	003020	7	7x7	10.339850
0110100	002220	7	7x7	9.047369
0010100	003020	7	7x7	10.339850
1111000	020222	7	7x7	9.047369
1010101	002003	7	7x7	9.047369
0101011	022222	7	7x7	6.462406
0010100	003131	7	7x7	10.339850
1111000	033022	7	7x7	11.632331
1101000	000211	7	7x7	10.339850
0101100	000212	7	7x7	10.339850
1000001	020211	7	7x7	10.339850
0110100	031133	7	7x7	11.632331
0100010	003002	7	7x7	9.047369
0111101	002202	7	7x7	10.339850
1100001	020302	7	7x7	11.632331
0011001	031300	7	7x7	11.632331
0010010	030030	7	7x7	10.339850
0011100	022122	7	7x7	9.047369
0011110	031112	7	7x7	10.339850
1010111	003022	7	7x7	10.339850
0000110	020021	7	7x7	11.632331
0010001	022030	7	7x7	11.632331
1001011	033033	7	7x7	9.047369
1011010	030333	7	7x7	9.047369
0010111	033333	7	7x7	6.462406
0110010	022122	7	7x7	9.047369
1001011	022202	7	7x7	10.339850
0110001	003002	7	7x7	9.047369
0010100	002222	7	7x7	7.754888
0111101	000022	7	7x7	7.754888
1111010	031131	7	7x7	11.632331
0010111	022003	7	7x7	10.339850
0000110	003031	7	7x7	9.047369
0101100	002030	7	7x7	10.339850
1001110	002203	7	7x7	11.632331
1100100	000000	7	7x7	2.584963
0100001	031303	7	7x7	11.632331
1110100	033020	7	7x7	11.632331
1100100	022213	7	7x7	10.339850
1010110	000333	7	7x7	7.754888
0010100	021200	7	7x7	11.632331
1011001	021220	7	7x7	11.632331
0010001	031312	7	7x7	10.339850
1010011	031333	7	7x7	10.339850
1110011	003020	7	7x7	10.339850
0011011	031133	7	7x7	11.632331
0110111	033113	7	7x7	10.339850
0110110	022221	7	7x7	7.754888
1110001	033330	7	7x7	7.754888
1101111	021222	7	7x7	10.339850
1101110	033313	7	7x7	10.339850
1100001	030222	7	7x7	10.339850
1000101	031311	7	7x7	9.047369
1001011	030033	7	7x7	10.339850
0001110	003111	7	7x7	10.339850
0111000	021112	7	7x7	10.339850
0101101	020212	7	7x7	10.339850
0110000	031121	7	7x7	12.924813
0000011	002121	7	7x7	10.339850
1100001	000222	7	7x7	7.754888
1111101	000331	7	7x7	9.047369
1000001	003111	7	7x7	10.339850
1100001	020330	7	7x7	11.632331
0011101	021121	7	7x7	11.632331
0110001	020212	7	7x7	10.339850
1010011	031112	7	7x7	10.339850
0010011	003300	7	7x7	10.339850
1001111	020020	7	7x7	10.339850
1100011	000002	7	7x7	6.462406
1001001	022033	7	7x7	11.632331
1000010	021200	7	7x7	11.632331
1111101	020302	7	7x7	11.632331
1100010	000313	7	7x7	10.339850
1111101	033133	7	7x7	9.047369
0010101	022020	7	7x7	10.339850
1001010	002002	7	7x7	9.047369
1010110	020302	7	7x7	11.632331
0101000	021131	7	7x7	12.924813
0100001	031300	7	7x7	11.632331
1111000	003331	7	7x7	9.047369
0111001	021133	7	7x7	11.632331
0001001	033031	7	7x7	11.632331
0101100	021131	7	7x7	12.924813
1010010	021111	7	7x7	9.047369
1011110	021220	7	7x7	11.632331
0111110	021220	7	7x7	11.632331
1111011	030302	7	7x7	9.047369
0101100	020203	7	7x7	9.047369
1011000	000330	7	7x7	9.047369
1110011	033330	7	7x7	7.754888
0010001	000003	7	7x7	6.462406
0010011	020022	7	7x7	10.339850
0010100	020330	7	7x7	11.632331
1000001	020211	7	7x7	10.339850
1111000	000311	7	7x7	10.339850
0001010	020303	7	7x7	10.339850
0000110	021200	7	7x7	11.632331
1010010	021122	7	7x7	11.632331
1011100	031111	7	7x7	9.047369
0010110	030202	7	7x7	10.339850
1001111	033130	7	7x7	11.632331
1001111	021211	7	7x7	9.047369
1001111	003313	7	7x7	11.632331
0111011	033312	7	7x7	10.339850
1001000	033331	7	7x7	7.754888
1101000	022113	7	7x7	10.339850
0101010	030033	7	7x7	10.339850
1100001	033022	7	7x7	11.632331
0111000	003003	7	7x7	9.047369
0101000	020202	7	7x7	7.754888
1101011	003113	7	7x7	11.632331
0100101	022113	7	7x7	10.339850
1100110	021111	7	7x7	9.047369
0011011	031331	7	7x7	11.632331
1010010	033121	7	7x7	11.632331
0000001	003031	7	7x7	9.047369
1011000	002202	7	7x7	10.339850
0010100	021131	7	7x7	12.924813
0000111	020003	7	7x7	10.339850
0100001	022131	7	7x7	11.632331
1100000	033313	7	7x7	10.339850
0011100	002203	7	7x7	11.632331
0001101	021131	7	7x7	12.924813
0010100	022030	7	7x7	11.632331
1001100	003031	7	7x7	9.047369
1001100	002111	7	7x7	10.339850
1101111	033303	7	7x7	10.339850
0000000	003113	7	7x7	11.632331
1000101	020331	7	7x7	11.632331
0010101	031311	7	7x7	9.047369
1101101	000313	7	7x7	10.339850
1100011	021211	7	7x7	9.047369
1100000	030002	7	7x7	10.339850
0000100	000031	7	7x7	9.047369
1100010	000022	7	7x7	7.754888
1011000	030222	7	7x7	10.339850
0010001	003300	7	7x7	10.339850
1100001	031331	7	7x7	11.632331
1101000	000311	7	7x7	10.339850
0101001	000000	7	7x7	2.584963
0010000	022030	7	7x7	11.632331
1000111	021202	7	7x7	11.632331
0101011	002033	7	7x7	10.339850
0111111	033312	7	7x7	10.339850
1111000	022222	7	7x7	6.462406
1001111	020302	7	7x7	11.632331
1110100	033313	7	7x7	10.339850
1111010	021220	7	7x7	11.632331
1001011	003020	7	7x7	10.339850
0110001	002111	7	7x7	10.339850
0100101	002211	7	7x7	10.339850
0000011	000033	7	7x7	7.754888
0010101	033002	7	7x7	10.339850
1111001	031122	7	7x7	11.632331
0010011	033330	7	7x7	7.754888
1000100	033312	7	7x7	10.339850
1101000	022122	7	7x7	9.047369
0011010	003311	7	7x7	10.339850
1110101	002111	7	7x7	10.339850
1000011	003130	7	7x7	11.632331
1110100	020330	7	7x7	11.632331
0110011	033033	7	7x7	9.047369
1011001	033331	7	7x7	7.754888
1100011	021220	7	7x7	11.632331
1010000	030002	7	7x7	10.339850
1010001	031111	7	7x7	9.047369
1110100	033112	7	7x7	10.339850
0001100	021212	7	7x7	9.047369
1101011	002200	7	7x7	10.339850
1000001	033313	7	7x7	10.339850
1011111	020033	7	7x7	11.632331
1101110	000212	7	7x7	10.339850
0010011	003312	7	7x7	11.632331
0110101	003020	7	7x7	10.339850
0111010	031311	7	7x7	9.047369
1000010	031303	7	7x7	11.632331
0101001	033131	7	7x7	10.339850
0011111	031122	7	7x7	11.632331
0000110	022000	7	7x7	9.047369
1111011	031131	7	7x7	11.632331
1111001	000200	7	7x7	7.754888
1001000	002000	7	7x7	7.754888
0110111	020002	7	7x7	10.339850
0010101	020003	7	7x7	10.339850
1101110	000303	7	7x7	9.047369
1000000	003111	7	7x7	10.339850
0110001	030021	7	7x7	12.924813
0110011	003113	7	7x7	11.632331
0010110	000022	7	7x7	7.754888
1001111	020330	7	7x7	11.632331
1111111	031300	7	7x7	11.632331
1111110	000333	7	7x7	7.754888
1101011	033022	7	7x7	11.632331
0001011	030030	7	7x7	10.339850
0100110	021221	7	7x7	11.632331
0111000	002221	7	7x7	9.047369
1000110	000222	7	7x7	7.754888
1011101	002000	7	7x7	7.754888
1001110	031313	7	7x7	9.047369
1100001	021133	7	7x7	11.632331
0110001	030020	7	7x7	12.924813
0011000	022221	7	7x7	7.754888
1001100	031333	7	7x7	10.339850
0110100	020003	7	7x7	10.339850
0110001	002111	7	7x7	10.339850
1011100	021213	7	7x7	10.339850
0011011	031130	7	7x7	12.924813
0100100	003302	7	7x7	11.632331
1110101	033002	7	7x7	10.339850
0000111	021131	7	7x7	12.924813
1110100	021113	7	7x7	10.339850
0111110	022131	7	7x7	11.632331
1011100	033313	7	7x7	10.339850
0101010	033121	7	7x7	11.632331
1000100	000221	7	7x7	9.047369
1011111	000021	7	7x7	9.047369
0110011	031121	7	7x7	12.924813
0111001	020031	7	7x7	12.924813
0011001	002111	7	7x7	10.339850
1100010	031112	7	7x7	10.339850
0011001	020031	7	7x7	12.924813
1100010	031300	7	7x7	11.632331
0100110	022213	7	7x7	10.339850
0000111	033303	7	7x7	10.339850
1001010	002122	7	7x7	10.339850
1111101	033112	7	7x7	10.339850
0110010	031303	7	7x7	11.632331
1111000	003003	7	7x7	9.047369
0000111	022121	7	7x7	10.339850
0001011	003311	7	7x7	10.339850
1000110	021133	7	7x7	11.632331
1110111	022221	7	7x7	7.754888
0100100	033113	7	7x7	10.339850
0010001	033000	7	7x7	9.047369
1101010	000311	7	7x7	10.339850
1101001	002211	7	7x7	10.339850
0111110	022131	7	7x7	11.632331
0101001	003311	7	7x7	10.339850
0000000	002111	7	7x7	10.339850
0001111	021211	7	7x7	9.047369
0101001	003331	7	7x7	9.047369
0001100	002111	7	7x7	10.339850
1001010	031111	7	7x7	9.047369
0011101	021133	7	7x7	11.632331
0110111	030030	7	7x7	10.339850
0101001	031300	7	7x7	11.632331
0100010	031300	7	7x7	11.632331
0010000	031113	7	7x7	10.339850
0001000	031121	7	7x7	12.924813
0010000	030003	7	7x7	10.339850
1111011	002112	7	7x7	11.632331
0110101	002222	7	7x7	7.754888
0100110	021133	7	7x7	11.632331
0100011	000033	7	7x7	7.754888
0100100	002222	7	7x7	7.754888
0011011	021131	7	7x7	12.924813
0000010	030311	7	7x7	10.339850
1111010	031330	7	7x7	11.632331
0001010	030020	7	7x7	12.924813
1111110	021111	7	7x7	9.047369
1100110	021222	7	7x7	10.339850
1110011	000200	7	7x7	7.754888
0001110	033111	7	7x7	9.047369
1001100	003113	7	7x7	11.632331
0010100	030302	7	7x7	9.047369
1001111	031303	7	7x7	11.632331
0000101	033002	7	7x7	10.339850
0101000	033020	7	7x7	11.632331
0111101	002121	7	7x7	10.339850
0101101	030222	7	7x7	10.339850
0110110	002111	7	7x7	10.339850
1011100	021133	7	7x7	11.632331
0111010	022202	7	7x7	10.339850
1101001	021222	7	7x7	10.339850
0111100	002111	7	7x7	10.339850
0011010	000311	7	7x7	10.339850
1110010	022213	7	7x7	10.339850
1110111	031121	7	7x7	12.924813
0111000	031122	7	7x7	11.632331
1101111	031122	7	7x7	11.632331
0010011	021200	7	7x7	11.632331
1000000	022212	7	7x7	10.339850
1010010	002033	7	7x7	10.339850
0000010	020303	7	7x7	10.339850
1111110	033111	7	7x7	9.047369
0101010	033031	7	7x7	11.632331
1000000	020200	7	7x7	7.754888
0001011	020211	7	7x7	10.339850
0000010	022120	7	7x7	11.632331
1110110	020202	7	7x7	7.754888
0011010	003303	7	7x7	10.339850
1110010	021131	7	7x7	12.924813
0000110	021202	7	7x7	11.632331
0001000	022131	7	7x7	11.632331
1010001	033313	7	7x7	10.339850
0000000	003312	7	7x7	11.632331
0010001	000211	7	7x7	10.339850
0110000	031303	7	7x7	11.632331
0101000	002220	7	7x7	9.047369
0010100	003330	7	7x7	9.047369
0110011	030222	7	7x7	10.339850
1111000	020302	7	7x7	11.632331
0100000	003113	7	7x7	11.632331
0001000	021220	7	7x7	11.632331
0110101	002121	7	7x7	10.339850
0111111	002033	7	7x7	10.339850
1101101	022030	7	7x7	11.632331
1110000	021202	7	7x7	11.632331
0010001	030303	7	7x7	7.754888
1010011	033130	7	7x7	11.632331
0001001	021213	7	7x7	10.339850
1001101	022122	7	7x7	9.047369
1111100	002120	7	7x7	11.632331
1000111	000002	7	7x7	6.462406
1100111	002213	7	7x7	11.632331
0000011	002202	7	7x7	10.339850
1010111	022022	7	7x7	9.047369
1001001	022000	7	7x7	9.047369
1001100	021120	7	7x7	12.924813
1111101	033130	7	7x7	11.632331
0010011	030202	7	7x7	10.339850
0110111	022203	7	7x7	10.339850
0111010	000330	7	7x7	9.047369
1011001	022200	7	7x7	9.047369
0001010	000331	7	7x7	9.047369
0100010	020031	7	7x7	12.924813
0010010	022111	7	7x7	9.047369
1111101	030300	7	7x7	7.754888
0110010	003133	7	7x7	10.339850
1001000	031122	7	7x7	11.632331
1111111	020222	7	7x7	9.047369
1010000	033033	7	7x7	9.047369
1101011	020003	7	7x7	10.339850
1011101	021200	7	7x7	11.632331
0100011	000222	7	7x7	7.754888
0101010	020221	7	7x7	10.339850
1101011	002200	7	7x7	10.339850
1111010	003030	7	7x7	7.754888
0100101	002033	7	7x7	10.339850
0011001	020302	7	7x7	11.632331
1111010	020302	7	7x7	11.632331
0111101	003300	7	7x7	10.339850
0101101	020303	7	7x7	10.339850
0001011	021202	7	7x7	11.632331
1010110	022111	7	7x7	9.047369
0011101	000031	7	7x7	9.047369
1100000	000221	7	7x7	9.047369
0000000	021221	7	7x7	11.632331
0101000	003331	7	7x7	9.047369
0100000	002111	7	7x7	10.339850
1001000	022200	7	7x7	9.047369
0000101	002121	7	7x7	10.339850
1000001	021211	7	7x7	9.047369
0011010	022022	7	7x7	9.047369
1100100	033113	7	7x7	10.339850
1101100	031312	7	7x7	10.339850
0101000	002021	7	7x7	9.047369
1000010	020333	7	7x7	10.339850
0110000	022122	7	7x7	9.047369
0101001	020221	7	7x7	10.339850
0100000	003003	7	7x7	9.047369
1101011	021200	7	7x7	11.632331
1000111	000022	7	7x7	7.754888
0110010	003113	7	7x7	11.632331
0001100	002000	7	7x7	7.754888
1011101	003302	7	7x7	11.632331
1101001	000031	7	7x7	9.047369
1111110	021113	7	7x7	10.339850
1111110	030331	7	7x7	10.339850
0100100	000003	7	7x7	6.462406
1111110	031113	7	7x7	10.339850
0001000	030303	7	7x7	7.754888
1110111	030311	7	7x7	10.339850
1111101	022131	7	7x7	11.632331
0111110	033300	7	7x7	9.047369
1111000	022021	7	7x7	11.632331
1110111	003130	7	7x7	11.632331
0111111	030031	7	7x7	11.632331
0010110	002030	7	7x7	10.339850
1101011	021221	7	7x7	11.632331
1000111	003111	7	7x7	10.339850
1101000	031112	7	7x7	10.339850
1100100	000212	7	7x7	10.339850
1111100	022131	7	7x7	11.632331
1001110	031133	7	7x7	11.632331
1101001	022221	7	7x7	7.754888
0000000	031122	7	7x7	11.632331
1101001	002121	7	7x7	10.339850
0011100	031333	7	7x7	10.339850
1110100	002111	7	7x7	10.339850
1111111	033020	7	7x7	11.632331
1001100	022113	7	7x7	10.339850
1011001	003031	7	7x7	9.047369
0100001	020203	7	7x7	9.047369
0000000	030222	7	7x7	10.339850
1000101	033333	7	7x7	6.462406
0111101	000313	7	7x7	10.339850
0000001	022131	7	7x7	11.632331
1101111	002033	7	7x7	10.339850
1001110	000031	7	7x7	9.047369
0111010	022200	7	7x7	9.047369
1101010	020003	7	7x7	10.339850
1010001	031111	7	7x7	9.047369
0100000	021121	7	7x7	11.632331
0010011	003130	7	7x7	11.632331
0110010	022030	7	7x7	11.632331
0100110	002111	7	7x7	10.339850
0110111	022200	7	7x7	9.047369
0110101	002021	7	7x7	9.047369
0011100	002211	7	7x7	10.339850
0110110	000311	7	7x7	10.339850
0010110	022003	7	7x7	10.339850
1101111	030200	7	7x7	10.339850
0011001	000212	7	7x7	10.339850
0000001	031122	7	7x7	11.632331
0111001	031313	7	7x7	9.047369
1101100	022131	7	7x7	11.632331
0001111	030021	7	7x7	12.924813
1101001	031303	7	7x7	11.632331
0111001	033111	7	7x7	9.047369
1100101	031112	7	7x7	10.339850
0111010	022213	7	7x7	10.339850
0100111	003022	7	7x7	10.339850
0000110	020331	7	7x7	11.632331
1001010	000000	7	7x7	2.584963
0011111	002212	7	7x7	11.632331
1011110	031121	7	7x7	12.924813
1000010	031113	7	7x7	10.339850
1100011	030302	7	7x7	9.047369
1010100	031313	7	7x7	9.047369
0010110	020331	7	7x7	11.632331
1100100	002221	7	7x7	9.047369
0011010	003113	7	7x7	11.632331
0000100	022222	7	7x7	6.462406
1110100	022022	7	7x7	9.047369
0011011	031121	7	7x7	12.924813
1001001	020221	7	7x7	10.339850
0011011	000003	7	7x7	6.462406
0110001	000211	7	7x7	10.339850
0011111	003330	7	7x7	9.047369
1111000	022111	7	7x7	9.047369
0000110	031300	7	7x7	11.632331
1000101	003000	7	7x7	7.754888
1010111	022131	7	7x7	11.632331
0000111	031303	7	7x7	11.632331
0010001	003130	7	7x7	11.632331
0111111	021211	7	7x7	9.047369
0111100	030022	7	7x7	11.632331
0110010	003033	7	7x7	7.754888
0000010	020033	7	7x7	11.632331
1100010	031113	7	7x7	10.339850
0001011	021220	7	7x7	11.632331
1100011	002213	7	7x7	11.632331
0110111	021200	7	7x7	11.632331
0011010	031330	7	7x7	11.632331
0000001	022030	7	7x7	11.632331
1000110	000311	7	7x7	10.339850
1111110	021200	7	7x7	11.632331
0001110	022111	7	7x7	9.047369
0110100	031333	7	7x7	10.339850
0010110	003111	7	7x7	10.339850
0010001	022131	7	7x7	11.632331
0110011	021211	7	7x7	9.047369
1110010	003113	7	7x7	11.632331
1101101	000330	7	7x7	9.047369
1010000	022131	7	7x7	11.632331
0111011	033020	7	7x7	11.632331
1000011	003312	7	7x7	11.632331
1111001	000211	7	7x7	10.339850
1010011	033111	7	7x7	9.047369
0001001	022131	7	7x7	11.632331
1111110	022202	7	7x7	10.339850
0001100	003030	7	7x7	7.754888
0110100	002221	7	7x7	9.047369
1110111	022211	7	7x7	9.047369
0010111	021133	7	7x7	11.632331
0001001	030002	7	7x7	10.339850
1110100	003113	7	7x7	11.632331
0100011	002112	7	7x7	11.632331
1101010	000211	7	7x7	10.339850
1000011	022131	7	7x7	11.632331
0110100	021202	7	7x7	11.632331
1000101	030002	7	7x7	10.339850
1010110	033111	7	7x7	9.047369
0011010	031300	7	7x7	11.632331
1111010	030200	7	7x7	10.339850
0000100	031112	7	7x7	10.339850
0110110	021121	7	7x7	11.632331
0000010	022120	7	7x7	11.632331
1011010	033133	7	7x7	9.047369
1100011	033312	7	7x7	10.339850
1100010	033113	7	7x7	10.339850
1010111	031331	7	7x7	11.632331
0101011	021221	7	7x7	11.632331
1101001	021220	7	7x7	11.632331
1101111	021202	7	7x7	11.632331
0110011	002112	7	7x7	11.632331
1100100	000220	7	7x7	9.047369
0000111	030021	7	7x7	12.924813
0011010	033331	7	7x7	7.754888
1100100	031121	7	7x7	12.924813
1011111	022221	7	7x7	7.754888
1111011	002111	7	7x7	10.339850
1110011	002221	7	7x7	9.047369
1011101	033112	7	7x7	10.339850
0101101	030313	7	7x7	10.339850
0001110	022211	7	7x7	9.047369
0000000	031112	7	7x7	10.339850
0100111	003300	7	7x7	10.339850
1101010	033000	7	7x7	9.047369
0000000	003020	7	7x7	10.339850
0101110	021113	7	7x7	10.339850
1110111	033121	7	7x7	11.632331
0111100	021120	7	7x7	12.924813
0111101	002021	7	7x7	9.047369
1101101	030300	7	7x7	7.754888
0101100	000331	7	7x7	9.047369
0111011	031133	7	7x7	11.632331
0001011	022212	7	7x7	10.339850
0100011	000020	7	7x7	9.047369
1101110	022033	7	7x7	11.632331
1010011	002111	7	7x7	10.339850
0111000	020211	7	7x7	10.339850
1101001	031312	7	7x7	10.339850
1010010	022131	7	7x7	11.632331
1111110	031331	7	7x7	11.632331
0100111	021202	7	7x7	11.632331
1011000	031133	7	7x7	11.632331
0010100	030222	7	7x7	10.339850
0110111	002003	7	7x7	9.047369
0101101	000221	7	7x7	9.047369
0000010	033302	7	7x7	10.339850
1001011	030002	7	7x7	10.339850
0000010	031330	7	7x7	11.632331
0010111	021213	7	7x7	10.339850
1100111	031311	7	7x7	9.047369
0111001	033313	7	7x7	10.339850
1101001	000021	7	7x7	9.047369
0101000	030200	7	7x7	10.339850
1110100	022030	7	7x7	11.632331
0111001	021133	7	7x7	11.632331
0001001	031131	7	7x7	11.632331
1101101	031121	7	7x7	12.924813
1001000	031333	7	7x7	10.339850
1010001	030311	7	7x7	10.339850
1111111	031130	7	7x7	12.924813
1001101	022113	7	7x7	10.339850
0100100	002033	7	7x7	10.339850
0110001	031121	7	7x7	12.924813
0100010	031121	7	7x7	12.924813
0010010	033131	7	7x7	10.339850
1010101	021131	7	7x7	12.924813
0011001	021212	7	7x7	9.047369
1101101	021120	7	7x7	12.924813
0100000	020211	7	7x7	10.339850
0001010	000313	7	7x7	10.339850
1001110	022213	7	7x7	10.339850
0000101	022131	7	7x7	11.632331
0000001	031303	7	7x7	11.632331
0101100	000331	7	7x7	9.047369
1000101	031300	7	7x7	11.632331
1110100	003133	7	7x7	10.339850
0101110	033130	7	7x7	11.632331
1110100	002202	7	7x7	10.339850
0111100	030222	7	7x7	10.339850
0011101	003313	7	7x7	11.632331
1011100	031313	7	7x7	9.047369
0001000	033313	7	7x7	10.339850
0110100	022213	7	7x7	10.339850
1111110	000211	7	7x7	10.339850
0010010	031122	7	7x7	11.632331
1101101	022222	7	7x7	6.462406
1110011	020212	7	7x7	10.339850
0111100	020302	7	7x7	11.632331
0100100	021200	7	7x7	11.632331
0011110	031300	7	7x7	11.632331
0110011	030202	7	7x7	10.339850
0011010	033133	7	7x7	9.047369
0100111	002212	7	7x7	11.632331
1000011	002221	7	7x7	9.047369
1001101	002120	7	7x7	11.632331
0100001	003333	7	7x7	7.754888
0000011	000311	7	7x7	10.339850
1001110	033111	7	7x7	9.047369
1101100	033333	7	7x7	6.462406
0000001	033111	7	7x7	9.047369
0000000	031111	7	7x7	9.047369
1111101	031300	7	7x7	11.632331
0111000	000033	7	7x7	7.754888
0011111	021113	7	7x7	10.339850
1111010	033022	7	7x7	11.632331
1110100	003130	7	7x7	11.632331
0101011	031131	7	7x7	11.632331
1100011	030330	7	7x7	10.339850
0111110	002003	7	7x7	9.047369
1000100	031121	7	7x7	12.924813
0100100	021222	7	7x7	10.339850
0001110	000211	7	7x7	10.339850
0110111	021121	7	7x7	11.632331
0011110	003020	7	7x7	10.339850
0001011	002112	7	7x7	11.632331
0110110	020022	7	7x7	10.339850
0000010	000031	7	7x7	9.047369
1010100	021133	7	7x7	11.632331
1101001	020031	7	7x7	12.924813
1001011	000200	7	7x7	7.754888
0001101	022121	7	7x7	10.339850
1011000	020031	7	7x7	12.924813
0011001	020030	7	7x7	12.924813
1111111	020300	7	7x7	10.339850
1001000	030000	7	7x7	9.047369
0010100	031130	7	7x7	12.924813
0011100	021200	7	7x7	11.632331
1101101	000311	7	7x7	10.339850
1010100	031300	7	7x7	11.632331
1111101	021202	7	7x7	11.632331
0001111	003311	7	7x7	10.339850
0100111	031312	7	7x7	10.339850
0011000	020221	7	7x7	10.339850
0110110	000030	7	7x7	9.047369
0111100	003331	7	7x7	9.047369
1111000	002211	7	7x7	10.339850
0101010	030311	7	7x7	10.339850
1001100	003330	7	7x7	9.047369
0010111	003000	7	7x7	7.754888
0110110	021111	7	7x7	9.047369
1101100	002213	7	7x7	11.632331
0000101	002120	7	7x7	11.632331
1001111	021113	7	7x7	10.339850
1101110	031303	7	7x7	11.632331
0010101	002212	7	7x7	11.632331
0100001	033112	7	7x7	10.339850
1101010	003113	7	7x7	11.632331
0110011	022120	7	7x7	11.632331
0111001	022000	7	7x7	9.047369
0100111	031122	7	7x7	11.632331
0001000	033020	7	7x7	11.632331
1101100	000212	7	7x7	10.339850
1101001	030002	7	7x7	10.339850
0101000	000003	7	7x7	6.462406
0001000	030021	7	7x7	12.924813
0111111	020033	7	7x7	11.632331
1100110	031303	7	7x7	11.632331
0110100	022122	7	7x7	9.047369
0100010	033133	7	7x7	9.047369
1111010	021113	7	7x7	10.339850
1000000	002002	7	7x7	9.047369
0011100	033121	7	7x7	11.632331
1010001	022212	7	7x7	10.339850
0111101	000221	7	7x7	9.047369
1000000	022202	7	7x7	10.339850
1111110	003130	7	7x7	11.632331
1001010	030311	7	7x7	10.339850
1010001	022111	7	7x7	9.047369
0000001	000221	7	7x7	9.047369
1011101	030002	7	7x7	10.339850
0000001	003133	7	7x7	10.339850
1110001	002112	7	7x7	11.632331
1101000	020220	7	7x7	10.339850
1100110	002112	7	7x7	11.632331
1010001	000311	7	7x7	10.339850
0000111	022000	7	7x7	9.047369
0101010	030221	7	7x7	11.632331
0100101	033020	7	7x7	11.632331
1000011	000200	7	7x7	7.754888
0110101	022211	7	7x7	9.047369
0110001	031112	7	7x7	10.339850
1001111	000021	7	7x7	9.047369
1101011	022113	7	7x7	10.339850
1010010	002000	7	7x7	7.754888
0101010	020003	7	7x7	10.339850
1011011	000021	7	7x7	9.047369
0011100	033311	7	7x7	9.047369
0111111	000311	7	7x7	10.339850
1000111	002000	7	7x7	7.754888
1101011	033111	7	7x7	9.047369
0101100	021113	7	7x7	10.339850
1110010	020200	7	7x7	7.754888
0011011	030313	7	7x7	10.339850
0111000	031121	7	7x7	12.924813
0011001	030303	7	7x7	7.754888
1111110	002120	7	7x7	11.632331
0100110	002002	7	7x7	9.047369
0000000	000033	7	7x7	7.754888
0100000	022000	7	7x7	9.047369
1011100	031121	7	7x7	12.924813
0011011	033031	7	7x7	11.632331
1011011	021133	7	7x7	11.632331
0111110	021113	7	7x7	10.339850
0110110	033333	7	7x7	6.462406
1101010	033303	7	7x7	10.339850
1110100	031300	7	7x7	11.632331
1011101	021113	7	7x7	10.339850
0110111	030020	7	7x7	12.924813
1111101	033331	7	7x7	7.754888
1101000	031330	7	7x7	11.632331
0101111	031131	7	7x7	11.632331
1000101	003111	7	7x7	10.339850
0100101	031112	7	7x7	10.339850
0110011	022222	7	7x7	6.462406
0110000	031331	7	7x7	11.632331
0000110	021112	7	7x7	10.339850
0100010	000002	7	7x7	6.462406
0010100	003130	7	7x7	11.632331
0010001	000003	7	7x7	6.462406
0001110	002111	7	7x7	10.339850
0111111	020020	7	7x7	10.339850
0001010	030203	7	7x7	11.632331
0111001	030221	7	7x7	11.632331
0100000	031133	7	7x7	11.632331
1001010	022003	7	7x7	10.339850
0010100	022120	7	7x7	11.632331
0100011	033033	7	7x7	9.047369
1110110	002021	7	7x7	9.047369
1000001	020333	7	7x7	10.339850
0100001	033133	7	7x7	9.047369
0110000	021112	7	7x7	10.339850
0111000	020211	7	7x7	10.339850
1101001	003030	7	7x7	7.754888
1010111	003312	7	7x7	11.632331
1011010	021113	7	7x7	10.339850
1000010	003312	7	7x7	11.632331
1001101	031121	7	7x7	12.924813
1010010	030313	7	7x7	10.339850
1110010	031122	7	7x7	11.632331
0100101	022203	7	7x7	10.339850
1010000	003002	7	7x7	9.047369
1111001	022111	7	7x7	9.047369
1000100	000021	7	7x7	9.047369
0100100	031122	7	7x7	11.632331
0101000	020330	7	7x7	11.632331
1011101	000021	7	7x7	9.047369
0111010	003000	7	7x7	7.754888
1001001	021202	7	7x7	11.632331
0111110	030220	7	7x7	11.632331
1100000	031111	7	7x7	9.047369
0111011	000212	7	7x7	10.339850
0110111	003333	7	7x7	7.754888
1111100	021121	7	7x7	11.632331
0011110	031333	7	7x7	10.339850
1000010	000311	7	7x7	10.339850
1001111	033131	7	7x7	10.339850
0001011	031300	7	7x7	11.632331
1111010	003313	7	7x7	11.632331
1000000	030331	7	7x7	10.339850
1000000	000313	7	7x7	10.339850
0111010	021122	7	7x7	11.632331
1100001	033131	7	7x7	10.339850
1100110	020300	7	7x7	10.339850
0011111	031130	7	7x7	12.924813
0010110	002112	7	7x7	11.632331
0110000	030303	7	7x7	7.754888
0111001	030021	7	7x7	12.924813
1100011	030003	7	7x7	10.339850
1101111	021202	7	7x7	11.632331
1001101	031303	7	7x7	11.632331
1001010	022030	7	7x7	11.632331
0010001	030331	7	7x7	10.339850
0010010	021131	7	7x7	12.924813
1101011	022122	7	7x7	9.047369
1100010	003111	7	7x7	10.339850
1000000	031331	7	7x7	11.632331
1001001	000031	7	7x7	9.047369
1111001	031300	7	7x7	11.632331
1101100	031333	7	7x7	10.339850
0110000	022221	7	7x7	7.754888
1001011	020331	7	7x7	11.632331
0111010	030313	7	7x7	10.339850
1111100	003020	7	7x7	10.339850
0111001	033331	7	7x7	7.754888
1001001	003113	7	7x7	11.632331
1111000	021200	7	7x7	11.632331
1101000	031311	7	7x7	9.047369
0001101	033121	7	7x7	11.632331
0000110	020020	7	7x7	10.339850
0000101	022113	7	7x7	10.339850
1111100	030203	7	7x7	11.632331
0001000	000302	7	7x7	10.339850
1010011	000212	7	7x7	10.339850
0101111	022030	7	7x7	11.632331
0101000	021113	7	7x7	10.339850
1011101	033333	7	7x7	6.462406
1011110	021133	7	7x7	11.632331
1101000	003131	7	7x7	10.339850
0111011	030220	7	7x7	11.632331
1101011	033313	7	7x7	10.339850
0100111	021213	7	7x7	10.339850
0001110	002211	7	7x7	10.339850
1111110	021111	7	7x7	9.047369
0111101	002111	7	7x7	10.339850
1010000	000002	7	7x7	6.462406
1111011	033112	7	7x7	10.339850
0010000	033022	7	7x7	11.632331
0011110	003131	7	7x7	10.339850
1100011	030222	7	7x7	10.339850
1100000	031122	7	7x7	11.632331
0110010	031122	7	7x7	11.632331
1111010	022112	7	7x7	10.339850
0001010	033003	7	7x7	10.339850
1001100	002111	7	7x7	10.339850
1000110	020021	7	7x7	11.632331
0001110	033312	7	7x7	10.339850
0010010	000021	7	7x7	9.047369
1101000	031312	7	7x7	10.339850
0100110	000002	7	7x7	6.462406
0101011	022112	7	7x7	10.339850
1011100	003333	7	7x7	7.754888
0011111	021200	7	7x7	11.632331
1100101	030221	7	7x7	11.632331
0011100	030033	7	7x7	10.339850
0110011	000313	7	7x7	10.339850
1001000	022122	7	7x7	9.047369
0001000	021131	7	7x7	12.924813
1110111	002120	7	7x7	11.632331
1111111	002221	7	7x7	9.047369
0010010	031331	7	7x7	11.632331
1001110	000330	7	7x7	9.047369
1010110	031112	7	7x7	10.339850
0100111	021133	7	7x7	11.632331
1111101	033130	7	7x7	11.632331
0100010	003113	7	7x7	11.632331
0111110	022111	7	7x7	9.047369
0010011	002003	7	7x7	9.047369
0110010	030003	7	7x7	10.339850
0101101	030313	7	7x7	10.339850
1001110	033303	7	7x7	10.339850
1001010	031122	7	7x7	11.632331
0010100	000313	7	7x7	10.339850
1011001	033002	7	7x7	10.339850
0001000	002202	7	7x7	10.339850
0100011	022212	7	7x7	10.339850
0100001	021220	7	7x7	11.632331
0100000	020002	7	7x7	10.339850
1111101	030221	7	7x7	11.632331
1000010	030313	7	7x7	10.339850
1100111	020211	7	7x7	10.339850
1001000	022120	7	7x7	11.632331
0100110	030033	7	7x7	10.339850
1100110	003002	7	7x7	9.047369
0100101	021133	7	7x7	11.632331
1111000	021200	7	7x7	11.632331
0011001	000022	7	7x7	7.754888
1101101	002111	7	7x7	10.339850
0101010	020211	7	7x7	10.339850
1000111	003313	7	7x7	11.632331
0010001	022131	7	7x7	11.632331
1100101	022213	7	7x7	10.339850
1111010	003113	7	7x7	11.632331
0011011	000203	7	7x7	10.339850
0010010	021131	7	7x7	12.924813
1001001	021133	7	7x7	11.632331
0100100	022131	7	7x7	11.632331
0011100	033112	7	7x7	10.339850
1110101	021202	7	7x7	11.632331
0001111	031131	7	7x7	11.632331
0111110	000211	7	7x7	10.339850
0110010	000203	7	7x7	10.339850
1101110	033121	7	7x7	11.632331
1000100	030313	7	7x7	10.339850
0011111	020333	7	7x7	10.339850
1110100	003303	7	7x7	10.339850
0001000	000303	7	7x7	9.047369
1011110	021121	7	7x7	11.632331
0111010	003313	7	7x7	11.632331
1111001	002112	7	7x7	11.632331
0100101	021213	7	7x7	10.339850
0110100	021220	7	7x7	11.632331
1110000	031300	7	7x7	11.632331
1110111	020333	7	7x7	10.339850
1011011	000311	7	7x7	10.339850
0011101	003022	7	7x7	10.339850
0000111	030021	7	7x7	12.924813
0011010	020300	7	7x7	10.339850
1011110	031121	7	7x7	12.924813
1001111	020002	7	7x7	10.339850
1111001	030222	7	7x7	10.339850
0101001	003131	7	7x7	10.339850
1000011	003031	7	7x7	9.047369
0101001	021121	7	7x7	11.632331
1110101	031122	7	7x7	11.632331
0000010	033311	7	7x7	9.047369
1011011	003111	7	7x7	10.339850
0000101	031122	7	7x7	11.632331
0010101	033002	7	7x7	10.339850
0000001	033121	7	7x7	11.632331
1101111	030331	7	7x7	10.339850
1110010	000221	7	7x7	9.047369
0101111	002120	7	7x7	11.632331
1001111	002020	7	7x7	7.754888
1110010	021113	7	7x7	10.339850
0000000	021131	7	7x7	12.924813
1101111	030313	7	7x7	10.339850
0111101	021113	7	7x7	10.339850
0111101	020202	7	7x7	7.754888
1000000	000311	7	7x7	10.339850
1001111	022131	7	7x7	11.632331
1100101	021120	7	7x7	12.924813
0011111	033313	7	7x7	10.339850
0110001	033000	7	7x7	9.047369
0111011	031303	7	7x7	11.632331
0111010	000033	7	7x7	7.754888
1010100	000202	7	7x7	9.047369
0011111	031112	7	7x7	10.339850
0101111	021131	7	7x7	12.924813
0110001	003111	7	7x7	10.339850
0000100	002111	7	7x7	10.339850
1011000	022113	7	7x7	10.339850
1011100	020303	7	7x7	10.339850
1010001	031111	7	7x7	9.047369
1010010	033022	7	7x7	11.632331
0010011	020302	7	7x7	11.632331
1001000	031303	7	7x7	11.632331
0001110	022221	7	7x7	7.754888
0101001	000311	7	7x7	10.339850
1010110	021111	7	7x7	9.047369
0001101	021213	7	7x7	10.339850
1010110	000031	7	7x7	9.047369
1110101	020303	7	7x7	10.339850
0000001	000221	7	7x7	9.047369
1100111	021120	7	7x7	12.924813
1100101	033331	7	7x7	7.754888
0101100	022120	7	7x7	11.632331
1001001	033313	7	7x7	10.339850
1001001	002120	7	7x7	11.632331
1011111	022131	7	7x7	11.632331
1100110	031122	7	7x7	11.632331
0100001	000211	7	7x7	10.339850
1011011	030203	7	7x7	11.632331
1000000	031303	7	7x7	11.632331
1001101	030030	7	7x7	10.339850
0011101	021122	7	7x7	11.632331
0100110	022120	7	7x7	11.632331
0101010	030022	7	7x7	11.632331
1111001	002221	7	7x7	9.047369
0101000	021221	7	7x7	11.632331
1001100	021202	7	7x7	11.632331
1110010	003312	7	7x7	11.632331
0101010	022131	7	7x7	11.632331
1110011	020202	7	7x7	7.754888
0101100	022030	7	7x7	11.632331
0011010	021120	7	7x7	12.924813
1111101	030222	7	7x7	10.339850
1101010	030302	7	7x7	9.047369
1111110	031303	7	7x7	11.632331
1100101	020330	7	7x7	11.632331
0000110	002212	7	7x7	11.632331
0001101	031122	7	7x7	11.632331
0001000	021121	7	7x7	11.632331
1100110	021200	7	7x7	11.632331
0111110	031122	7	7x7	11.632331
1101110	021120	7	7x7	12.924813
0101110	003033	7	7x7	7.754888
1001011	022002	7	7x7	10.339850
0110011	021131	7	7x7	12.924813
0111001	033121	7	7x7	11.632331
1111111	033313	7	7x7	10.339850
1011000	000003	7	7x7	6.462406
0111010	003113	7	7x7	11.632331
1100011	030221	7	7x7	11.632331
1001111	030203	7	7x7	11.632331
0111100	021222	7	7x7	10.339850
1010101	031113	7	7x7	10.339850
0011010	022111	7	7x7	9.047369
1110110	021131	7	7x7	12.924813
0010001	002000	7	7x7	7.754888
0011010	003022	7	7x7	10.339850
0001001	020212	7	7x7	10.339850
1101011	002033	7	7x7	10.339850
0010000	022131	7	7x7	11.632331
0001111	000313	7	7x7	10.339850
0001010	022221	7	7x7	7.754888
1001000	033111	7	7x7	9.047369
1011111	021112	7	7x7	10.339850
0011111	031113	7	7x7	10.339850
1111011	031133	7	7x7	11.632331
0110110	003020	7	7x7	10.339850
1011011	003302	7	7x7	11.632331
1110001	020022	7	7x7	10.339850
1111001	002120	7	7x7	11.632331
1001001	000002	7	7x7	6.462406
1010111	021220	7	7x7	11.632331
1100010	021121	7	7x7	11.632331
1100111	031122	7	7x7	11.632331
0101111	002021	7	7x7	9.047369
0010001	000003	7	7x7	6.462406
0011011	030303	7	7x7	7.754888
0000111	022120	7	7x7	11.632331
1111001	022113	7	7x7	10.339850
1100001	020203	7	7x7	9.047369
0000110	000212	7	7x7	10.339850
1000010	002120	7	7x7	11.632331
1001000	000221	7	7x7	9.047369
0111001	002021	7	7x7	9.047369
1011000	020300	7	7x7	10.339850
0100101	020211	7	7x7	10.339850
1001111	000220	7	7x7	9.047369
1001100	031121	7	7x7	12.924813
1110100	031311	7	7x7	9.047369
1111001	000033	7	7x7	7.754888
1101000	020331	7	7x7	11.632331
0110110	021202	7	7x7	11.632331
0011100	000000	7	7x7	2.584963
1000010	021212	7	7x7	9.047369
0000010	031121	7	7x7	12.924813
0100110	002211	7	7x7	10.339850
0110010	031313	7	7x7	9.047369
1100101	000221	7	7x7	9.047369
0011100	031300	7	7x7	11.632331
0100101	021202	7	7x7	11.632331
1111110	031121	7	7x7	12.924813
1011010	003033	7	7x7	7.754888
0111101	003033	7	7x7	7.754888
1101100	033020	7	7x7	11.632331
1001000	000021	7	7x7	9.047369
0111110	003312	7	7x7	11.632331
1111100	002112	7	7x7	11.632331
0001010	030221	7	7x7	11.632331
1110110	000222	7	7x7	7.754888
0011100	033112	7	7x7	10.339850
0001101	003030	7	7x7	7.754888
0100011	003312	7	7x7	11.632331
1001111	021113	7	7x7	10.339850
1000011	022202	7	7x7	10.339850
1010110	000211	7	7x7	10.339850
0110110	031121	7	7x7	12.924813
0111111	030021	7	7x7	12.924813
1100111	000031	7	7x7	9.047369
1100011	002222	7	7x7	7.754888
0010100	030221	7	7x7	11.632331
1010110	033121	7	7x7	11.632331
1000110	003031	7	7x7	9.047369
0010010	002033	7	7x7	10.339850
1011110	000222	7	7x7	7.754888
0001010	033331	7	7x7	7.754888
1100001	030311	7	7x7	10.339850
0001110	030022	7	7x7	11.632331
1100010	000021	7	7x7	9.047369
0101010	002111	7	7x7	10.339850
1010111	033020	7	7x7	11.632331
0110001	030203	7	7x7	11.632331
0110100	031303	7	7x7	11.632331
1001001	020212	7	7x7	10.339850
1101001	033131	7	7x7	10.339850
0101110	022111	7	7x7	9.047369
0111011	022212	7	7x7	10.339850
0011100	021212	7	7x7	9.047369
1111010	022113	7	7x7	10.339850
1111101	003302	7	7x7	11.632331
1111011	003302	7	7x7	11.632331
1111000	020303	7	7x7	10.339850
1111110	020303	7	7x7	10.339850
0011010	000200	7	7x7	7.754888
1001000	033130	7	7x7	11.632331
1111101	003300	7	7x7	10.339850
0010011	002000	7	7x7	7.754888
0000110	000222	7	7x7	7.754888
0010110	020211	7	7x7	10.339850
0010110	000031	7	7x7	9.047369
1010110	030203	7	7x7	11.632331
1101010	033121	7	7x7	11.632331
1101010	031113	7	7x7	10.339850
1001100	000303	7	7x7	9.047369
0011010	033003	7	7x7	10.339850
0000111	003130	7	7x7	11.632331
0111101	002030	7	7x7	10.339850
0100010	000002	7	7x7	6.462406
0000110	003022	7	7x7	10.339850
0000100	031130	7	7x7	12.924813
0011111	000033	7	7x7	7.754888
1001000	031112	7	7x7	10.339850
1101111	002030	7	7x7	10.339850
1000010	002200	7	7x7	10.339850
0110100	002122	7	7x7	10.339850
1000110	030220	7	7x7	11.632331
1111000	021113	7	7x7	10.339850
0001011	030031	7	7x7	11.632331
1000100	021133	7	7x7	11.632331
1110010	003313	7	7x7	11.632331
0000011	020002	7	7x7	10.339850
1010100	002111	7	7x7	10.339850
0000001	022113	7	7x7	10.339850
0100110	002111	7	7x7	10.339850
0110100	031312	7	7x7	10.339850
0100110	030311	7	7x7	10.339850
1110000	003130	7	7x7	11.632331
0010011	033130	7	7x7	11.632331
1110000	003133	7	7x7	10.339850
1100101	033312	7	7x7	10.339850
1101011	002021	7	7x7	9.047369
1101100	003113	7	7x7	11.632331
0011101	000331	7	7x7	9.047369
0011001	033331	7	7x7	7.754888
0000010	021120	7	7x7	12.924813
0001011	021211	7	7x7	9.047369
1010000	033121	7	7x7	11.632331
0110101	031313	7	7x7	9.047369
1110001	002111	7	7x7	10.339850
1000111	003131	7	7x7	10.339850
1000110	002220	7	7x7	9.047369
1100010	003130	7	7x7	11.632331
0001001	030220	7	7x7	11.632331
1111010	000021	7	7x7	9.047369
0000111	002030	7	7x7	10.339850
1101001	031121	7	7x7	12.924813
1111011	033113	7	7x7	10.339850
0101100	022000	7	7x7	9.047369
1001000	020020	7	7x7	10.339850
1001011	020302	7	7x7	11.632331
1111010	003113	7	7x7	11.632331
0011000	031121	7	7x7	12.924813
1111101	020212	7	7x7	10.339850
0001010	020302	7	7x7	11.632331
0011101	030202	7	7x7	10.339850
0110000	020302	7	7x7	11.632331
1111110	031112	7	7x7	10.339850
0100100	021213	7	7x7	10.339850
1111110	033300	7	7x7	9.047369
0111011	022212	7	7x7	10.339850
1101001	033111	7	7x7	9.047369
1100100	002121	7	7x7	10.339850
1101010	022211	7	7x7	9.047369
0010110	031300	7	7x7	11.632331
1101010	000211	7	7x7	10.339850
1101110	021111	7	7x7	9.047369
0110011	003133	7	7x7	10.339850
0000000	002033	7	7x7	10.339850
1011010	021221	7	7x7	11.632331
0010110	033020	7	7x7	11.632331
0001110	000211	7	7x7	10.339850
1001100	031113	7	7x7	10.339850
1111100	033033	7	7x7	9.047369
1111010	002120	7	7x7	11.632331
1100100	003111	7	7x7	10.339850
0000000	021211	7	7x7	9.047369
1110011	021131	7	7x7	12.924813
1100000	031130	7	7x7	12.924813
0111011	002121	7	7x7	10.339850
0010110	002112	7	7x7	11.632331
1110100	000002	7	7x7	6.462406
1010110	021212	7	7x7	9.047369
1100001	031113	7	7x7	10.339850
0011100	033121	7	7x7	11.632331
0011001	022002	7	7x7	10.339850
1011001	021202	7	7x7	11.632331
0111010	030022	7	7x7	11.632331
1011010	002000	7	7x7	7.754888
0001110	002203	7	7x7	11.632331
1000011	020330	7	7x7	11.632331
1100000	021131	7	7x7	12.924813
0100101	021122	7	7x7	11.632331
0111011	031313	7	7x7	9.047369
1101011	000033	7	7x7	7.754888
1011110	031112	7	7x7	10.339850
1011001	030200	7	7x7	10.339850
1001000	000330	7	7x7	9.047369
0110111	021222	7	7x7	10.339850
1000100	031330	7	7x7	11.632331
0100001	033030	7	7x7	10.339850
0010010	031111	7	7x7	9.047369
1111101	020331	7	7x7	11.632331
1010101	030313	7	7x7	10.339850
1110010	002033	7	7x7	10.339850
1101011	020202	7	7x7	7.754888
0100111	003111	7	7x7	10.339850
0010001	021133	7	7x7	11.632331
1001111	021211	7	7x7	9.047369
0000000	002213	7	7x7	11.632331
0100100	021200	7	7x7	11.632331
1100101	000313	7	7x7	10.339850
0111100	020212	7	7x7	10.339850
0010101	021131	7	7x7	12.924813
0011110	022212	7	7x7	10.339850
1111000	021131	7	7x7	12.924813
1100011	033112	7	7x7	10.339850
0001001	033302	7	7x7	10.339850
0010101	031303	7	7x7	11.632331
0001111	003131	7	7x7	10.339850
0010111	020211	7	7x7	10.339850
0000110	033121	7	7x7	11.632331
1100000	022000	7	7x7	9.047369
0001110	003311	7	7x7	10.339850
1111110	021133	7	7x7	11.632331
1011100	033131	7	7x7	10.339850
0001001	022213	7	7x7	10.339850
1110101	030221	7	7x7	11.632331
0000110	021202	7	7x7	11.632331
1000001	003303	7	7x7	10.339850
0011000	000212	7	7x7	10.339850
0010010	033133	7	7x7	9.047369
0000011	000030	7	7x7	9.047369
0100111	022213	7	7x7	10.339850
1001010	000331	7	7x7	9.047369
1111111	002112	7	7x7	11.632331
0111010	030022	7	7x7	11.632331
1001001	002033	7	7x7	10.339850
1001001	033312	7	7x7	10.339850
0001111	030203	7	7x7	11.632331
0100000	021113	7	7x7	10.339850
1000010	020200	7	7x7	7.754888
0010111	031121	7	7x7	12.924813
0001000	033121	7	7x7	11.632331
0001111	000221	7	7x7	9.047369
0001100	000212	7	7x7	10.339850
0001011	003130	7	7x7	11.632331
0000100	022111	7	7x7	9.047369
0011011	030221	7	7x7	11.632331
1011100	031130	7	7x7	12.924813
1011110	030333	7	7x7	9.047369
1111000	022131	7	7x7	11.632331
1101110	022122	7	7x7	9.047369
0111000	022003	7	7x7	10.339850
1001001	030000	7	7x7	9.047369
0110001	031133	7	7x7	11.632331
0010010	021120	7	7x7	12.924813
1100111	022021	7	7x7	11.632331
1110100	021200	7	7x7	11.632331
1010110	021211	7	7x7	9.047369
0001011	021222	7	7x7	10.339850
1011110	030222	7	7x7	10.339850
0010011	022213	7	7x7	10.339850
1001001	002030	7	7x7	10.339850
0010011	033121	7	7x7	11.632331
0000101	002111	7	7x7	10.339850
1000111	020003	7	7x7	10.339850
1111001	021222	7	7x7	10.339850
1011011	030200	7	7x7	10.339850
1111010	022221	7	7x7	7.754888
1000000	031131	7	7x7	11.632331
0110111	002211	7	7x7	10.339850
1111101	033311	7	7x7	9.047369
0000001	002120	7	7x7	11.632331
0110100	021220	7	7x7	11.632331
0110101	031330	7	7x7	11.632331
0110010	021111	7	7x7	9.047369
1100101	000003	7	7x7	6.462406
0101100	022131	7	7x7	11.632331
1000111	030031	7	7x7	11.632331
0111001	003022	7	7x7	10.339850
1100101	030221	7	7x7	11.632331
0011111	003300	7	7x7	10.339850
1100010	033113	7	7x7	10.339850
1010101	003313	7	7x7	11.632331
0110111	022131	7	7x7	11.632331
0111000	031333	7	7x7	10.339850
0010101	000212	7	7x7	10.339850
1001110	020212	7	7x7	10.339850
0101001	033331	7	7x7	7.754888
1000001	031313	7	7x7	9.047369
0000001	031130	7	7x7	12.924813
0101000	002111	7	7x7	10.339850
0100100	031312	7	7x7	10.339850
1111100	000311	7	7x7	10.339850
0110001	022033	7	7x7	11.632331
0100110	030020	7	7x7	12.924813
1110110	033312	7	7x7	10.339850
1101111	020031	7	7x7	12.924813
0011001	020221	7	7x7	10.339850
1011011	021220	7	7x7	11.632331
0101000	031303	7	7x7	11.632331
0100010	030221	7	7x7	11.632331
1100110	003003	7	7x7	9.047369
0001010	002122	7	7x7	10.339850
0101001	020033	7	7x7	11.632331
0111101	000003	7	7x7	6.462406
1101101	020303	7	7x7	10.339850
0100010	022202	7	7x7	10.339850
1100100	020302	7	7x7	11.632331
0101100	002120	7	7x7	11.632331
1000011	003031	7	7x7	9.047369
0110111	022113	7	7x7	10.339850
1111100	003111	7	7x7	10.339850
1100001	002221	7	7x7	9.047369
1000110	000020	7	7x7	9.047369
1110000	030302	7	7x7	9.047369
0000101	022220	7	7x7	7.754888
0001011	031112	7	7x7	10.339850
0001110	021211	7	7x7	9.047369
1111011	031121	7	7x7	12.924813
0010100	022022	7	7x7	9.047369
1010000	002000	7	7x7	7.754888
0000000	020303	7	7x7	10.339850
0110101	031311	7	7x7	9.047369
0001001	030031	7	7x7	11.632331
1000110	020211	7	7x7	10.339850
1001010	020221	7	7x7	10.339850
1011111	003133	7	7x7	10.339850
1000111	030333	7	7x7	9.047369
1001110	021113	7	7x7	10.339850
0100011	002122	7	7x7	10.339850
0011101	033112	7	7x7	10.339850
1001101	022000	7	7x7	9.047369
1110010	002221	7	7x7	9.047369
0001011	022131	7	7x7	11.632331
0001110	021131	7	7x7	12.924813
0010100	021120	7	7x7	12.924813
1010110	002221	7	7x7	9.047369
1010001	033121	7	7x7	11.632331
0000110	020020	7	7x7	10.339850
1100111	030302	7	7x7	9.047369
0110111	020022	7	7x7	10.339850
0110000	002020	7	7x7	7.754888
0011000	022121	7	7x7	10.339850
1011110	031113	7	7x7	10.339850
1100011	002213	7	7x7	11.632331
1100001	021122	7	7x7	11.632331
1100111	000031	7	7x7	9.047369
0111111	003113	7	7x7	11.632331
1011001	021220	7	7x7	11.632331
0000111	002030	7	7x7	10.339850
1101001	022212	7	7x7	10.339850
1001010	000311	7	7x7	10.339850
1101000	003033	7	7x7	7.754888
1000101	000331	7	7x7	9.047369
1101111	031122	7	7x7	11.632331
0110100	033113	7	7x7	10.339850
1101000	033121	7	7x7	11.632331
0011101	000313	7	7x7	10.339850
0010111	030302	7	7x7	9.047369
0101000	021212	7	7x7	9.047369
0110100	031311	7	7x7	9.047369
0111000	000221	7	7x7	9.047369
0100010	002020	7	7x7	7.754888
0011111	033112	7	7x7	10.339850
1110100	031111	7	7x7	9.047369
1111001	022033	7	7x7	11.632331
1010100	031113	7	7x7	10.339850
1100110	030203	7	7x7	11.632331
1010001	033121	7	7x7	11.632331
0000100	031312	7	7x7	10.339850
0100111	021121	7	7x7	11.632331
1101110	020333	7	7x7	10.339850
1001101	000203	7	7x7	10.339850
1001100	031112	7	7x7	10.339850
0001011	000331	7	7x7	9.047369
0110101	033002	7	7x7	10.339850
1001100	002211	7	7x7	10.339850
0000111	003020	7	7x7	10.339850
1001100	003002	7	7x7	9.047369
0011100	003003	7	7x7	9.047369
0111001	002112	7	7x7	11.632331
0011111	022022	7	7x7	9.047369
1001100	030200	7	7x7	10.339850
1010011	020331	7	7x7	11.632331
1010100	000333	7	7x7	7.754888
1100100	031130	7	7x7	12.924813
0000000	002211	7	7x7	10.339850
1110010	031313	7	7x7	9.047369
0110100	000003	7	7x7	6.462406
1100000	000313	7	7x7	10.339850
0001011	022221	7	7x7	7.754888
0111011	021200	7	7x7	11.632331
0010100	021220	7	7x7	11.632331
0001000	003130	7	7x7	11.632331
1010010	031121	7	7x7	12.924813
1000000	031312	7	7x7	10.339850
1011010	033333	7	7x7	6.462406
0111001	003113	7	7x7	11.632331
1110100	003111	7	7x7	10.339850
1101000	031133	7	7x7	11.632331
0100100	020221	7	7x7	10.339850
1100000	000030	7	7x7	9.047369
0111001	031113	7	7x7	10.339850
1001000	031130	7	7x7	12.924813
0111010	000021	7	7x7	9.047369
0101000	031113	7	7x7	10.339850
0011000	031312	7	7x7	10.339850
0100100	020021	7	7x7	11.632331
1000111	002200	7	7x7	10.339850
0110010	031133	7	7x7	11.632331
0111100	031300	7	7x7	11.632331
0011010	022113	7	7x7	10.339850
1010010	020333	7	7x7	10.339850
0110110	030220	7	7x7	11.632331
1011000	003131	7	7x7	10.339850
0011100	031303	7	7x7	11.632331
1011001	003131	7	7x7	10.339850
0011101	000302	7	7x7	10.339850
0010001	022113	7	7x7	10.339850
1010000	030200	7	7x7	10.339850
1100000	021202	7	7x7	11.632331
1111010	021211	7	7x7	9.047369
0111100	002033	7	7x7	10.339850
0001100	022212	7	7x7	10.339850
0001010	030203	7	7x7	11.632331
1010011	022131	7	7x7	11.632331
0101111	030203	7	7x7	11.632331
1001010	000311	7	7x7	10.339850
1101000	003020	7	7x7	10.339850
0001111	020202	7	7x7	7.754888
1110111	033302	7	7x7	10.339850
0101100	003030	7	7x7	7.754888
0000101	020021	7	7x7	11.632331
0001100	020020	7	7x7	10.339850
1100000	022212	7	7x7	10.339850
1010100	020003	7	7x7	10.339850
1011110	022221	7	7x7	7.754888
0101000	000030	7	7x7	9.047369
1101000	002203	7	7x7	11.632331
0010000	002221	7	7x7	9.047369
1001100	030033	7	7x7	10.339850
1111001	021202	7	7x7	11.632331
1110000	022111	7	7x7	9.047369
1011110	021213	7	7x7	10.339850
0111000	020031	7	7x7	12.924813
1000001	020031	7	7x7	12.924813
0110111	033020	7	7x7	11.632331
0110111	021122	7	7x7	11.632331
0001100	021212	7	7x7	9.047369
1111000	022121	7	7x7	10.339850
0111000	033331	7	7x7	7.754888
1010101	000221	7	7x7	9.047369
1110000	002111	7	7x7	10.339850
1111010	022003	7	7x7	10.339850
1111111	031133	7	7x7	11.632331
0000010	000021	7	7x7	9.047369
1101000	022213	7	7x7	10.339850
1000011	030203	7	7x7	11.632331
0111111	021120	7	7x7	12.924813
1010010	003111	7	7x7	10.339850
0011000	020333	7	7x7	10.339850
1001001	033302	7	7x7	10.339850
1110001	033131	7	7x7	10.339850
1100100	021133	7	7x7	11.632331
0100101	022122	7	7x7	9.047369
1010110	002030	7	7x7	10.339850
0111110	003111	7	7x7	10.339850
0100010	000000	7	7x7	2.584963
1101111	003113	7	7x7	11.632331
0010111	000212	7	7x7	10.339850
0101111	002033	7	7x7	10.339850
0111111	021121	7	7x7	11.632331
1000000	021111	7	7x7	9.047369
0111010	002120	7	7x7	11.632331
1100101	033033	7	7x7	9.047369
0100101	031300	7	7x7	11.632331
0111011	002112	7	7x7	11.632331
0111101	033331	7	7x7	7.754888
0110100	022111	7	7x7	9.047369
1000111	021133	7	7x7	11.632331
0111011	003033	7	7x7	7.754888
1001110	031121	7	7x7	12.924813
0010100	003111	7	7x7	10.339850
1100100	030200	7	7x7	10.339850
0010111	002111	7	7x7	10.339850
1100010	002121	7	7x7	10.339850
1100111	003302	7	7x7	11.632331
0100100	031313	7	7x7	9.047369
1110011	030022	7	7x7	11.632331
1010001	003131	7	7x7	10.339850
0101100	002111	7	7x7	10.339850
1101010	022222	7	7x7	6.462406
0100001	033000	7	7x7	9.047369
1010011	002212	7	7x7	11.632331
0001000	022203	7	7x7	10.339850
1110010	000211	7	7x7	10.339850
1101011	022131	7	7x7	11.632331
0010110	021202	7	7x7	11.632331
1101001	022131	7	7x7	11.632331
0110010	003312	7	7x7	11.632331
1000010	003133	7	7x7	10.339850
1100000	033312	7	7x7	10.339850
0100111	020212	7	7x7	10.339850
0111111	002120	7	7x7	11.632331
0100001	002121	7	7x7	10.339850
0011100	022131	7	7x7	11.632331
0101010	031121	7	7x7	12.924813
1001000	000000	7	7x7	2.584963
1101100	030311	7	7x7	10.339850
0100101	020212	7	7x7	10.339850
0100011	031300	7	7x7	11.632331
1101000	021202	7	7x7	11.632331
0110100	020331	7	7x7	11.632331
1010111	000313	7	7x7	10.339850
0100010	022203	7	7x7	10.339850
1111100	002211	7	7x7	10.339850
1111000	020212	7	7x7	10.339850
0001101	002020	7	7x7	7.754888
1011110	031130	7	7x7	12.924813
1101001	021213	7	7x7	10.339850
1010101	000212	7	7x7	10.339850
0110000	022211	7	7x7	9.047369
0100010	033121	7	7x7	11.632331
0010001	031331	7	7x7	11.632331
1101111	033302	7	7x7	10.339850
0001101	021131	7	7x7	12.924813
0111001	002112	7	7x7	11.632331
1111001	002121	7	7x7	10.339850
0101001	000211	7	7x7	10.339850
1110111	002033	7	7x7	10.339850
1111011	022030	7	7x7	11.632331
1101000	000300	7	7x7	7.754888
0101000	022212	7	7x7	10.339850
1101011	030031	7	7x7	11.632331
0100010	033022	7	7x7	11.632331
1010110	003133	7	7x7	10.339850
0001101	030002	7	7x7	10.339850
1001001	030200	7	7x7	10.339850
1011001	033121	7	7x7	11.632331
1100111	031121	7	7x7	12.924813
0110100	002033	7	7x7	10.339850
1000100	030222	7	7x7	10.339850
0101010	030221	7	7x7	11.632331
0010000	002021	7	7x7	9.047369
0011100	000311	7	7x7	10.339850
0000000	020033	7	7x7	11.632331
1110101	030221	7	7x7	11.632331
0110010	020333	7	7x7	10.339850
1011101	030033	7	7x7	10.339850
0011001	031111	7	7x7	9.047369
0110001	000033	7	7x7	7.754888
0000010	002200	7	7x7	10.339850
1111110	002203	7	7x7	11.632331
1100001	000302	7	7x7	10.339850
1111001	033131	7	7x7	10.339850
0010010	022131	7	7x7	11.632331
1110100	021133	7	7x7	11.632331
0010001	021220	7	7x7	11.632331
0100000	022213	7	7x7	10.339850
0111001	031311	7	7x7	9.047369
1101011	000021	7	7x7	9.047369
0010010	031122	7	7x7	11.632331
0111100	020000	7	7x7	9.047369
1010010	022131	7	7x7	11.632331
0001001	031331	7	7x7	11.632331
1111001	022030	7	7x7	11.632331
0010010	000003	7	7x7	6.462406
0100011	020211	7	7x7	10.339850
1001010	000303	7	7x7	9.047369
0000000	021112	7	7x7	10.339850
1101111	033330	7	7x7	7.754888
0001011	003313	7	7x7	11.632331
0001110	030200	7	7x7	10.339850
1111110	021131	7	7x7	12.924813
0110011	000302	7	7x7	10.339850
0100001	031300	7	7x7	11.632331
0101111	030302	7	7x7	9.047369
1101011	003131	7	7x7	10.339850
1111010	000211	7	7x7	10.339850
1110111	003330	7	7x7	9.047369
0101111	000300	7	7x7	7.754888
1000001	031313	7	7x7	9.047369
1011111	003133	7	7x7	10.339850
0001011	031331	7	7x7	11.632331
1111001	003020	7	7x7	10.339850
1010010	002021	7	7x7	9.047369
0101011	003331	7	7x7	9.047369
0100001	022212	7	7x7	10.339850
0100010	033022	7	7x7	11.632331
0011000	031303	7	7x7	11.632331
1000111	021133	7	7x7	11.632331
0101000	003133	7	7x7	10.339850
1101001	021122	7	7x7	11.632331
0101010	003330	7	7x7	9.047369
0011000	030203	7	7x7	11.632331
0100001	022030	7	7x7	11.632331
1111010	002030	7	7x7	10.339850
0110101	022021	7	7x7	11.632331
0110100	021202	7	7x7	11.632331
0010010	020021	7	7x7	11.632331
0101001	033133	7	7x7	9.047369
0100011	020331	7	7x7	11.632331
0100010	030203	7	7x7	11.632331
1110100	000302	7	7x7	10.339850
0100011	003313	7	7x7	11.632331
0011000	000021	7	7x7	9.047369
0101100	031303	7	7x7	11.632331
1010101	021200	7	7x7	11.632331
1100000	022120	7	7x7	11.632331
0010001	030020	7	7x7	12.924813
0110001	000030	7	7x7	9.047369
1010011	003313	7	7x7	11.632331
0101100	002121	7	7x7	10.339850
0110101	000211	7	7x7	10.339850
0110001	000313	7	7x7	10.339850
0011011	030031	7	7x7	11.632331
1001111	002222	7	7x7	7.754888
1100100	030203	7	7x7	11.632331
1101010	021211	7	7x7	9.047369
1011101	022131	7	7x7	11.632331
1010010	003113	7	7x7	11.632331
1001110	002111	7	7x7	10.339850
1011101	020333	7	7x7	10.339850
1101001	021112	7	7x7	10.339850
1001001	000021	7	7x7	9.047369
1000011	031333	7	7x7	10.339850
1100101	000212	7	7x7	10.339850
1111010	022211	7	7x7	9.047369
0110100	003113	7	7x7	11.632331
1100010	003133	7	7x7	10.339850
1000101	031311	7	7x7	9.047369
0001100	020202	7	7x7	7.754888
1101001	020300	7	7x7	10.339850
1000101	003130	7	7x7	11.632331
1000000	000311	7	7x7	10.339850
1100000	031333	7	7x7	10.339850
1110110	002000	7	7x7	7.754888
1110010	033111	7	7x7	9.047369
1111111	000220	7	7x7	9.047369
0110101	022131	7	7x7	11.632331
0001010	030220	7	7x7	11.632331
1101111	022211	7	7x7	9.047369
1101010	021121	7	7x7	11.632331
1011010	003133	7	7x7	10.339850
0110100	030221	7	7x7	11.632331
1111010	000003	7	7x7	6.462406
1100011	030203	7	7x7	11.632331
0011100	031121	7	7x7	12.924813
0111011	002021	7	7x7	9.047369
1010100	031330	7	7x7	11.632331
1101010	021111	7	7x7	9.047369
1000001	003111	7	7x7	10.339850
0110010	031112	7	7x7	10.339850
1000101	002211	7	7x7	10.339850
1101111	000330	7	7x7	9.047369
0010000	021200	7	7x7	11.632331
1110001	030031	7	7x7	11.632331
0001101	002002	7	7x7	9.047369
1111010	031300	7	7x7	11.632331
0101011	003313	7	7x7	11.632331
1011100	031300	7	7x7	11.632331
1000101	000021	7	7x7	9.047369
1110110	000330	7	7x7	9.047369
0001111	000033	7	7x7	7.754888
0001110	020020	7	7x7	10.339850
1100100	002220	7	7x7	9.047369
0101111	020203	7	7x7	9.047369
0110101	033312	7	7x7	10.339850
0010101	022121	7	7x7	10.339850
0011000	021200	7	7x7	11.632331
0100011	022122	7	7x7	9.047369
0111000	031331	7	7x7	11.632331
1011011	033131	7	7x7	10.339850
0101101	021221	7	7x7	11.632331
0010010	021113	7	7x7	10.339850
0100111	030022	7	7x7	11.632331
0111001	030222	7	7x7	10.339850
0001100	030311	7	7x7	10.339850
1110010	003131	7	7x7	10.339850
0101011	030302	7	7x7	9.047369
1111011	031300	7	7x7	11.632331
0001000	002003	7	7x7	9.047369
1010100	022221	7	7x7	7.754888
0010011	003312	7	7x7	11.632331
1010101	031130	7	7x7	12.924813
1110011	033130	7	7x7	11.632331
1000111	020302	7	7x7	11.632331
1011110	022033	7	7x7	11.632331
0111000	031333	7	7x7	10.339850
1000000	003131	7	7x7	10.339850
1011000	000221	7	7x7	9.047369
0101110	000333	7	7x7	7.754888
0000111	022021	7	7x7	11.632331
1000011	003111	7	7x7	10.339850
1111000	033031	7	7x7	11.632331
1011011	021202	7	7x7	11.632331
1111101	002021	7	7x7	9.047369
0001000	030221	7	7x7	11.632331
1100101	033331	7	7x7	7.754888
1010110	002121	7	7x7	10.339850
0111110	031330	7	7x7	11.632331
0010010	000202	7	7x7	9.047369
0011000	003111	7	7x7	10.339850
1101111	022131	7	7x7	11.632331
0111011	000313	7	7x7	10.339850
1010111	031303	7	7x7	11.632331
0101001	031122	7	7x7	11.632331
1100011	030200	7	7x7	10.339850
1010001	020331	7	7x7	11.632331
0010101	003302	7	7x7	11.632331
1100111	003313	7	7x7	11.632331
1010101	002021	7	7x7	9.047369
1001010	021222	7	7x7	10.339850
1111011	031121	7	7x7	12.924813
1100110	033112	7	7x7	10.339850
0101001	002112	7	7x7	11.632331
1111011	030203	7	7x7	11.632331
0000101	022211	7	7x7	9.047369
0110000	002120	7	7x7	11.632331
1001110	030333	7	7x7	9.047369
1100111	031303	7	7x7	11.632331
1110101	020300	7	7x7	10.339850
1111010	021200	7	7x7	11.632331
1101000	020302	7	7x7	11.632331
0110001	003111	7	7x7	10.339850
0011110	003113	7	7x7	11.632331
0011010	031121	7	7x7	12.924813
1101010	000300	7	7x7	7.754888
1111110	030203	7	7x7	11.632331
0011100	030022	7	7x7	11.632331
0000111	033331	7	7x7	7.754888
0001101	022131	7	7x7	11.632331
1101010	000331	7	7x7	9.047369
1100000	031112	7	7x7	10.339850
1000110	022121	7	7x7	10.339850
0011100	022131	7	7x7	11.632331
0011111	030331	7	7x7	10.339850
1110001	002112	7	7x7	11.632331
0110101	002111	7	7x7	10.339850
1101111	021112	7	7x7	10.339850
0000110	031300	7	7x7	11.632331
0010001	021200	7	7x7	11.632331
0111011	002211	7	7x7	10.339850
1000100	003130	7	7x7	11.632331
0010001	003311	7	7x7	10.339850
1000100	002112	7	7x7	11.632331
1101001	030221	7	7x7	11.632331
1010001	021133	7	7x7	11.632331
0100010	020002	7	7x7	10.339850
0011101	031303	7	7x7	11.632331
0110011	022211	7	7x7	9.047369
1011011	021131	7	7x7	12.924813
1010001	021131	7	7x7	12.924813
1100100	033000	7	7x7	9.047369
1001001	003302	7	7x7	11.632331
1010010	003113	7	7x7	11.632331
0100010	000211	7	7x7	10.339850
0101010	020303	7	7x7	10.339850
1100111	020000	7	7x7	9.047369
0011000	031130	7	7x7	12.924813
0010101	020033	7	7x7	11.632331
0001101	002000	7	7x7	7.754888
0001000	030222	7	7x7	10.339850
1101011	031303	7	7x7	11.632331
1101001	020200	7	7x7	7.754888
0001101	031331	7	7x7	11.632331
0000100	033031	7	7x7	11.632331
1011001	021112	7	7x7	10.339850
0001100	000313	7	7x7	10.339850
1101010	033330	7	7x7	7.754888
1011100	021131	7	7x7	12.924813
0000011	020220	7	7x7	10.339850
0001110	002121	7	7x7	10.339850
0000110	030022	7	7x7	11.632331
0111110	003113	7	7x7	11.632331
1010100	021111	7	7x7	9.047369
1110111	031312	7	7x7	10.339850
1101110	033303	7	7x7	10.339850
0000010	031303	7	7x7	11.632331
0100110	021131	7	7x7	12.924813
1101111	033331	7	7x7	7.754888
1011011	022111	7	7x7	9.047369
0110010	022211	7	7x7	9.047369
0100111	003000	7	7x7	7.754888
0010100	031333	7	7x7	10.339850
1101100	000220	7	7x7	9.047369
1000101	030203	7	7x7	11.632331
0100010	021120	7	7x7	12.924813
1100110	021200	7	7x7	11.632331
1001001	030200	7	7x7	10.339850
0101000	033033	7	7x7	9.047369
0001001	031311	7	7x7	9.047369
0101000	000313	7	7x7	10.339850
0100101	030030	7	7x7	10.339850
0011010	021131	7	7x7	12.924813
0011111	003020	7	7x7	10.339850
0101000	030202	7	7x7	10.339850
1101111	000212	7	7x7	10.339850
1101101	003130	7	7x7	11.632331
0001001	030313	7	7x7	10.339850
0011000	031112	7	7x7	10.339850
0111000	033312	7	7x7	10.339850
0100100	033302	7	7x7	10.339850
1100110	021112	7	7x7	10.339850
1111110	002002	7	7x7	9.047369
0110101	002221	7	7x7	9.047369
0101111	020031	7	7x7	12.924813
1011011	031313	7	7x7	9.047369
0010100	003002	7	7x7	9.047369
0001011	000212	7	7x7	10.339850
0110010	021211	7	7x7	9.047369
0111011	022121	7	7x7	10.339850
0001011	003300	7	7x7	10.339850
1001001	002022	7	7x7	7.754888
1001110	000311	7	7x7	10.339850
0001011	022213	7	7x7	10.339850
1110010	020333	7	7x7	10.339850
0000111	020212	7	7x7	10.339850
0011000	022131	7	7x7	11.632331
0001011	002211	7	7x7	10.339850
0011101	030302	7	7x7	9.047369
1110101	000211	7	7x7	10.339850
1100110	033312	7	7x7	10.339850
0100000	030331	7	7x7	10.339850
0010010	031312	7	7x7	10.339850
0011000	003131	7	7x7	10.339850
1100100	000211	7	7x7	10.339850
1011010	021122	7	7x7	11.632331
1000111	021111	7	7x7	9.047369
0100000	003031	7	7x7	9.047369
1001101	002112	7	7x7	11.632331
1110010	022122	7	7x7	9.047369
1000010	000311	7	7x7	10.339850
1011011	031330	7	7x7	11.632331
1001000	030222	7	7x7	10.339850
0100111	021120	7	7x7	12.924813
0000000	020003	7	7x7	10.339850
0001100	030200	7	7x7	10.339850
1010000	022122	7	7x7	9.047369
0010011	033133	7	7x7	9.047369
1100011	002111	7	7x7	10.339850
0001101	033000	7	7x7	9.047369
0011010	022030	7	7x7	11.632331
1010000	000000	7	7x7	2.584963
1001001	031130	7	7x7	12.924813
0110001	021211	7	7x7	9.047369
0000011	031133	7	7x7	11.632331
0100110	033003	7	7x7	10.339850
0000110	030203	7	7x7	11.632331
0111111	021111	7	7x7	9.047369
0000010	031330	7	7x7	11.632331
0100010	022020	7	7x7	10.339850
0100011	030311	7	7x7	10.339850
1001100	031331	7	7x7	11.632331
1111111	002120	7	7x7	11.632331
1111111	031121	7	7x7	12.924813
0010000	021200	7	7x7	11.632331
0001000	021113	7	7x7	10.339850
1010011	030022	7	7x7	11.632331
1111111	020330	7	7x7	11.632331
0001000	021212	7	7x7	9.047369
1101010	022221	7	7x7	7.754888
0011110	022131	7	7x7	11.632331
1011000	033112	7	7x7	10.339850
1010001	033111	7	7x7	9.047369
1110100	033331	7	7x7	7.754888
1110111	000033	7	7x7	7.754888
0011001	022113	7	7x7	10.339850
0101011	021221	7	7x7	11.632331
0100100	021202	7	7x7	11.632331
1010011	031300	7	7x7	11.632331
0011000	030200	7	7x7	10.339850
1101000	020000	7	7x7	9.047369
1000110	033302	7	7x7	10.339850
0011000	030331	7	7x7	10.339850
1100111	002112	7	7x7	11.632331
1011101	031330	7	7x7	11.632331
0110001	021131	7	7x7	12.924813
1101011	022222	7	7x7	6.462406
0111000	031112	7	7x7	10.339850
0011111	031303	7	7x7	11.632331
1001011	000311	7	7x7	10.339850
1100001	021113	7	7x7	10.339850
1010001	020331	7	7x7	11.632331
1100100	000211	7	7x7	10.339850
1010101	021113	7	7x7	10.339850
1000101	000003	7	7x7	6.462406
0101100	030021	7	7x7	12.924813
0111101	031331	7	7x7	11.632331
0000010	003020	7	7x7	10.339850
1100000	030021	7	7x7	12.924813
0101001	002121	7	7x7	10.339850
0010110	003000	7	7x7	7.754888
1000101	030220	7	7x7	11.632331
0111110	031111	7	7x7	9.047369
0010101	031300	7	7x7	11.632331
0011001	021122	7	7x7	11.632331
0011010	020000	7	7x7	9.047369
0001101	030222	7	7x7	10.339850
0011011	031112	7	7x7	10.339850
1111101	003022	7	7x7	10.339850
1110100	002202	7	7x7	10.339850
1110011	020203	7	7x7	9.047369
0111111	033031	7	7x7	11.632331
0111101	003002	7	7x7	9.047369
1110000	033331	7	7x7	7.754888
0101000	003113	7	7x7	11.632331
0010001	020200	7	7x7	7.754888
0010101	021133	7	7x7	11.632331
0010011	000203	7	7x7	10.339850
0101101	003031	7	7x7	9.047369
1001010	031121	7	7x7	12.924813
0110001	003312	7	7x7	11.632331
0011100	021202	7	7x7	11.632331
1010100	002020	7	7x7	7.754888
1100100	021113	7	7x7	10.339850
0110100	030302	7	7x7	9.047369
0011011	033331	7	7x7	7.754888
0100111	000203	7	7x7	10.339850
1000111	030200	7	7x7	10.339850
0000011	030311	7	7x7	10.339850
0010110	003111	7	7x7	10.339850
0011110	020303	7	7x7	10.339850
1011000	033300	7	7x7	9.047369
1101111	033303	7	7x7	10.339850
0010011	020331	7	7x7	11.632331
1011110	031112	7	7x7	10.339850
0010110	003133	7	7x7	10.339850
1100011	000331	7	7x7	9.047369
0101011	002221	7	7x7	9.047369
1001000	021133	7	7x7	11.632331
0110100	033130	7	7x7	11.632331
1010111	031112	7	7x7	10.339850
1100100	033331	7	7x7	7.754888
1100110	030021	7	7x7	12.924813
0111110	002111	7	7x7	10.339850
1000111	003311	7	7x7	10.339850
0000000	022002	7	7x7	10.339850
0000010	030030	7	7x7	10.339850
0011001	021122	7	7x7	11.632331
1111011	022211	7	7x7	9.047369
1011010	000211	7	7x7	10.339850
1110011	003312	7	7x7	11.632331
0111010	021131	7	7x7	12.924813
1001010	030203	7	7x7	11.632331
1010011	030020	7	7x7	12.924813
1011000	031312	7	7x7	10.339850
0000010	021222	7	7x7	10.339850
1000111	031300	7	7x7	11.632331
0101111	002021	7	7x7	9.047369
1101001	030313	7	7x7	10.339850
1110101	022121	7	7x7	10.339850
0011100	002202	7	7x7	10.339850
1010001	031111	7	7x7	9.047369
0010111	031303	7	7x7	11.632331
0010101	020202	7	7x7	7.754888
1010111	020300	7	7x7	10.339850
0100110	022200	7	7x7	9.047369
1000001	000022	7	7x7	7.754888
1010001	003020	7	7x7	10.339850
0111001	020000	7	7x7	9.047369
1101000	031111	7	7x7	9.047369
0011110	030203	7	7x7	11.632331
0001100	031112	7	7x7	10.339850
1001001	022202	7	7x7	10.339850
1010110	033300	7	7x7	9.047369
1011100	021202	7	7x7	11.632331
0110010	000031	7	7x7	9.047369
1000011	002211	7	7x7	10.339850
1001010	000203	7	7x7	10.339850
1111100	033112	7	7x7	10.339850
1101011	000203	7	7x7	10.339850
1101111	020200	7	7x7	7.754888
0101011	002120	7	7x7	11.632331
0011111	031311	7	7x7	9.047369
0100101	000031	7	7x7	9.047369
1111100	002221	7	7x7	9.047369
1001010	031333	7	7x7	10.339850
1000000	030202	7	7x7	10.339850
1000101	022022	7	7x7	9.047369
0001000	021113	7	7x7	10.339850
0101011	021113	7	7x7	10.339850
0011111	031122	7	7x7	11.632331
0111101	030222	7	7x7	10.339850
1000000	021221	7	7x7	11.632331
1000011	003113	7	7x7	11.632331
0011000	021133	7	7x7	11.632331
0011000	021133	7	7x7	11.632331
1111101	021131	7	7x7	12.924813
1111010	002121	7	7x7	10.339850
0001000	000313	7	7x7	10.339850
1101100	000221	7	7x7	9.047369
0100110	022111	7	7x7	9.047369
1110110	031333	7	7x7	10.339850
1110010	031122	7	7x7	11.632331
1010011	000222	7	7x7	7.754888
1000010	000311	7	7x7	10.339850
0011110	030311	7	7x7	10.339850
0010100	003133	7	7x7	10.339850
1011111	033121	7	7x7	11.632331
1101001	030311	7	7x7	10.339850
1100100	000022	7	7x7	7.754888
1101010	031121	7	7x7	12.924813
0000011	030203	7	7x7	11.632331
0100000	020031	7	7x7	12.924813
1111000	031311	7	7x7	9.047369
1100001	033311	7	7x7	9.047369
1111101	002111	7	7x7	10.339850
0000101	002211	7	7x7	10.339850
1110111	030202	7	7x7	10.339850
0010110	030020	7	7x7	12.924813
1001001	030020	7	7x7	12.924813
1100011	020200	7	7x7	7.754888
1100011	002221	7	7x7	9.047369
1000010	033002	7	7x7	10.339850
1001100	000331	7	7x7	9.047369
0100110	020211	7	7x7	10.339850
1001011	033331	7	7x7	7.754888
0110011	002112	7	7x7	11.632331
0110001	033311	7	7x7	9.047369
0010010	021200	7	7x7	11.632331
1101001	021113	7	7x7	10.339850
0011011	022122	7	7x7	9.047369
0010011	021202	7	7x7	11.632331
0000011	002030	7	7x7	10.339850
0011011	030302	7	7x7	9.047369
1010010	002222	7	7x7	7.754888
0001011	000211	7	7x7	10.339850
1100010	020302	7	7x7	11.632331
1011111	033022	7	7x7	11.632331
1100101	021213	7	7x7	10.339850
0011001	002220	7	7x7	9.047369
0001001	000311	7	7x7	10.339850
0111000	022120	7	7x7	11.632331
0000010	022112	7	7x7	10.339850
1111110	021222	7	7x7	10.339850
1110110	003113	7	7x7	11.632331
1011111	003330	7	7x7	9.047369
0010011	000311	7	7x7	10.339850
0100001	031330	7	7x7	11.632331
1110101	031122	7	7x7	11.632331
0000100	022120	7	7x7	11.632331
1000111	000021	7	7x7	9.047369
0001001	021212	7	7x7	9.047369
1111111	003312	7	7x7	11.632331
1000001	031122	7	7x7	11.632331
0111000	031121	7	7x7	12.924813
1111101	031111	7	7x7	9.047369
1011100	000003	7	7x7	6.462406
0111101	021213	7	7x7	10.339850
1011001	022131	7	7x7	11.632331
1101011	021133	7	7x7	11.632331
0001000	031300	7	7x7	11.632331
1001101	020022	7	7x7	10.339850
0001000	021133	7	7x7	11.632331
0111110	031122	7	7x7	11.632331
1101101	030002	7	7x7	10.339850
1000111	020003	7	7x7	10.339850
1010011	002221	7	7x7	9.047369
0110000	020003	7	7x7	10.339850
0100010	030020	7	7x7	12.924813
0001001	003113	7	7x7	11.632331
1110101	021220	7	7x7	11.632331
1000000	033121	7	7x7	11.632331
0111001	031303	7	7x7	11.632331
0011110	031113	7	7x7	10.339850
0111010	033311	7	7x7	9.047369
1100110	033031	7	7x7	11.632331
0101110	020220	7	7x7	10.339850
0000100	022213	7	7x7	10.339850
0010010	033311	7	7x7	9.047369
1011100	000333	7	7x7	7.754888
1010000	021202	7	7x7	11.632331
1110001	000020	7	7x7	9.047369
1010011	000330	7	7x7	9.047369
1011100	022221	7	7x7	7.754888
0100111	031131	7	7x7	11.632331
1000011	031131	7	7x7	11.632331
0011110	020003	7	7x7	10.339850
1010100	021112	7	7x7	10.339850
0100101	022203	7	7x7	10.339850
0101100	030030	7	7x7	10.339850
0101000	031303	7	7x7	11.632331
1011111	002020	7	7x7	7.754888
0110111	002213	7	7x7	11.632331
0000111	002222	7	7x7	7.754888
0000101	031112	7	7x7	10.339850
1111011	003311	7	7x7	10.339850
1101010	021131	7	7x7	12.924813
1000000	031312	7	7x7	10.339850
1010001	031303	7	7x7	11.632331
1000110	033330	7	7x7	7.754888
1010011	022033	7	7x7	11.632331
0001110	003131	7	7x7	10.339850
0111001	003033	7	7x7	7.754888
1011010	021133	7	7x7	11.632331
0000101	000212	7	7x7	10.339850
0100110	030021	7	7x7	12.924813
0100001	020020	7	7x7	10.339850
1011011	000302	7	7x7	10.339850
0011010	030000	7	7x7	9.047369
0111111	003303	7	7x7	10.339850
1111000	020211	7	7x7	10.339850
0111100	003331	7	7x7	9.047369
0011011	020021	7	7x7	11.632331
1100011	000002	7	7x7	6.462406
1011100	031122	7	7x7	11.632331
1100100	031300	7	7x7	11.632331
1110010	021221	7	7x7	11.632331
1111110	000211	7	7x7	10.339850
0001101	003113	7	7x7	11.632331
0100111	003111	7	7x7	10.339850
0010100	021212	7	7x7	9.047369
1110000	033111	7	7x7	9.047369
0111001	000302	7	7x7	10.339850
1101101	031330	7	7x7	11.632331
1010101	022033	7	7x7	11.632331
0011100	021213	7	7x7	10.339850
1101101	022212	7	7x7	10.339850
1111101	002121	7	7x7	10.339850
0001011	003130	7	7x7	11.632331
0000111	002121	7	7x7	10.339850
1110010	002120	7	7x7	11.632331
1101011	003313	7	7x7	11.632331
1010000	030003	7	7x7	10.339850
1000010	003311	7	7x7	10.339850
1101010	000303	7	7x7	9.047369
0010001	022220	7	7x7	7.754888
0010111	033121	7	7x7	11.632331
0100001	033312	7	7x7	10.339850
0101000	030030	7	7x7	10.339850
1101101	030200	7	7x7	10.339850
1111111	002003	7	7x7	9.047369
0101001	002211	7	7x7	10.339850
0011100	020021	7	7x7	11.632331
1110001	002222	7	7x7	7.754888
1000100	033003	7	7x7	10.339850
0100011	000220	7	7x7	9.047369
0111100	003111	7	7x7	10.339850
1011001	020300	7	7x7	10.339850
1101001	020302	7	7x7	11.632331
0101010	002122	7	7x7	10.339850
0101101	002212	7	7x7	11.632331
0000110	031133	7	7x7	11.632331
0111101	021133	7	7x7	11.632331
1101111	003133	7	7x7	10.339850
0101111	020211	7	7x7	10.339850
1011001	031111	7	7x7	9.047369
1110101	021131	7	7x7	12.924813
1011100	021200	7	7x7	11.632331
0000010	031303	7	7x7	11.632331
0100000	031300	7	7x7	11.632331
0001100	002112	7	7x7	11.632331
0011010	033033	7	7x7	9.047369
0001001	022033	7	7x7	11.632331
0101110	021221	7	7x7	11.632331
1111111	033311	7	7x7	9.047369
0010111	031313	7	7x7	9.047369
1001010	021111	7	7x7	9.047369
0011000	003003	7	7x7	9.047369
0010101	030020	7	7x7	12.924813
1010101	003031	7	7x7	9.047369
0111010	021131	7	7x7	12.924813
1001110	033003	7	7x7	10.339850
1010100	021120	7	7x7	12.924813
0100010	002203	7	7x7	11.632331
0110000	022131	7	7x7	11.632331
1011111	021220	7	7x7	11.632331
1000111	003111	7	7x7	10.339850
1101010	022131	7	7x7	11.632331
1101110	033111	7	7x7	9.047369
1000110	002000	7	7x7	7.754888
0101001	000220	7	7x7	9.047369
1111111	033003	7	7x7	10.339850
0101001	000033	7	7x7	7.754888
1001110	033022	7	7x7	11.632331
1011000	021202	7	7x7	11.632331
0100110	030221	7	7x7	11.632331
0001100	031300	7	7x7	11.632331
0010001	031131	7	7x7	11.632331
0111011	000300	7	7x7	7.754888
1000000	002003	7	7x7	9.047369
0101100	033130	7	7x7	11.632331
0111000	033302	7	7x7	10.339850
0010000	022200	7	7x7	9.047369
0010001	021133	7	7x7	11.632331
0001000	021133	7	7x7	11.632331
0111010	021222	7	7x7	10.339850
1010101	022200	7	7x7	9.047369
0110010	021120	7	7x7	12.924813
1001111	000311	7	7x7	10.339850
1111010	021131	7	7x7	12.924813
0001110	030331	7	7x7	10.339850
0001001	031122	7	7x7	11.632331
1100101	033331	7	7x7	7.754888
0011101	000022	7	7x7	7.754888
1111000	000311	7	7x7	10.339850
0100110	003312	7	7x7	11.632331
1110000	031112	7	7x7	10.339850
0010100	021221	7	7x7	11.632331
1110101	002203	7	7x7	11.632331
1101010	021131	7	7x7	12.924813
1001001	002022	7	7x7	7.754888
0010010	000333	7	7x7	7.754888
0010110	031112	7	7x7	10.339850
1111110	003130	7	7x7	11.632331
1111111	022220	7	7x7	7.754888
0011001	033133	7	7x7	9.047369
0100100	031121	7	7x7	12.924813
1101000	021131	7	7x7	12.924813
1100111	030202	7	7x7	10.339850
0010111	021111	7	7x7	9.047369
0011001	030220	7	7x7	11.632331
0000111	033312	7	7x7	10.339850
0100010	020203	7	7x7	9.047369
0011001	022033	7	7x7	11.632331
1010100	031112	7	7x7	10.339850
1110110	003130	7	7x7	11.632331
1110100	003130	7	7x7	11.632331
0001100	021133	7	7x7	11.632331
0101111	002112	7	7x7	11.632331
0101001	002120	7	7x7	11.632331
0111000	002212	7	7x7	11.632331
0111011	033033	7	7x7	9.047369
1010010	022221	7	7x7	7.754888
0100101	021111	7	7x7	9.047369
1011101	003131	7	7x7	10.339850
1010101	022003	7	7x7	10.339850
0100110	030031	7	7x7	11.632331
1100111	000300	7	7x7	7.754888
1001000	022203	7	7x7	10.339850
1111111	000200	7	7x7	7.754888
0110010	000003	7	7x7	6.462406
1110001	021202	7	7x7	11.632331
1001010	002213	7	7x7	11.632331
1111101	021200	7	7x7	11.632331
0111001	031331	7	7x7	11.632331
0011110	003333	7	7x7	7.754888
0111011	031121	7	7x7	12.924813
0101101	031122	7	7x7	11.632331
0110111	021202	7	7x7	11.632331
0011011	030313	7	7x7	10.339850
1100101	022222	7	7x7	6.462406
0111001	033030	7	7x7	10.339850
0111000	030302	7	7x7	9.047369
1100011	003031	7	7x7	9.047369
1110010	000221	7	7x7	9.047369
1110110	021113	7	7x7	10.339850
1110001	000003	7	7x7	6.462406
0110000	031303	7	7x7	11.632331
1101101	022020	7	7x7	10.339850
0011101	003111	7	7x7	10.339850
0000101	020212	7	7x7	10.339850
0000001	021113	7	7x7	10.339850
1111000	002030	7	7x7	10.339850
0110110	000313	7	7x7	10.339850
0001110	003022	7	7x7	10.339850
1101001	033121	7	7x7	11.632331
0010001	021202	7	7x7	11.632331
1111100	030302	7	7x7	9.047369
0101011	031133	7	7x7	11.632331
1001001	030200	7	7x7	10.339850
1011000	021213	7	7x7	10.339850
1010111	021133	7	7x7	11.632331
0010000	003111	7	7x7	10.339850
0110111	020303	7	7x7	10.339850
0100110	020002	7	7x7	10.339850
0111101	031303	7	7x7	11.632331
0110100	031122	7	7x7	11.632331
1100110	033330	7	7x7	7.754888
1110110	033331	7	7x7	7.754888
1000100	021202	7	7x7	11.632331
0100011	020030	7	7x7	12.924813
0010110	022003	7	7x7	10.339850
1000100	033022	7	7x7	11.632331
0000000	003130	7	7x7	11.632331
0001001	031300	7	7x7	11.632331
1011101	020331	7	7x7	11.632331
1001001	030031	7	7x7	11.632331
1111110	000313	7	7x7	10.339850
1000001	021200	7	7x7	11.632331
0101001	021213	7	7x7	10.339850
0000001	031122	7	7x7	11.632331
0101100	020031	7	7x7	12.924813
1011111	031121	7	7x7	12.924813
1111111	030302	7	7x7	9.047369
1100100	021121	7	7x7	11.632331
0000100	021111	7	7x7	9.047369
0110000	000003	7	7x7	6.462406
0000111	021113	7	7x7	10.339850
1010110	003111	7	7x7	10.339850
0111010	031330	7	7x7	11.632331
1000001	033302	7	7x7	10.339850
1111111	031112	7	7x7	10.339850
0100100	033121	7	7x7	11.632331
0111011	033030	7	7x7	10.339850
0110000	031300	7	7x7	11.632331
0100010	002002	7	7x7	9.047369
0111011	021131	7	7x7	12.924813
0011011	033330	7	7x7	7.754888
0100000	020000	7	7x7	9.047369
1100010	021133	7	7x7	11.632331
0001100	033300	7	7x7	9.047369
1111001	031111	7	7x7	9.047369
1100010	022111	7	7x7	9.047369
0001100	020330	7	7x7	11.632331
1000001	000003	7	7x7	6.462406
1110000	021213	7	7x7	10.339850
0100001	031122	7	7x7	11.632331
1100100	031111	7	7x7	9.047369
1001110	031112	7	7x7	10.339850
0011100	031312	7	7x7	10.339850
1100111	000002	7	7x7	6.462406
0010110	020002	7	7x7	10.339850
0101101	003130	7	7x7	11.632331
1010100	022120	7	7x7	11.632331
1110000	033330	7	7x7	7.754888
0001000	000311	7	7x7	10.339850
1011011	031330	7	7x7	11.632331
1010001	003302	7	7x7	11.632331
0100000	003302	7	7x7	11.632331
1000100	020212	7	7x7	10.339850
1000000	020003	7	7x7	10.339850
1001011	022221	7	7x7	7.754888
0110111	002121	7	7x7	10.339850
1100010	020031	7	7x7	12.924813
0101011	030311	7	7x7	10.339850
1111110	021221	7	7x7	11.632331
1100011	033303	7	7x7	10.339850
0001000	031133	7	7x7	11.632331
0010000	003130	7	7x7	11.632331
0110000	002112	7	7x7	11.632331
0010100	033133	7	7x7	9.047369
0100111	022002	7	7x7	10.339850
1101001	021113	7	7x7	10.339850
1111001	003002	7	7x7	9.047369
1010011	021221	7	7x7	11.632331
1011111	003300	7	7x7	10.339850
1100001	033333	7	7x7	6.462406
1101011	033022	7	7x7	11.632331
1000010	022221	7	7x7	7.754888
0101100	020003	7	7x7	10.339850
1010000	003031	7	7x7	9.047369
0100111	003022	7	7x7	10.339850
0100000	031121	7	7x7	12.924813
0000101	021220	7	7x7	11.632331
1000011	000020	7	7x7	9.047369
0011010	030222	7	7x7	10.339850
0110011	022131	7	7x7	11.632331
0100010	003131	7	7x7	10.339850
0100110	022003	7	7x7	10.339850
0111011	030033	7	7x7	10.339850
0101100	020303	7	7x7	10.339850
0010100	021212	7	7x7	9.047369
1111101	003030	7	7x7	7.754888
1110101	030311	7	7x7	10.339850
1011001	021113	7	7x7	10.339850
1111011	022222	7	7x7	6.462406
1011110	000212	7	7x7	10.339850
1111000	020211	7	7x7	10.339850
1100001	030203	7	7x7	11.632331
1000101	030002	7	7x7	10.339850
0100100	033020	7	7x7	11.632331
1010110	002112	7	7x7	11.632331
0110100	000022	7	7x7	7.754888
0011110	022111	7	7x7	9.047369
0100101	030031	7	7x7	11.632331
1010010	002203	7	7x7	11.632331
0111111	022131	7	7x7	11.632331
0100100	033121	7	7x7	11.632331
1100001	031311	7	7x7	9.047369
0000000	030200	7	7x7	10.339850
1100110	033313	7	7x7	10.339850
0110100	033133	7	7x7	9.047369
1000010	020200	7	7x7	7.754888
0110100	002111	7	7x7	10.339850
0101000	031121	7	7x7	12.924813
0100101	030221	7	7x7	11.632331
1001110	000003	7	7x7	6.462406
0001001	002211	7	7x7	10.339850
0011111	003111	7	7x7	10.339850
1111010	003300	7	7x7	10.339850
1111101	002120	7	7x7	11.632331
0100111	022213	7	7x7	10.339850
1000111	022212	7	7x7	10.339850
0001101	021133	7	7x7	11.632331
1010000	030221	7	7x7	11.632331
1011010	002222	7	7x7	7.754888
0011110	002200	7	7x7	10.339850
0100110	022022	7	7x7	9.047369
0001111	031121	7	7x7	12.924813
1000110	022033	7	7x7	11.632331
0100011	031121	7	7x7	12.924813
0101100	002122	7	7x7	10.339850
1010100	031130	7	7x7	12.924813
1000101	003333	7	7x7	7.754888
0111101	022131	7	7x7	11.632331
0101100	033331	7	7x7	7.754888
1000101	022221	7	7x7	7.754888
0000111	000033	7	7x7	7.754888
0110000	031303	7	7x7	11.632331
0011010	002213	7	7x7	11.632331
1000101	030021	7	7x7	12.924813
0110100	000222	7	7x7	7.754888
1101101	021112	7	7x7	10.339850
0101101	002111	7	7x7	10.339850
0101100	021131	7	7x7	12.924813
0000001	033022	7	7x7	11.632331
0010000	000311	7	7x7	10.339850
1101111	002033	7	7x7	10.339850
0111100	021131	7	7x7	12.924813
1011001	022213	7	7x7	10.339850
1111110	030311	7	7x7	10.339850
1101110	031313	7	7x7	9.047369
0110010	031333	7	7x7	10.339850
1100101	033312	7	7x7	10.339850
0010100	033300	7	7x7	9.047369
1001111	003311	7	7x7	10.339850
0010101	033313	7	7x7	10.339850
0011100	021200	7	7x7	11.632331
0101001	033333	7	7x7	6.462406
1100000	033330	7	7x7	7.754888
1110111	033022	7	7x7	11.632331
1101000	003311	7	7x7	10.339850
0000101	020031	7	7x7	12.924813
0001001	033312	7	7x7	10.339850
0010001	020203	7	7x7	9.047369
0011000	022222	7	7x7	6.462406
1101011	002021	7	7x7	9.047369
0000111	021212	7	7x7	9.047369
1101111	021113	7	7x7	10.339850
0110111	021120	7	7x7	12.924813
1010000	022122	7	7x7	9.047369
1110001	021213	7	7x7	10.339850
1100011	033131	7	7x7	10.339850
1010011	002002	7	7x7	9.047369
1011111	022120	7	7x7	11.632331
0111101	031121	7	7x7	12.924813
0101000	000002	7	7x7	6.462406
1101010	022112	7	7x7	10.339850
0101101	002213	7	7x7	11.632331
1110110	000212	7	7x7	10.339850
0000000	022131	7	7x7	11.632331
0110101	000313	7	7x7	10.339850
1111011	000031	7	7x7	9.047369
0110000	030003	7	7x7	10.339850
1101101	020000	7	7x7	9.047369
1110010	022131	7	7x7	11.632331
0000000	020200	7	7x7	7.754888
0111111	031303	7	7x7	11.632331
0010101	031121	7	7x7	12.924813
0000010	022113	7	7x7	10.339850
1101000	033331	7	7x7	7.754888
1110100	022221	7	7x7	7.754888
0001110	000203	7	7x7	10.339850
0110100	002021	7	7x7	9.047369
1000010	003111	7	7x7	10.339850
1111010	020300	7	7x7	10.339850
1101001	020033	7	7x7	11.632331
1010001	002112	7	7x7	11.632331
1001110	021221	7	7x7	11.632331
1000010	030313	7	7x7	10.339850
1100101	000021	7	7x7	9.047369
1000010	002111	7	7x7	10.339850
0110101	003002	7	7x7	9.047369
0000011	021213	7	7x7	10.339850
0110100	021222	7	7x7	10.339850
0111100	031311	7	7x7	9.047369
0111100	030331	7	7x7	10.339850
1111001	002211	7	7x7	10.339850
1001010	022213	7	7x7	10.339850
1100000	022113	7	7x7	10.339850
1111011	020331	7	7x7	11.632331
1001111	031122	7	7x7	11.632331
1100000	022213	7	7x7	10.339850
1100011	020031	7	7x7	12.924813
1000000	022202	7	7x7	10.339850
0001101	030200	7	7x7	10.339850
1100011	021120	7	7x7	12.924813
1010011	000302	7	7x7	10.339850
1111001	033312	7	7x7	10.339850
1010100	002112	7	7x7	11.632331
1101000	031122	7	7x7	11.632331
0110000	003111	7	7x7	10.339850
1110111	022221	7	7x7	7.754888
0100111	031330	7	7x7	11.632331
0011111	020333	7	7x7	10.339850
0010011	000033	7	7x7	7.754888
0000010	020211	7	7x7	10.339850
0110011	003311	7	7x7	10.339850
1011101	021211	7	7x7	9.047369
1010001	022211	7	7x7	9.047369
0101000	031330	7	7x7	11.632331
0100000	000003	7	7x7	6.462406
0100001	033130	7	7x7	11.632331
0011010	030303	7	7x7	7.754888
0011111	021113	7	7x7	10.339850
0010011	000031	7	7x7	9.047369
0001011	000000	7	7x7	2.584963
0110010	020302	7	7x7	11.632331
1001000	031122	7	7x7	11.632331
1001100	031122	7	7x7	11.632331
0000001	033311	7	7x7	9.047369
1010001	000003	7	7x7	6.462406
1010010	002020	7	7x7	7.754888
1111010	030300	7	7x7	7.754888
0011101	020212	7	7x7	10.339850
1000101	022213	7	7x7	10.339850
0101001	030203	7	7x7	11.632331
1000010	033130	7	7x7	11.632331
0010101	020220	7	7x7	10.339850
0011010	020302	7	7x7	11.632331
0010011	002033	7	7x7	10.339850
1011011	002111	7	7x7	10.339850
0011101	022112	7	7x7	10.339850
0011100	031303	7	7x7	11.632331
0011010	000222	7	7x7	7.754888
0000100	030331	7	7x7	10.339850
0110111	022221	7	7x7	7.754888
1010100	003311	7	7x7	10.339850
0000101	031300	7	7x7	11.632331
0010011	000221	7	7x7	9.047369
1011100	022131	7	7x7	11.632331
0001010	022221	7	7x7	7.754888
0010100	000212	7	7x7	10.339850
0010100	031303	7	7x7	11.632331
0000010	020302	7	7x7	11.632331
1001001	022111	7	7x7	9.047369
0100010	000220	7	7x7	9.047369
0011000	021131	7	7x7	12.924813
0010001	021121	7	7x7	11.632331
0101010	021220	7	7x7	11.632331
1001011	031312	7	7x7	10.339850
0000010	000311	7	7x7	10.339850
0010000	021112	7	7x7	10.339850
1111000	022113	7	7x7	10.339850
1010110	020222	7	7x7	9.047369
1110011	000333	7	7x7	7.754888
1001100	000200	7	7x7	7.754888
0011001	033312	7	7x7	10.339850
1111010	000202	7	7x7	9.047369
1001101	002033	7	7x7	10.339850
1101010	021113	7	7x7	10.339850
1001100	031313	7	7x7	9.047369
1010001	033330	7	7x7	7.754888
0110100	021222	7	7x7	10.339850
0100011	003300	7	7x7	10.339850
1000011	020330	7	7x7	11.632331
0001111	033312	7	7x7	10.339850
1010100	033300	7	7x7	9.047369
1011110	033131	7	7x7	10.339850
0100100	030221	7	7x7	11.632331
1011001	000202	7	7x7	9.047369
1100100	031303	7	7x7	11.632331
0011100	000030	7	7x7	9.047369
0001011	033311	7	7x7	9.047369
1011011	002120	7	7x7	11.632331
0001101	033333	7	7x7	6.462406
0010011	030203	7	7x7	11.632331
1110100	022113	7	7x7	10.339850
0101100	021111	7	7x7	9.047369
1101111	030021	7	7x7	12.924813
1001110	021113	7	7x7	10.339850
1111101	020030	7	7x7	12.924813
1111101	003331	7	7x7	9.047369
1110011	022202	7	7x7	10.339850
1001110	000313	7	7x7	10.339850
1010010	030202	7	7x7	10.339850
1010001	000033	7	7x7	7.754888
0100110	021122	7	7x7	11.632331
1011011	030020	7	7x7	12.924813
0010000	022131	7	7x7	11.632331
1010111	033312	7	7x7	10.339850
0111000	033311	7	7x7	9.047369
1111000	030300	7	7x7	7.754888
0100100	031133	7	7x7	11.632331
1001100	021211	7	7x7	9.047369
1110110	003111	7	7x7	10.339850
1110100	033000	7	7x7	9.047369
1010110	030030	7	7x7	10.339850
1001001	000000	7	7x7	2.584963
1100110	002112	7	7x7	11.632331
1110110	003312	7	7x7	11.632331
1000100	002002	7	7x7	9.047369
0010100	003003	7	7x7	9.047369
0110101	003111	7	7x7	10.339850
0101111	000311	7	7x7	10.339850
0001101	000311	7	7x7	10.339850
0011111	021131	7	7x7	12.924813
1011100	031331	7	7x7	11.632331
0011100	000221	7	7x7	9.047369
0001010	000021	7	7x7	9.047369
1101111	020030	7	7x7	12.924813
1010111	021133	7	7x7	11.632331
1101101	030200	7	7x7	10.339850
1011010	031112	7	7x7	10.339850
1110010	000300	7	7x7	7.754888
0011001	002202	7	7x7	10.339850
1100001	021220	7	7x7	11.632331
1010011	003311	7	7x7	10.339850
0001000	031303	7	7x7	11.632331
0100011	031300	7	7x7	11.632331
0000101	021220	7	7x7	11.632331
0100000	033121	7	7x7	11.632331
1011001	003020	7	7x7	10.339850
1011000	021221	7	7x7	11.632331
0110101	000000	7	7x7	2.584963
1111110	021113	7	7x7	10.339850
0001011	030021	7	7x7	12.924813
1110100	031300	7	7x7	11.632331
1111001	021200	7	7x7	11.632331
0011101	003113	7	7x7	11.632331
0111010	030200	7	7x7	10.339850
0111010	003331	7	7x7	9.047369
0001111	000222	7	7x7	7.754888
0011100	031122	7	7x7	11.632331
0010100	031313	7	7x7	9.047369
1000101	022033	7	7x7	11.632331
0101101	020302	7	7x7	11.632331
1001100	021131	7	7x7	12.924813
1011100	002033	7	7x7	10.339850
1000001	033133	7	7x7	9.047369
1101100	002112	7	7x7	11.632331
1010000	020000	7	7x7	9.047369
1000000	020302	7	7x7	11.632331
0110100	030220	7	7x7	11.632331
1011110	002111	7	7x7	10.339850
0110111	031312	7	7x7	10.339850
1111110	021200	7	7x7	11.632331
0001001	021133	7	7x7	11.632331
0110101	030202	7	7x7	10.339850
1111101	031333	7	7x7	10.339850
0110000	003311	7	7x7	10.339850
1101011	021211	7	7x7	9.047369
1111110	021202	7	7x7	11.632331
0000101	003313	7	7x7	11.632331
0111111	021202	7	7x7	11.632331
0100110	033113	7	7x7	10.339850
1101100	021222	7	7x7	10.339850
0100001	031133	7	7x7	11.632331
1110110	003133	7	7x7	10.339850
1011101	000331	7	7x7	9.047369
0101011	002212	7	7x7	11.632331
1010111	000030	7	7x7	9.047369
1000100	022131	7	7x7	11.632331
1000011	003133	7	7x7	10.339850
1110101	020212	7	7x7	10.339850
0010001	031330	7	7x7	11.632331
0011001	002111	7	7x7	10.339850
1000001	021202	7	7x7	11.632331
0111100	002211	7	7x7	10.339850
1010100	003311	7	7x7	10.339850
1010000	002121	7	7x7	10.339850
0010101	000031	7	7x7	9.047369
1010101	021131	7	7x7	12.924813
0000100	003003	7	7x7	9.047369
1100110	003111	7	7x7	10.339850
1000100	000300	7	7x7	7.754888
0110111	033331	7	7x7	7.754888
0001001	020002	7	7x7	10.339850
0010010	021200	7	7x7	11.632331
1110010	033131	7	7x7	10.339850
1110000	020302	7	7x7	11.632331
1101100	020300	7	7x7	10.339850
0000011	021112	7	7x7	10.339850
0110111	000333	7	7x7	7.754888
0111010	003333	7	7x7	7.754888
1111010	002111	7	7x7	10.339850
1010101	031111	7	7x7	9.047369
0110001	003312	7	7x7	11.632331
0011101	022121	7	7x7	10.339850
0110101	021212	7	7x7	9.047369
1001010	002213	7	7x7	11.632331
1010010	022030	7	7x7	11.632331
1010000	031112	7	7x7	10.339850
1100100	000311	7	7x7	10.339850
1110101	021113	7	7x7	10.339850
1011000	022113	7	7x7	10.339850
1110101	000033	7	7x7	7.754888
0101110	021213	7	7x7	10.339850
1111111	030021	7	7x7	12.924813
0001010	021120	7	7x7	12.924813
1000001	033121	7	7x7	11.632331
0010010	020003	7	7x7	10.339850
0000111	022211	7	7x7	9.047369
0100001	021112	7	7x7	10.339850
0100001	030202	7	7x7	10.339850
0111000	020211	7	7x7	10.339850
0010110	030302	7	7x7	9.047369
1101010	030222	7	7x7	10.339850
1001000	031133	7	7x7	11.632331
1110111	022131	7	7x7	11.632331
1110001	020203	7	7x7	9.047369
1111100	030311	7	7x7	10.339850
0111100	003333	7	7x7	7.754888
1011000	022212	7	7x7	10.339850
0101000	021202	7	7x7	11.632331
0010111	003312	7	7x7	11.632331
0111100	031121	7	7x7	12.924813
0010010	000033	7	7x7	7.754888
0001100	031330	7	7x7	11.632331
0001111	003131	7	7x7	10.339850
0110100	003111	7	7x7	10.339850
1100011	003022	7	7x7	10.339850
1111101	020331	7	7x7	11.632331
0110101	031333	7	7x7	10.339850
0110111	022122	7	7x7	9.047369
1001100	003002	7	7x7	9.047369
0100000	033302	7	7x7	10.339850
1011111	003031	7	7x7	9.047369
0011010	031130	7	7x7	12.924813
1101010	022131	7	7x7	11.632331
1010111	030022	7	7x7	11.632331
1010101	031133	7	7x7	11.632331
0111000	002002	7	7x7	9.047369
1110110	030221	7	7x7	11.632331
1011101	003333	7	7x7	7.754888
0110101	000021	7	7x7	9.047369
0100011	031121	7	7x7	12.924813
0101110	031113	7	7x7	10.339850
0101010	031312	7	7x7	10.339850
0111010	033312	7	7x7	10.339850
0010011	021113	7	7x7	10.339850
1100000	022111	7	7x7	9.047369
1011111	031330	7	7x7	11.632331
1011010	033313	7	7x7	10.339850
1111110	031121	7	7x7	12.924813
1011101	030221	7	7x7	11.632331
1000011	030031	7	7x7	11.632331
1101010	002112	7	7x7	11.632331
1001110	003111	7	7x7	10.339850
1111111	033121	7	7x7	11.632331
0111011	020002	7	7x7	10.339850
1001110	000020	7	7x7	9.047369
1100001	000002	7	7x7	6.462406
0011010	022131	7	7x7	11.632331
0001010	020033	7	7x7	11.632331
1011010	031311	7	7x7	9.047369
1101110	003113	7	7x7	11.632331
1110100	000302	7	7x7	10.339850
1100111	002112	7	7x7	11.632331
0010000	033031	7	7x7	11.632331
1010000	002122	7	7x7	10.339850
1001000	031300	7	7x7	11.632331
1111110	033113	7	7x7	10.339850
0100011	021200	7	7x7	11.632331
0100100	003030	7	7x7	7.754888
1001010	000333	7	7x7	7.754888
0001001	003133	7	7x7	10.339850
1100101	002021	7	7x7	9.047369
1000010	020330	7	7x7	11.632331
1100011	020211	7	7x7	10.339850
0010100	021112	7	7x7	10.339850
0100111	021122	7	7x7	11.632331
1001000	033020	7	7x7	11.632331
0100101	021200	7	7x7	11.632331
1111100	021200	7	7x7	11.632331
1001110	031121	7	7x7	12.924813
1001110	033022	7	7x7	11.632331
0000111	003033	7	7x7	7.754888
1111011	000331	7	7x7	9.047369
1010011	003111	7	7x7	10.339850
1010000	033112	7	7x7	10.339850
0101101	031122	7	7x7	11.632331
0001110	002020	7	7x7	7.754888
0110001	003030	7	7x7	7.754888
1110011	003331	7	7x7	9.047369
1010001	031311	7	7x7	9.047369
0110010	030022	7	7x7	11.632331
1001011	000313	7	7x7	10.339850
0011011	022121	7	7x7	10.339850
1101001	022000	7	7x7	9.047369
1111001	022222	7	7x7	6.462406
0000001	002112	7	7x7	11.632331
1010111	002111	7	7x7	10.339850
0100110	020000	7	7x7	9.047369
1111111	022121	7	7x7	10.339850
0001010	022131	7	7x7	11.632331
0111000	030303	7	7x7	7.754888
0011000	000003	7	7x7	6.462406
0111111	031111	7	7x7	9.047369
1101000	000022	7	7x7	7.754888
0001101	021113	7	7x7	10.339850
0101010	021111	7	7x7	9.047369
0110111	002221	7	7x7	9.047369
0001010	022220	7	7x7	7.754888
1000101	003331	7	7x7	9.047369
0111001	022212	7	7x7	10.339850
1001000	030302	7	7x7	9.047369
0101011	021133	7	7x7	11.632331
1111001	021200	7	7x7	11.632331
0100110	031300	7	7x7	11.632331
0010100	000031	7	7x7	9.047369
0110111	033121	7	7x7	11.632331
1011111	020302	7	7x7	11.632331
0000110	030331	7	7x7	10.339850
1110101	033333	7	7x7	6.462406
1111110	031303	7	7x7	11.632331
0001110	000212	7	7x7	10.339850
1110001	002033	7	7x7	10.339850
0001100	022033	7	7x7	11.632331
0010001	030222	7	7x7	10.339850
1001100	020333	7	7x7	10.339850
1011111	031331	7	7x7	11.632331
0010001	033113	7	7x7	10.339850
0000001	000211	7	7x7	10.339850
1010010	000022	7	7x7	7.754888
0101000	021222	7	7x7	10.339850
1111000	031122	7	7x7	11.632331
0111111	003333	7	7x7	7.754888
1100111	022131	7	7x7	11.632331
1100011	030200	7	7x7	10.339850
0111011	031300	7	7x7	11.632331
0100110	022030	7	7x7	11.632331
0000100	031303	7	7x7	11.632331
1010000	003313	7	7x7	11.632331
0110100	030221	7	7x7	11.632331
0000110	022213	7	7x7	10.339850
0101001	022111	7	7x7	9.047369
0001001	030021	7	7x7	12.924813
1110100	031131	7	7x7	11.632331
1100101	033330	7	7x7	7.754888
0001100	022212	7	7x7	10.339850
1011100	002202	7	7x7	10.339850
1110100	002212	7	7x7	11.632331
1100101	020331	7	7x7	11.632331
1100001	031122	7	7x7	11.632331
1010001	000221	7	7x7	9.047369
0110101	000211	7	7x7	10.339850
0001101	000211	7	7x7	10.339850
0011101	021202	7	7x7	11.632331
0010010	022212	7	7x7	10.339850
0111011	020221	7	7x7	10.339850
0110001	002212	7	7x7	11.632331
1011000	003131	7	7x7	10.339850
1110100	021133	7	7x7	11.632331
0000010	030030	7	7x7	10.339850
1001000	020303	7	7x7	10.339850
1010111	003331	7	7x7	9.047369
1010101	003130	7	7x7	11.632331
0000001	000203	7	7x7	10.339850
0011110	033333	7	7x7	6.462406
0110010	030003	7	7x7	10.339850
1100000	021121	7	7x7	11.632331
0101111	002221	7	7x7	9.047369
0010000	030222	7	7x7	10.339850
0101110	003111	7	7x7	10.339850
1001110	021213	7	7x7	10.339850
1001000	020330	7	7x7	11.632331
0111001	003000	7	7x7	7.754888
1000011	031330	7	7x7	11.632331
1111000	003113	7	7x7	11.632331
0001010	003312	7	7x7	11.632331
1010100	002003	7	7x7	9.047369
1100101	033311	7	7x7	9.047369
1000101	020221	7	7x7	10.339850
1011010	033030	7	7x7	10.339850
1100100	002203	7	7x7	11.632331
1011000	002112	7	7x7	11.632331
0011110	031113	7	7x7	10.339850
0011100	031330	7	7x7	11.632331
1001101	000302	7	7x7	10.339850
0110100	020221	7	7x7	10.339850
0010011	020303	7	7x7	10.339850
0011100	033311	7	7x7	9.047369
1111001	030021	7	7x7	12.924813
0100100	003331	7	7x7	9.047369
0110011	002120	7	7x7	11.632331
1100011	031112	7	7x7	10.339850
1011010	000302	7	7x7	10.339850
1101110	030030	7	7x7	10.339850
0110100	022030	7	7x7	11.632331
0110000	031300	7	7x7	11.632331
0101100	031112	7	7x7	10.339850
1111011	021133	7	7x7	11.632331
1011111	003113	7	7x7	11.632331
0101110	020033	7	7x7	11.632331
0111011	031333	7	7x7	10.339850
0101010	031121	7	7x7	12.924813
1110111	030200	7	7x7	10.339850
0011110	021221	7	7x7	11.632331
1101101	021200	7	7x7	11.632331
0011100	021121	7	7x7	11.632331
1100101	030030	7	7x7	10.339850
0000010	000330	7	7x7	9.047369
0111010	033112	7	7x7	10.339850
0111000	003312	7	7x7	11.632331
0100000	003130	7	7x7	11.632331
0110000	022213	7	7x7	10.339850
1010001	030331	7	7x7	10.339850
0101111	022002	7	7x7	10.339850
0001010	033133	7	7x7	9.047369
0101011	020331	7	7x7	11.632331
1000010	031313	7	7x7	9.047369
1100111	020203	7	7x7	9.047369
1001110	030300	7	7x7	7.754888
0101100	000212	7	7x7	10.339850
1000011	033130	7	7x7	11.632331
1011000	000211	7	7x7	10.339850
0010111	031122	7	7x7	11.632331
1000110	030203	7	7x7	11.632331
0000100	002111	7	7x7	10.339850
1110011	030221	7	7x7	11.632331
1110001	022033	7	7x7	11.632331
1010111	033121	7	7x7	11.632331
1111111	022222	7	7x7	6.462406
0001100	022131	7	7x7	11.632331
0100010	031122	7	7x7	11.632331
1000111	031333	7	7x7	10.339850
1000110	002122	7	7x7	10.339850
1101001	000211	7	7x7	10.339850
0010100	003031	7	7x7	9.047369
0110100	033330	7	7x7	7.754888
1010011	031122	7	7x7	11.632331
1100110	003131	7	7x7	10.339850
0111001	000202	7	7x7	9.047369
1100101	000222	7	7x7	7.754888
1101011	020222	7	7x7	9.047369
0010010	030022	7	7x7	11.632331
0110110	000202	7	7x7	9.047369
1101001	020211	7	7x7	10.339850
0001000	033130	7	7x7	11.632331
1111001	021111	7	7x7	9.047369
1001010	030021	7	7x7	12.924813
0010001	020200	7	7x7	7.754888
0101011	022222	7	7x7	6.462406
1010000	022021	7	7x7	11.632331
0110110	021222	7	7x7	10.339850
1110010	003113	7	7x7	11.632331
0110111	000021	7	7x7	9.047369
1100111	021113	7	7x7	10.339850
0101000	002121	7	7x7	10.339850
0001000	022002	7	7x7	10.339850
1011010	002202	7	7x7	10.339850
0011111	031131	7	7x7	11.632331
1101000	000031	7	7x7	9.047369
1001011	021202	7	7x7	11.632331
1110100	030021	7	7x7	12.924813
1001011	033333	7	7x7	6.462406
0011001	033112	7	7x7	10.339850
0010011	021202	7	7x7	11.632331
1111011	021222	7	7x7	10.339850
0000101	033312	7	7x7	10.339850
0010010	022213	7	7x7	10.339850
0010011	022211	7	7x7	9.047369
1100111	022202	7	7x7	10.339850
0110001	000313	7	7x7	10.339850
1100001	003022	7	7x7	10.339850
0000011	022131	7	7x7	11.632331
1000100	030202	7	7x7	10.339850
1001011	000333	7	7x7	7.754888
1101000	003133	7	7x7	10.339850
0110111	033330	7	7x7	7.754888
1001111	031130	7	7x7	12.924813
1010011	022211	7	7x7	9.047369
0101110	000021	7	7x7	9.047369
1011100	002120	7	7x7	11.632331
0011010	021131	7	7x7	12.924813
0011001	031331	7	7x7	11.632331
0010100	021133	7	7x7	11.632331
1010000	031122	7	7x7	11.632331
0100100	022122	7	7x7	9.047369
1100100	003113	7	7x7	11.632331
0010010	033022	7	7x7	11.632331
1101011	021120	7	7x7	12.924813
0010101	020212	7	7x7	10.339850
1010001	003331	7	7x7	9.047369
0001111	030200	7	7x7	10.339850
1010000	020203	7	7x7	9.047369
1000001	021121	7	7x7	11.632331
1101001	020302	7	7x7	11.632331
0000100	003031	7	7x7	9.047369
1001111	030021	7	7x7	12.924813
1111110	031312	7	7x7	10.339850
1001000	000003	7	7x7	6.462406
0000110	003002	7	7x7	9.047369
1001111	002111	7	7x7	10.339850
0111011	002120	7	7x7	11.632331
0110101	002111	7	7x7	10.339850
0111110	033302	7	7x7	10.339850
0010111	002112	7	7x7	11.632331
0000110	030220	7	7x7	11.632331
0011110	021113	7	7x7	10.339850
1101011	031300	7	7x7	11.632331
0101100	031113	7	7x7	10.339850
1101111	030002	7	7x7	10.339850
1010000	033133	7	7x7	9.047369
1000111	002022	7	7x7	7.754888
1001101	033020	7	7x7	11.632331
1000110	003130	7	7x7	11.632331
1000001	033022	7	7x7	11.632331
0100001	002120	7	7x7	11.632331
1011001	022113	7	7x7	10.339850
1100000	020331	7	7x7	11.632331
0111101	033312	7	7x7	10.339850
0010001	002030	7	7x7	10.339850
1110010	033313	7	7x7	10.339850
0110000	020331	7	7x7	11.632331
0111010	022202	7	7x7	10.339850
0011100	020220	7	7x7	10.339850
1100100	022221	7	7x7	7.754888
0101110	000002	7	7x7	6.462406
0010101	030031	7	7x7	11.632331
1100010	021202	7	7x7	11.632331
0001101	020331	7	7x7	11.632331
1011110	030331	7	7x7	10.339850
0011011	022112	7	7x7	10.339850
0010011	033022	7	7x7	11.632331
0000000	020300	7	7x7	10.339850
1011000	020000	7	7x7	9.047369
0110011	021131	7	7x7	12.924813
0100110	003303	7	7x7	10.339850
0001111	020222	7	7x7	9.047369
1000100	031330	7	7x7	11.632331
1100110	003331	7	7x7	9.047369
1001010	000002	7	7x7	6.462406
0100000	002213	7	7x7	11.632331
1111010	003020	7	7x7	10.339850
0111001	000311	7	7x7	10.339850
0110000	022113	7	7x7	10.339850
0111001	033020	7	7x7	11.632331
0101001	022030	7	7x7	11.632331
1101111	002212	7	7x7	11.632331
1011111	022222	7	7x7	6.462406
0010100	031333	7	7x7	10.339850
1001101	022203	7	7x7	10.339850
0111001	002111	7	7x7	10.339850
1100100	000211	7	7x7	10.339850
0011011	031111	7	7x7	9.047369
0111100	021131	7	7x7	12.924813
1101011	033312	7	7x7	10.339850
0101110	021222	7	7x7	10.339850
1010111	031121	7	7x7	12.924813
1111111	022030	7	7x7	11.632331
0000011	000003	7	7x7	6.462406
0000101	002111	7	7x7	10.339850
0110001	003111	7	7x7	10.339850
1110000	000022	7	7x7	7.754888
1000101	022131	7	7x7	11.632331
1111101	021111	7	7x7	9.047369
0111010	002121	7	7x7	10.339850
0110010	022033	7	7x7	11.632331
1110111	031303	7	7x7	11.632331
1110000	033313	7	7x7	10.339850
0100000	033111	7	7x7	9.047369
0100110	003333	7	7x7	7.754888
1110010	003302	7	7x7	11.632331
0011010	022213	7	7x7	10.339850
0011000	003002	7	7x7	9.047369
0111000	022112	7	7x7	10.339850
0001010	002200	7	7x7	10.339850
1011110	022222	7	7x7	6.462406
0000011	000220	7	7x7	9.047369
1101001	021133	7	7x7	11.632331
0010001	031111	7	7x7	9.047369
0010001	031312	7	7x7	10.339850
0101001	000022	7	7x7	7.754888
0001010	031122	7	7x7	11.632331
1100010	022220	7	7x7	7.754888
1101001	021202	7	7x7	11.632331
1001001	021113	7	7x7	10.339850
0011100	000300	7	7x7	7.754888
0000110	002122	7	7x7	10.339850
0101000	021131	7	7x7	12.924813
0110101	000211	7	7x7	10.339850
1010111	003311	7	7x7	10.339850
0001011	002033	7	7x7	10.339850
0001110	000020	7	7x7	9.047369
0101101	022030	7	7x7	11.632331
0111011	020003	7	7x7	10.339850
1011111	003022	7	7x7	10.339850
1110010	000313	7	7x7	10.339850
0111011	033302	7	7x7	10.339850
0101101	031112	7	7x7	10.339850
0101001	031312	7	7x7	10.339850
1110100	000033	7	7x7	7.754888
0110000	021220	7	7x7	11.632331
0000001	022021	7	7x7	11.632331
0010111	022211	7	7x7	9.047369
0011111	020002	7	7x7	10.339850
0010101	022131	7	7x7	11.632331
0011010	002002	7	7x7	9.047369
0101101	022120	7	7x7	11.632331
1010011	020021	7	7x7	11.632331
1110010	003033	7	7x7	7.754888
0011100	000033	7	7x7	7.754888
1001011	022220	7	7x7	7.754888
0101011	033311	7	7x7	9.047369
0000100	033130	7	7x7	11.632331
0100100	033112	7	7x7	10.339850
1101101	033131	7	7x7	10.339850
1000111	030221	7	7x7	11.632331
0101010	031111	7	7x7	9.047369
0001101	021111	7	7x7	9.047369
0110101	033300	7	7x7	9.047369
0001100	031121	7	7x7	12.924813
1011001	022222	7	7x7	6.462406
0010000	031300	7	7x7	11.632331
1110011	002221	7	7x7	9.047369
0100011	002112	7	7x7	11.632331
1001010	022000	7	7x7	9.047369
1010010	021120	7	7x7	12.924813
0001111	020331	7	7x7	11.632331
0011101	020211	7	7x7	10.339850
0000000	030002	7	7x7	10.339850
0010111	031303	7	7x7	11.632331
1001100	031300	7	7x7	11.632331
0100111	000330	7	7x7	9.047369
0000111	033112	7	7x7	10.339850
0000101	031113	7	7x7	10.339850
1010110	031311	7	7x7	9.047369
0000110	031300	7	7x7	11.632331
1000000	031130	7	7x7	12.924813
0110110	003022	7	7x7	10.339850
0100000	031112	7	7x7	10.339850
0111111	022003	7	7x7	10.339850
0000011	033121	7	7x7	11.632331
0101000	022021	7	7x7	11.632331
0111110	021133	7	7x7	11.632331
0101110	000311	7	7x7	10.339850
0001101	002033	7	7x7	10.339850
1001101	022202	7	7x7	10.339850
0000100	020330	7	7x7	11.632331
0011111	020030	7	7x7	12.924813
1011111	020331	7	7x7	11.632331
0111011	031333	7	7x7	10.339850
0011111	033121	7	7x7	11.632331
0110111	033133	7	7x7	9.047369
0101110	021112	7	7x7	10.339850
1110101	031312	7	7x7	10.339850
0000110	020203	7	7x7	9.047369
1010011	031312	7	7x7	10.339850
1101001	021220	7	7x7	11.632331
1100011	022211	7	7x7	9.047369
1000000	020021	7	7x7	11.632331
0001101	000022	7	7x7	7.754888
1011100	003300	7	7x7	10.339850
1011110	020031	7	7x7	12.924813
0101000	002112	7	7x7	11.632331
1110101	003131	7	7x7	10.339850
1110010	030221	7	7x7	11.632331
1111101	031330	7	7x7	11.632331
0010100	000313	7	7x7	10.339850
1101011	000333	7	7x7	7.754888
1101110	022112	7	7x7	10.339850
1101010	022033	7	7x7	11.632331
1010100	020211	7	7x7	10.339850
0011111	033312	7	7x7	10.339850
1000011	002222	7	7x7	7.754888
1100100	030222	7	7x7	10.339850
1000100	022131	7	7x7	11.632331
1011001	003311	7	7x7	10.339850
1000000	003113	7	7x7	11.632331
0100110	031311	7	7x7	9.047369
0100001	020330	7	7x7	11.632331
0111000	022030	7	7x7	11.632331
0100101	022131	7	7x7	11.632331
1010001	031121	7	7x7	12.924813
0001000	031122	7	7x7	11.632331
1111101	002112	7	7x7	11.632331
1101111	021112	7	7x7	10.339850
1100100	030313	7	7x7	10.339850
0011110	003003	7	7x7	9.047369
1010010	020300	7	7x7	10.339850
0010011	031303	7	7x7	11.632331
0010101	002221	7	7x7	9.047369
0110000	002030	7	7x7	10.339850
0011000	000200	7	7x7	7.754888
0001001	022033	7	7x7	11.632331
0111001	000211	7	7x7	10.339850
0110111	000333	7	7x7	7.754888
0110011	033300	7	7x7	9.047369
1001010	020000	7	7x7	9.047369
1101011	030020	7	7x7	12.924813
0110111	030031	7	7x7	11.632331
0001111	033312	7	7x7	10.339850
0010001	020220	7	7x7	10.339850
1111100	021202	7	7x7	11.632331
0110010	000020	7	7x7	9.047369
0101011	000200	7	7x7	7.754888
0101110	020222	7	7x7	9.047369
1001111	033331	7	7x7	7.754888
1011100	003302	7	7x7	11.632331
1001010	000022	7	7x7	7.754888
1010011	022221	7	7x7	7.754888
1100011	021202	7	7x7	11.632331
1110010	021220	7	7x7	11.632331
0100001	021111	7	7x7	9.047369
0000101	021220	7	7x7	11.632331
1100011	030033	7	7x7	10.339850
0110101	021131	7	7x7	12.924813
1110010	022213	7	7x7	10.339850
0101000	022020	7	7x7	10.339850
0110100	000331	7	7x7	9.047369
1010010	021113	7	7x7	10.339850
1001000	022002	7	7x7	10.339850
0100100	022120	7	7x7	11.632331
0101111	033131	7	7x7	10.339850
0111110	022022	7	7x7	9.047369
0100010	021122	7	7x7	11.632331
0101101	033331	7	7x7	7.754888
1011011	031121	7	7x7	12.924813
1001011	020002	7	7x7	10.339850
0010000	003031	7	7x7	9.047369
1011111	031330	7	7x7	11.632331
0000000	030311	7	7x7	10.339850
0011101	033333	7	7x7	6.462406
0010110	002122	7	7x7	10.339850
0111111	033303	7	7x7	10.339850
1111000	002111	7	7x7	10.339850
0010011	022113	7	7x7	10.339850
1111111	022131	7	7x7	11.632331
0000001	022131	7	7x7	11.632331
0001111	020211	7	7x7	10.339850
0001000	033111	7	7x7	9.047369
0100101	031122	7	7x7	11.632331
0000110	033030	7	7x7	10.339850
1001011	033121	7	7x7	11.632331
0110010	021200	7	7x7	11.632331
0100010	002030	7	7x7	10.339850
0000110	031333	7	7x7	10.339850
0101010	002213	7	7x7	11.632331
0100001	022131	7	7x7	11.632331
0000011	031122	7	7x7	11.632331
0101010	020003	7	7x7	10.339850
1001010	022111	7	7x7	9.047369
0001101	003130	7	7x7	11.632331
0110011	022121	7	7x7	10.339850
1010000	033313	7	7x7	10.339850
1010110	022213	7	7x7	10.339850
0001001	003111	7	7x7	10.339850
1000111	033312	7	7x7	10.339850
1010000	022212	7	7x7	10.339850
0111000	033022	7	7x7	11.632331
0100010	020333	7	7x7	10.339850
1000101	020003	7	7x7	10.339850
0110000	031121	7	7x7	12.924813
1110111	020331	7	7x7	11.632331
1000011	030033	7	7x7	10.339850
1100110	031313	7	7x7	9.047369
0000101	000221	7	7x7	9.047369
0101011	021221	7	7x7	11.632331
1001010	003111	7	7x7	10.339850
0110111	002213	7	7x7	11.632331
0010001	031122	7	7x7	11.632331
0111111	000331	7	7x7	9.047369
1111101	021200	7	7x7	11.632331
0001011	030030	7	7x7	10.339850
0110111	020300	7	7x7	10.339850
1001101	003131	7	7x7	10.339850
0111011	002030	7	7x7	10.339850
0101011	022221	7	7x7	7.754888
0101100	033311	7	7x7	9.047369
1100000	033121	7	7x7	11.632331
1011100	033121	7	7x7	11.632331
1101011	003031	7	7x7	9.047369
1100011	022211	7	7x7	9.047369
1111110	030333	7	7x7	9.047369
1011100	003033	7	7x7	7.754888
1010010	022221	7	7x7	7.754888
1100111	031122	7	7x7	11.632331
1010111	022213	7	7x7	10.339850
0100110	003131	7	7x7	10.339850
0000010	000031	7	7x7	9.047369
1000110	020222	7	7x7	9.047369
1010110	030311	7	7x7	10.339850
1110000	021113	7	7x7	10.339850
0111001	002200	7	7x7	10.339850
0010110	003300	7	7x7	10.339850
1100001	030313	7	7x7	10.339850
1100100	030203	7	7x7	11.632331
0110111	020200	7	7x7	7.754888
1010101	003022	7	7x7	10.339850
1010111	031131	7	7x7	11.632331
1101110	022021	7	7x7	11.632331
1001010	031121	7	7x7	12.924813
1100111	020021	7	7x7	11.632331
0111001	021222	7	7x7	10.339850
1010101	022131	7	7x7	11.632331
1011101	002213	7	7x7	11.632331
1110001	021133	7	7x7	11.632331
0111110	031131	7	7x7	11.632331
0110111	020033	7	7x7	11.632331
0110010	021131	7	7x7	12.924813
0100000	022112	7	7x7	10.339850
1100110	003331	7	7x7	9.047369
1100000	022200	7	7x7	9.047369
0011100	003033	7	7x7	7.754888
1001011	000021	7	7x7	9.047369
0000111	031333	7	7x7	10.339850
0000000	030021	7	7x7	12.924813
0111100	003111	7	7x7	10.339850
0110100	031300	7	7x7	11.632331
1001011	033312	7	7x7	10.339850
0011110	031303	7	7x7	11.632331
1010100	030220	7	7x7	11.632331
0001010	031122	7	7x7	11.632331
1000010	000021	7	7x7	9.047369
1011101	031303	7	7x7	11.632331
0011111	031121	7	7x7	12.924813
0001010	002122	7	7x7	10.339850
1010011	031131	7	7x7	11.632331
0111011	000021	7	7x7	9.047369
0100101	022131	7	7x7	11.632331
1011010	020211	7	7x7	10.339850
1000101	020212	7	7x7	10.339850
1011010	030302	7	7x7	9.047369
0000110	030222	7	7x7	10.339850
0110001	002212	7	7x7	11.632331
1001011	022212	7	7x7	10.339850
1101101	021202	7	7x7	11.632331
0101110	020302	7	7x7	11.632331
1001000	033121	7	7x7	11.632331
1011100	033312	7	7x7	10.339850
0010111	031330	7	7x7	11.632331
0000111	021113	7	7x7	10.339850
1010101	021131	7	7x7	12.924813
0011011	002222	7	7x7	7.754888
1101010	033133	7	7x7	9.047369
1100011	022213	7	7x7	10.339850
1001011	003113	7	7x7	11.632331
1111111	022112	7	7x7	10.339850
0011111	033031	7	7x7	11.632331
1001010	021120	7	7x7	12.924813
1111011	033020	7	7x7	11.632331
1010000	033311	7	7x7	9.047369
1001000	022000	7	7x7	9.047369
0001000	002221	7	7x7	9.047369
0001000	002112	7	7x7	11.632331
0011111	021220	7	7x7	11.632331
1001101	030220	7	7x7	11.632331
1110001	021120	7	7x7	12.924813
0000110	021122	7	7x7	11.632331
0001010	033022	7	7x7	11.632331
1111111	022131	7	7x7	11.632331
1110011	003113	7	7x7	11.632331
1010000	003133	7	7x7	10.339850
1011101	002111	7	7x7	10.339850
0111100	003030	7	7x7	7.754888
1101101	002022	7	7x7	7.754888
1100010	003000	7	7x7	7.754888
1110001	030311	7	7x7	10.339850
1110000	031112	7	7x7	10.339850
1110110	000203	7	7x7	10.339850
0111000	033130	7	7x7	11.632331
1110111	003131	7	7x7	10.339850
0110000	021121	7	7x7	11.632331
0110011	030200	7	7x7	10.339850
1111000	000212	7	7x7	10.339850
1101001	022221	7	7x7	7.754888
0101100	031130	7	7x7	12.924813
0001001	030002	7	7x7	10.339850
1000010	030021	7	7x7	12.924813
0010111	022211	7	7x7	9.047369
0101110	000211	7	7x7	10.339850
0110000	000211	7	7x7	10.339850
1000111	021122	7	7x7	11.632331
1011110	033022	7	7x7	11.632331
1001110	033302	7	7x7	10.339850
0011011	002021	7	7x7	9.047369
1111100	031300	7	7x7	11.632331
1001000	021122	7	7x7	11.632331
0100010	031112	7	7x7	10.339850
0001111	030002	7	7x7	10.339850
1100111	031130	7	7x7	12.924813
0011000	003020	7	7x7	10.339850
0011101	002200	7	7x7	10.339850
1100011	022033	7	7x7	11.632331
1000110	000313	7	7x7	10.339850
0001111	002211	7	7x7	10.339850
0011110	030311	7	7x7	10.339850
0000001	031121	7	7x7	12.924813
1100011	021121	7	7x7	11.632331
1010000	021113	7	7x7	10.339850
0100100	020302	7	7x7	11.632331
1001110	031303	7	7x7	11.632331
1011111	030003	7	7x7	10.339850
1010111	030021	7	7x7	12.924813
1101100	003020	7	7x7	10.339850
0010011	033331	7	7x7	7.754888
1100101	033331	7	7x7	7.754888
1011101	022131	7	7x7	11.632331
0111010	022112	7	7x7	10.339850
0000100	003133	7	7x7	10.339850
0010101	031133	7	7x7	11.632331
1101010	022212	7	7x7	10.339850
1100001	020031	7	7x7	12.924813
1100110	030033	7	7x7	10.339850
0101011	022212	7	7x7	10.339850
1101111	000002	7	7x7	6.462406
0010000	031303	7	7x7	11.632331
0101111	021221	7	7x7	11.632331
1011101	021220	7	7x7	11.632331
1010011	031331	7	7x7	11.632331
0001110	020211	7	7x7	10.339850
1101101	002112	7	7x7	11.632331
1000011	031111	7	7x7	9.047369
0111110	022202	7	7x7	10.339850
1011111	022030	7	7x7	11.632331
1110000	033121	7	7x7	11.632331
0011101	030220	7	7x7	11.632331
1001110	033020	7	7x7	11.632331
0100101	030222	7	7x7	10.339850
0110010	031311	7	7x7	9.047369
1111011	030200	7	7x7	10.339850
0000001	020220	7	7x7	10.339850
0010110	020302	7	7x7	11.632331
1101101	021131	7	7x7	12.924813
1001111	003031	7	7x7	9.047369
0011110	031330	7	7x7	11.632331
0011000	021220	7	7x7	11.632331
1011010	031333	7	7x7	10.339850
0011011	033022	7	7x7	11.632331
1011100	031130	7	7x7	12.924813
0100011	031303	7	7x7	11.632331
1110001	002003	7	7x7	9.047369
0111001	002222	7	7x7	7.754888
0010000	020003	7	7x7	10.339850
1101010	033312	7	7x7	10.339850
1010101	003111	7	7x7	10.339850
1001101	030000	7	7x7	9.047369
0111110	033133	7	7x7	9.047369
1010000	002111	7	7x7	10.339850
1111011	022211	7	7x7	9.047369
1101111	031113	7	7x7	10.339850
0010000	031330	7	7x7	11.632331
1010000	000031	7	7x7	9.047369
0001000	031331	7	7x7	11.632331
0011111	031130	7	7x7	12.924813
1001000	022113	7	7x7	10.339850
0100000	022033	7	7x7	11.632331
1000101	021133	7	7x7	11.632331
1011111	020300	7	7x7	10.339850
1110110	003002	7	7x7	9.047369
0111110	000303	7	7x7	9.047369
1100010	020000	7	7x7	9.047369
0010110	002121	7	7x7	10.339850
1001101	033130	7	7x7	11.632331
0000111	021133	7	7x7	11.632331
0011011	022122	7	7x7	9.047369
0110101	022122	7	7x7	9.047369
1111110	000000	7	7x7	2.584963
0001100	020211	7	7x7	10.339850
1100110	003033	7	7x7	7.754888
1001010	031133	7	7x7	11.632331
0101011	033121	7	7x7	11.632331
0011100	020303	7	7x7	10.339850
1101111	030221	7	7x7	11.632331
1010001	033312	7	7x7	10.339850
0010100	030022	7	7x7	11.632331
0111000	033112	7	7x7	10.339850
1111100	003113	7	7x7	11.632331
0111011	003331	7	7x7	9.047369
0000001	030311	7	7x7	10.339850
1101111	030302	7	7x7	9.047369
1101011	031131	7	7x7	11.632331
1110111	022020	7	7x7	10.339850
1001001	031112	7	7x7	10.339850
0100111	020203	7	7x7	9.047369
0111001	033131	7	7x7	10.339850
1011100	000311	7	7x7	10.339850
1011010	030021	7	7x7	12.924813
0101001	030200	7	7x7	10.339850
0011101	002112	7	7x7	11.632331
1001011	022212	7	7x7	10.339850
0100001	021113	7	7x7	10.339850
1101011	031130	7	7x7	12.924813
1011110	030222	7	7x7	10.339850
1010110	031112	7	7x7	10.339850
0010000	000211	7	7x7	10.339850
0111000	020302	7	7x7	11.632331
1011100	021133	7	7x7	11.632331
0101010	022033	7	7x7	11.632331
1111011	030302	7	7x7	9.047369
0100011	003312	7	7x7	11.632331
0011101	002003	7	7x7	9.047369
0010001	022112	7	7x7	10.339850
1001111	021122	7	7x7	11.632331
1010101	033121	7	7x7	11.632331
1110101	033130	7	7x7	11.632331
0001110	033312	7	7x7	10.339850
0111011	021131	7	7x7	12.924813
0001001	002213	7	7x7	11.632331
1111000	030222	7	7x7	10.339850
0100000	002111	7	7x7	10.339850
1000001	000003	7	7x7	6.462406
0000100	030220	7	7x7	11.632331
0011111	020021	7	7x7	11.632331
1110011	030033	7	7x7	10.339850
0100000	002112	7	7x7	11.632331
0111001	033111	7	7x7	9.047369
1010000	002213	7	7x7	11.632331
0010011	000212	7	7x7	10.339850
1101011	003330	7	7x7	9.047369
1111001	021122	7	7x7	11.632331
1000100	000000	7	7x7	2.584963
1001011	020031	7	7x7	12.924813
0010001	002111	7	7x7	10.339850
1110101	033031	7	7x7	11.632331
1000111	021133	7	7x7	11.632331
0001000	033121	7	7x7	11.632331
1111110	003030	7	7x7	7.754888
1011110	021211	7	7x7	9.047369
0000111	020212	7	7x7	10.339850
1101101	003313	7	7x7	11.632331
1010011	002221	7	7x7	9.047369
1100111	002030	7	7x7	10.339850
1111100	033113	7	7x7	10.339850
1011011	031333	7	7x7	10.339850
0010000	022112	7	7x7	10.339850
0011000	022203	7	7x7	10.339850
1100011	002112	7	7x7	11.632331
1101110	031300	7	7x7	11.632331
1111100	033000	7	7x7	9.047369
0011110	000000	7	7x7	2.584963
0111010	003031	7	7x7	9.047369
0011000	000331	7	7x7	9.047369
0111101	022220	7	7x7	7.754888
1000001	030002	7	7x7	10.339850
1001001	002112	7	7x7	11.632331
0100010	002112	7	7x7	11.632331
1000001	020333	7	7x7	10.339850
0011011	033302	7	7x7	10.339850
0010111	003111	7	7x7	10.339850
0001101	022021	7	7x7	11.632331
1111000	031333	7	7x7	10.339850
1100000	000221	7	7x7	9.047369
0001110	002211	7	7x7	10.339850
0101001	031330	7	7x7	11.632331
1110010	021220	7	7x7	11.632331
1100011	030022	7	7x7	11.632331
1001101	000311	7	7x7	10.339850
0000100	022033	7	7x7	11.632331
0000000	021131	7	7x7	12.924813
0111100	020203	7	7x7	9.047369
0011110	033121	7	7x7	11.632331
1000110	031333	7	7x7	10.339850
0010100	020021	7	7x7	11.632331
0001010	030200	7	7x7	10.339850
1000111	030202	7	7x7	10.339850
0011111	033302	7	7x7	10.339850
1001011	020330	7	7x7	11.632331
0111000	000222	7	7x7	7.754888
0111111	022222	7	7x7	6.462406
0000100	002021	7	7x7	9.047369
0111111	002213	7	7x7	11.632331
0101101	033020	7	7x7	11.632331
1110101	020331	7	7x7	11.632331
0001010	003330	7	7x7	9.047369
1011100	033331	7	7x7	7.754888
1010110	000212	7	7x7	10.339850
1111101	003111	7	7x7	10.339850
1111000	002213	7	7x7	11.632331
0011100	000021	7	7x7	9.047369
1111100	022120	7	7x7	11.632331
0101111	033133	7	7x7	9.047369
0110101	003113	7	7x7	11.632331
1101000	003020	7	7x7	10.339850
0100010	033121	7	7x7	11.632331
1101001	002003	7	7x7	9.047369
1110011	002220	7	7x7	9.047369
1101101	031330	7	7x7	11.632331
0110111	033003	7	7x7	10.339850
1001001	002021	7	7x7	9.047369
0110010	020331	7	7x7	11.632331
0001110	000002	7	7x7	6.462406
1100111	033121	7	7x7	11.632331
1000010	021111	7	7x7	9.047369
1110011	022000	7	7x7	9.047369
1011010	003031	7	7x7	9.047369
1110000	031133	7	7x7	11.632331
0010001	020222	7	7x7	9.047369
1000101	021133	7	7x7	11.632331
0110100	033333	7	7x7	6.462406
1010111	002022	7	7x7	7.754888
1010100	021213	7	7x7	10.339850
0100001	020303	7	7x7	10.339850
1011110	000211	7	7x7	10.339850
0001110	000331	7	7x7	9.047369
0011100	022033	7	7x7	11.632331
0101001	022033	7	7x7	11.632331
0100011	002221	7	7x7	9.047369
1111010	000002	7	7x7	6.462406
1100011	021133	7	7x7	11.632331
0110001	031122	7	7x7	11.632331
1111000	022203	7	7x7	10.339850
1111101	003131	7	7x7	10.339850
0011001	003111	7	7x7	10.339850
0000011	021112	7	7x7	10.339850
1100010	033130	7	7x7	11.632331
1001110	022222	7	7x7	6.462406
0101011	031111	7	7x7	9.047369
0101001	003333	7	7x7	7.754888
0001101	003031	7	7x7	9.047369
0011011	022221	7	7x7	7.754888
1110100	000002	7	7x7	6.462406
1101111	022113	7	7x7	10.339850
1010011	021200	7	7x7	11.632331
0011000	003330	7	7x7	9.047369
1110111	020211	7	7x7	10.339850
0110101	000211	7	7x7	10.339850
1111010	030311	7	7x7	10.339850
0110101	003020	7	7x7	10.339850
0101001	020020	7	7x7	10.339850
1100001	021113	7	7x7	10.339850
0011110	031311	7	7x7	9.047369
1101010	021113	7	7x7	10.339850
0000010	003312	7	7x7	11.632331
0010110	002002	7	7x7	9.047369
0010110	003313	7	7x7	11.632331
0101001	000300	7	7x7	7.754888
1011101	030222	7	7x7	10.339850
1101000	022212	7	7x7	10.339850
1010110	022121	7	7x7	10.339850
0001000	000203	7	7x7	10.339850
0111100	003111	7	7x7	10.339850
0001101	000302	7	7x7	10.339850
1100111	033302	7	7x7	10.339850
1100111	003020	7	7x7	10.339850
1010110	020331	7	7x7	11.632331
0010111	030030	7	7x7	10.339850
1111101	031303	7	7x7	11.632331
0011110	020302	7	7x7	11.632331
0110100	031121	7	7x7	12.924813
1011100	031312	7	7x7	10.339850
0001101	000020	7	7x7	9.047369
0000001	020021	7	7x7	11.632331
0011011	002120	7	7x7	11.632331
1011000	000313	7	7x7	10.339850
1000111	031131	7	7x7	11.632331
0110000	033111	7	7x7	9.047369
0101101	003022	7	7x7	10.339850
0000101	033111	7	7x7	9.047369
0011001	002212	7	7x7	11.632331
1111111	021222	7	7x7	10.339850
0100111	030331	7	7x7	10.339850
0000000	020211	7	7x7	10.339850
1101100	031330	7	7x7	11.632331
1100101	031121	7	7x7	12.924813
1110101	030220	7	7x7	11.632331
0111001	021212	7	7x7	9.047369
1011000	000311	7	7x7	10.339850
1011001	030002	7	7x7	10.339850
0001001	031303	7	7x7	11.632331
1001101	003311	7	7x7	10.339850
0011110	003003	7	7x7	9.047369
0101101	003330	7	7x7	9.047369
0001000	030220	7	7x7	11.632331
0101110	030311	7	7x7	10.339850
1111100	002122	7	7x7	10.339850
1110011	022111	7	7x7	9.047369
1011011	000211	7	7x7	10.339850
0111100	030331	7	7x7	10.339850
0010000	003111	7	7x7	10.339850
0110110	022202	7	7x7	10.339850
0110110	002222	7	7x7	7.754888
0101001	002003	7	7x7	9.047369
0100001	003033	7	7x7	7.754888
1101111	000211	7	7x7	10.339850
1110101	021200	7	7x7	11.632331
0000011	000302	7	7x7	10.339850
0000010	020021	7	7x7	11.632331
0001010	020220	7	7x7	10.339850
1111011	021111	7	7x7	9.047369
0000000	030222	7	7x7	10.339850
0110110	030221	7	7x7	11.632331
0111000	003133	7	7x7	10.339850
1001111	002213	7	7x7	11.632331
1011111	021131	7	7x7	12.924813
1001011	002222	7	7x7	7.754888
1001001	003111	7	7x7	10.339850
1000111	020211	7	7x7	10.339850
1001000	021131	7	7x7	12.924813
0100111	033112	7	7x7	10.339850
0101110	030203	7	7x7	11.632331
0001101	030311	7	7x7	10.339850
1011001	033311	7	7x7	9.047369
1011011	030311	7	7x7	10.339850
0000111	020222	7	7x7	9.047369
0000100	020302	7	7x7	11.632331
0110110	000211	7	7x7	10.339850
0110001	002030	7	7x7	10.339850
0101011	031112	7	7x7	10.339850
0011101	002121	7	7x7	10.339850
1000011	031113	7	7x7	10.339850
1010101	022021	7	7x7	11.632331
1100110	000003	7	7x7	6.462406
1011101	033333	7	7x7	6.462406
0111110	002222	7	7x7	7.754888
0101001	000212	7	7x7	10.339850
1101001	033111	7	7x7	9.047369
0001101	020203	7	7x7	9.047369
0000100	000221	7	7x7	9.047369
1100110	033022	7	7x7	11.632331
1011010	033111	7	7x7	9.047369
0000100	003022	7	7x7	10.339850
1101000	021220	7	7x7	11.632331
1010101	003022	7	7x7	10.339850
0100111	022020	7	7x7	10.339850
0111010	003303	7	7x7	10.339850
1100100	033130	7	7x7	11.632331
1001001	033112	7	7x7	10.339850
1101101	031333	7	7x7	10.339850
0001010	003331	7	7x7	9.047369
0011011	031333	7	7x7	10.339850
0110011	021112	7	7x7	10.339850
1000111	000302	7	7x7	10.339850
0110011	021220	7	7x7	11.632331
0111100	000211	7	7x7	10.339850
0001000	020220	7	7x7	10.339850
0110000	022213	7	7x7	10.339850
0001100	002033	7	7x7	10.339850
0000011	022121	7	7x7	10.339850
0001100	000330	7	7x7	9.047369
1100101	002030	7	7x7	10.339850
0011000	022120	7	7x7	11.632331
1110111	020203	7	7x7	9.047369
1010110	021220	7	7x7	11.632331
1100000	003312	7	7x7	11.632331
1001100	003312	7	7x7	11.632331
1100110	021213	7	7x7	10.339850
0101110	033121	7	7x7	11.632331
0000100	031113	7	7x7	10.339850
0001111	020003	7	7x7	10.339850
0111101	022211	7	7x7	9.047369
0010101	020221	7	7x7	10.339850
0000001	021220	7	7x7	11.632331
1100100	003113	7	7x7	11.632331
0010010	002221	7	7x7	9.047369
0001100	033020	7	7x7	11.632331
1101000	031122	7	7x7	11.632331
1111101	030333	7	7x7	9.047369
0011010	033111	7	7x7	9.047369
0011111	031111	7	7x7	9.047369
0100000	030302	7	7x7	9.047369
1100000	031300	7	7x7	11.632331
1010101	022030	7	7x7	11.632331
1100000	003300	7	7x7	10.339850
1100000	000031	7	7x7	9.047369
1011010	033112	7	7x7	10.339850
1001100	000222	7	7x7	7.754888
0111011	022111	7	7x7	9.047369
1111110	002120	7	7x7	11.632331
1010110	003113	7	7x7	11.632331
0001100	033333	7	7x7	6.462406
1011000	000331	7	7x7	9.047369
1000100	002222	7	7x7	7.754888
1010010	020200	7	7x7	7.754888
1100010	021211	7	7x7	9.047369
0110110	021111	7	7x7	9.047369
1110000	020033	7	7x7	11.632331
0001010	003331	7	7x7	9.047369
0000111	022131	7	7x7	11.632331
1100001	020220	7	7x7	10.339850
1001110	000221	7	7x7	9.047369
0100100	021122	7	7x7	11.632331
1101000	002213	7	7x7	11.632331
0111100	031133	7	7x7	11.632331
1100001	022221	7	7x7	7.754888
1001111	030313	7	7x7	10.339850
0000100	003031	7	7x7	9.047369
1111111	002112	7	7x7	11.632331
0010000	030200	7	7x7	10.339850
0010001	033000	7	7x7	9.047369
0110001	031111	7	7x7	9.047369
0011101	002111	7	7x7	10.339850
1101101	000211	7	7x7	10.339850
1101110	031121	7	7x7	12.924813
0011001	000003	7	7x7	6.462406
1000001	000022	7	7x7	7.754888
1110010	003331	7	7x7	9.047369
1001011	000202	7	7x7	9.047369
0100000	021111	7	7x7	9.047369
0001011	020221	7	7x7	10.339850
0001101	030331	7	7x7	10.339850
0001100	003330	7	7x7	9.047369
0101101	020000	7	7x7	9.047369
1010011	033022	7	7x7	11.632331
0000111	002211	7	7x7	10.339850
0111011	031133	7	7x7	11.632331
0110001	033022	7	7x7	11.632331
1110010	000211	7	7x7	10.339850
1001001	003311	7	7x7	10.339850
1111111	003111	7	7x7	10.339850
1100101	022131	7	7x7	11.632331
0000111	022111	7	7x7	9.047369
0001110	002111	7	7x7	10.339850
0100111	022030	7	7x7	11.632331
1001101	020212	7	7x7	10.339850
0110111	021202	7	7x7	11.632331
1000010	003020	7	7x7	10.339850
0101010	003300	7	7x7	10.339850
1110010	031300	7	7x7	11.632331
1111100	002120	7	7x7	11.632331
0011000	031303	7	7x7	11.632331
0100010	003130	7	7x7	11.632331
1101000	002120	7	7x7	11.632331
1010000	002221	7	7x7	9.047369
1110110	003313	7	7x7	11.632331
1001111	030311	7	7x7	10.339850
0001111	003311	7	7x7	10.339850
1110111	000202	7	7x7	9.047369
0000101	033333	7	7x7	6.462406
0110001	000333	7	7x7	7.754888
0001110	021200	7	7x7	11.632331
0101010	022113	7	7x7	10.339850
1000001	033003	7	7x7	10.339850
0111001	033022	7	7x7	11.632331
0000100	000311	7	7x7	10.339850
1000111	031122	7	7x7	11.632331
1011110	031300	7	7x7	11.632331
1111110	003333	7	7x7	7.754888
0011000	022120	7	7x7	11.632331
0001101	000220	7	7x7	9.047369
0011001	022222	7	7x7	6.462406
0000000	021112	7	7x7	10.339850
1000110	033131	7	7x7	10.339850
0110111	030221	7	7x7	11.632331
1110000	033020	7	7x7	11.632331
0101010	031300	7	7x7	11.632331
1111101	033331	7	7x7	7.754888
1010110	020212	7	7x7	10.339850
0000010	021121	7	7x7	11.632331
1011001	021112	7	7x7	10.339850
0000100	033331	7	7x7	7.754888
1110111	020333	7	7x7	10.339850
0000101	033130	7	7x7	11.632331
0000001	033000	7	7x7	9.047369
0101110	022211	7	7x7	9.047369
1110100	020211	7	7x7	10.339850
1111101	022222	7	7x7	6.462406
0001111	020211	7	7x7	10.339850
1000000	033022	7	7x7	11.632331
0110001	031300	7	7x7	11.632331
0110010	002112	7	7x7	11.632331
0011100	033022	7	7x7	11.632331
1100101	030200	7	7x7	10.339850
1111111	022213	7	7x7	10.339850
0010001	033130	7	7x7	11.632331
0000110	021202	7	7x7	11.632331
0000010	030302	7	7x7	9.047369
1101101	021222	7	7x7	10.339850
1000101	030203	7	7x7	11.632331
0111110	031300	7	7x7	11.632331
0010010	002120	7	7x7	11.632331
0010000	020222	7	7x7	9.047369
0110110	000211	7	7x7	10.339850
1011110	022131	7	7x7	11.632331
0011000	021111	7	7x7	9.047369
1100011	031112	7	7x7	10.339850
1011100	021211	7	7x7	9.047369
1011000	003111	7	7x7	10.339850
0101011	000303	7	7x7	9.047369
0000110	031330	7	7x7	11.632331
0010101	000031	7	7x7	9.047369
0100010	021113	7	7x7	10.339850
1011000	022121	7	7x7	10.339850
0100110	031311	7	7x7	9.047369
0000000	030311	7	7x7	10.339850
0011001	000222	7	7x7	7.754888
0011010	031113	7	7x7	10.339850
0011010	021133	7	7x7	11.632331
0101110	002220	7	7x7	9.047369
1111010	022131	7	7x7	11.632331
0110010	021111	7	7x7	9.047369
1001101	031121	7	7x7	12.924813
0101111	000200	7	7x7	7.754888
0001101	002221	7	7x7	9.047369
1001011	022222	7	7x7	6.462406
0000101	033133	7	7x7	9.047369
1100010	003113	7	7x7	11.632331
1110110	033311	7	7x7	9.047369
1001011	002033	7	7x7	10.339850
1010100	030203	7	7x7	11.632331
0000001	030313	7	7x7	10.339850
1110001	022202	7	7x7	10.339850
1110101	003312	7	7x7	11.632331
1100110	020300	7	7x7	10.339850
1011010	000000	7	7x7	2.584963
1000100	003130	7	7x7	11.632331
0001000	031122	7	7x7	11.632331
0010011	030331	7	7x7	10.339850
0000000	002003	7	7x7	9.047369
0101011	030221	7	7x7	11.632331
0110011	002212	7	7x7	11.632331
1010111	033303	7	7x7	10.339850
1001110	021211	7	7x7	9.047369
0111110	022033	7	7x7	11.632331
0111111	020031	7	7x7	12.924813
1111010	022221	7	7x7	7.754888
0001001	000203	7	7x7	10.339850
0000100	021202	7	7x7	11.632331
1101101	000300	7	7x7	7.754888
0101100	031303	7	7x7	11.632331
0001101	003133	7	7x7	10.339850
1110101	020002	7	7x7	10.339850
1000111	031312	7	7x7	10.339850
0011000	033112	7	7x7	10.339850
0101100	020333	7	7x7	10.339850
0110001	003033	7	7x7	7.754888
0000100	021133	7	7x7	11.632331
0011101	031111	7	7x7	9.047369
1111101	030222	7	7x7	10.339850
1110001	000333	7	7x7	7.754888
0100001	021131	7	7x7	12.924813
0010011	003130	7	7x7	11.632331
0100001	000033	7	7x7	7.754888
1100001	031300	7	7x7	11.632331
0000010	033003	7	7x7	10.339850
0011110	033312	7	7x7	10.339850
0001110	021213	7	7x7	10.339850
1001100	003303	7	7x7	10.339850
0000101	022020	7	7x7	10.339850
0111110	031330	7	7x7	11.632331
1100101	030000	7	7x7	9.047369
1111010	030022	7	7x7	11.632331
1001110	033333	7	7x7	6.462406
1111101	021220	7	7x7	11.632331
0100101	000221	7	7x7	9.047369
0111111	031111	7	7x7	9.047369
1110000	003130	7	7x7	11.632331
0011101	033111	7	7x7	9.047369
0010100	033311	7	7x7	9.047369
1100100	021222	7	7x7	10.339850
1001001	002112	7	7x7	11.632331
0000010	000300	7	7x7	7.754888
0111010	021211	7	7x7	9.047369
0011100	030220	7	7x7	11.632331
1110010	000211	7	7x7	10.339850
1000100	033131	7	7x7	10.339850
0010001	031300	7	7x7	11.632331
0111001	021112	7	7x7	10.339850
0100100	003311	7	7x7	10.339850
0101011	002212	7	7x7	11.632331
0110111	020003	7	7x7	10.339850
0101010	030221	7	7x7	11.632331
1011011	022022	7	7x7	9.047369
1110011	030221	7	7x7	11.632331
0010100	000302	7	7x7	10.339850
0101100	000000	7	7x7	2.584963
1001110	002213	7	7x7	11.632331
0000000	003003	7	7x7	9.047369
0011101	021200	7	7x7	11.632331
0010011	020302	7	7x7	11.632331
0110001	033121	7	7x7	11.632331
0001010	030203	7	7x7	11.632331
0010001	022131	7	7x7	11.632331
0011101	033113	7	7x7	10.339850
0101101	022213	7	7x7	10.339850
0100010	030202	7	7x7	10.339850
0001101	021131	7	7x7	12.924813
1001111	000031	7	7x7	9.047369
0000101	030313	7	7x7	10.339850
0000001	031111	7	7x7	9.047369
1011100	003311	7	7x7	10.339850
0011001	003331	7	7x7	9.047369
0011000	003133	7	7x7	10.339850
0000100	021202	7	7x7	11.632331
0001000	033112	7	7x7	10.339850
1001111	003033	7	7x7	7.754888
1011001	003312	7	7x7	11.632331
0000110	031330	7	7x7	11.632331
1001000	002221	7	7x7	9.047369
0111010	033112	7	7x7	10.339850
0001100	031303	7	7x7	11.632331
1001000	031312	7	7x7	10.339850
1111001	022221	7	7x7	7.754888
1000011	031331	7	7x7	11.632331
1101101	031330	7	7x7	11.632331
1010011	031122	7	7x7	11.632331
0111000	002112	7	7x7	11.632331
1000110	020302	7	7x7	11.632331
1011110	022131	7	7x7	11.632331
0101011	020212	7	7x7	10.339850
1110010	030031	7	7x7	11.632331
1011001	003313	7	7x7	11.632331
0111100	031121	7	7x7	12.924813
0100010	021111	7	7x7	9.047369
0000000	022211	7	7x7	9.047369
0101010	022033	7	7x7	11.632331
0010101	031300	7	7x7	11.632331
1010111	030002	7	7x7	10.339850
0110111	021202	7	7x7	11.632331
1111001	031313	7	7x7	9.047369
0111110	021220	7	7x7	11.632331
1110010	022131	7	7x7	11.632331
0011000	031121	7	7x7	12.924813
1110000	002111	7	7x7	10.339850
0110010	000212	7	7x7	10.339850
1001100	002222	7	7x7	7.754888
1000100	022033	7	7x7	11.632331
0100101	031300	7	7x7	11.632331
0110011	022121	7	7x7	10.339850
0011101	031303	7	7x7	11.632331
1110001	030221	7	7x7	11.632331
1111001	021222	7	7x7	10.339850
1101110	002222	7	7x7	7.754888
1001001	000333	7	7x7	7.754888
1011001	033130	7	7x7	11.632331
0001000	003111	7	7x7	10.339850
1011100	021112	7	7x7	10.339850
1001100	021200	7	7x7	11.632331
1001010	000331	7	7x7	9.047369
1111101	002213	7	7x7	11.632331
0001010	031122	7	7x7	11.632331
1110110	022131	7	7x7	11.632331
1111101	002022	7	7x7	7.754888
1010001	021133	7	7x7	11.632331
0110111	033030	7	7x7	10.339850
0011111	033302	7	7x7	10.339850
0110101	020203	7	7x7	9.047369
0110011	030003	7	7x7	10.339850
0010100	000003	7	7x7	6.462406
0100100	021133	7	7x7	11.632331
1100101	030302	7	7x7	9.047369
0011111	030222	7	7x7	10.339850
1011000	003312	7	7x7	11.632331
0100111	021200	7	7x7	11.632331
0111011	021220	7	7x7	11.632331
0000110	031331	7	7x7	11.632331
1000011	030033	7	7x7	10.339850
1100111	002030	7	7x7	10.339850
1101110	000221	7	7x7	9.047369
0111010	002111	7	7x7	10.339850
1110111	033121	7	7x7	11.632331
1001110	000333	7	7x7	7.754888
0010110	000212	7	7x7	10.339850
0100001	000002	7	7x7	6.462406
1000100	003030	7	7x7	7.754888
1100001	031300	7	7x7	11.632331
0111110	030030	7	7x7	10.339850
0110100	031313	7	7x7	9.047369
1111000	022122	7	7x7	9.047369
1010010	002030	7	7x7	10.339850
1011100	003302	7	7x7	11.632331
0110100	000212	7	7x7	10.339850
1100001	000313	7	7x7	10.339850
0101110	031330	7	7x7	11.632331
1111010	000031	7	7x7	9.047369
0000101	002033	7	7x7	10.339850
1001011	000033	7	7x7	7.754888
1110000	000221	7	7x7	9.047369
0000111	022003	7	7x7	10.339850
1101001	002202	7	7x7	10.339850
1100000	033331	7	7x7	7.754888
1100110	033312	7	7x7	10.339850
1000110	000211	7	7x7	10.339850
1011101	031133	7	7x7	11.632331
1101001	000222	7	7x7	7.754888
0000011	021111	7	7x7	9.047369
1110001	022113	7	7x7	10.339850
1101110	020021	7	7x7	11.632331
0001011	033121	7	7x7	11.632331
0101000	030221	7	7x7	11.632331
0101001	020222	7	7x7	9.047369
1001011	003111	7	7x7	10.339850
0111011	000021	7	7x7	9.047369
1111010	002202	7	7x7	10.339850
0110011	022221	7	7x7	7.754888
0011110	020002	7	7x7	10.339850
0111101	002211	7	7x7	10.339850
1001011	021213	7	7x7	10.339850
0010000	031111	7	7x7	9.047369
1111000	031330	7	7x7	11.632331
0100001	000221	7	7x7	9.047369
1000100	000000	7	7x7	2.584963
0011101	000211	7	7x7	10.339850
0001100	021220	7	7x7	11.632331
1010000	030221	7	7x7	11.632331
1110010	031331	7	7x7	11.632331
0001100	022212	7	7x7	10.339850
1111011	020302	7	7x7	11.632331
0001110	002213	7	7x7	11.632331
1111101	000221	7	7x7	9.047369
1111000	002030	7	7x7	10.339850
0110111	031112	7	7x7	10.339850
0001111	021202	7	7x7	11.632331
1111010	022211	7	7x7	9.047369
1101101	021120	7	7x7	12.924813
0010001	021200	7	7x7	11.632331
0011011	020300	7	7x7	10.339850
0101011	031122	7	7x7	11.632331
1011001	020202	7	7x7	7.754888
1110001	031303	7	7x7	11.632331
0011101	031121	7	7x7	12.924813
1111000	003113	7	7x7	11.632331
0110111	030222	7	7x7	10.339850
0010101	022000	7	7x7	9.047369
1010101	000311	7	7x7	10.339850
1001001	031133	7	7x7	11.632331
1010010	002120	7	7x7	11.632331
0100110	030222	7	7x7	10.339850
1110001	021122	7	7x7	11.632331
1000011	021220	7	7x7	11.632331
0001100	020302	7	7x7	11.632331
1001110	003022	7	7x7	10.339850
0111111	000022	7	7x7	7.754888
0110000	031112	7	7x7	10.339850
1110010	003020	7	7x7	10.339850
0010011	003131	7	7x7	10.339850
1110100	020220	7	7x7	10.339850
0111100	033333	7	7x7	6.462406
1110101	020022	7	7x7	10.339850
1011011	003313	7	7x7	11.632331
0110001	030203	7	7x7	11.632331
1110011	031111	7	7x7	9.047369
1010000	021222	7	7x7	10.339850
0001100	003331	7	7x7	9.047369
0001111	002213	7	7x7	11.632331
0001000	030221	7	7x7	11.632331
0110010	031112	7	7x7	10.339850
0100000	020302	7	7x7	11.632331
0010100	021111	7	7x7	9.047369
1010011	020022	7	7x7	10.339850
1111100	022200	7	7x7	9.047369
0010111	021202	7	7x7	11.632331
1001000	033022	7	7x7	11.632331
1101101	003002	7	7x7	9.047369
1010000	000211	7	7x7	10.339850
0000011	003131	7	7x7	10.339850
1100001	031333	7	7x7	10.339850
1110010	003312	7	7x7	11.632331
0010100	031130	7	7x7	12.924813
0011110	033121	7	7x7	11.632331
0011011	020031	7	7x7	12.924813
1011110	021111	7	7x7	9.047369
1011001	033112	7	7x7	10.339850
0110010	020211	7	7x7	10.339850
1011001	003311	7	7x7	10.339850
0000000	000300	7	7x7	7.754888
0100010	033111	7	7x7	9.047369
1010111	020022	7	7x7	10.339850
0111101	002121	7	7x7	10.339850
0111011	030002	7	7x7	10.339850
0001010	022113	7	7x7	10.339850
0001101	030303	7	7x7	7.754888
1000010	020330	7	7x7	11.632331
0010100	021131	7	7x7	12.924813
1100111	002221	7	7x7	9.047369
0101011	020222	7	7x7	9.047369
1000101	022003	7	7x7	10.339850
0111010	021221	7	7x7	11.632331
0010100	003330	7	7x7	9.047369
1000110	020000	7	7x7	9.047369
0001000	002112	7	7x7	11.632331
0011100	033111	7	7x7	9.047369
1000011	033302	7	7x7	10.339850
0101010	033302	7	7x7	10.339850
1000000	002111	7	7x7	10.339850
1100001	021122	7	7x7	11.632331
1001101	033313	7	7x7	10.339850
0101001	033031	7	7x7	11.632331
1011010	031121	7	7x7	12.924813
0000001	020333	7	7x7	10.339850
0011000	031333	7	7x7	10.339850
1011010	020202	7	7x7	7.754888
1001000	031303	7	7x7	11.632331
0001001	000000	7	7x7	2.584963
0000010	021131	7	7x7	12.924813
0001001	031131	7	7x7	11.632331
1110100	002003	7	7x7	9.047369
0001011	021213	7	7x7	10.339850
0101100	021122	7	7x7	11.632331
0000000	002111	7	7x7	10.339850
1110000	033311	7	7x7	9.047369
1111101	033130	7	7x7	11.632331
0011100	033131	7	7x7	10.339850
0000000	002003	7	7x7	9.047369
0111001	002112	7	7x7	11.632331
0100010	003313	7	7x7	11.632331
1011101	003111	7	7x7	10.339850
0100101	002033	7	7x7	10.339850
0010000	021221	7	7x7	11.632331
1111011	033133	7	7x7	9.047369
0101101	002111	7	7x7	10.339850
0101100	000311	7	7x7	10.339850
1101110	033303	7	7x7	10.339850
1010011	031121	7	7x7	12.924813
0110010	000331	7	7x7	9.047369
1000110	033311	7	7x7	9.047369
0101000	003331	7	7x7	9.047369
0001100	021222	7	7x7	10.339850
0010000	030330	7	7x7	10.339850
1100101	021200	7	7x7	11.632331
0100111	030200	7	7x7	10.339850
1110011	002212	7	7x7	11.632331
0000100	033131	7	7x7	10.339850
0001100	003033	7	7x7	7.754888
0001111	033000	7	7x7	9.047369
1010110	033031	7	7x7	11.632331
1010100	031131	7	7x7	11.632331
0100000	000021	7	7x7	9.047369
1010101	031311	7	7x7	9.047369
1001011	000033	7	7x7	7.754888
0011000	033033	7	7x7	9.047369
1100101	020302	7	7x7	11.632331
1111100	031121	7	7x7	12.924813
1010110	030021	7	7x7	12.924813
0000111	022002	7	7x7	10.339850
1111011	033302	7	7x7	10.339850
0111011	021131	7	7x7	12.924813
0111011	033113	7	7x7	10.339850
1000101	030313	7	7x7	10.339850
0100100	033311	7	7x7	9.047369
0101010	000311	7	7x7	10.339850
1000100	030031	7	7x7	11.632331
1011001	031131	7	7x7	11.632331
1011101	020331	7	7x7	11.632331
1101010	000311	7	7x7	10.339850
0101100	033300	7	7x7	9.047369
0011000	003330	7	7x7	9.047369
1001101	030200	7	7x7	10.339850
1100010	022113	7	7x7	10.339850
0001100	020221	7	7x7	10.339850
0010010	003333	7	7x7	7.754888
0000010	002021	7	7x7	9.047369
0111001	003033	7	7x7	7.754888
0101000	031333	7	7x7	10.339850
1101101	022212	7	7x7	10.339850
0000101	021113	7	7x7	10.339850
1001101	021202	7	7x7	11.632331
0110111	031311	7	7x7	9.047369
1111101	003312	7	7x7	11.632331
0010110	030313	7	7x7	10.339850
1110001	031303	7	7x7	11.632331
0010101	033020	7	7x7	11.632331
1001100	003131	7	7x7	10.339850
1000101	020330	7	7x7	11.632331
0110100	033121	7	7x7	11.632331
0110111	030200	7	7x7	10.339850
1011111	020031	7	7x7	12.924813
0100011	002211	7	7x7	10.339850
0010011	030313	7	7x7	10.339850
1001100	031131	7	7x7	11.632331
0101110	021133	7	7x7	11.632331
1101010	030003	7	7x7	10.339850
0100111	022200	7	7x7	9.047369
1110011	020220	7	7x7	10.339850
1100101	033130	7	7x7	11.632331
0100100	021121	7	7x7	11.632331
0011100	000313	7	7x7	10.339850
1111111	020211	7	7x7	10.339850
0110010	020203	7	7x7	9.047369
1011001	033121	7	7x7	11.632331
1100100	031303	7	7x7	11.632331
0101111	022030	7	7x7	11.632331
0000101	022033	7	7x7	11.632331
1001101	000311	7	7x7	10.339850
1000100	031112	7	7x7	10.339850
1000110	020202	7	7x7	7.754888
0011011	033121	7	7x7	11.632331
1001100	031300	7	7x7	11.632331
0111011	002021	7	7x7	9.047369
0100101	031113	7	7x7	10.339850
0100100	033022	7	7x7	11.632331
1110100	000311	7	7x7	10.339850
1000011	021131	7	7x7	12.924813
1000111	000003	7	7x7	6.462406
0010000	020211	7	7x7	10.339850
0011100	000031	7	7x7	9.047369
0010110	002222	7	7x7	7.754888
1011000	022021	7	7x7	11.632331
0001001	031130	7	7x7	12.924813
0101100	022131	7	7x7	11.632331
0001111	030203	7	7x7	11.632331
0101010	003031	7	7x7	9.047369
1100111	022211	7	7x7	9.047369
0010111	021222	7	7x7	10.339850
0111001	021200	7	7x7	11.632331
0100001	000212	7	7x7	10.339850
0000110	000333	7	7x7	7.754888
1000010	033130	7	7x7	11.632331
0011011	022222	7	7x7	6.462406
0011011	031300	7	7x7	11.632331
0111000	030221	7	7x7	11.632331
1010110	020221	7	7x7	10.339850
1001100	021213	7	7x7	10.339850
0010011	022131	7	7x7	11.632331
0101101	020333	7	7x7	10.339850
1101000	000311	7	7x7	10.339850
1111101	030202	7	7x7	10.339850
0010110	003333	7	7x7	7.754888
0100110	020302	7	7x7	11.632331
0001110	020302	7	7x7	11.632331
0100111	030200	7	7x7	10.339850
1011111	033121	7	7x7	11.632331
0011111	000000	7	7x7	2.584963
1111000	033121	7	7x7	11.632331
1000000	031113	7	7x7	10.339850
1111010	031333	7	7x7	10.339850
0111101	002212	7	7x7	11.632331
1101001	021220	7	7x7	11.632331
1110110	030203	7	7x7	11.632331
0011001	003111	7	7x7	10.339850
1110011	022121	7	7x7	10.339850
1110101	003031	7	7x7	9.047369
1111101	002112	7	7x7	11.632331
1010100	003022	7	7x7	10.339850
1100001	020331	7	7x7	11.632331
1000100	033033	7	7x7	9.047369
0111100	021202	7	7x7	11.632331
1110101	003303	7	7x7	10.339850
0000001	022122	7	7x7	9.047369
0101011	030221	7	7x7	11.632331
1001101	030002	7	7x7	10.339850
0111010	031312	7	7x7	10.339850
1101101	003111	7	7x7	10.339850
0000011	031300	7	7x7	11.632331
1111001	030221	7	7x7	11.632331
1100010	020211	7	7x7	10.339850
1111001	002211	7	7x7	10.339850
1011000	021200	7	7x7	11.632331
1100101	020212	7	7x7	10.339850
1110111	021202	7	7x7	11.632331
0001110	003131	7	7x7	10.339850
0111101	002111	7	7x7	10.339850
0101010	003020	7	7x7	10.339850
1011111	022212	7	7x7	10.339850
0001100	031112	7	7x7	10.339850
1111110	002203	7	7x7	11.632331
1000101	030200	7	7x7	10.339850
0011000	030221	7	7x7	11.632331
0101101	031121	7	7x7	12.924813
0000100	020333	7	7x7	10.339850
0110101	031333	7	7x7	10.339850
1101110	021133	7	7x7	11.632331
0001101	031112	7	7x7	10.339850
1001000	002030	7	7x7	10.339850
0010001	033311	7	7x7	9.047369
0101000	033121	7	7x7	11.632331
0011001	021133	7	7x7	11.632331
1111110	033131	7	7x7	10.339850
0110111	000333	7	7x7	7.754888
0010100	022003	7	7x7	10.339850
1001101	003333	7	7x7	7.754888
0110100	031330	7	7x7	11.632331
0100111	003130	7	7x7	11.632331
0010010	022212	7	7x7	10.339850
1100110	022131	7	7x7	11.632331
0101001	003002	7	7x7	9.047369
1010111	021211	7	7x7	9.047369
1011000	002030	7	7x7	10.339850
1010111	031130	7	7x7	12.924813
0001110	030221	7	7x7	11.632331
1011000	003020	7	7x7	10.339850
1010000	033133	7	7x7	9.047369
1101110	030030	7	7x7	10.339850
1111010	033130	7	7x7	11.632331
1001110	030222	7	7x7	10.339850
1111111	021222	7	7x7	10.339850
1110000	003333	7	7x7	7.754888
1100111	020303	7	7x7	10.339850
0010011	003113	7	7x7	11.632331
0010101	022200	7	7x7	9.047369
0000111	002202	7	7x7	10.339850
0110010	030311	7	7x7	10.339850
1010001	022022	7	7x7	9.047369
1001111	033333	7	7x7	6.462406
1110011	020003	7	7x7	10.339850
1100001	031111	7	7x7	9.047369
0010111	002202	7	7x7	10.339850
1000011	002030	7	7x7	10.339850
0010101	033121	7	7x7	11.632331
0100110	020200	7	7x7	7.754888
0010001	031111	7	7x7	9.047369
1110100	003131	7	7x7	10.339850
1011110	020202	7	7x7	7.754888
0100001	031300	7	7x7	11.632331
1010100	003130	7	7x7	11.632331
1100110	030221	7	7x7	11.632331
0101000	022030	7	7x7	11.632331
1000010	031121	7	7x7	12.924813
1100101	021131	7	7x7	12.924813
1010110	031133	7	7x7	11.632331
0001111	002213	7	7x7	11.632331
1001110	020203	7	7x7	9.047369
0110111	002213	7	7x7	11.632331
0110010	000021	7	7x7	9.047369
1000010	002212	7	7x7	11.632331
1100000	022203	7	7x7	10.339850
0011000	000002	7	7x7	6.462406
0111000	003133	7	7x7	10.339850
1000100	000333	7	7x7	7.754888
1100110	003113	7	7x7	11.632331
1011011	021133	7	7x7	11.632331
1101111	031122	7	7x7	11.632331
0011110	031113	7	7x7	10.339850
1100111	030311	7	7x7	10.339850
0001000	033121	7	7x7	11.632331
1110100	003003	7	7x7	9.047369
1001010	021222	7	7x7	10.339850
1111010	003002	7	7x7	9.047369
1000001	000000	7	7x7	2.584963
0100011	030221	7	7x7	11.632331
1010001	022021	7	7x7	11.632331
1111101	022033	7	7x7	11.632331
1000111	021220	7	7x7	11.632331
0101101	020302	7	7x7	11.632331
1010110	003020	7	7x7	10.339850
0100100	022113	7	7x7	10.339850
1110110	003033	7	7x7	7.754888
0000010	021113	7	7x7	10.339850
0011100	020300	7	7x7	10.339850
1011000	021222	7	7x7	10.339850
1110101	020331	7	7x7	11.632331
0101100	020302	7	7x7	11.632331
0011110	021220	7	7x7	11.632331
0110111	030313	7	7x7	10.339850
1101000	031112	7	7x7	10.339850
1000100	020333	7	7x7	10.339850
0010001	031333	7	7x7	10.339850
1010100	031113	7	7x7	10.339850
1111101	021121	7	7x7	11.632331
1000010	021121	7	7x7	11.632331
0011011	003313	7	7x7	11.632331
1010100	033311	7	7x7	9.047369
0111111	000211	7	7x7	10.339850
0011110	020302	7	7x7	11.632331
1111010	030331	7	7x7	10.339850
0010011	022131	7	7x7	11.632331
1101101	020300	7	7x7	10.339850
0101001	031313	7	7x7	9.047369
1011011	021112	7	7x7	10.339850
0000100	020202	7	7x7	7.754888
1000100	033121	7	7x7	11.632331
1010110	022112	7	7x7	10.339850
1011101	022202	7	7x7	10.339850
1001110	002221	7	7x7	9.047369
1110110	031133	7	7x7	11.632331
1100011	033030	7	7x7	10.339850
0100000	022221	7	7x7	7.754888
0001111	022122	7	7x7	9.047369
1111000	000212	7	7x7	10.339850
1110010	022221	7	7x7	7.754888
0101001	003113	7	7x7	11.632331
0011100	000331	7	7x7	9.047369
0001100	000212	7	7x7	10.339850
1111001	033022	7	7x7	11.632331
0011000	031122	7	7x7	11.632331
1101010	003033	7	7x7	7.754888
0001001	000203	7	7x7	10.339850
1100110	033121	7	7x7	11.632331
1100000	021112	7	7x7	10.339850
0000010	000211	7	7x7	10.339850
0001010	020020	7	7x7	10.339850
0000011	002221	7	7x7	9.047369
1001111	003330	7	7x7	9.047369
1101000	002111	7	7x7	10.339850
0001100	003031	7	7x7	9.047369
0011001	002211	7	7x7	10.339850
1111111	020021	7	7x7	11.632331
1101000	031300	7	7x7	11.632331
0001101	031112	7	7x7	10.339850
1001001	003131	7	7x7	10.339850
1100110	022221	7	7x7	7.754888
0101100	031112	7	7x7	10.339850
1001011	022000	7	7x7	9.047369
0011110	030200	7	7x7	10.339850
0101011	002203	7	7x7	11.632331
1010110	033121	7	7x7	11.632331
1011001	031113	7	7x7	10.339850
0111000	022131	7	7x7	11.632331
1010001	000222	7	7x7	7.754888
0101100	020331	7	7x7	11.632331
0001011	003130	7	7x7	11.632331
0111111	021121	7	7x7	11.632331
0110100	022202	7	7x7	10.339850
0101110	020331	7	7x7	11.632331
1000000	003313	7	7x7	11.632331
1000111	020222	7	7x7	9.047369
1100111	020033	7	7x7	11.632331
1100000	000202	7	7x7	9.047369
0010001	003020	7	7x7	10.339850
0100110	000033	7	7x7	7.754888
0100000	002030	7	7x7	10.339850
0101110	003302	7	7x7	11.632331
0100010	033330	7	7x7	7.754888
0001011	030311	7	7x7	10.339850
1100011	030022	7	7x7	11.632331
1111010	030221	7	7x7	11.632331
1110111	031133	7	7x7	11.632331
0110001	022113	7	7x7	10.339850
0010000	033303	7	7x7	10.339850
0011011	021200	7	7x7	11.632331
0011110	000303	7	7x7	9.047369
0011010	002000	7	7x7	7.754888
1111100	003311	7	7x7	10.339850
0101110	031112	7	7x7	10.339850
0000111	003003	7	7x7	9.047369
1011001	031113	7	7x7	10.339850
0111111	020333	7	7x7	10.339850
0111100	002121	7	7x7	10.339850
0100011	033121	7	7x7	11.632331
0101001	021133	7	7x7	11.632331
0010101	031112	7	7x7	10.339850
1100100	002122	7	7x7	10.339850
0011001	033111	7	7x7	9.047369
0010111	000033	7	7x7	7.754888
0100111	002111	7	7x7	10.339850
1101010	000202	7	7x7	9.047369
1000111	003313	7	7x7	11.632331
1011100	031111	7	7x7	9.047369
0001001	003113	7	7x7	11.632331
0101111	022200	7	7x7	9.047369
1101111	030203	7	7x7	11.632331
0100100	002220	7	7x7	9.047369
1110001	030022	7	7x7	11.632331
1001100	033331	7	7x7	7.754888
0110010	003003	7	7x7	9.047369
1000010	031312	7	7x7	10.339850
0100110	031121	7	7x7	12.924813
0011101	022131	7	7x7	11.632331
0000101	033121	7	7x7	11.632331
0100001	003133	7	7x7	10.339850
0010000	002121	7	7x7	10.339850
0110101	022112	7	7x7	10.339850
0101001	020222	7	7x7	9.047369
1010100	000311	7	7x7	10.339850
0110011	002200	7	7x7	10.339850
0101110	021122	7	7x7	11.632331
1110100	033022	7	7x7	11.632331
0000000	033121	7	7x7	11.632331
1011111	003311	7	7x7	10.339850
1101001	031113	7	7x7	10.339850
1001100	033133	7	7x7	9.047369
0110010	003113	7	7x7	11.632331
1110000	031303	7	7x7	11.632331
1011110	030311	7	7x7	10.339850
0110011	021122	7	7x7	11.632331
1001000	030203	7	7x7	11.632331
1011010	030200	7	7x7	10.339850
1100011	003333	7	7x7	7.754888
0100000	021133	7	7x7	11.632331
1000110	003111	7	7x7	10.339850
0011010	030222	7	7x7	10.339850
0101000	003302	7	7x7	11.632331
1001000	031303	7	7x7	11.632331
1001110	003020	7	7x7	10.339850
0111110	022221	7	7x7	7.754888
1101101	031303	7	7x7	11.632331
0000100	021213	7	7x7	10.339850
1101001	021111	7	7x7	9.047369
0100000	031330	7	7x7	11.632331
1010001	022221	7	7x7	7.754888
1011100	003020	7	7x7	10.339850
1001111	031121	7	7x7	12.924813
1001011	002111	7	7x7	10.339850
1001001	033311	7	7x7	9.047369
0010111	033030	7	7x7	10.339850
0110111	033002	7	7x7	10.339850
1011000	020212	7	7x7	10.339850
0001001	031303	7	7x7	11.632331
0010100	020333	7	7x7	10.339850
0000101	022200	7	7x7	9.047369
1000111	030311	7	7x7	10.339850
0011011	022212	7	7x7	10.339850
1001111	033311	7	7x7	9.047369
1010100	031111	7	7x7	9.047369
0001111	003313	7	7x7	11.632331
1100001	020331	7	7x7	11.632331
1000011	003331	7	7x7	9.047369
1110101	030331	7	7x7	10.339850
0110010	022131	7	7x7	11.632331
1110011	033300	7	7x7	9.047369
0001010	000033	7	7x7	7.754888
1001111	030003	7	7x7	10.339850
0101101	021121	7	7x7	11.632331
0100100	031121	7	7x7	12.924813
1001100	020331	7	7x7	11.632331
0011110	031131	7	7x7	11.632331
0100001	003330	7	7x7	9.047369
1001011	030330	7	7x7	10.339850
1100110	033112	7	7x7	10.339850
0110101	021213	7	7x7	10.339850
0100010	022113	7	7x7	10.339850
1100011	021213	7	7x7	10.339850
0010011	022033	7	7x7	11.632331
1000101	003302	7	7x7	11.632331
0011010	021111	7	7x7	9.047369
1001101	000330	7	7x7	9.047369
0110011	022021	7	7x7	11.632331
0000111	033002	7	7x7	10.339850
1111001	002112	7	7x7	11.632331
0100001	031112	7	7x7	10.339850
1010111	000022	7	7x7	7.754888
0000101	022221	7	7x7	7.754888
0010011	031113	7	7x7	10.339850
1010110	002121	7	7x7	10.339850
1000000	031122	7	7x7	11.632331
1111111	003313	7	7x7	11.632331
1101010	033312	7	7x7	10.339850
0011111	022131	7	7x7	11.632331
1110010	002111	7	7x7	10.339850
0101010	003302	7	7x7	11.632331
0111100	033003	7	7x7	10.339850
1001110	033313	7	7x7	10.339850
1101001	030311	7	7x7	10.339850
1110001	000033	7	7x7	7.754888
0110000	003131	7	7x7	10.339850
0101000	021131	7	7x7	12.924813
1011000	021113	7	7x7	10.339850
1101011	030221	7	7x7	11.632331
1100000	020331	7	7x7	11.632331
1000011	000211	7	7x7	10.339850
0100000	003022	7	7x7	10.339850
1010011	030220	7	7x7	11.632331
1001011	003113	7	7x7	11.632331
1010000	002111	7	7x7	10.339850
1100100	033113	7	7x7	10.339850
1000000	021133	7	7x7	11.632331
1101001	031133	7	7x7	11.632331
0001110	020300	7	7x7	10.339850
0110010	000021	7	7x7	9.047369
0100100	031313	7	7x7	9.047369
0001000	020302	7	7x7	11.632331
1101000	003131	7	7x7	10.339850
1111000	003331	7	7x7	9.047369
1110010	000311	7	7x7	10.339850
0001001	030002	7	7x7	10.339850
1111101	022121	7	7x7	10.339850
1001111	003031	7	7x7	9.047369
0001111	020022	7	7x7	10.339850
0011101	002112	7	7x7	11.632331
1101001	033331	7	7x7	7.754888
1101011	000330	7	7x7	9.047369
0100001	002221	7	7x7	9.047369
1011100	022213	7	7x7	10.339850
1111110	022002	7	7x7	10.339850
0001010	002120	7	7x7	11.632331
1001110	021202	7	7x7	11.632331
0111011	020003	7	7x7	10.339850
1101000	002020	7	7x7	7.754888
0101110	030203	7	7x7	11.632331
1110001	000330	7	7x7	9.047369
0011111	030021	7	7x7	12.924813
1001100	003033	7	7x7	7.754888
1110011	020211	7	7x7	10.339850
0001111	021213	7	7x7	10.339850
1100011	033130	7	7x7	11.632331
0100001	033113	7	7x7	10.339850
1111100	003113	7	7x7	11.632331
0010011	002111	7	7x7	10.339850
1100001	002122	7	7x7	10.339850
0101110	030302	7	7x7	9.047369
0010011	021133	7	7x7	11.632331
0011111	030203	7	7x7	11.632331
0011011	022131	7	7x7	11.632331
1010100	020021	7	7x7	11.632331
1011000	031111	7	7x7	9.047369
0011101	021120	7	7x7	12.924813
0010111	033121	7	7x7	11.632331
0110111	000033	7	7x7	7.754888
0111010	020302	7	7x7	11.632331
0000001	033330	7	7x7	7.754888
0000011	031133	7	7x7	11.632331
1101001	030031	7	7x7	11.632331
0010110	033113	7	7x7	10.339850
1000110	022111	7	7x7	9.047369
0000011	002111	7	7x7	10.339850
1110000	022131	7	7x7	11.632331
0001101	021213	7	7x7	10.339850
0010110	033022	7	7x7	11.632331
0111100	030313	7	7x7	10.339850
0100100	030221	7	7x7	11.632331
1101110	021111	7	7x7	9.047369
1001000	033302	7	7x7	10.339850
0010110	033112	7	7x7	10.339850
0000010	030331	7	7x7	10.339850
1111001	021222	7	7x7	10.339850
0101000	020002	7	7x7	10.339850
0110001	003111	7	7x7	10.339850
1011110	002203	7	7x7	11.632331
1010001	030202	7	7x7	10.339850
1011110	002122	7	7x7	10.339850
0111001	002112	7	7x7	11.632331
1111000	021222	7	7x7	10.339850
0000000	030021	7	7x7	12.924813
0101111	020021	7	7x7	11.632331
1001110	003313	7	7x7	11.632331
0000110	031113	7	7x7	10.339850
0110100	033312	7	7x7	10.339850
0011110	020330	7	7x7	11.632331
1000011	000331	7	7x7	9.047369
0110001	030203	7	7x7	11.632331
1001111	022211	7	7x7	9.047369
1100000	022122	7	7x7	9.047369
0100111	033121	7	7x7	11.632331
0011000	033330	7	7x7	7.754888
0000010	003131	7	7x7	10.339850
0011011	022111	7	7x7	9.047369
0100011	022113	7	7x7	10.339850
1010100	020300	7	7x7	10.339850
1110000	020331	7	7x7	11.632331
0011000	033030	7	7x7	10.339850
0001101	003002	7	7x7	9.047369
1100110	000211	7	7x7	10.339850
0100101	000021	7	7x7	9.047369
1011011	020302	7	7x7	11.632331
0111100	022213	7	7x7	10.339850
1011000	030222	7	7x7	10.339850
1110001	033002	7	7x7	10.339850
1001010	002111	7	7x7	10.339850
0101101	030031	7	7x7	11.632331
1111111	021221	7	7x7	11.632331
0011011	003331	7	7x7	9.047369
1100101	002221	7	7x7	9.047369
0011110	002120	7	7x7	11.632331
1110001	002030	7	7x7	10.339850
0110101	000331	7	7x7	9.047369
0001010	033333	7	7x7	6.462406
1000000	021200	7	7x7	11.632331
0101001	003020	7	7x7	10.339850
1010100	033121	7	7x7	11.632331
1001001	031113	7	7x7	10.339850
0110110	031331	7	7x7	11.632331
1110101	002212	7	7x7	11.632331
0011100	003002	7	7x7	9.047369
0100101	031333	7	7x7	10.339850
1100000	022221	7	7x7	7.754888
1010001	000033	7	7x7	7.754888
0000101	021133	7	7x7	11.632331
0010010	033131	7	7x7	10.339850
1010101	033311	7	7x7	9.047369
0110100	000221	7	7x7	9.047369
0010010	000212	7	7x7	10.339850
1111101	021133	7	7x7	11.632331
0010101	002121	7	7x7	10.339850
0111111	022131	7	7x7	11.632331
0101101	002121	7	7x7	10.339850
0011001	003133	7	7x7	10.339850
0110000	033302	7	7x7	10.339850
1001101	022020	7	7x7	10.339850
1101101	020221	7	7x7	10.339850
1111001	020303	7	7x7	10.339850
1101001	020003	7	7x7	10.339850
1100110	031112	7	7x7	10.339850
0001010	031113	7	7x7	10.339850
0011011	020202	7	7x7	7.754888
0100101	002112	7	7x7	11.632331
0101100	022033	7	7x7	11.632331
0001001	020303	7	7x7	10.339850
0011101	031121	7	7x7	12.924813
0001100	021112	7	7x7	10.339850
0101010	030202	7	7x7	10.339850
1111001	033313	7	7x7	10.339850
0000100	002120	7	7x7	11.632331
0000110	031111	7	7x7	9.047369
0001100	000022	7	7x7	7.754888
0011001	002212	7	7x7	11.632331
1001101	000211	7	7x7	10.339850
1100101	031312	7	7x7	10.339850
0110001	030313	7	7x7	10.339850
0111011	002112	7	7x7	11.632331
1000101	002202	7	7x7	10.339850
0110001	002211	7	7x7	10.339850
1101011	021220	7	7x7	11.632331
1110101	000313	7	7x7	10.339850
1111100	000333	7	7x7	7.754888
0000000	033121	7	7x7	11.632331
0001010	000331	7	7x7	9.047369
1110001	021131	7	7x7	12.924813
1001101	002213	7	7x7	11.632331
1001001	030222	7	7x7	10.339850
1001111	002203	7	7x7	11.632331
1111101	033033	7	7x7	9.047369
0101100	003111	7	7x7	10.339850
0011001	022212	7	7x7	10.339850
0010011	031330	7	7x7	11.632331
0100100	021111	7	7x7	9.047369
0010100	002211	7	7x7	10.339850
0010011	031303	7	7x7	11.632331
0010100	030303	7	7x7	7.754888
1110110	033112	7	7x7	10.339850
0110000	033113	7	7x7	10.339850
0100100	033303	7	7x7	10.339850
1111101	022021	7	7x7	11.632331
1001001	030031	7	7x7	11.632331
0111110	020330	7	7x7	11.632331
1011110	000031	7	7x7	9.047369
1110000	020002	7	7x7	10.339850
1100110	022003	7	7x7	10.339850
1000010	022113	7	7x7	10.339850
0001010	021133	7	7x7	11.632331
1010101	033302	7	7x7	10.339850
0011100	021213	7	7x7	10.339850
0111010	020202	7	7x7	7.754888
1000000	000333	7	7x7	7.754888
1000000	033302	7	7x7	10.339850
1011100	021133	7	7x7	11.632331
1110011	020022	7	7x7	10.339850
1010011	033312	7	7x7	10.339850
0010000	030000	7	7x7	9.047369
0010111	033333	7	7x7	6.462406
0111100	021202	7	7x7	11.632331
1101010	002112	7	7x7	11.632331
0000111	002112	7	7x7	11.632331
1010101	030311	7	7x7	10.339850
0011000	031112	7	7x7	10.339850
0110101	033333	7	7x7	6.462406
1000101	020302	7	7x7	11.632331
1010000	000212	7	7x7	10.339850
0101101	000212	7	7x7	10.339850
1100001	020333	7	7x7	10.339850
1101100	003333	7	7x7	7.754888
0101001	003022	7	7x7	10.339850
1000100	003000	7	7x7	7.754888
0000111	003302	7	7x7	11.632331
0100011	021211	7	7x7	9.047369
1010001	022122	7	7x7	9.047369
1111011	033002	7	7x7	10.339850
0010101	002222	7	7x7	7.754888
1100001	033311	7	7x7	9.047369
0101110	003111	7	7x7	10.339850
0010101	031111	7	7x7	9.047369
0001010	031121	7	7x7	12.924813
0001101	003111	7	7x7	10.339850
0000111	002030	7	7x7	10.339850
1001111	031300	7	7x7	11.632331
0110110	033111	7	7x7	9.047369
1010110	021120	7	7x7	12.924813
1011000	021200	7	7x7	11.632331
1101011	002203	7	7x7	11.632331
1010000	020211	7	7x7	10.339850
0010101	002111	7	7x7	10.339850
1011010	002121	7	7x7	10.339850
1111010	030202	7	7x7	10.339850
1001110	021113	7	7x7	10.339850
1110010	030221	7	7x7	11.632331
0001111	021111	7	7x7	9.047369
0100100	021113	7	7x7	10.339850
0100100	031300	7	7x7	11.632331
1010110	033020	7	7x7	11.632331
1101010	033130	7	7x7	11.632331
0011000	031122	7	7x7	11.632331
1010111	021122	7	7x7	11.632331
0000010	000300	7	7x7	7.754888
0000000	031121	7	7x7	12.924813
0101111	033022	7	7x7	11.632331
0001000	031122	7	7x7	11.632331
0010000	031131	7	7x7	11.632331
0010000	030200	7	7x7	10.339850
0000001	031122	7	7x7	11.632331
0010010	000222	7	7x7	7.754888
0111111	020203	7	7x7	9.047369
0011100	022112	7	7x7	10.339850
0001001	033031	7	7x7	11.632331
0011000	021220	7	7x7	11.632331
0011111	031130	7	7x7	12.924813
0100111	000302	7	7x7	10.339850
1111001	002203	7	7x7	11.632331
0110010	021220	7	7x7	11.632331
0011101	021211	7	7x7	9.047369
1111110	020211	7	7x7	10.339850
1100100	003111	7	7x7	10.339850
1101101	002111	7	7x7	10.339850
1010010	002121	7	7x7	10.339850
1001111	031333	7	7x7	10.339850
0100110	031121	7	7x7	12.924813
1100110	003312	7	7x7	11.632331
0111000	000220	7	7x7	9.047369
0011001	031300	7	7x7	11.632331
1001011	002002	7	7x7	9.047369
0000101	002200	7	7x7	10.339850
1000111	002111	7	7x7	10.339850
0010000	031112	7	7x7	10.339850
1110111	003130	7	7x7	11.632331
1101000	002112	7	7x7	11.632331
1000101	020211	7	7x7	10.339850
0001111	000022	7	7x7	7.754888
1011000	022221	7	7x7	7.754888
1001111	030311	7	7x7	10.339850
1010101	002121	7	7x7	10.339850
0111111	031311	7	7x7	9.047369
1101001	030203	7	7x7	11.632331
1000110	003020	7	7x7	10.339850
1000000	030203	7	7x7	11.632331
1100111	021133	7	7x7	11.632331
0001011	003133	7	7x7	10.339850
1111101	022222	7	7x7	6.462406
1000110	002033	7	7x7	10.339850
1000100	002221	7	7x7	9.047369
1011101	031300	7	7x7	11.632331
0111101	002203	7	7x7	11.632331
1000110	033312	7	7x7	10.339850
1011101	021133	7	7x7	11.632331
0001111	031333	7	7x7	10.339850
0001010	030200	7	7x7	10.339850
1101000	030202	7	7x7	10.339850
0000101	030020	7	7x7	12.924813
1101010	022131	7	7x7	11.632331
1111000	020212	7	7x7	10.339850
1101110	000300	7	7x7	7.754888
0001011	003111	7	7x7	10.339850
1101010	022211	7	7x7	9.047369
0010010	021111	7	7x7	9.047369
1100111	033000	7	7x7	9.047369
0110100	033003	7	7x7	10.339850
1110000	022111	7	7x7	9.047369
1110111	000311	7	7x7	10.339850
1011111	020211	7	7x7	10.339850
1101101	022111	7	7x7	9.047369
0011001	000030	7	7x7	9.047369
1010101	021220	7	7x7	11.632331
0011110	000003	7	7x7	6.462406
0101001	002033	7	7x7	10.339850
1011000	033000	7	7x7	9.047369
1000111	031313	7	7x7	9.047369
1110110	021122	7	7x7	11.632331
1100111	031121	7	7x7	12.924813
0110111	030221	7	7x7	11.632331
0010010	000003	7	7x7	6.462406
1000001	033302	7	7x7	10.339850
0111001	030200	7	7x7	10.339850
0101000	033112	7	7x7	10.339850
0111000	020333	7	7x7	10.339850
0011100	033331	7	7x7	7.754888
1001100	002121	7	7x7	10.339850
0100010	030031	7	7x7	11.632331
0111111	031122	7	7x7	11.632331
0111000	000003	7	7x7	6.462406
0001001	003111	7	7x7	10.339850
1011111	030311	7	7x7	10.339850
1001010	021131	7	7x7	12.924813
0100101	030202	7	7x7	10.339850
1011101	022111	7	7x7	9.047369
0100001	020200	7	7x7	7.754888
0000000	031300	7	7x7	11.632331
0100011	020200	7	7x7	7.754888
0010010	031122	7	7x7	11.632331
0100100	030022	7	7x7	11.632331
0111110	031300	7	7x7	11.632331
0001000	021131	7	7x7	12.924813
0001101	003312	7	7x7	11.632331
0100001	020030	7	7x7	12.924813
0100110	020000	7	7x7	9.047369
1101110	022212	7	7x7	10.339850
1010101	003031	7	7x7	9.047369
1000100	021113	7	7x7	10.339850
1100100	020021	7	7x7	11.632331
1010100	000302	7	7x7	10.339850
1011100	002022	7	7x7	7.754888
1010000	021122	7	7x7	11.632331
0010100	030220	7	7x7	11.632331
1010111	031121	7	7x7	12.924813
1101001	030033	7	7x7	10.339850
1000101	022121	7	7x7	10.339850
0100001	002211	7	7x7	10.339850
1110100	022113	7	7x7	10.339850
1000100	031122	7	7x7	11.632331
0110000	021113	7	7x7	10.339850
0010010	000021	7	7x7	9.047369
1001001	000211	7	7x7	10.339850
1100001	022221	7	7x7	7.754888
0110101	003111	7	7x7	10.339850
0110010	003333	7	7x7	7.754888
0100101	033302	7	7x7	10.339850
1110100	020331	7	7x7	11.632331
0011000	030222	7	7x7	10.339850
1001011	021221	7	7x7	11.632331
0001010	021122	7	7x7	11.632331
1111101	022212	7	7x7	10.339850
1001010	020003	7	7x7	10.339850
1100011	022203	7	7x7	10.339850
1100111	000211	7	7x7	10.339850
1100101	003312	7	7x7	11.632331
1101110	002211	7	7x7	10.339850
0100011	033121	7	7x7	11.632331
0101101	022122	7	7x7	9.047369
0111111	002203	7	7x7	11.632331
0110000	022121	7	7x7	10.339850
0010110	033113	7	7x7	10.339850
1010110	020331	7	7x7	11.632331
1101100	033331	7	7x7	7.754888
0101100	020333	7	7x7	10.339850
0000001	022021	7	7x7	11.632331
1101010	021202	7	7x7	11.632331
0010011	000003	7	7x7	6.462406
0011110	022033	7	7x7	11.632331
0011100	020220	7	7x7	10.339850
1111011	000311	7	7x7	10.339850
1110010	021202	7	7x7	11.632331
1101001	021120	7	7x7	12.924813
1101000	033131	7	7x7	10.339850
0100100	021202	7	7x7	11.632331
0101111	020333	7	7x7	10.339850
1110111	003113	7	7x7	11.632331
0001000	020300	7	7x7	10.339850
1011111	022111	7	7x7	9.047369
1010110	022131	7	7x7	11.632331
1000001	020300	7	7x7	10.339850
0110011	003113	7	7x7	11.632331
0010101	000033	7	7x7	7.754888
0001111	031333	7	7x7	10.339850
0000001	033020	7	7x7	11.632331
0101111	033130	7	7x7	11.632331
1100101	021131	7	7x7	12.924813
0111001	003111	7	7x7	10.339850
0011010	031131	7	7x7	11.632331
0010100	020211	7	7x7	10.339850
1111101	030203	7	7x7	11.632331
1101111	033313	7	7x7	10.339850
1100101	021202	7	7x7	11.632331
0101111	020021	7	7x7	11.632331
0000000	003020	7	7x7	10.339850
0000110	000331	7	7x7	9.047369
1010100	033131	7	7x7	10.339850
1001000	021212	7	7x7	9.047369
1110010	020030	7	7x7	12.924813
0010111	031122	7	7x7	11.632331
1000001	031331	7	7x7	11.632331
0011010	002212	7	7x7	11.632331
1100110	000220	7	7x7	9.047369
1000011	020002	7	7x7	10.339850
0000000	030220	7	7x7	11.632331
0101100	000311	7	7x7	10.339850
0000110	022113	7	7x7	10.339850
0110110	031303	7	7x7	11.632331
1010101	021221	7	7x7	11.632331
0000100	021213	7	7x7	10.339850
0110001	031303	7	7x7	11.632331
1000111	021113	7	7x7	10.339850
0000011	022203	7	7x7	10.339850
1011101	021220	7	7x7	11.632331
1000101	021131	7	7x7	12.924813
1001101	022212	7	7x7	10.339850
1110010	000022	7	7x7	7.754888
1010000	002111	7	7x7	10.339850
0100010	031330	7	7x7	11.632331
0001100	002112	7	7x7	11.632331
0100111	003313	7	7x7	11.632331
0001101	031111	7	7x7	9.047369
0001100	000311	7	7x7	10.339850
0111010	003130	7	7x7	11.632331
0100010	021222	7	7x7	10.339850
1100100	030333	7	7x7	9.047369
0110011	020022	7	7x7	10.339850
0011000	002111	7	7x7	10.339850
0010100	003003	7	7x7	9.047369
0110001	021212	7	7x7	9.047369
1001001	003331	7	7x7	9.047369
1110101	031122	7	7x7	11.632331
0111010	033121	7	7x7	11.632331
0100011	033022	7	7x7	11.632331
0111101	033121	7	7x7	11.632331
0011110	022131	7	7x7	11.632331
1110000	002200	7	7x7	10.339850
0011110	002000	7	7x7	7.754888
0000010	033111	7	7x7	9.047369
0110010	020211	7	7x7	10.339850
0101100	000221	7	7x7	9.047369
0111011	030302	7	7x7	9.047369
0111111	003133	7	7x7	10.339850
0110100	002030	7	7x7	10.339850
1111000	000022	7	7x7	7.754888
0000111	002030	7	7x7	10.339850
1010010	021133	7	7x7	11.632331
1001101	000313	7	7x7	10.339850
0110010	022221	7	7x7	7.754888
1011000	030313	7	7x7	10.339850
0100000	002002	7	7x7	9.047369
0011111	000313	7	7x7	10.339850
1100110	002020	7	7x7	7.754888
1100101	002111	7	7x7	10.339850
1101010	020221	7	7x7	10.339850
1111101	022200	7	7x7	9.047369
1011000	031121	7	7x7	12.924813
1011000	003033	7	7x7	7.754888
0011000	003113	7	7x7	11.632331
0111000	033312	7	7x7	10.339850
0100001	020031	7	7x7	12.924813
0010011	033121	7	7x7	11.632331
1111010	022131	7	7x7	11.632331
1010010	033121	7	7x7	11.632331
1100010	003020	7	7x7	10.339850
1110100	020200	7	7x7	7.754888
1010100	002030	7	7x7	10.339850
1010111	020300	7	7x7	10.339850
0110110	002121	7	7x7	10.339850
0011110	003113	7	7x7	11.632331
0001100	021222	7	7x7	10.339850
0010110	000030	7	7x7	9.047369
1101100	021122	7	7x7	11.632331
1011000	002033	7	7x7	10.339850
0111111	022003	7	7x7	10.339850
0000111	033331	7	7x7	7.754888
0101101	033303	7	7x7	10.339850
1100110	033312	7	7x7	10.339850
0101010	021113	7	7x7	10.339850
1001000	020221	7	7x7	10.339850
0111001	030222	7	7x7	10.339850
0111001	021131	7	7x7	12.924813
0100101	000031	7	7x7	9.047369
0000000	033313	7	7x7	10.339850
1001001	000222	7	7x7	7.754888
1010110	021112	7	7x7	10.339850
0011011	002112	7	7x7	11.632331
0110100	022213	7	7x7	10.339850
0101011	002122	7	7x7	10.339850
1100000	033333	7	7x7	6.462406
0001101	021121	7	7x7	11.632331
1100111	030203	7	7x7	11.632331
1111001	021111	7	7x7	9.047369
1011111	003113	7	7x7	11.632331
1110100	031303	7	7x7	11.632331
0100101	000021	7	7x7	9.047369
0011011	033113	7	7x7	10.339850
1000101	002221	7	7x7	9.047369
1010111	000031	7	7x7	9.047369
0010100	020302	7	7x7	11.632331
1110100	021120	7	7x7	12.924813
1100111	031331	7	7x7	11.632331
0111010	021113	7	7x7	10.339850
1110100	000002	7	7x7	6.462406
0101100	021113	7	7x7	10.339850
0011001	021202	7	7x7	11.632331
0101010	000030	7	7x7	9.047369
0110011	021131	7	7x7	12.924813
1001001	030221	7	7x7	11.632331
0110010	021122	7	7x7	11.632331
0000110	031331	7	7x7	11.632331
0001011	000211	7	7x7	10.339850
0000001	031111	7	7x7	9.047369
1001111	031130	7	7x7	12.924813
0111011	031313	7	7x7	9.047369
1110001	000030	7	7x7	9.047369
1011010	003303	7	7x7	10.339850
1010110	003300	7	7x7	10.339850
1101110	002220	7	7x7	9.047369
0001111	020333	7	7x7	10.339850
1111010	022112	7	7x7	10.339850
1001010	033311	7	7x7	9.047369
0000001	030002	7	7x7	10.339850
1110010	030203	7	7x7	11.632331
0011010	021200	7	7x7	11.632331
0000101	022033	7	7x7	11.632331
0101100	021122	7	7x7	11.632331
1001010	031113	7	7x7	10.339850
1000100	030202	7	7x7	10.339850
1101101	000203	7	7x7	10.339850
0101001	003130	7	7x7	11.632331
1101011	003111	7	7x7	10.339850
1001100	033002	7	7x7	10.339850
1010010	000021	7	7x7	9.047369
1011010	002122	7	7x7	10.339850
0010000	002111	7	7x7	10.339850
0111000	022213	7	7x7	10.339850
0000110	021113	7	7x7	10.339850
0110100	021202	7	7x7	11.632331
1011000	021212	7	7x7	9.047369
1011100	033130	7	7x7	11.632331
1000101	021220	7	7x7	11.632331
1010000	003313	7	7x7	11.632331
1011101	002003	7	7x7	9.047369
0000010	022221	7	7x7	7.754888
0100111	021120	7	7x7	12.924813
1011111	003311	7	7x7	10.339850
0001101	003131	7	7x7	10.339850
0010111	031330	7	7x7	11.632331
1100010	021133	7	7x7	11.632331
0100110	030203	7	7x7	11.632331
1001111	030221	7	7x7	11.632331
1110100	031300	7	7x7	11.632331
0111100	033022	7	7x7	11.632331
1100010	003312	7	7x7	11.632331
1100110	002211	7	7x7	10.339850
0010101	022213	7	7x7	10.339850
1000111	022120	7	7x7	11.632331
1011011	021220	7	7x7	11.632331
0100110	020030	7	7x7	12.924813
1111001	022021	7	7x7	11.632331
0010011	031313	7	7x7	9.047369
1010101	033333	7	7x7	6.462406
0011110	003113	7	7x7	11.632331
1111000	022021	7	7x7	11.632331
0011100	022203	7	7x7	10.339850
0110010	033121	7	7x7	11.632331
0001100	020300	7	7x7	10.339850
0111010	000033	7	7x7	7.754888
0011110	030022	7	7x7	11.632331
1000001	003131	7	7x7	10.339850
1100100	030222	7	7x7	10.339850
0001001	021113	7	7x7	10.339850
1101010	000211	7	7x7	10.339850
1111111	022120	7	7x7	11.632331
1001111	033112	7	7x7	10.339850
0011001	022131	7	7x7	11.632331
0001010	003113	7	7x7	11.632331
1110010	030221	7	7x7	11.632331
1010001	031330	7	7x7	11.632331
1010111	000212	7	7x7	10.339850
0100100	002213	7	7x7	11.632331
0110001	021213	7	7x7	10.339850
0110111	002112	7	7x7	11.632331
0110100	033333	7	7x7	6.462406
1111010	002212	7	7x7	11.632331
0011011	002120	7	7x7	11.632331
0111100	000002	7	7x7	6.462406
1110101	033311	7	7x7	9.047369
1110000	021133	7	7x7	11.632331
1000000	020221	7	7x7	10.339850
0011111	030313	7	7x7	10.339850
1010000	000002	7	7x7	6.462406
1001001	033121	7	7x7	11.632331
1011111	033002	7	7x7	10.339850
1010101	003300	7	7x7	10.339850
1100111	002112	7	7x7	11.632331
0000000	031122	7	7x7	11.632331
0101111	020333	7	7x7	10.339850
0010111	000311	7	7x7	10.339850
0101000	022131	7	7x7	11.632331
0101001	003313	7	7x7	11.632331
0101011	000311	7	7x7	10.339850
1100110	002021	7	7x7	9.047369
1001000	022213	7	7x7	10.339850
1111111	031122	7	7x7	11.632331
1110010	020222	7	7x7	9.047369
1100001	021221	7	7x7	11.632331
0111111	003130	7	7x7	11.632331
1111101	000311	7	7x7	10.339850
1101111	000200	7	7x7	7.754888
0000001	021222	7	7x7	10.339850
1001010	003300	7	7x7	10.339850
0101010	000031	7	7x7	9.047369
1100101	002120	7	7x7	11.632331
0011000	022221	7	7x7	7.754888
0010011	000313	7	7x7	10.339850
0011100	031131	7	7x7	11.632331
0010110	022033	7	7x7	11.632331
0110001	021222	7	7x7	10.339850
0110110	003111	7	7x7	10.339850
0001000	021133	7	7x7	11.632331
0011011	033121	7	7x7	11.632331
0100111	020002	7	7x7	10.339850
1110101	030021	7	7x7	12.924813
0111010	031131	7	7x7	11.632331
0011001	021112	7	7x7	10.339850
1001001	033130	7	7x7	11.632331
1011111	020202	7	7x7	7.754888
0110110	022202	7	7x7	10.339850
0001101	020302	7	7x7	11.632331
0000010	022113	7	7x7	10.339850
1111100	020030	7	7x7	12.924813
1110000	030020	7	7x7	12.924813
0101111	030221	7	7x7	11.632331
1010001	033333	7	7x7	6.462406
0111111	020302	7	7x7	11.632331
1101101	030311	7	7x7	10.339850
0101111	003113	7	7x7	11.632331
1010111	020000	7	7x7	9.047369
0001000	020030	7	7x7	12.924813
0010101	000221	7	7x7	9.047369
0001010	000031	7	7x7	9.047369
1010101	031122	7	7x7	11.632331
0011110	021200	7	7x7	11.632331
0111011	000331	7	7x7	9.047369
0001110	000313	7	7x7	10.339850
1011011	021133	7	7x7	11.632331
1111111	020003	7	7x7	10.339850
1101100	021202	7	7x7	11.632331
1001000	003022	7	7x7	10.339850
0011101	021222	7	7x7	10.339850
1001011	020221	7	7x7	10.339850
0101110	033112	7	7x7	10.339850
1110110	002111	7	7x7	10.339850
0101101	031121	7	7x7	12.924813
0101010	002112	7	7x7	11.632331
1001111	003020	7	7x7	10.339850
0001111	031312	7	7x7	10.339850
1010111	020331	7	7x7	11.632331
0101001	030302	7	7x7	9.047369
0101111	033121	7	7x7	11.632331
0100110	033311	7	7x7	9.047369
1110110	033331	7	7x7	7.754888
1111110	031121	7	7x7	12.924813
1000000	031121	7	7x7	12.924813
0010111	033312	7	7x7	10.339850
1001101	030333	7	7x7	9.047369
0010001	021122	7	7x7	11.632331
1111010	000331	7	7x7	9.047369
0110011	003330	7	7x7	9.047369
1110101	020300	7	7x7	10.339850
0001010	000003	7	7x7	6.462406
0111011	021202	7	7x7	11.632331
0100101	031333	7	7x7	10.339850
0000001	031330	7	7x7	11.632331
1100010	002033	7	7x7	10.339850
0101100	021122	7	7x7	11.632331
0111110	002212	7	7x7	11.632331
1101101	000211	7	7x7	10.339850
0001011	022112	7	7x7	10.339850
1011101	031312	7	7x7	10.339850
1001101	021202	7	7x7	11.632331
1111101	031112	7	7x7	10.339850
0011010	030033	7	7x7	10.339850
1011011	000330	7	7x7	9.047369
0110101	021112	7	7x7	10.339850
1010011	000333	7	7x7	7.754888
0110010	002213	7	7x7	11.632331
1111010	021113	7	7x7	10.339850
1010110	033002	7	7x7	10.339850
0011001	033313	7	7x7	10.339850
1010010	022222	7	7x7	6.462406
1000011	000222	7	7x7	7.754888
0000111	020022	7	7x7	10.339850
0001000	031122	7	7x7	11.632331
0001111	031303	7	7x7	11.632331
0100110	000002	7	7x7	6.462406
0101100	021202	7	7x7	11.632331
0000111	030313	7	7x7	10.339850
0001001	030331	7	7x7	10.339850
0100111	021222	7	7x7	10.339850
0100001	030221	7	7x7	11.632331
0001110	002212	7	7x7	11.632331
1010000	021200	7	7x7	11.632331
1001100	020331	7	7x7	11.632331
0101000	030021	7	7x7	12.924813
0110100	031122	7	7x7	11.632331
1010101	033002	7	7x7	10.339850
1100100	021131	7	7x7	12.924813
0101001	033311	7	7x7	9.047369
0000011	021221	7	7x7	11.632331
1100110	003113	7	7x7	11.632331
0000001	033020	7	7x7	11.632331
1110011	021113	7	7x7	10.339850
0000000	030203	7	7x7	11.632331
0011111	020211	7	7x7	10.339850
0000101	031122	7	7x7	11.632331
0001101	022221	7	7x7	7.754888
1010001	031312	7	7x7	10.339850
0011011	002020	7	7x7	7.754888
1011111	022131	7	7x7	11.632331
0100000	002003	7	7x7	9.047369
1111001	022021	7	7x7	11.632331
1111011	022131	7	7x7	11.632331
1100100	022033	7	7x7	11.632331
1001110	033121	7	7x7	11.632331
1101101	002211	7	7x7	10.339850
0110000	030002	7	7x7	10.339850
1111010	000300	7	7x7	7.754888
1101100	002122	7	7x7	10.339850
1101011	003111	7	7x7	10.339850
1001010	022122	7	7x7	9.047369
0011100	031303	7	7x7	11.632331
1111110	002202	7	7x7	10.339850
1111110	000002	7	7x7	6.462406
0001101	020003	7	7x7	10.339850
1111110	031131	7	7x7	11.632331
1101111	030020	7	7x7	12.924813
0110001	003331	7	7x7	9.047369
1100100	022221	7	7x7	7.754888
0100011	002213	7	7x7	11.632331
0001101	031130	7	7x7	12.924813
1100110	021200	7	7x7	11.632331
1001100	000022	7	7x7	7.754888
1111000	030333	7	7x7	9.047369
0011101	031312	7	7x7	10.339850
1011100	002030	7	7x7	10.339850
0010101	021111	7	7x7	9.047369
1001111	003002	7	7x7	9.047369
0111000	022121	7	7x7	10.339850
0011110	002111	7	7x7	10.339850
0001110	000030	7	7x7	9.047369
0001110	030222	7	7x7	10.339850
0100100	002022	7	7x7	7.754888
1100011	000003	7	7x7	6.462406
1010001	000333	7	7x7	7.754888
0011100	000020	7	7x7	9.047369
0000001	003111	7	7x7	10.339850
0000011	000311	7	7x7	10.339850
1101101	033121	7	7x7	11.632331
1010100	031133	7	7x7	11.632331
0010100	022200	7	7x7	9.047369
1110100	003131	7	7x7	10.339850
0111011	020221	7	7x7	10.339850
0011110	020021	7	7x7	11.632331
0110010	033000	7	7x7	9.047369
1101010	022113	7	7x7	10.339850
1100011	003002	7	7x7	9.047369
1010101	002121	7	7x7	10.339850
0101000	020331	7	7x7	11.632331
0111000	033022	7	7x7	11.632331
1110111	031333	7	7x7	10.339850
0110000	031133	7	7x7	11.632331
0110100	022211	7	7x7	9.047369
0001111	030311	7	7x7	10.339850
1010101	020303	7	7x7	10.339850
0110000	030203	7	7x7	11.632331
1101101	031122	7	7x7	11.632331
0110111	000003	7	7x7	6.462406
1010000	000311	7	7x7	10.339850
1101110	033131	7	7x7	10.339850
0001001	000202	7	7x7	9.047369
0101110	033311	7	7x7	9.047369
1110110	031333	7	7x7	10.339850
1110110	033331	7	7x7	7.754888
1110011	031303	7	7x7	11.632331
1111000	021221	7	7x7	11.632331
1101111	002203	7	7x7	11.632331
1101001	021111	7	7x7	9.047369
0100111	030002	7	7x7	10.339850
0101101	002121	7	7x7	10.339850
1111111	003022	7	7x7	10.339850
0011010	002112	7	7x7	11.632331
1111100	030313	7	7x7	10.339850
0111011	033020	7	7x7	11.632331
0000011	030031	7	7x7	11.632331
1100001	031122	7	7x7	11.632331
0101010	033002	7	7x7	10.339850
1001010	033030	7	7x7	10.339850
0101011	020212	7	7x7	10.339850
0100001	003333	7	7x7	7.754888
1101011	000002	7	7x7	6.462406
1000001	020211	7	7x7	10.339850
0111111	031330	7	7x7	11.632331
1110011	002222	7	7x7	7.754888
0000101	033111	7	7x7	9.047369
1000001	000003	7	7x7	6.462406
0101001	022131	7	7x7	11.632331
0111101	022213	7	7x7	10.339850
0110000	021122	7	7x7	11.632331
1101000	000202	7	7x7	9.047369
0100101	003003	7	7x7	9.047369
0001100	020302	7	7x7	11.632331
0100001	002022	7	7x7	7.754888
0000011	021111	7	7x7	9.047369
0110000	021200	7	7x7	11.632331
1010110	031330	7	7x7	11.632331
1111111	000311	7	7x7	10.339850
0111000	022003	7	7x7	10.339850
0101000	002122	7	7x7	10.339850
0101111	003311	7	7x7	10.339850
1000011	031130	7	7x7	12.924813
0000011	003133	7	7x7	10.339850
0100000	002030	7	7x7	10.339850
0011110	002112	7	7x7	11.632331
0001011	021122	7	7x7	11.632331
0111001	031300	7	7x7	11.632331
0001001	031122	7	7x7	11.632331
1001001	031133	7	7x7	11.632331
1000110	033112	7	7x7	10.339850
0000011	003313	7	7x7	11.632331
1110010	030333	7	7x7	9.047369
0110000	020203	7	7x7	9.047369
0001101	003133	7	7x7	10.339850
0011101	022033	7	7x7	11.632331
0110001	002222	7	7x7	7.754888
0001000	031300	7	7x7	11.632331
1001010	003033	7	7x7	7.754888
1101111	002202	7	7x7	10.339850
1111010	021131	7	7x7	12.924813
0010010	002030	7	7x7	10.339850
1000101	021133	7	7x7	11.632331
0011000	030021	7	7x7	12.924813
0000110	031300	7	7x7	11.632331
0000100	031131	7	7x7	11.632331
0010111	003131	7	7x7	10.339850
1001101	021113	7	7x7	10.339850
0001000	000030	7	7x7	9.047369
1000100	002030	7	7x7	10.339850
0001001	000022	7	7x7	7.754888
1110101	031311	7	7x7	9.047369
0000100	031300	7	7x7	11.632331
1000110	003113	7	7x7	11.632331
0101100	021133	7	7x7	11.632331
1100100	000202	7	7x7	9.047369
1101000	021213	7	7x7	10.339850
1100101	000031	7	7x7	9.047369
1010000	000021	7	7x7	9.047369
1011001	020333	7	7x7	10.339850
0011110	003331	7	7x7	9.047369
0010001	031311	7	7x7	9.047369
0111110	002112	7	7x7	11.632331
0110101	033111	7	7x7	9.047369
1110001	021200	7	7x7	11.632331
0111001	000212	7	7x7	10.339850
0110011	031303	7	7x7	11.632331
1101011	021133	7	7x7	11.632331
1011111	003022	7	7x7	10.339850
1101010	002211	7	7x7	10.339850
1000110	002121	7	7x7	10.339850
1001001	000333	7	7x7	7.754888
1011110	031312	7	7x7	10.339850
1101000	021222	7	7x7	10.339850
0001000	021133	7	7x7	11.632331
0000000	020031	7	7x7	12.924813
0011100	000331	7	7x7	9.047369
1101100	021111	7	7x7	9.047369
1000100	031333	7	7x7	10.339850
1011100	002111	7	7x7	10.339850
1100011	022211	7	7x7	9.047369
0001011	020211	7	7x7	10.339850
0001110	021202	7	7x7	11.632331
0010101	030302	7	7x7	9.047369
1001101	021211	7	7x7	9.047369
0001000	033121	7	7x7	11.632331
1100011	022221	7	7x7	7.754888
0010100	000000	7	7x7	2.584963
1000011	020211	7	7x7	10.339850
0000111	000331	7	7x7	9.047369
1101100	000220	7	7x7	9.047369
1100011	031111	7	7x7	9.047369
0100110	021221	7	7x7	11.632331
0011001	000311	7	7x7	10.339850
1100001	000222	7	7x7	7.754888
1110111	022212	7	7x7	10.339850
0000011	002221	7	7x7	9.047369
0011101	020202	7	7x7	7.754888
1001011	031311	7	7x7	9.047369
0011011	031303	7	7x7	11.632331
0110100	022112	7	7x7	10.339850
0111100	021133	7	7x7	11.632331
1010011	022212	7	7x7	10.339850
0011111	022112	7	7x7	10.339850
1001011	030313	7	7x7	10.339850
1100000	021113	7	7x7	10.339850
1011110	020003	7	7x7	10.339850
0010011	002003	7	7x7	9.047369
0000110	030202	7	7x7	10.339850
1110101	021202	7	7x7	11.632331
0110000	003033	7	7x7	7.754888
1011101	030030	7	7x7	10.339850
1010100	000311	7	7x7	10.339850
0110111	000313	7	7x7	10.339850
0101000	022121	7	7x7	10.339850
1111100	000200	7	7x7	7.754888
1100101	022213	7	7x7	10.339850
0111101	030222	7	7x7	10.339850
0101011	022213	7	7x7	10.339850
1010000	033121	7	7x7	11.632331
0101110	031111	7	7x7	9.047369
1010001	002212	7	7x7	11.632331
1001011	002212	7	7x7	11.632331
1100011	033302	7	7x7	10.339850
0011101	031122	7	7x7	11.632331
1101010	031122	7	7x7	11.632331
0110000	031122	7	7x7	11.632331
0110111	030002	7	7x7	10.339850
1100101	003000	7	7x7	7.754888
1111101	003312	7	7x7	11.632331
1111100	003333	7	7x7	7.754888
1011111	031130	7	7x7	12.924813
0001100	003311	7	7x7	10.339850
1000001	000202	7	7x7	9.047369
0101111	020003	7	7x7	10.339850
1001110	000221	7	7x7	9.047369
0110001	003111	7	7x7	10.339850
0010011	033020	7	7x7	11.632331
1011001	020003	7	7x7	10.339850
0011010	030020	7	7x7	12.924813
0011011	031330	7	7x7	11.632331
0101111	031311	7	7x7	9.047369
0010110	000030	7	7x7	9.047369
1110000	020302	7	7x7	11.632331
0110110	031311	7	7x7	9.047369
0010010	031311	7	7x7	9.047369
1110111	033311	7	7x7	9.047369
0001101	003111	7	7x7	10.339850
0001111	030330	7	7x7	10.339850
0001001	003302	7	7x7	11.632331
1001101	022003	7	7x7	10.339850
1011101	000022	7	7x7	7.754888
0011110	020203	7	7x7	9.047369
1110100	002022	7	7x7	7.754888
0100111	003002	7	7x7	9.047369
1111011	030221	7	7x7	11.632331
1001011	022020	7	7x7	10.339850
1010100	030020	7	7x7	12.924813
0111000	002203	7	7x7	11.632331
0110011	002111	7	7x7	10.339850
0000110	033121	7	7x7	11.632331
0011101	003331	7	7x7	9.047369
0100110	020302	7	7x7	11.632331
1110010	020211	7	7x7	10.339850
0000100	031311	7	7x7	9.047369
1011000	002212	7	7x7	11.632331
1001110	022033	7	7x7	11.632331
1100001	000211	7	7x7	10.339850
0000001	030020	7	7x7	12.924813
0110010	020302	7	7x7	11.632331
0101111	000203	7	7x7	10.339850
1110010	020033	7	7x7	11.632331
1001111	022002	7	7x7	10.339850
1011000	031112	7	7x7	10.339850
0100000	033121	7	7x7	11.632331
1001001	030220	7	7x7	11.632331
0101000	033331	7	7x7	7.754888
1000111	002112	7	7x7	11.632331
1110001	022200	7	7x7	9.047369
1000011	031121	7	7x7	12.924813
1100000	030203	7	7x7	11.632331
0001011	031311	7	7x7	9.047369
1101111	033121	7	7x7	11.632331
1101110	033331	7	7x7	7.754888
1001110	021220	7	7x7	11.632331
1100111	020212	7	7x7	10.339850
0001101	021111	7	7x7	9.047369
0011110	031121	7	7x7	12.924813
0011010	002202	7	7x7	10.339850
1101101	031312	7	7x7	10.339850
1101110	003113	7	7x7	11.632331
0000110	021111	7	7x7	9.047369
0010101	033313	7	7x7	10.339850
0101100	003300	7	7x7	10.339850
0101111	022112	7	7x7	10.339850
1001110	000212	7	7x7	10.339850
1001111	031300	7	7x7	11.632331
1011010	002030	7	7x7	10.339850
0001001	031300	7	7x7	11.632331
0110110	030311	7	7x7	10.339850
1001001	022121	7	7x7	10.339850
1010011	033112	7	7x7	10.339850
1100010	021202	7	7x7	11.632331
0100010	022113	7	7x7	10.339850
1101001	000222	7	7x7	7.754888
1101000	003131	7	7x7	10.339850
0001010	031311	7	7x7	9.047369
0100011	002211	7	7x7	10.339850
1000001	021202	7	7x7	11.632331
1001111	033130	7	7x7	11.632331
0000101	022000	7	7x7	9.047369
1000011	033300	7	7x7	9.047369
0100000	031303	7	7x7	11.632331
1000000	000331	7	7x7	9.047369
1101101	002030	7	7x7	10.339850
1010010	003130	7	7x7	11.632331
1000101	003111	7	7x7	10.339850
0010011	033112	7	7x7	10.339850
0010111	031133	7	7x7	11.632331
0110010	033133	7	7x7	9.047369
1001101	002202	7	7x7	10.339850
0010000	030302	7	7x7	9.047369
0100001	020303	7	7x7	10.339850
1000110	031303	7	7x7	11.632331
1001000	000211	7	7x7	10.339850
1100110	030031	7	7x7	11.632331
0000000	021220	7	7x7	11.632331
1100010	031300	7	7x7	11.632331
1001001	030021	7	7x7	12.924813
0100111	030200	7	7x7	10.339850
0100011	000211	7	7x7	10.339850
1111000	033022	7	7x7	11.632331
0111010	021220	7	7x7	11.632331
1111111	002122	7	7x7	10.339850
1111010	002033	7	7x7	10.339850
0110110	000331	7	7x7	9.047369
1001001	021111	7	7x7	9.047369
0000010	020333	7	7x7	10.339850
1000000	031121	7	7x7	12.924813
0111010	022021	7	7x7	11.632331
1110000	002222	7	7x7	7.754888
0011001	000021	7	7x7	9.047369
1000010	020302	7	7x7	11.632331
0010110	022220	7	7x7	7.754888
1010111	030221	7	7x7	11.632331
0100001	031112	7	7x7	10.339850
1110000	002112	7	7x7	11.632331
1011110	020031	7	7x7	12.924813
1001001	003020	7	7x7	10.339850
1000111	022020	7	7x7	10.339850
1000011	031330	7	7x7	11.632331
1011010	002111	7	7x7	10.339850
1111010	022131	7	7x7	11.632331
0011001	002211	7	7x7	10.339850
1100111	030311	7	7x7	10.339850
1001100	021131	7	7x7	12.924813
0011001	033031	7	7x7	11.632331
0110011	022033	7	7x7	11.632331
0101110	003331	7	7x7	9.047369
1000100	031122	7	7x7	11.632331
0000100	021113	7	7x7	10.339850
1010001	000212	7	7x7	10.339850
0010000	030203	7	7x7	11.632331
1000011	003003	7	7x7	9.047369
0001101	033020	7	7x7	11.632331
1110111	002121	7	7x7	10.339850
0001100	002111	7	7x7	10.339850
0101111	003111	7	7x7	10.339850
1001111	000202	7	7x7	9.047369
0100010	030220	7	7x7	11.632331
0000000	021221	7	7x7	11.632331
1011111	003113	7	7x7	11.632331
1111110	020300	7	7x7	10.339850
1100011	003312	7	7x7	11.632331
0000001	020003	7	7x7	10.339850
1001011	003022	7	7x7	10.339850
0110011	021213	7	7x7	10.339850
0111010	022213	7	7x7	10.339850
1111000	002213	7	7x7	11.632331
1010110	002111	7	7x7	10.339850
0000110	031330	7	7x7	11.632331
1001010	020030	7	7x7	12.924813
1011000	031112	7	7x7	10.339850
1100101	022200	7	7x7	9.047369
0001110	031311	7	7x7	9.047369
0101000	033031	7	7x7	11.632331
1010110	021200	7	7x7	11.632331
0010011	031303	7	7x7	11.632331
0010001	030200	7	7x7	10.339850
1101000	003111	7	7x7	10.339850
0101100	002120	7	7x7	11.632331
0111101	030222	7	7x7	10.339850
0101101	000333	7	7x7	7.754888
0100001	021213	7	7x7	10.339850
0010101	003111	7	7x7	10.339850
1101111	021213	7	7x7	10.339850
1001000	030303	7	7x7	7.754888
1110011	022211	7	7x7	9.047369
1100010	020031	7	7x7	12.924813
1101100	031121	7	7x7	12.924813
0011000	003113	7	7x7	11.632331
0011001	003113	7	7x7	11.632331
1100100	022213	7	7x7	10.339850
0110000	030003	7	7x7	10.339850
0000101	030203	7	7x7	11.632331
0001100	020302	7	7x7	11.632331
0101001	022022	7	7x7	9.047369
1011100	031330	7	7x7	11.632331
0100110	022211	7	7x7	9.047369
0111101	020203	7	7x7	9.047369
1001010	033313	7	7x7	10.339850
1100010	022220	7	7x7	7.754888
0100100	033333	7	7x7	6.462406
1001000	031122	7	7x7	11.632331
1011010	003031	7	7x7	9.047369
1110101	020211	7	7x7	10.339850
1000110	021131	7	7x7	12.924813
0000010	000003	7	7x7	6.462406
0011111	021222	7	7x7	10.339850
1010000	002121	7	7x7	10.339850
0000010	022203	7	7x7	10.339850
0100011	030331	7	7x7	10.339850
0101111	031121	7	7x7	12.924813
0010000	002203	7	7x7	11.632331
0011010	020302	7	7x7	11.632331
0111000	021120	7	7x7	12.924813
0010011	030033	7	7x7	10.339850
1001101	030022	7	7x7	11.632331
1100111	020211	7	7x7	10.339850
0100100	022120	7	7x7	11.632331
1111010	022221	7	7x7	7.754888
1000000	030000	7	7x7	9.047369
0011011	002112	7	7x7	11.632331
1011100	031300	7	7x7	11.632331
0100110	002213	7	7x7	11.632331
1111011	030221	7	7x7	11.632331
1000100	022113	7	7x7	10.339850
0110101	000020	7	7x7	9.047369
1101010	030221	7	7x7	11.632331
0001101	021212	7	7x7	9.047369
1001010	021121	7	7x7	11.632331
0111101	033133	7	7x7	9.047369
1110111	002200	7	7x7	10.339850
0001101	020303	7	7x7	10.339850
0101111	020000	7	7x7	9.047369
1111101	022000	7	7x7	9.047369
1101011	033121	7	7x7	11.632331
0000110	031303	7	7x7	11.632331
0110010	022222	7	7x7	6.462406
1111101	002221	7	7x7	9.047369
0101100	031122	7	7x7	11.632331
0011011	030200	7	7x7	10.339850
1000110	002122	7	7x7	10.339850
0111011	002122	7	7x7	10.339850
1010000	033130	7	7x7	11.632331
0010111	002202	7	7x7	10.339850
1010000	033022	7	7x7	11.632331
0111101	021133	7	7x7	11.632331
1011000	002212	7	7x7	11.632331
0000000	003302	7	7x7	11.632331
0010111	000200	7	7x7	7.754888
0110100	031311	7	7x7	9.047369
0111011	002112	7	7x7	11.632331
1010011	002112	7	7x7	11.632331
0010000	021200	7	7x7	11.632331
0001001	033030	7	7x7	10.339850
1101001	021120	7	7x7	12.924813
0000111	000211	7	7x7	10.339850
1011000	022221	7	7x7	7.754888
0010100	003111	7	7x7	10.339850
1000101	030311	7	7x7	10.339850
0110010	003020	7	7x7	10.339850
0000000	022221	7	7x7	7.754888
1001110	031121	7	7x7	12.924813
0001110	002120	7	7x7	11.632331
1110010	031122	7	7x7	11.632331
0011011	020000	7	7x7	9.047369
0111111	000021	7	7x7	9.047369
0001000	002003	7	7x7	9.047369
0001001	033311	7	7x7	9.047369
0101111	031121	7	7x7	12.924813
1010011	031330	7	7x7	11.632331
1100011	031312	7	7x7	10.339850
0101010	003111	7	7x7	10.339850
0110100	022030	7	7x7	11.632331
1000001	003331	7	7x7	9.047369
1010001	003130	7	7x7	11.632331
0001111	021131	7	7x7	12.924813
0000001	033111	7	7x7	9.047369
0100110	022113	7	7x7	10.339850
0011101	031131	7	7x7	11.632331
0101101	031122	7	7x7	11.632331
1110000	022203	7	7x7	10.339850
1011111	030313	7	7x7	10.339850
0000101	002221	7	7x7	9.047369
1010110	022220	7	7x7	7.754888
0110110	022112	7	7x7	10.339850
1100101	033330	7	7x7	7.754888
1011100	002120	7	7x7	11.632331
0111011	033311	7	7x7	9.047369
0011110	022033	7	7x7	11.632331
1111001	020302	7	7x7	11.632331
1011000	000220	7	7x7	9.047369
0101101	020211	7	7x7	10.339850
1110111	033022	7	7x7	11.632331
1111100	033121	7	7x7	11.632331
1000111	021131	7	7x7	12.924813
1100110	020303	7	7x7	10.339850
0100100	020331	7	7x7	11.632331
0011100	000211	7	7x7	10.339850
0111001	031113	7	7x7	10.339850
1101111	033112	7	7x7	10.339850
1011000	030220	7	7x7	11.632331
0111001	021220	7	7x7	11.632331
1101110	031311	7	7x7	9.047369
1001000	003002	7	7x7	9.047369
1010101	022000	7	7x7	9.047369
0100011	003333	7	7x7	7.754888
0000111	002033	7	7x7	10.339850
1110101	033121	7	7x7	11.632331
1000111	033121	7	7x7	11.632331
0111100	003311	7	7x7	10.339850
1110110	000003	7	7x7	6.462406
1111000	002203	7	7x7	11.632331
0101110	003331	7	7x7	9.047369
1010000	003300	7	7x7	10.339850
1101110	031300	7	7x7	11.632331
0000111	002120	7	7x7	11.632331
0110100	031111	7	7x7	9.047369
1110010	030202	7	7x7	10.339850
0110110	020303	7	7x7	10.339850
0110101	030311	7	7x7	10.339850
0110011	031112	7	7x7	10.339850
0000111	020022	7	7x7	10.339850
0000011	003133	7	7x7	10.339850
1101001	030221	7	7x7	11.632331
1010010	003020	7	7x7	10.339850
1101100	031330	7	7x7	11.632331
0010010	031303	7	7x7	11.632331
1101101	002203	7	7x7	11.632331
1110001	021202	7	7x7	11.632331
0110101	000211	7	7x7	10.339850
0110111	030331	7	7x7	10.339850
0000111	021202	7	7x7	11.632331
1010101	000221	7	7x7	9.047369
1101011	030002	7	7x7	10.339850
1010001	003031	7	7x7	9.047369
1110101	021213	7	7x7	10.339850
1111001	033331	7	7x7	7.754888
0001110	003111	7	7x7	10.339850
1000011	033022	7	7x7	11.632331
1010010	021121	7	7x7	11.632331
1111011	033112	7	7x7	10.339850
0101100	020331	7	7x7	11.632331
1010111	021131	7	7x7	12.924813
1101111	021211	7	7x7	9.047369
0111111	000302	7	7x7	10.339850
0011111	000020	7	7x7	9.047369
1101110	033030	7	7x7	10.339850
0111011	002222	7	7x7	7.754888
0111100	020030	7	7x7	12.924813
1110000	000212	7	7x7	10.339850
1001001	021200	7	7x7	11.632331
1000001	002003	7	7x7	9.047369
0001101	033121	7	7x7	11.632331
1101001	021202	7	7x7	11.632331
1110110	033313	7	7x7	10.339850
0010111	002221	7	7x7	9.047369
1111110	021221	7	7x7	11.632331
1111000	033112	7	7x7	10.339850
1000111	030203	7	7x7	11.632331
0111011	030021	7	7x7	12.924813
1100100	031121	7	7x7	12.924813
0100000	033113	7	7x7	10.339850
1011001	031330	7	7x7	11.632331
0001011	031121	7	7x7	12.924813
0000100	002212	7	7x7	11.632331
1011100	000212	7	7x7	10.339850
1110101	022222	7	7x7	6.462406
1101000	003113	7	7x7	11.632331
0010001	020221	7	7x7	10.339850
0001000	000211	7	7x7	10.339850
0101000	033111	7	7x7	9.047369
1000100	000220	7	7x7	9.047369
0111110	003033	7	7x7	7.754888
1011100	033020	7	7x7	11.632331
1101100	002033	7	7x7	10.339850
0000111	020331	7	7x7	11.632331
0100001	003000	7	7x7	7.754888
0000010	002200	7	7x7	10.339850
1110001	033312	7	7x7	10.339850
0010010	033112	7	7x7	10.339850
0111001	031330	7	7x7	11.632331
1011111	033313	7	7x7	10.339850
1101001	000203	7	7x7	10.339850
0110001	003331	7	7x7	9.047369
1011000	030030	7	7x7	10.339850
1110000	002030	7	7x7	10.339850
0101111	033300	7	7x7	9.047369
0100011	003131	7	7x7	10.339850
1111100	002111	7	7x7	10.339850
1110001	033022	7	7x7	11.632331
0100001	003033	7	7x7	7.754888
0011101	021202	7	7x7	11.632331
0001110	002200	7	7x7	10.339850
1101111	022113	7	7x7	10.339850
1111111	030222	7	7x7	10.339850
0001100	020031	7	7x7	12.924813
1010000	021112	7	7x7	10.339850
1101110	002112	7	7x7	11.632331
0011011	030020	7	7x7	12.924813
1010111	021202	7	7x7	11.632331
0001111	031331	7	7x7	11.632331
0001000	030311	7	7x7	10.339850
1001101	003303	7	7x7	10.339850
1110010	003333	7	7x7	7.754888
1101110	031122	7	7x7	11.632331
0001001	000313	7	7x7	10.339850
0101011	030022	7	7x7	11.632331
0100100	000033	7	7x7	7.754888
0010010	033121	7	7x7	11.632331
1010110	022112	7	7x7	10.339850
1010111	022131	7	7x7	11.632331
0111110	021121	7	7x7	11.632331
1110111	020300	7	7x7	10.339850
0100101	033112	7	7x7	10.339850
0011000	031121	7	7x7	12.924813
0001010	020331	7	7x7	11.632331
0110100	003330	7	7x7	9.047369
0110101	031122	7	7x7	11.632331
1001011	030221	7	7x7	11.632331
1101001	030331	7	7x7	10.339850
1100100	031122	7	7x7	11.632331
1001011	002111	7	7x7	10.339850
0110011	031111	7	7x7	9.047369
1111000	033022	7	7x7	11.632331
1001101	031121	7	7x7	12.924813
1001011	030033	7	7x7	10.339850
1011100	003312	7	7x7	11.632331
1110010	021133	7	7x7	11.632331
1110000	002112	7	7x7	11.632331
1110000	003331	7	7x7	9.047369
0110100	021111	7	7x7	9.047369
0110110	003300	7	7x7	10.339850
1001100	021120	7	7x7	12.924813
0000000	033312	7	7x7	10.339850
0111010	002111	7	7x7	10.339850
1110010	022211	7	7x7	9.047369
1101001	020211	7	7x7	10.339850
0000100	020211	7	7x7	10.339850
1111111	020033	7	7x7	11.632331
1010011	030303	7	7x7	7.754888
0110101	031111	7	7x7	9.047369
1010110	020300	7	7x7	10.339850
0100111	020031	7	7x7	12.924813
0011100	033121	7	7x7	11.632331
1011100	021113	7	7x7	10.339850
1010010	000021	7	7x7	9.047369
0111110	021211	7	7x7	9.047369
1000100	002120	7	7x7	11.632331
1000000	033033	7	7x7	9.047369
0100000	002121	7	7x7	10.339850
0001111	030221	7	7x7	11.632331
0110001	002122	7	7x7	10.339850
0011011	031311	7	7x7	9.047369
0111000	022202	7	7x7	10.339850
0001110	022111	7	7x7	9.047369
0010111	021220	7	7x7	11.632331
1111101	022131	7	7x7	11.632331
1101110	030200	7	7x7	10.339850
0010100	030203	7	7x7	11.632331
0110000	031333	7	7x7	10.339850
0101011	031300	7	7x7	11.632331
0011101	031311	7	7x7	9.047369
0100100	021222	7	7x7	10.339850
1101101	000313	7	7x7	10.339850
1110101	022113	7	7x7	10.339850
0010110	022030	7	7x7	11.632331
1111011	022122	7	7x7	9.047369
0110110	033312	7	7x7	10.339850
1011101	033002	7	7x7	10.339850
0010110	002203	7	7x7	11.632331
1000110	030333	7	7x7	9.047369
1001101	022212	7	7x7	10.339850
0111100	030313	7	7x7	10.339850
0010100	022113	7	7x7	10.339850
1110101	030021	7	7x7	12.924813
1100101	031330	7	7x7	11.632331
0000000	022033	7	7x7	11.632331
1010110	002111	7	7x7	10.339850
0100000	022131	7	7x7	11.632331
1110110	022203	7	7x7	10.339850
0011001	021113	7	7x7	10.339850
0011111	000000	7	7x7	2.584963
1111111	033133	7	7x7	9.047369
1111100	003333	7	7x7	7.754888
1101001	003130	7	7x7	11.632331
0111111	031131	7	7x7	11.632331
1010001	033311	7	7x7	9.047369
1000111	000220	7	7x7	9.047369
0000011	020222	7	7x7	9.047369
0111111	020333	7	7x7	10.339850
1101001	002111	7	7x7	10.339850
0100001	003030	7	7x7	7.754888
1101100	030021	7	7x7	12.924813
1100101	021202	7	7x7	11.632331
0010010	031300	7	7x7	11.632331
0001110	022030	7	7x7	11.632331
1101011	031122	7	7x7	11.632331
0110111	020031	7	7x7	12.924813
1001010	021202	7	7x7	11.632331
1100111	022111	7	7x7	9.047369
1101000	033130	7	7x7	11.632331
0011000	021113	7	7x7	10.339850
1100001	003311	7	7x7	10.339850
0010101	031312	7	7x7	10.339850
0101111	031113	7	7x7	10.339850
0110110	022030	7	7x7	11.632331
0011100	003113	7	7x7	11.632331
1101000	022113	7	7x7	10.339850
0010010	022131	7	7x7	11.632331
1010000	003020	7	7x7	10.339850
0001110	002212	7	7x7	11.632331
1111100	021220	7	7x7	11.632331
1110100	020333	7	7x7	10.339850
0110111	022021	7	7x7	11.632331
1110011	003000	7	7x7	7.754888
0111010	020331	7	7x7	11.632331
1000110	021113	7	7x7	10.339850
1010000	022111	7	7x7	9.047369
0101010	021200	7	7x7	11.632331
1111110	021211	7	7x7	9.047369
0000001	033121	7	7x7	11.632331
1000000	030021	7	7x7	12.924813
1111001	021131	7	7x7	12.924813
0111011	033311	7	7x7	9.047369
1100100	020222	7	7x7	9.047369
0011001	031330	7	7x7	11.632331
0000110	033300	7	7x7	9.047369
0111000	002033	7	7x7	10.339850
1001010	000311	7	7x7	10.339850
1101110	022131	7	7x7	11.632331
0000000	030221	7	7x7	11.632331
1000100	021133	7	7x7	11.632331
0110011	021211	7	7x7	9.047369
0011010	020300	7	7x7	10.339850
0000011	000212	7	7x7	10.339850
0000100	002111	7	7x7	10.339850
1111010	030203	7	7x7	11.632331
0001101	030022	7	7x7	11.632331
0111110	020021	7	7x7	11.632331
1011110	002111	7	7x7	10.339850
1110111	022033	7	7x7	11.632331
0110110	020033	7	7x7	11.632331
0100100	021120	7	7x7	12.924813
1100010	002122	7	7x7	10.339850
1001110	000331	7	7x7	9.047369
1111011	031111	7	7x7	9.047369
0111111	031121	7	7x7	12.924813
0001101	003313	7	7x7	11.632331
1111100	021213	7	7x7	10.339850
1000001	000300	7	7x7	7.754888
1101101	003020	7	7x7	10.339850
0101010	021200	7	7x7	11.632331
0100000	033300	7	7x7	9.047369
1100000	030021	7	7x7	12.924813
1100110	031122	7	7x7	11.632331
0010100	031133	7	7x7	11.632331
0010011	021222	7	7x7	10.339850
0101010	031303	7	7x7	11.632331
1110010	021220	7	7x7	11.632331
0001010	020331	7	7x7	11.632331
0001001	000311	7	7x7	10.339850
0000100	030221	7	7x7	11.632331
1010011	022122	7	7x7	9.047369
0010110	021113	7	7x7	10.339850
1000011	021202	7	7x7	11.632331
1100000	022113	7	7x7	10.339850
0001011	020333	7	7x7	10.339850
0111110	020002	7	7x7	10.339850
1001101	033130	7	7x7	11.632331
1001101	030302	7	7x7	9.047369
1101001	031330	7	7x7	11.632331
1110101	033020	7	7x7	11.632331
1000010	022030	7	7x7	11.632331
1101100	030033	7	7x7	10.339850
1111001	021211	7	7x7	9.047369
0001011	002222	7	7x7	7.754888
1110100	021131	7	7x7	12.924813
1101011	030220	7	7x7	11.632331
0111001	021113	7	7x7	10.339850
1100111	031113	7	7x7	10.339850
1110100	031130	7	7x7	12.924813
1101010	033022	7	7x7	11.632331
0111110	030000	7	7x7	9.047369
1010000	003022	7	7x7	10.339850
0001001	021221	7	7x7	11.632331
1110010	030222	7	7x7	10.339850
0010100	021112	7	7x7	10.339850
0110111	030202	7	7x7	10.339850
0110010	031312	7	7x7	10.339850
0000000	022213	7	7x7	10.339850
0110111	002120	7	7x7	11.632331
0100110	021221	7	7x7	11.632331
1010101	033022	7	7x7	11.632331
1101100	003300	7	7x7	10.339850
1000101	033033	7	7x7	9.047369
0000111	030311	7	7x7	10.339850
1001110	031300	7	7x7	11.632331
1111010	003311	7	7x7	10.339850
0000011	021213	7	7x7	10.339850
0000100	030222	7	7x7	10.339850
0001100	020203	7	7x7	9.047369
1011110	031300	7	7x7	11.632331
1000111	022221	7	7x7	7.754888
1101100	000311	7	7x7	10.339850
1010100	020203	7	7x7	9.047369
0000001	002213	7	7x7	11.632331
1100101	002203	7	7x7	11.632331
0000000	030200	7	7x7	10.339850
0010010	031111	7	7x7	9.047369
0010011	003113	7	7x7	11.632331
0011001	030302	7	7x7	9.047369
0010010	030311	7	7x7	10.339850
1001001	031122	7	7x7	11.632331
1011011	003300	7	7x7	10.339850
0000100	022120	7	7x7	11.632331
1011011	021213	7	7x7	10.339850
0110010	021131	7	7x7	12.924813
1000101	020212	7	7x7	10.339850
0101010	021220	7	7x7	11.632331
1100010	020000	7	7x7	9.047369
1001110	022113	7	7x7	10.339850
0100000	031121	7	7x7	12.924813
1111001	033113	7	7x7	10.339850
1000101	030220	7	7x7	11.632331
1001100	033111	7	7x7	9.047369
1100100	033331	7	7x7	7.754888
1000010	031300	7	7x7	11.632331
1100010	003303	7	7x7	10.339850
0101100	021113	7	7x7	10.339850
0000000	002111	7	7x7	10.339850
1010111	002211	7	7x7	10.339850
1001100	031300	7	7x7	11.632331
1101011	000000	7	7x7	2.584963
0101010	000021	7	7x7	9.047369
0111011	003333	7	7x7	7.754888
1111010	003111	7	7x7	10.339850
1100110	022122	7	7x7	9.047369
0000111	033030	7	7x7	10.339850
0111100	033302	7	7x7	10.339850
0110100	031313	7	7x7	9.047369
0000001	022131	7	7x7	11.632331
0100110	003113	7	7x7	11.632331
0011101	002200	7	7x7	10.339850
1110101	031312	7	7x7	10.339850
1000110	022121	7	7x7	10.339850
1000000	031131	7	7x7	11.632331
0101100	022131	7	7x7	11.632331
1111110	000222	7	7x7	7.754888
0010101	020212	7	7x7	10.339850
1111001	022212	7	7x7	10.339850
1000111	030333	7	7x7	9.047369
0111001	000031	7	7x7	9.047369
1110001	021131	7	7x7	12.924813
1011101	003131	7	7x7	10.339850
1010010	002212	7	7x7	11.632331
1101000	033121	7	7x7	11.632331
0000001	022222	7	7x7	6.462406
0011001	003133	7	7x7	10.339850
1111000	020331	7	7x7	11.632331
1111010	031130	7	7x7	12.924813
1100111	002112	7	7x7	11.632331
0011111	021133	7	7x7	11.632331
1110001	033111	7	7x7	9.047369
1100001	002122	7	7x7	10.339850
1000000	022111	7	7x7	9.047369
1000111	022030	7	7x7	11.632331
0001100	033313	7	7x7	10.339850
0000010	021131	7	7x7	12.924813
0000100	002111	7	7x7	10.339850
0011010	021120	7	7x7	12.924813
1011010	021113	7	7x7	10.339850
1001000	031133	7	7x7	11.632331
0101000	031131	7	7x7	11.632331
1110110	033112	7	7x7	10.339850
0110110	033020	7	7x7	11.632331
0010011	031121	7	7x7	12.924813
1110101	033020	7	7x7	11.632331
1000011	031112	7	7x7	10.339850
1011100	003333	7	7x7	7.754888
0111111	002112	7	7x7	11.632331
1010100	021200	7	7x7	11.632331
0101011	030033	7	7x7	10.339850
0111100	003113	7	7x7	11.632331
1000000	021120	7	7x7	12.924813
0001011	002121	7	7x7	10.339850
0110010	000200	7	7x7	7.754888
1001100	030020	7	7x7	12.924813
0110100	022212	7	7x7	10.339850
1011001	031313	7	7x7	9.047369
0110101	002213	7	7x7	11.632331
0011101	033331	7	7x7	7.754888
0101101	003333	7	7x7	7.754888
0101010	031330	7	7x7	11.632331
1010001	003022	7	7x7	10.339850
1101010	030331	7	7x7	10.339850
1001011	021112	7	7x7	10.339850
0110101	003313	7	7x7	11.632331
1001010	022221	7	7x7	7.754888
1101100	031300	7	7x7	11.632331
1110011	020222	7	7x7	9.047369
0111101	020303	7	7x7	10.339850
0001100	022202	7	7x7	10.339850
0010011	022113	7	7x7	10.339850
0011101	020031	7	7x7	12.924813
1011010	033333	7	7x7	6.462406
1110000	033113	7	7x7	10.339850
1000000	002121	7	7x7	10.339850
1101000	031311	7	7x7	9.047369
1010100	022213	7	7x7	10.339850
0111000	021133	7	7x7	11.632331
1011101	020302	7	7x7	11.632331
1101111	021133	7	7x7	11.632331
0100001	021131	7	7x7	12.924813
1101000	033312	7	7x7	10.339850
0010010	000302	7	7x7	10.339850
1101011	002112	7	7x7	11.632331
1110100	020302	7	7x7	11.632331
1010011	021213	7	7x7	10.339850
1111100	021202	7	7x7	11.632331
0010101	030003	7	7x7	10.339850
1010101	022221	7	7x7	7.754888
0111010	020331	7	7x7	11.632331
0100100	002120	7	7x7	11.632331
0010100	033313	7	7x7	10.339850
1100101	031122	7	7x7	11.632331
0001101	000200	7	7x7	7.754888
0101000	003022	7	7x7	10.339850
1011100	022120	7	7x7	11.632331
0011001	002030	7	7x7	10.339850
0011011	022113	7	7x7	10.339850
1110111	002212	7	7x7	11.632331
0000010	033331	7	7x7	7.754888
1100010	031121	7	7x7	12.924813
1010110	030021	7	7x7	12.924813
1011001	031113	7	7x7	10.339850
1110000	030303	7	7x7	7.754888
1110000	031113	7	7x7	10.339850
1001110	020212	7	7x7	10.339850
1110011	002003	7	7x7	9.047369
1010110	003311	7	7x7	10.339850
0011011	031111	7	7x7	9.047369
1100010	021133	7	7x7	11.632331
1011001	000031	7	7x7	9.047369
0000010	021211	7	7x7	9.047369
0111000	022113	7	7x7	10.339850
1001010	003311	7	7x7	10.339850
0011111	030313	7	7x7	10.339850
1110001	000203	7	7x7	10.339850
1010000	021131	7	7x7	12.924813
0111101	022211	7	7x7	9.047369
1100101	031312	7	7x7	10.339850
0111100	020330	7	7x7	11.632331
0100010	031333	7	7x7	10.339850
1011101	002221	7	7x7	9.047369
0100010	003113	7	7x7	11.632331
1011101	033022	7	7x7	11.632331
1101111	030003	7	7x7	10.339850
0001011	021131	7	7x7	12.924813
1010010	020031	7	7x7	12.924813
0111110	003302	7	7x7	11.632331
1000000	000002	7	7x7	6.462406
0111001	031303	7	7x7	11.632331
0001100	021113	7	7x7	10.339850
0111000	020222	7	7x7	9.047369
0100110	020202	7	7x7	7.754888
0100000	000212	7	7x7	10.339850
1001100	000331	7	7x7	9.047369
1110001	022131	7	7x7	11.632331
1000110	021113	7	7x7	10.339850
0010100	031333	7	7x7	10.339850
1000110	020302	7	7x7	11.632331
1110011	031122	7	7x7	11.632331
1010011	030222	7	7x7	10.339850
1100101	031333	7	7x7	10.339850
1111100	003111	7	7x7	10.339850
0000011	031133	7	7x7	11.632331
1011010	033331	7	7x7	7.754888
0111001	002021	7	7x7	9.047369
0100110	033112	7	7x7	10.339850
0111111	021222	7	7x7	10.339850
1101000	033311	7	7x7	9.047369
1011001	021213	7	7x7	10.339850
0110110	020303	7	7x7	10.339850
0011100	031311	7	7x7	9.047369
1011100	002111	7	7x7	10.339850
0101101	033003	7	7x7	10.339850
0010100	020212	7	7x7	10.339850
1000100	031130	7	7x7	12.924813
0010100	020033	7	7x7	11.632331
0000010	022212	7	7x7	10.339850
0001011	022112	7	7x7	10.339850
0011010	031121	7	7x7	12.924813
1100111	021220	7	7x7	11.632331
0100101	030311	7	7x7	10.339850
0001111	020031	7	7x7	12.924813
0001110	022033	7	7x7	11.632331
1111100	020003	7	7x7	10.339850
0001101	022020	7	7x7	10.339850
1001111	000221	7	7x7	9.047369
0111111	000021	7	7x7	9.047369
1001100	033002	7	7x7	10.339850
0001110	021200	7	7x7	11.632331
0000101	022200	7	7x7	9.047369
0001000	031331	7	7x7	11.632331
0000100	021222	7	7x7	10.339850
0110010	030222	7	7x7	10.339850
0010101	022203	7	7x7	10.339850
0110101	020331	7	7x7	11.632331
1011110	003133	7	7x7	10.339850
0101111	021113	7	7x7	10.339850
0011101	003130	7	7x7	11.632331
0110000	002030	7	7x7	10.339850
1100100	021202	7	7x7	11.632331
1100101	003133	7	7x7	10.339850
1110101	021133	7	7x7	11.632331
1000001	030203	7	7x7	11.632331
1000000	031300	7	7x7	11.632331
1011110	000222	7	7x7	7.754888
0011001	033002	7	7x7	10.339850
0000010	000331	7	7x7	9.047369
0010110	031330	7	7x7	11.632331
0110101	033111	7	7x7	9.047369
0101111	000222	7	7x7	7.754888
1100011	002211	7	7x7	10.339850
0011101	021113	7	7x7	10.339850
1110010	033133	7	7x7	9.047369
0001010	020200	7	7x7	7.754888
0111101	021112	7	7x7	10.339850
0100101	033121	7	7x7	11.632331
1110011	030003	7	7x7	10.339850
1111101	021202	7	7x7	11.632331
0001000	003300	7	7x7	10.339850
1010001	021131	7	7x7	12.924813
1101001	030003	7	7x7	10.339850
0010111	021113	7	7x7	10.339850
0000101	020030	7	7x7	12.924813
0101111	020022	7	7x7	10.339850
1000110	030020	7	7x7	12.924813
1100111	031122	7	7x7	11.632331
0010100	003022	7	7x7	10.339850
1011100	033022	7	7x7	11.632331
1010110	033000	7	7x7	9.047369
1111000	022022	7	7x7	9.047369
0000100	020003	7	7x7	10.339850
1011101	003312	7	7x7	11.632331
0111011	000021	7	7x7	9.047369
0110101	021202	7	7x7	11.632331
0011011	002111	7	7x7	10.339850
1000101	031303	7	7x7	11.632331
0011100	000221	7	7x7	9.047369
0100010	033121	7	7x7	11.632331
1110100	021122	7	7x7	11.632331
0111010	003330	7	7x7	9.047369
0111100	022222	7	7x7	6.462406
1100010	021133	7	7x7	11.632331
0000111	030221	7	7x7	11.632331
1111111	031122	7	7x7	11.632331
0101110	002220	7	7x7	9.047369
0111001	003333	7	7x7	7.754888
1010011	020211	7	7x7	10.339850
1011110	021202	7	7x7	11.632331
0101100	000311	7	7x7	10.339850
0110011	003300	7	7x7	10.339850
0000000	030022	7	7x7	11.632331
1111000	003111	7	7x7	10.339850
1101111	020033	7	7x7	11.632331
0100100	002112	7	7x7	11.632331
1111000	000221	7	7x7	9.047369
1011000	002202	7	7x7	10.339850
1100101	002002	7	7x7	9.047369
0100010	000022	7	7x7	7.754888
1110111	021220	7	7x7	11.632331
1000111	030221	7	7x7	11.632331
0111100	003312	7	7x7	11.632331
0001111	002111	7	7x7	10.339850
0100111	033000	7	7x7	9.047369
0100100	020203	7	7x7	9.047369
0001010	002020	7	7x7	7.754888
0001100	021113	7	7x7	10.339850
0000111	022203	7	7x7	10.339850
0010010	021220	7	7x7	11.632331
0100000	033311	7	7x7	9.047369
0100000	000313	7	7x7	10.339850
0101000	020020	7	7x7	10.339850
0110010	021131	7	7x7	12.924813
1011110	030221	7	7x7	11.632331
0110110	031122	7	7x7	11.632331
0011101	003111	7	7x7	10.339850
0101000	033112	7	7x7	10.339850
0000000	000202	7	7x7	9.047369
1111110	022203	7	7x7	10.339850
0011100	031300	7	7x7	11.632331
0001101	030330	7	7x7	10.339850
1000001	021113	7	7x7	10.339850
1011000	021220	7	7x7	11.632331
0000000	003000	7	7x7	7.754888
0010001	020333	7	7x7	10.339850
1001110	021133	7	7x7	11.632331
0110100	000033	7	7x7	7.754888
1010000	031330	7	7x7	11.632331
1000100	031330	7	7x7	11.632331
0000111	033031	7	7x7	11.632331
0111110	002111	7	7x7	10.339850
0010101	033030	7	7x7	10.339850
1110000	021121	7	7x7	11.632331
0101100	000022	7	7x7	7.754888
0011000	000222	7	7x7	7.754888
0000100	002202	7	7x7	10.339850
0101000	000030	7	7x7	9.047369
1000100	022112	7	7x7	10.339850
1101001	003022	7	7x7	10.339850
0101011	020303	7	7x7	10.339850
1010000	021202	7	7x7	11.632331
0100101	021221	7	7x7	11.632331
1011101	022131	7	7x7	11.632331
1111011	033121	7	7x7	11.632331
1111010	003131	7	7x7	10.339850
1000000	030203	7	7x7	11.632331
1001100	033331	7	7x7	7.754888
1010111	020033	7	7x7	11.632331
0101100	030311	7	7x7	10.339850
0011011	003331	7	7x7	9.047369
0100010	030222	7	7x7	10.339850
1101001	022213	7	7x7	10.339850
1011110	031111	7	7x7	9.047369
0001110	003113	7	7x7	11.632331
1011011	022033	7	7x7	11.632331
1111011	002120	7	7x7	11.632331
1110011	021113	7	7x7	10.339850
0010010	031311	7	7x7	9.047369
0011110	030221	7	7x7	11.632331
1111000	000203	7	7x7	10.339850
0111010	031311	7	7x7	9.047369
0111000	021222	7	7x7	10.339850
0111110	021113	7	7x7	10.339850
1000011	000311	7	7x7	10.339850
0100101	020221	7	7x7	10.339850
0000011	033131	7	7x7	10.339850
1011111	020331	7	7x7	11.632331
0010110	020211	7	7x7	10.339850
1010010	031113	7	7x7	10.339850
1111101	002220	7	7x7	9.047369
0100111	030302	7	7x7	9.047369
0010100	020303	7	7x7	10.339850
1010000	021222	7	7x7	10.339850
0101000	021133	7	7x7	11.632331
0101001	033030	7	7x7	10.339850
1000111	000033	7	7x7	7.754888
0001010	002122	7	7x7	10.339850
1101101	022030	7	7x7	11.632331
0100000	031121	7	7x7	12.924813
1100111	021121	7	7x7	11.632331
0101100	022113	7	7x7	10.339850
0110010	022003	7	7x7	10.339850
0000110	003022	7	7x7	10.339850
0010111	033331	7	7x7	7.754888
1011110	030000	7	7x7	9.047369
1111110	031133	7	7x7	11.632331
1011100	003022	7	7x7	10.339850
0000000	021121	7	7x7	11.632331
0001000	003111	7	7x7	10.339850
0101010	021211	7	7x7	9.047369
1000010	033300	7	7x7	9.047369
0100001	003111	7	7x7	10.339850
1110111	002120	7	7x7	11.632331
0000011	000221	7	7x7	9.047369
1110010	000212	7	7x7	10.339850
1010111	031303	7	7x7	11.632331
1001011	022213	7	7x7	10.339850
0000000	003111	7	7x7	10.339850
0011101	022131	7	7x7	11.632331
1100111	003113	7	7x7	11.632331
0010100	022022	7	7x7	9.047369
1101011	000311	7	7x7	10.339850
1101011	033311	7	7x7	9.047369
1010100	021120	7	7x7	12.924813
1001100	033302	7	7x7	10.339850
1011111	002111	7	7x7	10.339850
0011011	022213	7	7x7	10.339850
1010111	000211	7	7x7	10.339850
1001100	021221	7	7x7	11.632331
1111010	000330	7	7x7	9.047369
0110110	000211	7	7x7	10.339850
0110111	000202	7	7x7	9.047369
0111001	031330	7	7x7	11.632331
1010101	003020	7	7x7	10.339850
0011101	022222	7	7x7	6.462406
0010100	020030	7	7x7	12.924813
1110010	031130	7	7x7	12.924813
0100000	020300	7	7x7	10.339850
0011101	030020	7	7x7	12.924813
1111000	022111	7	7x7	9.047369
1110100	021200	7	7x7	11.632331
0111110	021121	7	7x7	11.632331
0011011	020022	7	7x7	10.339850
0001001	003130	7	7x7	11.632331
1001101	003002	7	7x7	9.047369
0001110	020300	7	7x7	10.339850
0010101	030002	7	7x7	10.339850
1110001	000202	7	7x7	9.047369
1100000	021222	7	7x7	10.339850
0100100	000003	7	7x7	6.462406
1110100	022203	7	7x7	10.339850
1101000	021120	7	7x7	12.924813
1011110	022000	7	7x7	9.047369
0110111	002030	7	7x7	10.339850
0110110	002111	7	7x7	10.339850
0111000	000030	7	7x7	9.047369
1110100	033121	7	7x7	11.632331
0111011	021131	7	7x7	12.924813
0101010	002003	7	7x7	9.047369
1101001	022033	7	7x7	11.632331
1110000	031330	7	7x7	11.632331
0110110	031300	7	7x7	11.632331
0001111	031303	7	7x7	11.632331
0011000	020033	7	7x7	11.632331
1111000	021200	7	7x7	11.632331
1101001	021200	7	7x7	11.632331
1110100	033030	7	7x7	10.339850
0000111	022033	7	7x7	11.632331
1001000	021220	7	7x7	11.632331
1101001	031121	7	7x7	12.924813
0110110	002212	7	7x7	11.632331
1011010	002212	7	7x7	11.632331
1010110	030311	7	7x7	10.339850
1111101	021133	7	7x7	11.632331
1100101	030021	7	7x7	12.924813
1100101	002022	7	7x7	7.754888
1100110	031331	7	7x7	11.632331
0001111	002033	7	7x7	10.339850
1100100	021113	7	7x7	10.339850
1101100	000302	7	7x7	10.339850
1101000	000203	7	7x7	10.339850
1110110	022000	7	7x7	9.047369
0100000	002211	7	7x7	10.339850
1110110	021200	7	7x7	11.632331
1001001	031121	7	7x7	12.924813
1110110	022203	7	7x7	10.339850
0111101	021200	7	7x7	11.632331
0111000	021133	7	7x7	11.632331
1111101	030333	7	7x7	9.047369
0011001	002111	7	7x7	10.339850
0001100	020031	7	7x7	12.924813
1110111	031303	7	7x7	11.632331
1100110	002220	7	7x7	9.047369
0010111	021200	7	7x7	11.632331
0011000	000220	7	7x7	9.047369
1001111	003020	7	7x7	10.339850
0101001	033022	7	7x7	11.632331
0001000	030313	7	7x7	10.339850
0101111	000031	7	7x7	9.047369
1001101	033133	7	7x7	9.047369
0100010	033300	7	7x7	9.047369
1010100	031122	7	7x7	11.632331
1101101	020003	7	7x7	10.339850
0111111	003130	7	7x7	11.632331
1100000	033312	7	7x7	10.339850
1110011	002112	7	7x7	11.632331
1100000	003331	7	7x7	9.047369
0010010	000331	7	7x7	9.047369
1110111	022212	7	7x7	10.339850
1111000	002212	7	7x7	11.632331
0001010	021213	7	7x7	10.339850
0000011	031111	7	7x7	9.047369
0100010	020002	7	7x7	10.339850
1010000	022131	7	7x7	11.632331
0100001	021120	7	7x7	12.924813
1101100	003333	7	7x7	7.754888
0111011	020333	7	7x7	10.339850
0001101	000212	7	7x7	10.339850
1110010	021131	7	7x7	12.924813
1111010	002112	7	7x7	11.632331
1000000	031111	7	7x7	9.047369
0011011	002022	7	7x7	7.754888
1101010	031121	7	7x7	12.924813
1011101	003020	7	7x7	10.339850
0101011	030330	7	7x7	10.339850
0100001	022112	7	7x7	10.339850
0100101	020020	7	7x7	10.339850
1000010	031330	7	7x7	11.632331
1000001	022131	7	7x7	11.632331
1000110	000333	7	7x7	7.754888
0111010	021200	7	7x7	11.632331
0011001	030300	7	7x7	7.754888
0101010	021212	7	7x7	9.047369
0001101	003133	7	7x7	10.339850
1001001	002000	7	7x7	7.754888
1011111	030203	7	7x7	11.632331
0010101	020211	7	7x7	10.339850
1011110	033312	7	7x7	10.339850
0001111	021211	7	7x7	9.047369
1110110	033121	7	7x7	11.632331
1010100	031121	7	7x7	12.924813
1011110	002111	7	7x7	10.339850
0011111	022211	7	7x7	9.047369
0001110	002213	7	7x7	11.632331
1111111	003333	7	7x7	7.754888
1101000	000200	7	7x7	7.754888
0000000	022221	7	7x7	7.754888
1111111	033000	7	7x7	9.047369
1101001	020302	7	7x7	11.632331
0110001	031313	7	7x7	9.047369
0111011	021121	7	7x7	11.632331
0101011	021221	7	7x7	11.632331
0110000	000221	7	7x7	9.047369
0111111	003111	7	7x7	10.339850
0010011	022003	7	7x7	10.339850
1010110	002111	7	7x7	10.339850
0110100	033022	7	7x7	11.632331
0111111	031300	7	7x7	11.632331
0000100	000212	7	7x7	10.339850
0110011	022212	7	7x7	10.339850
0001001	033121	7	7x7	11.632331
0011101	022211	7	7x7	9.047369
0001010	021113	7	7x7	10.339850
0100100	021211	7	7x7	9.047369
1101111	031312	7	7x7	10.339850
1011101	031331	7	7x7	11.632331
1000010	021200	7	7x7	11.632331
0011111	020002	7	7x7	10.339850
0011000	002020	7	7x7	7.754888
1001000	030222	7	7x7	10.339850
1110000	002003	7	7x7	9.047369
1011000	033121	7	7x7	11.632331
1100001	031313	7	7x7	9.047369
1010111	020333	7	7x7	10.339850
0011100	020303	7	7x7	10.339850
0100101	031133	7	7x7	11.632331
0010010	003133	7	7x7	10.339850
1011100	031122	7	7x7	11.632331
0110110	020211	7	7x7	10.339850
0010011	031111	7	7x7	9.047369
0001000	000212	7	7x7	10.339850
1111110	031311	7	7x7	9.047369
0100010	002030	7	7x7	10.339850
0110000	022022	7	7x7	9.047369
1100101	002211	7	7x7	10.339850
1011010	020220	7	7x7	10.339850
0011000	021202	7	7x7	11.632331
0111111	031133	7	7x7	11.632331
0011010	000211	7	7x7	10.339850
1001110	021200	7	7x7	11.632331
0100011	022131	7	7x7	11.632331
1100111	003303	7	7x7	10.339850
0101000	000303	7	7x7	9.047369
0111110	033121	7	7x7	11.632331
0000111	002120	7	7x7	11.632331
0111101	003111	7	7x7	10.339850
0100011	022221	7	7x7	7.754888
0101111	030302	7	7x7	9.047369
0100000	003133	7	7x7	10.339850
1001010	022111	7	7x7	9.047369
1000101	022131	7	7x7	11.632331
0001011	003111	7	7x7	10.339850
0011000	003300	7	7x7	10.339850
1101100	021133	7	7x7	11.632331
1001000	002021	7	7x7	9.047369
1010010	033331	7	7x7	7.754888
1001111	021200	7	7x7	11.632331
1000011	002211	7	7x7	10.339850
0100010	033302	7	7x7	10.339850
0001011	021211	7	7x7	9.047369
0000110	020022	7	7x7	10.339850
0010101	021222	7	7x7	10.339850
1001101	033002	7	7x7	10.339850
0001100	021131	7	7x7	12.924813
0101110	033333	7	7x7	6.462406
0111110	031303	7	7x7	11.632331
0111111	021200	7	7x7	11.632331
0011100	003312	7	7x7	11.632331
1000010	031130	7	7x7	12.924813
0011110	022131	7	7x7	11.632331
1101011	002111	7	7x7	10.339850
0010001	021200	7	7x7	11.632331
0010100	021220	7	7x7	11.632331
1010101	000333	7	7x7	7.754888
1100001	030303	7	7x7	7.754888
1111001	003133	7	7x7	10.339850
0000001	002221	7	7x7	9.047369
0010100	033312	7	7x7	10.339850
1000100	003131	7	7x7	10.339850
1000001	031331	7	7x7	11.632331
1010110	021202	7	7x7	11.632331
0010100	030021	7	7x7	12.924813
1101110	000030	7	7x7	9.047369
1011011	031113	7	7x7	10.339850
0111011	030022	7	7x7	11.632331
1110001	020033	7	7x7	11.632331
0111110	021222	7	7x7	10.339850
0110001	031121	7	7x7	12.924813
0011000	003130	7	7x7	11.632331
0101110	022131	7	7x7	11.632331
1100000	030020	7	7x7	12.924813
0100000	031121	7	7x7	12.924813
0000010	033131	7	7x7	10.339850
0110101	020211	7	7x7	10.339850
0011001	003111	7	7x7	10.339850
0110010	031121	7	7x7	12.924813
0111011	002203	7	7x7	11.632331
1000100	033121	7	7x7	11.632331
1111001	031300	7	7x7	11.632331
1001000	030333	7	7x7	9.047369
1111100	003111	7	7x7	10.339850
0000011	003311	7	7x7	10.339850
0110011	021220	7	7x7	11.632331
0111111	000033	7	7x7	7.754888
0110101	002112	7	7x7	11.632331
0101101	031112	7	7x7	10.339850
0111001	003311	7	7x7	10.339850
0101100	030313	7	7x7	10.339850
1111100	020211	7	7x7	10.339850
1011101	022033	7	7x7	11.632331
1011011	033112	7	7x7	10.339850
0110000	021133	7	7x7	11.632331
1101111	003113	7	7x7	11.632331
1101011	003131	7	7x7	10.339850
0111011	033312	7	7x7	10.339850
1100000	022111	7	7x7	9.047369
1101110	003331	7	7x7	9.047369
0011000	000221	7	7x7	9.047369
0111000	002112	7	7x7	11.632331
0011110	020331	7	7x7	11.632331
0101000	003333	7	7x7	7.754888
1100100	020333	7	7x7	10.339850
1100010	002021	7	7x7	9.047369
0000011	002220	7	7x7	9.047369
0010000	021220	7	7x7	11.632331
1110100	003020	7	7x7	10.339850
0111110	000302	7	7x7	10.339850
1010011	031331	7	7x7	11.632331
0111011	022220	7	7x7	7.754888
0110110	033130	7	7x7	11.632331
0011001	031131	7	7x7	11.632331
0101111	002111	7	7x7	10.339850
0011100	003113	7	7x7	11.632331
0010110	003130	7	7x7	11.632331
1001110	031311	7	7x7	9.047369
0100111	003330	7	7x7	9.047369
0010011	000033	7	7x7	7.754888
1111000	030200	7	7x7	10.339850
1000011	022200	7	7x7	9.047369
1001001	031331	7	7x7	11.632331
1110111	020200	7	7x7	7.754888
0100000	022212	7	7x7	10.339850
0000001	003113	7	7x7	11.632331
0101000	021220	7	7x7	11.632331
1000010	020002	7	7x7	10.339850
0111100	031333	7	7x7	10.339850
1110100	031303	7	7x7	11.632331
1010001	022200	7	7x7	9.047369
0001001	033331	7	7x7	7.754888
1101111	022113	7	7x7	10.339850
1010011	030300	7	7x7	7.754888
1011010	033033	7	7x7	9.047369
0111101	002213	7	7x7	11.632331
0001111	021121	7	7x7	11.632331
1000010	003113	7	7x7	11.632331
0111010	021112	7	7x7	10.339850
1010101	031313	7	7x7	9.047369
1100111	020302	7	7x7	11.632331
1000001	003111	7	7x7	10.339850
0110111	031112	7	7x7	10.339850
0100000	033311	7	7x7	9.047369
1010111	002111	7	7x7	10.339850
0111010	021221	7	7x7	11.632331
0101111	000311	7	7x7	10.339850
0110111	002200	7	7x7	10.339850
1000010	031113	7	7x7	10.339850
1111111	022131	7	7x7	11.632331
0011101	031303	7	7x7	11.632331
0111001	022020	7	7x7	10.339850
0110000	020333	7	7x7	10.339850
1010000	031112	7	7x7	10.339850
1011110	022222	7	7x7	6.462406
0110001	030222	7	7x7	10.339850
1101110	030221	7	7x7	11.632331
1011111	022111	7	7x7	9.047369
0111101	021200	7	7x7	11.632331
0010010	000000	7	7x7	2.584963
0011110	022220	7	7x7	7.754888
0101000	002112	7	7x7	11.632331
0110101	021131	7	7x7	12.924813
0001100	031121	7	7x7	12.924813
1111001	021220	7	7x7	11.632331
0000110	021112	7	7x7	10.339850
1011111	022202	7	7x7	10.339850
0110001	021221	7	7x7	11.632331
0000110	030003	7	7x7	10.339850
0110110	003130	7	7x7	11.632331
0111010	031313	7	7x7	9.047369
1000010	030021	7	7x7	12.924813
0100111	030030	7	7x7	10.339850
0100100	000303	7	7x7	9.047369
1011101	031333	7	7x7	10.339850
0001001	003030	7	7x7	7.754888
1101100	000212	7	7x7	10.339850
1100111	002111	7	7x7	10.339850
1101111	003311	7	7x7	10.339850
1001001	020000	7	7x7	9.047369
1001100	002121	7	7x7	10.339850
0010100	031313	7	7x7	9.047369
1000101	022221	7	7x7	7.754888
0011110	030203	7	7x7	11.632331
1010110	021122	7	7x7	11.632331
0111110	021131	7	7x7	12.924813
0110010	031133	7	7x7	11.632331
0101101	031121	7	7x7	12.924813
0010010	022212	7	7x7	10.339850
0011101	033031	7	7x7	11.632331
1001001	003002	7	7x7	9.047369
0010100	030222	7	7x7	10.339850
1010000	002111	7	7x7	10.339850
0001000	031121	7	7x7	12.924813
1100011	033311	7	7x7	9.047369
0101001	003113	7	7x7	11.632331
1001010	021121	7	7x7	11.632331
0011011	030203	7	7x7	11.632331
0100101	000221	7	7x7	9.047369
1101001	002122	7	7x7	10.339850
1001011	031303	7	7x7	11.632331
0110101	002121	7	7x7	10.339850
0111000	000031	7	7x7	9.047369
0011000	000200	7	7x7	7.754888
0011001	031112	7	7x7	10.339850
1111110	002022	7	7x7	7.754888
0111000	031303	7	7x7	11.632331
0101101	022030	7	7x7	11.632331
0000101	022111	7	7x7	9.047369
1101110	002112	7	7x7	11.632331
1110000	020212	7	7x7	10.339850
0000101	021222	7	7x7	10.339850
1000001	022211	7	7x7	9.047369
0100001	002213	7	7x7	11.632331
1110110	021133	7	7x7	11.632331
0000111	022131	7	7x7	11.632331
1111110	020203	7	7x7	9.047369
0011011	031122	7	7x7	11.632331
0110011	021200	7	7x7	11.632331
1101100	022033	7	7x7	11.632331
1111100	002112	7	7x7	11.632331
0110001	030222	7	7x7	10.339850
1110001	003022	7	7x7	10.339850
1001110	030002	7	7x7	10.339850
1010000	030202	7	7x7	10.339850
0110101	033130	7	7x7	11.632331
0010101	022221	7	7x7	7.754888
1110001	030203	7	7x7	11.632331
1001000	022221	7	7x7	7.754888
0000100	021133	7	7x7	11.632331
0011011	031111	7	7x7	9.047369
0100011	020331	7	7x7	11.632331
0111100	033020	7	7x7	11.632331
0111110	000203	7	7x7	10.339850
0001011	020222	7	7x7	9.047369
1001001	022022	7	7x7	9.047369
1000010	020333	7	7x7	10.339850
0100010	030033	7	7x7	10.339850
1110110	000311	7	7x7	10.339850
0000111	002030	7	7x7	10.339850
0000010	003333	7	7x7	7.754888
1001110	030311	7	7x7	10.339850
0110111	000033	7	7x7	7.754888
0111011	002030	7	7x7	10.339850
0110100	000221	7	7x7	9.047369
0001001	003111	7	7x7	10.339850
0001000	030331	7	7x7	10.339850
1101101	022111	7	7x7	9.047369
0100101	031112	7	7x7	10.339850
1000100	000211	7	7x7	10.339850
0110000	022213	7	7x7	10.339850
1000010	031300	7	7x7	11.632331
0011101	033020	7	7x7	11.632331
1001110	021111	7	7x7	9.047369
1100100	033002	7	7x7	10.339850
0111100	021202	7	7x7	11.632331
1001010	003130	7	7x7	11.632331
0110111	031130	7	7x7	12.924813
1101110	033121	7	7x7	11.632331
0101011	002033	7	7x7	10.339850
1000111	000033	7	7x7	7.754888
1100101	033131	7	7x7	10.339850
1100110	000033	7	7x7	7.754888
1101110	003311	7	7x7	10.339850
1101110	031122	7	7x7	11.632331
1001111	031122	7	7x7	11.632331
1100011	000211	7	7x7	10.339850
1100011	031303	7	7x7	11.632331
1000101	022213	7	7x7	10.339850
0110001	031112	7	7x7	10.339850
0010110	031113	7	7x7	10.339850
1100001	033331	7	7x7	7.754888
0001011	000200	7	7x7	7.754888
1101001	002112	7	7x7	11.632331
1111111	000211	7	7x7	10.339850
0100111	030302	7	7x7	9.047369
1100000	002112	7	7x7	11.632331
0110110	030200	7	7x7	10.339850
0010000	021202	7	7x7	11.632331
0111100	003113	7	7x7	11.632331
0111010	030222	7	7x7	10.339850
0000001	033130	7	7x7	11.632331
1010100	020300	7	7x7	10.339850
0001010	033111	7	7x7	9.047369
1101101	031300	7	7x7	11.632331
0011100	000222	7	7x7	7.754888
1010100	030203	7	7x7	11.632331
0000111	022002	7	7x7	10.339850
0101100	000221	7	7x7	9.047369
0000100	002033	7	7x7	10.339850
0000010	033121	7	7x7	11.632331
1100011	030031	7	7x7	11.632331
0111101	021202	7	7x7	11.632331
0100000	030220	7	7x7	11.632331
0111001	031122	7	7x7	11.632331
0111100	021112	7	7x7	10.339850
0000101	003133	7	7x7	10.339850
0010001	021213	7	7x7	10.339850
0000001	020221	7	7x7	10.339850
0110111	000021	7	7x7	9.047369
0010101	002222	7	7x7	7.754888
0101001	031122	7	7x7	11.632331
0000010	021113	7	7x7	10.339850
0101111	020300	7	7x7	10.339850
1100001	022112	7	7x7	10.339850
0100000	002200	7	7x7	10.339850
1010110	020220	7	7x7	10.339850
0101111	020302	7	7x7	11.632331
1100110	002021	7	7x7	9.047369
0111010	021122	7	7x7	11.632331
1110111	020330	7	7x7	11.632331
1011001	000220	7	7x7	9.047369
0010111	021200	7	7x7	11.632331
1100001	000000	7	7x7	2.584963
1010100	033330	7	7x7	7.754888
1101010	020331	7	7x7	11.632331
1111000	020212	7	7x7	10.339850
0111111	000212	7	7x7	10.339850
1001100	030333	7	7x7	9.047369
0000001	000221	7	7x7	9.047369
0101001	002021	7	7x7	9.047369
0011000	003300	7	7x7	10.339850
1011111	003131	7	7x7	10.339850
1011111	003033	7	7x7	7.754888
1010110	030020	7	7x7	12.924813
0000010	002202	7	7x7	10.339850
1010000	002021	7	7x7	9.047369
1001011	003111	7	7x7	10.339850
1000010	021113	7	7x7	10.339850
1001101	003031	7	7x7	9.047369
0001001	020303	7	7x7	10.339850
0000011	003130	7	7x7	11.632331
0110010	030311	7	7x7	10.339850
0001101	020303	7	7x7	10.339850
1010010	021220	7	7x7	11.632331
0011110	003130	7	7x7	11.632331
0001011	031303	7	7x7	11.632331
1010111	033130	7	7x7	11.632331
1111100	002122	7	7x7	10.339850
0101110	021200	7	7x7	11.632331
0100010	020031	7	7x7	12.924813
1111110	031300	7	7x7	11.632331
1010111	002003	7	7x7	9.047369
0011001	031112	7	7x7	10.339850
1110001	020211	7	7x7	10.339850
0101110	030220	7	7x7	11.632331
1100110	021220	7	7x7	11.632331
1110100	002200	7	7x7	10.339850
1000001	000313	7	7x7	10.339850
0101011	002221	7	7x7	9.047369
1000001	003331	7	7x7	9.047369
0000111	033020	7	7x7	11.632331
0110100	031121	7	7x7	12.924813
0010001	033003	7	7x7	10.339850
0100001	031113	7	7x7	10.339850
1110001	021133	7	7x7	11.632331
0101011	003303	7	7x7	10.339850
1001111	031300	7	7x7	11.632331
1011011	033020	7	7x7	11.632331
1000110	031300	7	7x7	11.632331
1010100	000021	7	7x7	9.047369
1110011	002033	7	7x7	10.339850
1101011	021121	7	7x7	11.632331
0111001	022212	7	7x7	10.339850
0001101	021120	7	7x7	12.924813
0110110	020333	7	7x7	10.339850
1010100	003113	7	7x7	11.632331
0001110	022030	7	7x7	11.632331
0100101	020333	7	7x7	10.339850
0010101	022200	7	7x7	9.047369
1111000	000021	7	7x7	9.047369
1100000	002121	7	7x7	10.339850
1100011	021112	7	7x7	10.339850
0011111	020302	7	7x7	11.632331
1101111	031122	7	7x7	11.632331
1111011	022002	7	7x7	10.339850
1000010	022122	7	7x7	9.047369
0000000	033022	7	7x7	11.632331
1000110	030202	7	7x7	10.339850
0010100	022212	7	7x7	10.339850
1110100	022030	7	7x7	11.632331
1000100	033331	7	7x7	7.754888
0111011	021200	7	7x7	11.632331
0101101	033331	7	7x7	7.754888
0001011	002122	7	7x7	10.339850
1100111	033333	7	7x7	6.462406
1001001	002203	7	7x7	11.632331
1100011	021113	7	7x7	10.339850
1011111	031122	7	7x7	11.632331
0110011	021202	7	7x7	11.632331
1100001	033302	7	7x7	10.339850
0100111	031300	7	7x7	11.632331
1000000	022000	7	7x7	9.047369
1100110	021122	7	7x7	11.632331
1010110	020222	7	7x7	9.047369
1010100	031121	7	7x7	12.924813
0001111	003111	7	7x7	10.339850
0010010	033020	7	7x7	11.632331
1101110	020222	7	7x7	9.047369
0000101	003312	7	7x7	11.632331
1010110	002033	7	7x7	10.339850
1011111	000211	7	7x7	10.339850
0110100	022211	7	7x7	9.047369
0010100	022033	7	7x7	11.632331
0110101	031121	7	7x7	12.924813
1111101	030200	7	7x7	10.339850
1001011	000211	7	7x7	10.339850
1111110	002112	7	7x7	11.632331
1100110	033303	7	7x7	10.339850
0111111	033033	7	7x7	9.047369
1111110	020222	7	7x7	9.047369
1110011	002111	7	7x7	10.339850
0000010	000220	7	7x7	9.047369
0111011	021200	7	7x7	11.632331
1111000	022220	7	7x7	7.754888
0011111	030311	7	7x7	10.339850
0001010	021122	7	7x7	11.632331
1111011	002033	7	7x7	10.339850
0001001	030202	7	7x7	10.339850
0110100	000311	7	7x7	10.339850
0001100	021213	7	7x7	10.339850
1100111	003113	7	7x7	11.632331
1001010	003312	7	7x7	11.632331
1011000	033112	7	7x7	10.339850
1010101	020031	7	7x7	12.924813
0110101	030333	7	7x7	9.047369
1011000	000003	7	7x7	6.462406
1101001	022212	7	7x7	10.339850
1100101	020211	7	7x7	10.339850
0010010	000311	7	7x7	10.339850
0110111	002030	7	7x7	10.339850
1010101	022020	7	7x7	10.339850
1001101	002111	7	7x7	10.339850
0111010	031300	7	7x7	11.632331
0011110	031333	7	7x7	10.339850
0011010	000331	7	7x7	9.047369
0010010	031311	7	7x7	9.047369
1100110	000003	7	7x7	6.462406
1001111	020331	7	7x7	11.632331
1110101	033111	7	7x7	9.047369
1011110	030200	7	7x7	10.339850
0011010	000031	7	7x7	9.047369
1011111	033331	7	7x7	7.754888
1100000	021113	7	7x7	10.339850
1001011	000030	7	7x7	9.047369
0100111	021133	7	7x7	11.632331
0000000	022131	7	7x7	11.632331
0101101	021211	7	7x7	9.047369
1000000	031311	7	7x7	9.047369
0101011	000311	7	7x7	10.339850
1010110	000211	7	7x7	10.339850
0111100	020003	7	7x7	10.339850
0101000	000211	7	7x7	10.339850
1010010	000221	7	7x7	9.047369
1010010	030000	7	7x7	9.047369
0100111	003002	7	7x7	9.047369
1010011	030030	7	7x7	10.339850
0010011	020330	7	7x7	11.632331
1101011	031333	7	7x7	10.339850
1000111	021212	7	7x7	9.047369
1001110	033112	7	7x7	10.339850
1000010	002213	7	7x7	11.632331
1010010	000311	7	7x7	10.339850
0010101	030221	7	7x7	11.632331
0010111	031303	7	7x7	11.632331
0010011	000211	7	7x7	10.339850
1100011	033121	7	7x7	11.632331
0000100	003033	7	7x7	7.754888
0010001	020020	7	7x7	10.339850
0110101	022022	7	7x7	9.047369
0010111	030311	7	7x7	10.339850
1110001	022211	7	7x7	9.047369
0110101	031300	7	7x7	11.632331
1001110	031312	7	7x7	10.339850
0100100	003111	7	7x7	10.339850
0101110	003313	7	7x7	11.632331
1101100	021220	7	7x7	11.632331
0100111	022111	7	7x7	9.047369
0000010	003113	7	7x7	11.632331
1000101	031121	7	7x7	12.924813
1101111	021113	7	7x7	10.339850
0001110	031113	7	7x7	10.339850
0110101	002112	7	7x7	11.632331
1100001	033130	7	7x7	11.632331
1001010	000313	7	7x7	10.339850
1001100	020021	7	7x7	11.632331
1110110	022213	7	7x7	10.339850
1001010	020333	7	7x7	10.339850
1100111	021120	7	7x7	12.924813
1110111	021113	7	7x7	10.339850
1101001	022022	7	7x7	9.047369
1001111	031330	7	7x7	11.632331
0000100	021212	7	7x7	9.047369
0011110	000220	7	7x7	9.047369
0101001	030203	7	7x7	11.632331
1010010	020000	7	7x7	9.047369
1110000	031121	7	7x7	12.924813
0111010	022131	7	7x7	11.632331
0100111	033302	7	7x7	10.339850
0111001	030221	7	7x7	11.632331
1100101	030033	7	7x7	10.339850
1100010	031300	7	7x7	11.632331
0110101	021121	7	7x7	11.632331
1010101	031300	7	7x7	11.632331
0010111	021200	7	7x7	11.632331
0101000	033303	7	7x7	10.339850
1011100	031333	7	7x7	10.339850
1001110	000033	7	7x7	7.754888
1010111	031122	7	7x7	11.632331
1010111	000200	7	7x7	7.754888
1111010	021121	7	7x7	11.632331
0100011	031112	7	7x7	10.339850
0100010	022120	7	7x7	11.632331
0001001	000211	7	7x7	10.339850
0010100	000211	7	7x7	10.339850
0001000	020000	7	7x7	9.047369
0001011	021222	7	7x7	10.339850
0000001	033022	7	7x7	11.632331
0001111	000003	7	7x7	6.462406
0001001	020202	7	7x7	7.754888
1101001	033022	7	7x7	11.632331
0110101	003113	7	7x7	11.632331
1000010	022212	7	7x7	10.339850
1001111	000003	7	7x7	6.462406
1100011	031121	7	7x7	12.924813
1011011	031333	7	7x7	10.339850
1111000	022020	7	7x7	10.339850
1010100	022131	7	7x7	11.632331
1011100	000313	7	7x7	10.339850
0011010	002213	7	7x7	11.632331
1110001	033113	7	7x7	10.339850
0001100	002221	7	7x7	9.047369
0110111	022200	7	7x7	9.047369
0101011	021131	7	7x7	12.924813
0110101	021121	7	7x7	11.632331
0100111	002002	7	7x7	9.047369
0111001	003113	7	7x7	11.632331
0010100	030313	7	7x7	10.339850
1001110	033000	7	7x7	9.047369
0011000	021202	7	7x7	11.632331
0011100	030311	7	7x7	10.339850
0001010	020021	7	7x7	11.632331
0101011	030221	7	7x7	11.632331
0111101	000211	7	7x7	10.339850
1110101	002020	7	7x7	7.754888
1011110	030031	7	7x7	11.632331
1111110	031330	7	7x7	11.632331
0101110	020331	7	7x7	11.632331
0100011	020003	7	7x7	10.339850
0000000	003333	7	7x7	7.754888
1000000	030003	7	7x7	10.339850
0100001	000031	7	7x7	9.047369
0100100	033112	7	7x7	10.339850
0011011	002211	7	7x7	10.339850
1110110	020303	7	7x7	10.339850
0011100	002122	7	7x7	10.339850
1011001	033333	7	7x7	6.462406
1110110	031330	7	7x7	11.632331
0001001	031303	7	7x7	11.632331
1001010	002111	7	7x7	10.339850
0111110	000022	7	7x7	7.754888
1011100	030203	7	7x7	11.632331
0011100	021112	7	7x7	10.339850
1001111	000313	7	7x7	10.339850
1000111	003130	7	7x7	11.632331
0010000	031330	7	7x7	11.632331
1110001	003131	7	7x7	10.339850
1110110	000211	7	7x7	10.339850
0111011	033020	7	7x7	11.632331
1001011	020302	7	7x7	11.632331
0001001	033311	7	7x7	9.047369
0111100	002112	7	7x7	11.632331
1011010	020331	7	7x7	11.632331
0111001	021222	7	7x7	10.339850
1111100	030200	7	7x7	10.339850
0111111	031131	7	7x7	11.632331
0110001	003303	7	7x7	10.339850
1101100	030202	7	7x7	10.339850
0110111	000302	7	7x7	10.339850
0000011	020211	7	7x7	10.339850
0110010	003302	7	7x7	11.632331
1011110	031121	7	7x7	12.924813
1001010	003311	7	7x7	10.339850
0101001	020021	7	7x7	11.632331
1010001	002030	7	7x7	10.339850
1010010	022120	7	7x7	11.632331
1101110	021211	7	7x7	9.047369
1010001	031312	7	7x7	10.339850
0100101	021112	7	7x7	10.339850
0111101	022021	7	7x7	11.632331
0000110	030031	7	7x7	11.632331
1001010	000222	7	7x7	7.754888
0000110	000302	7	7x7	10.339850
0011010	021212	7	7x7	9.047369
1100000	033121	7	7x7	11.632331
0100011	002111	7	7x7	10.339850
1110001	030022	7	7x7	11.632331
1011000	031130	7	7x7	12.924813
0011111	022211	7	7x7	9.047369
1111111	021133	7	7x7	11.632331
1110110	002030	7	7x7	10.339850
1000111	000333	7	7x7	7.754888
0011101	020220	7	7x7	10.339850
1101101	021133	7	7x7	11.632331
1011110	002111	7	7x7	10.339850
1011001	002220	7	7x7	9.047369
1100001	021202	7	7x7	11.632331
0000001	033022	7	7x7	11.632331
1000101	002112	7	7x7	11.632331
1111111	022112	7	7x7	10.339850
0001110	002122	7	7x7	10.339850
1001011	031311	7	7x7	9.047369
1001110	020222	7	7x7	9.047369
0000000	002213	7	7x7	11.632331
1011100	021220	7	7x7	11.632331
0001110	030331	7	7x7	10.339850
0000011	021133	7	7x7	11.632331
0010100	021131	7	7x7	12.924813
0011011	031121	7	7x7	12.924813
1100001	031130	7	7x7	12.924813
1111000	022213	7	7x7	10.339850
1000110	033002	7	7x7	10.339850
0000100	031300	7	7x7	11.632331
0101001	003130	7	7x7	11.632331
0011111	000333	7	7x7	7.754888
0101010	021202	7	7x7	11.632331
1010011	000311	7	7x7	10.339850
0101101	003331	7	7x7	9.047369
0010000	002111	7	7x7	10.339850
1100001	003113	7	7x7	11.632331
1101011	033031	7	7x7	11.632331
1011011	030021	7	7x7	12.924813
0100010	003313	7	7x7	11.632331
1011010	000022	7	7x7	7.754888
0111001	000311	7	7x7	10.339850
0010110	000311	7	7x7	10.339850
0011000	033031	7	7x7	11.632331
0000100	021112	7	7x7	10.339850
1000101	033311	7	7x7	9.047369
0001101	031111	7	7x7	9.047369
1010111	000333	7	7x7	7.754888
1110100	003302	7	7x7	11.632331
1101100	022200	7	7x7	9.047369
0011010	020003	7	7x7	10.339850
1100011	002121	7	7x7	10.339850
0111110	033000	7	7x7	9.047369
0001111	003113	7	7x7	11.632331
0111100	003000	7	7x7	7.754888
1011100	033002	7	7x7	10.339850
1011111	030303	7	7x7	7.754888
1011010	002122	7	7x7	10.339850
1111010	021211	7	7x7	9.047369
0111001	030221	7	7x7	11.632331
0001100	002020	7	7x7	7.754888
1001100	030333	7	7x7	9.047369
0000001	030202	7	7x7	10.339850
1001100	000022	7	7x7	7.754888
0001100	000211	7	7x7	10.339850
1000111	003312	7	7x7	11.632331
1110011	020212	7	7x7	10.339850
1101000	031133	7	7x7	11.632331
1010100	030203	7	7x7	11.632331
1110100	021202	7	7x7	11.632331
1001101	033121	7	7x7	11.632331
1000100	030222	7	7x7	10.339850
1100100	021213	7	7x7	10.339850
0111100	021133	7	7x7	11.632331
0011101	003022	7	7x7	10.339850
1100010	021133	7	7x7	11.632331
0001000	021131	7	7x7	12.924813
1100011	020202	7	7x7	7.754888
0000110	021133	7	7x7	11.632331
0011110	003111	7	7x7	10.339850
1101000	003303	7	7x7	10.339850
0101000	002111	7	7x7	10.339850
1110000	031131	7	7x7	11.632331
0010011	020221	7	7x7	10.339850
1110011	021220	7	7x7	11.632331
1001011	031303	7	7x7	11.632331
1110000	031333	7	7x7	10.339850
1001101	031122	7	7x7	11.632331
0010100	022213	7	7x7	10.339850
0010110	000022	7	7x7	7.754888
0000011	000211	7	7x7	10.339850
1110110	022111	7	7x7	9.047369
0010010	003022	7	7x7	10.339850
0101011	030022	7	7x7	11.632331
0100011	022111	7	7x7	9.047369
0110101	031303	7	7x7	11.632331
1110000	002112	7	7x7	11.632331
1010111	003130	7	7x7	11.632331
0101111	030203	7	7x7	11.632331
1010111	003031	7	7x7	9.047369
0011101	033131	7	7x7	10.339850
1011110	000311	7	7x7	10.339850
0110101	031331	7	7x7	11.632331
0001010	031111	7	7x7	9.047369
1110110	030222	7	7x7	10.339850
1001011	003330	7	7x7	9.047369
1011111	033121	7	7x7	11.632331
0010110	031122	7	7x7	11.632331
0000011	030221	7	7x7	11.632331
0010000	033000	7	7x7	9.047369
0001111	020033	7	7x7	11.632331
0001111	021131	7	7x7	12.924813
0011101	021133	7	7x7	11.632331
1011100	033112	7	7x7	10.339850
0010010	021133	7	7x7	11.632331
0100100	000333	7	7x7	7.754888
0000010	030033	7	7x7	10.339850
1001001	021133	7	7x7	11.632331
0011111	000311	7	7x7	10.339850
1100110	033112	7	7x7	10.339850
0001010	003020	7	7x7	10.339850
0010011	002022	7	7x7	7.754888
0000001	031312	7	7x7	10.339850
1111111	030200	7	7x7	10.339850
1010110	022211	7	7x7	9.047369
1101101	030202	7	7x7	10.339850
1010011	003022	7	7x7	10.339850
0010101	022122	7	7x7	9.047369
0010100	022121	7	7x7	10.339850
0110111	020333	7	7x7	10.339850
0111011	033031	7	7x7	11.632331
0111011	021113	7	7x7	10.339850
0100111	022111	7	7x7	9.047369
0100100	033313	7	7x7	10.339850
0001111	002213	7	7x7	11.632331
0000000	033311	7	7x7	9.047369
0111011	033022	7	7x7	11.632331
0001110	020330	7	7x7	11.632331
0010100	022030	7	7x7	11.632331
0111001	022030	7	7x7	11.632331
1000101	033030	7	7x7	10.339850
0011000	000212	7	7x7	10.339850
0011101	003113	7	7x7	11.632331
0011001	033333	7	7x7	6.462406
0111100	030220	7	7x7	11.632331
0101001	031122	7	7x7	11.632331
0000110	031122	7	7x7	11.632331
1111110	031122	7	7x7	11.632331
1011110	000033	7	7x7	7.754888
1100100	033312	7	7x7	10.339850
1110100	030200	7	7x7	10.339850
1101011	000303	7	7x7	9.047369
0111101	000313	7	7x7	10.339850
0000001	030033	7	7x7	10.339850
0001101	030020	7	7x7	12.924813
0010011	031121	7	7x7	12.924813
0100001	031311	7	7x7	9.047369
0101111	003133	7	7x7	10.339850
0001000	021133	7	7x7	11.632331
0110110	002000	7	7x7	7.754888
0101000	022131	7	7x7	11.632331
0101111	000212	7	7x7	10.339850
0001011	020003	7	7x7	10.339850
1110111	033003	7	7x7	10.339850
1101101	033121	7	7x7	11.632331
1000111	003333	7	7x7	7.754888
1000001	002030	7	7x7	10.339850
0001001	000211	7	7x7	10.339850
1011010	020000	7	7x7	9.047369
1111111	003312	7	7x7	11.632331
0011000	033331	7	7x7	7.754888
0010111	031121	7	7x7	12.924813
0110101	021133	7	7x7	11.632331
1110110	020331	7	7x7	11.632331
1000011	021202	7	7x7	11.632331
0011111	021122	7	7x7	11.632331
1001110	000031	7	7x7	9.047369
1101010	002221	7	7x7	9.047369
1110100	021131	7	7x7	12.924813
0000111	033003	7	7x7	10.339850
1101101	020211	7	7x7	10.339850
1001000	002021	7	7x7	9.047369
0110000	021113	7	7x7	10.339850
0011011	030203	7	7x7	11.632331
1110011	020211	7	7x7	10.339850
0110011	033121	7	7x7	11.632331
1110100	021133	7	7x7	11.632331
1001110	002221	7	7x7	9.047369
0111001	021121	7	7x7	11.632331
0111001	020000	7	7x7	9.047369
1000111	000000	7	7x7	2.584963
0110001	031133	7	7x7	11.632331
0011100	030313	7	7x7	10.339850
0111010	022030	7	7x7	11.632331
1111111	033330	7	7x7	7.754888
0010001	002122	7	7x7	10.339850
0001100	002111	7	7x7	10.339850
0101110	003113	7	7x7	11.632331
1111100	031122	7	7x7	11.632331
1101110	020330	7	7x7	11.632331
1010010	020302	7	7x7	11.632331
1100101	020212	7	7x7	10.339850
1010101	020331	7	7x7	11.632331
0100001	031333	7	7x7	10.339850
0101000	022131	7	7x7	11.632331
0100000	033311	7	7x7	9.047369
0101010	021222	7	7x7	10.339850
1011001	031121	7	7x7	12.924813
0110010	021131	7	7x7	12.924813
1001011	033033	7	7x7	9.047369
0000100	000333	7	7x7	7.754888
0110011	003312	7	7x7	11.632331
0010000	003313	7	7x7	11.632331
0000100	020302	7	7x7	11.632331
0101010	002211	7	7x7	10.339850
0011000	002033	7	7x7	10.339850
0000001	021131	7	7x7	12.924813
0000100	021211	7	7x7	9.047369
0011111	003111	7	7x7	10.339850
0111011	030203	7	7x7	11.632331
1000010	033121	7	7x7	11.632331
0010111	020202	7	7x7	7.754888
1110010	022211	7	7x7	9.047369
1100111	003111	7	7x7	10.339850
0110110	033003	7	7x7	10.339850
0001110	033302	7	7x7	10.339850
0110000	030303	7	7x7	7.754888
0111110	020021	7	7x7	11.632331
0011111	022022	7	7x7	9.047369
0010010	000003	7	7x7	6.462406
0111011	003033	7	7x7	7.754888
0001110	021111	7	7x7	9.047369
0011011	033020	7	7x7	11.632331
1111101	000022	7	7x7	7.754888
0010010	000311	7	7x7	10.339850
1000100	021121	7	7x7	11.632331
0110011	003312	7	7x7	11.632331
0110111	000021	7	7x7	9.047369
0100000	030203	7	7x7	11.632331
0110001	030331	7	7x7	10.339850
0001010	003131	7	7x7	10.339850
0100000	031121	7	7x7	12.924813
0111000	021131	7	7x7	12.924813
0010000	020003	7	7x7	10.339850
0011101	000311	7	7x7	10.339850
0011100	031130	7	7x7	12.924813
0100111	031312	7	7x7	10.339850
1100011	003002	7	7x7	9.047369
0001111	002021	7	7x7	9.047369
0100001	020031	7	7x7	12.924813
1110100	030002	7	7x7	10.339850
1100000	031331	7	7x7	11.632331
0100000	033022	7	7x7	11.632331
1101001	003113	7	7x7	11.632331
0000000	021113	7	7x7	10.339850
1001001	003020	7	7x7	10.339850
0001001	033333	7	7x7	6.462406
1110011	031122	7	7x7	11.632331
1110100	030021	7	7x7	12.924813
1011111	030330	7	7x7	10.339850
1100000	021131	7	7x7	12.924813
0110111	000033	7	7x7	7.754888
0010101	022213	7	7x7	10.339850
0101011	003111	7	7x7	10.339850
1010010	002120	7	7x7	11.632331
0011000	020331	7	7x7	11.632331
1000010	003111	7	7x7	10.339850
1010011	030002	7	7x7	10.339850
1001010	030021	7	7x7	12.924813
0111111	021113	7	7x7	10.339850
0000001	031112	7	7x7	10.339850
0101110	021211	7	7x7	9.047369
0101100	021131	7	7x7	12.924813
1111011	000331	7	7x7	9.047369
1100000	031303	7	7x7	11.632331
0010001	033112	7	7x7	10.339850
1100010	000313	7	7x7	10.339850
1110010	022131	7	7x7	11.632331
1011010	021202	7	7x7	11.632331
1001001	022002	7	7x7	10.339850
1111001	030202	7	7x7	10.339850
1111000	033333	7	7x7	6.462406
0001111	022033	7	7x7	11.632331
0101010	003331	7	7x7	9.047369
0010011	030221	7	7x7	11.632331
0101010	003130	7	7x7	11.632331
0001011	002030	7	7x7	10.339850
1110011	033331	7	7x7	7.754888
1110101	003113	7	7x7	11.632331
0011010	033133	7	7x7	9.047369
1010001	022120	7	7x7	11.632331
0011010	031300	7	7x7	11.632331
0000100	022000	7	7x7	9.047369
1110000	031111	7	7x7	9.047369
0110001	002022	7	7x7	7.754888
0100000	002220	7	7x7	9.047369
1101100	000022	7	7x7	7.754888
1001000	003113	7	7x7	11.632331
0110010	020302	7	7x7	11.632331
1000110	030222	7	7x7	10.339850
1111000	020021	7	7x7	11.632331
0001101	020333	7	7x7	10.339850
0001111	030222	7	7x7	10.339850
1001010	022131	7	7x7	11.632331
0101000	000221	7	7x7	9.047369
1000001	033311	7	7x7	9.047369
0001101	030202	7	7x7	10.339850
0000100	030333	7	7x7	9.047369
0110011	020212	7	7x7	10.339850
0111100	022213	7	7x7	10.339850
0000011	022121	7	7x7	10.339850
1100110	033033	7	7x7	9.047369
1111110	022113	7	7x7	10.339850
1101111	000212	7	7x7	10.339850
1101011	031300	7	7x7	11.632331
1000110	003111	7	7x7	10.339850
0011111	021221	7	7x7	11.632331
1000100	000311	7	7x7	10.339850
0111001	022003	7	7x7	10.339850
0010111	031303	7	7x7	11.632331
1001001	022002	7	7x7	10.339850
1000111	031303	7	7x7	11.632331
1001100	022121	7	7x7	10.339850
0000100	031121	7	7x7	12.924813
0110001	022030	7	7x7	11.632331
0101110	021220	7	7x7	11.632331
1010000	003111	7	7x7	10.339850
0011001	000221	7	7x7	9.047369
1001011	000333	7	7x7	7.754888
0100011	021211	7	7x7	9.047369
1100111	030202	7	7x7	10.339850
0111010	021133	7	7x7	11.632331
0011101	002122	7	7x7	10.339850
1010111	021131	7	7x7	12.924813
0011001	033333	7	7x7	6.462406
1011101	031131	7	7x7	11.632331
1101011	002202	7	7x7	10.339850
0100100	022131	7	7x7	11.632331
0000011	000021	7	7x7	9.047369
0110111	000331	7	7x7	9.047369
1000110	002000	7	7x7	7.754888
0111110	021122	7	7x7	11.632331
1100001	022033	7	7x7	11.632331
0111001	000211	7	7x7	10.339850
0000110	002222	7	7x7	7.754888
0100101	033300	7	7x7	9.047369
1100100	020333	7	7x7	10.339850
0011011	003130	7	7x7	11.632331
0101111	031300	7	7x7	11.632331
1111101	002033	7	7x7	10.339850
1101000	030311	7	7x7	10.339850
0011011	002122	7	7x7	10.339850
0010000	033031	7	7x7	11.632331
0000101	033112	7	7x7	10.339850
1110111	021202	7	7x7	11.632331
0011111	022213	7	7x7	10.339850
1100000	000211	7	7x7	10.339850
1111010	000033	7	7x7	7.754888
0010111	022131	7	7x7	11.632331
1101011	020033	7	7x7	11.632331
1100000	030333	7	7x7	9.047369
0011110	022022	7	7x7	9.047369
1001111	031311	7	7x7	9.047369
1100110	022003	7	7x7	10.339850
0111000	022113	7	7x7	10.339850
1011011	030022	7	7x7	11.632331
0100010	031333	7	7x7	10.339850
1100111	020211	7	7x7	10.339850
1101001	033112	7	7x7	10.339850
0101110	033111	7	7x7	9.047369
1100100	031311	7	7x7	9.047369
1111111	031121	7	7x7	12.924813
1001000	021133	7	7x7	11.632331
1001101	021133	7	7x7	11.632331
1000111	020303	7	7x7	10.339850
1011000	020302	7	7x7	11.632331
0011110	033121	7	7x7	11.632331
0100101	000331	7	7x7	9.047369
0011110	003133	7	7x7	10.339850
0111110	002002	7	7x7	9.047369
1001001	020002	7	7x7	10.339850
1011100	003020	7	7x7	10.339850
1010110	020302	7	7x7	11.632331
0001011	002220	7	7x7	9.047369
1001000	030022	7	7x7	11.632331
0010001	033131	7	7x7	10.339850
1111110	002112	7	7x7	11.632331
1111000	020212	7	7x7	10.339850
0001010	022003	7	7x7	10.339850
1101011	020330	7	7x7	11.632331
0101101	033121	7	7x7	11.632331
0001111	030021	7	7x7	12.924813
0101110	002212	7	7x7	11.632331
0111000	030303	7	7x7	7.754888
1010110	021113	7	7x7	10.339850
1100101	021120	7	7x7	12.924813
0110111	002003	7	7x7	9.047369
0011100	031121	7	7x7	12.924813
1001101	022213	7	7x7	10.339850
1000001	031111	7	7x7	9.047369
1011011	031113	7	7x7	10.339850
0010000	033121	7	7x7	11.632331
0111101	020200	7	7x7	7.754888
1000101	003331	7	7x7	9.047369
0101110	033111	7	7x7	9.047369
1111001	021121	7	7x7	11.632331
0000011	022202	7	7x7	10.339850
1111010	003333	7	7x7	7.754888
0001010	031121	7	7x7	12.924813
0110101	030002	7	7x7	10.339850
0011011	033003	7	7x7	10.339850
0110110	003111	7	7x7	10.339850
1101111	003033	7	7x7	7.754888
0110010	031121	7	7x7	12.924813
0111111	003312	7	7x7	11.632331
1010101	003111	7	7x7	10.339850
0100111	002033	7	7x7	10.339850
0011000	031300	7	7x7	11.632331
1001100	021131	7	7x7	12.924813
1101010	033311	7	7x7	9.047369
0000011	000311	7	7x7	10.339850
0000101	030220	7	7x7	11.632331
0011101	000222	7	7x7	7.754888
1110011	030300	7	7x7	7.754888
1001001	031333	7	7x7	10.339850
0111100	031131	7	7x7	11.632331
1011101	020200	7	7x7	7.754888
1111100	022113	7	7x7	10.339850
1010000	030200	7	7x7	10.339850
1100010	020300	7	7x7	10.339850
0001100	021211	7	7x7	9.047369
0100011	021112	7	7x7	10.339850
1110001	022222	7	7x7	6.462406
1010010	022002	7	7x7	10.339850
0100011	030313	7	7x7	10.339850
0111011	033020	7	7x7	11.632331
1101110	021131	7	7x7	12.924813
1101001	020331	7	7x7	11.632331
1100101	021112	7	7x7	10.339850
0000001	003031	7	7x7	9.047369
1110110	021200	7	7x7	11.632331
1001111	002120	7	7x7	11.632331
0001111	030203	7	7x7	11.632331
1101101	000031	7	7x7	9.047369
0011100	021121	7	7x7	11.632331
0110100	031112	7	7x7	10.339850
1010110	002222	7	7x7	7.754888
0001110	030311	7	7x7	10.339850
1010100	002022	7	7x7	7.754888
1001100	002213	7	7x7	11.632331
1011100	030222	7	7x7	10.339850
1001001	021212	7	7x7	9.047369
1000101	002120	7	7x7	11.632331
1001110	030313	7	7x7	10.339850
0111011	000031	7	7x7	9.047369
0110100	003111	7	7x7	10.339850
0011110	021122	7	7x7	11.632331
0010111	031300	7	7x7	11.632331
0011000	022033	7	7x7	11.632331
0010000	030331	7	7x7	10.339850
0001100	022121	7	7x7	10.339850
0001010	033133	7	7x7	9.047369
0101001	021200	7	7x7	11.632331
1010011	003113	7	7x7	11.632331
0010110	022033	7	7x7	11.632331
1000111	021202	7	7x7	11.632331
1000011	020302	7	7x7	11.632331
1100111	021122	7	7x7	11.632331
1101110	022002	7	7x7	10.339850
0010001	033130	7	7x7	11.632331
0001010	021131	7	7x7	12.924813
1011001	020200	7	7x7	7.754888
0011000	033121	7	7x7	11.632331
1110110	022131	7	7x7	11.632331
0011011	002121	7	7x7	10.339850
0101111	021200	7	7x7	11.632331
0010111	000221	7	7x7	9.047369
0010100	021133	7	7x7	11.632331
0110101	003131	7	7x7	10.339850
1110101	030031	7	7x7	11.632331
0000100	033022	7	7x7	11.632331
1010011	022131	7	7x7	11.632331
0111101	000211	7	7x7	10.339850
1110011	002221	7	7x7	9.047369
1100101	021111	7	7x7	9.047369
0011000	030333	7	7x7	9.047369
1001001	000033	7	7x7	7.754888
0111010	002221	7	7x7	9.047369
1001110	002112	7	7x7	11.632331
1011001	000200	7	7x7	7.754888
0011010	000302	7	7x7	10.339850
1110000	033133	7	7x7	9.047369
0010011	021222	7	7x7	10.339850
1010011	003131	7	7x7	10.339850
1010000	000003	7	7x7	6.462406
1000101	021131	7	7x7	12.924813
0111111	020003	7	7x7	10.339850
0100100	000021	7	7x7	9.047369
1011011	022212	7	7x7	10.339850
0011111	022211	7	7x7	9.047369
0011011	030221	7	7x7	11.632331
0110111	020022	7	7x7	10.339850
0010100	000030	7	7x7	9.047369
1010111	021220	7	7x7	11.632331
0100110	002033	7	7x7	10.339850
0111100	002112	7	7x7	11.632331
1011000	000020	7	7x7	9.047369
1110100	020303	7	7x7	10.339850
1011000	021200	7	7x7	11.632331
0010100	033131	7	7x7	10.339850
0010011	022200	7	7x7	9.047369
0010011	003111	7	7x7	10.339850
0001100	031133	7	7x7	11.632331
0101101	033333	7	7x7	6.462406
1000011	021200	7	7x7	11.632331
0100000	031112	7	7x7	10.339850
0010101	030222	7	7x7	10.339850
0101110	033131	7	7x7	10.339850
0000010	021222	7	7x7	10.339850
1011110	030333	7	7x7	9.047369
0001100	021121	7	7x7	11.632331
0010011	003300	7	7x7	10.339850
1011011	000212	7	7x7	10.339850
0101111	000303	7	7x7	9.047369
0001000	031330	7	7x7	11.632331
0011000	022003	7	7x7	10.339850
1011101	031111	7	7x7	9.047369
1001000	002030	7	7x7	10.339850
1101001	033333	7	7x7	6.462406
1110001	020022	7	7x7	10.339850
1010110	003333	7	7x7	7.754888
1010000	033131	7	7x7	10.339850
0000111	030331	7	7x7	10.339850
0101101	031303	7	7x7	11.632331
1011111	000033	7	7x7	7.754888
0011001	022131	7	7x7	11.632331
1001100	000220	7	7x7	9.047369
1100001	002222	7	7x7	7.754888
0100110	003133	7	7x7	10.339850
0101111	002221	7	7x7	9.047369
1100111	030303	7	7x7	7.754888
0111001	022120	7	7x7	11.632331
0010011	030303	7	7x7	7.754888
1100100	031130	7	7x7	12.924813
0110000	022200	7	7x7	9.047369
0110001	031300	7	7x7	11.632331
1001101	031300	7	7x7	11.632331
1110110	000000	7	7x7	2.584963
1011101	020020	7	7x7	10.339850
0111011	002121	7	7x7	10.339850
0001000	031131	7	7x7	11.632331
1101011	002121	7	7x7	10.339850
1111010	002112	7	7x7	11.632331
1111100	030021	7	7x7	12.924813
0100001	021112	7	7x7	10.339850
1110011	030203	7	7x7	11.632331
0001010	002030	7	7x7	10.339850
0001101	000311	7	7x7	10.339850
1000111	000222	7	7x7	7.754888
1011011	030311	7	7x7	10.339850
0000110	021131	7	7x7	12.924813
1000011	002203	7	7x7	11.632331
0001100	000203	7	7x7	10.339850
0110000	003333	7	7x7	7.754888
1110110	021113	7	7x7	10.339850
0001100	030313	7	7x7	10.339850
1101010	030303	7	7x7	7.754888
1101111	003311	7	7x7	10.339850
0010010	000002	7	7x7	6.462406
1010010	021111	7	7x7	9.047369
1001000	031311	7	7x7	9.047369
1010010	031121	7	7x7	12.924813
1001000	002221	7	7x7	9.047369
0111100	002200	7	7x7	10.339850
0010000	000002	7	7x7	6.462406
0101110	020221	7	7x7	10.339850
0001101	000311	7	7x7	10.339850
0100110	031330	7	7x7	11.632331
1100011	021111	7	7x7	9.047369
1101100	031311	7	7x7	9.047369
1111011	020030	7	7x7	12.924813
1100110	020303	7	7x7	10.339850
0110111	033002	7	7x7	10.339850
1110010	000313	7	7x7	10.339850
1011101	000221	7	7x7	9.047369
1110110	021202	7	7x7	11.632331
0111001	000333	7	7x7	7.754888
0110100	031303	7	7x7	11.632331
1010010	002221	7	7x7	9.047369
0010101	030033	7	7x7	10.339850
0101110	021200	7	7x7	11.632331
0111011	033133	7	7x7	9.047369
1000100	031303	7	7x7	11.632331
0000110	000021	7	7x7	9.047369
1000101	020211	7	7x7	10.339850
1100000	031121	7	7x7	12.924813
1001000	021111	7	7x7	9.047369
1101011	022113	7	7x7	10.339850
0011010	022213	7	7x7	10.339850
0110001	022112	7	7x7	10.339850
0000101	000311	7	7x7	10.339850
0011010	020302	7	7x7	11.632331
1000001	000302	7	7x7	10.339850
1011001	003133	7	7x7	10.339850
1011101	000221	7	7x7	9.047369
1111010	020202	7	7x7	7.754888
0110010	022111	7	7x7	9.047369
1101100	031130	7	7x7	12.924813
0011011	000212	7	7x7	10.339850
1000111	031111	7	7x7	9.047369
1000010	002211	7	7x7	10.339850
0110011	002111	7	7x7	10.339850
0111000	002121	7	7x7	10.339850
1010110	021211	7	7x7	9.047369
0011000	030222	7	7x7	10.339850
0001100	030222	7	7x7	10.339850
0010110	020331	7	7x7	11.632331
1010110	002111	7	7x7	10.339850
1010000	020331	7	7x7	11.632331
0001001	030202	7	7x7	10.339850
0000110	031300	7	7x7	11.632331
0011000	021111	7	7x7	9.047369
0011110	000022	7	7x7	7.754888
0101110	031303	7	7x7	11.632331
1011001	002211	7	7x7	10.339850
1000001	000002	7	7x7	6.462406
1010100	030002	7	7x7	10.339850
0000011	020211	7	7x7	10.339850
0011010	000333	7	7x7	7.754888
0011110	021111	7	7x7	9.047369
1010011	003030	7	7x7	7.754888
1100000	031121	7	7x7	12.924813
0101011	020300	7	7x7	10.339850
0000000	031121	7	7x7	12.924813
0100010	002022	7	7x7	7.754888
1111110	033022	7	7x7	11.632331
1110100	033311	7	7x7	9.047369
0100100	000020	7	7x7	9.047369
0111001	021131	7	7x7	12.924813
0010110	003133	7	7x7	10.339850
0110100	030221	7	7x7	11.632331
0100010	003133	7	7x7	10.339850
1100111	022131	7	7x7	11.632331
1011000	021211	7	7x7	9.047369
0110000	033031	7	7x7	11.632331
1001010	031300	7	7x7	11.632331
0100001	021112	7	7x7	10.339850
0000101	022200	7	7x7	9.047369
1011000	002122	7	7x7	10.339850
1110001	030203	7	7x7	11.632331
0001001	030022	7	7x7	11.632331
1101100	033333	7	7x7	6.462406
1111111	022202	7	7x7	10.339850
1101001	030203	7	7x7	11.632331
1111001	000221	7	7x7	9.047369
0010101	020211	7	7x7	10.339850
0100010	000030	7	7x7	9.047369
1000111	030221	7	7x7	11.632331
0100000	033133	7	7x7	9.047369
0011010	002122	7	7x7	10.339850
0011111	031112	7	7x7	10.339850
1000100	000000	7	7x7	2.584963
1001011	030303	7	7x7	7.754888
0011011	020331	7	7x7	11.632331
0100100	022111	7	7x7	9.047369
0000010	020331	7	7x7	11.632331
1101110	022120	7	7x7	11.632331
1100011	021202	7	7x7	11.632331
0110010	003030	7	7x7	7.754888
1111011	033312	7	7x7	10.339850
0010100	021222	7	7x7	10.339850
0011011	031333	7	7x7	10.339850
0011100	030221	7	7x7	11.632331
1100011	022220	7	7x7	7.754888
0000001	022131	7	7x7	11.632331
1001101	020333	7	7x7	10.339850
1111001	033022	7	7x7	11.632331
0011001	033313	7	7x7	10.339850
1111010	002112	7	7x7	11.632331
0001100	031111	7	7x7	9.047369
0110000	020211	7	7x7	10.339850
0101110	003130	7	7x7	11.632331
1010011	003330	7	7x7	9.047369
1100000	031300	7	7x7	11.632331
0110001	030002	7	7x7	10.339850
0010010	033121	7	7x7	11.632331
0100100	030330	7	7x7	10.339850
1010111	031313	7	7x7	9.047369
1100001	002122	7	7x7	10.339850
1110011	000212	7	7x7	10.339850
1001011	021222	7	7x7	10.339850
0001000	033330	7	7x7	7.754888
0001001	033002	7	7x7	10.339850
0010010	000033	7	7x7	7.754888
1111100	033121	7	7x7	11.632331
1001010	003333	7	7x7	7.754888
1110101	022113	7	7x7	10.339850
1010001	031300	7	7x7	11.632331
1010000	021200	7	7x7	11.632331
0000010	030021	7	7x7	12.924813
0001010	003111	7	7x7	10.339850
0101000	000021	7	7x7	9.047369
1000100	031333	7	7x7	10.339850
0011000	021111	7	7x7	9.047369
0111100	020211	7	7x7	10.339850
1110000	002030	7	7x7	10.339850
