Binary	UpDownNotation	n	GridSize	KC
011110000110	02033311131	12	12x12	22.486306
001101110001	00031303131	12	12x12	17.297158
100011101001	03003003111	12	12x12	17.297158
101010010010	00002111112	12	12x12	15.567442
101110110000	03131212133	12	12x12	19.026874
011001010001	02212111300	12	12x12	20.756590
001110001010	03331303113	12	12x12	20.756590
001010110101	00003020302	12	12x12	17.297158
000010010110	03030300021	12	12x12	17.297158
111101101010	00331133033	12	12x12	19.026874
110110011011	02211312202	12	12x12	24.216021
010110010000	03331213112	12	12x12	22.486306
100100010100	02203331113	12	12x12	20.756590
111111001101	03030220333	12	12x12	20.756590
101001011000	00303000200	12	12x12	17.297158
111111010010	02030220212	12	12x12	20.756590
111111011000	02122202112	12	12x12	24.216021
001011101001	00000030311	12	12x12	15.567442
101100001100	03000000022	12	12x12	15.567442
000111101010	03113000002	12	12x12	20.756590
110011011100	02111131222	12	12x12	20.756590
000101101010	03130302222	12	12x12	19.026874
011011001000	02122221111	12	12x12	17.297158
010001101110	02221331333	12	12x12	17.297158
111111011111	00211200002	12	12x12	20.756590
001011001110	00000221130	12	12x12	19.026874
111101011011	02003333112	12	12x12	20.756590
111001001000	00003303020	12	12x12	19.026874
111101110100	03133303111	12	12x12	22.486306
011010111010	02002022131	12	12x12	22.486306
101010100100	00212200211	12	12x12	19.026874
111000110010	03033121213	12	12x12	20.756590
010010110101	02111221131	12	12x12	20.756590
101010101000	03113333020	12	12x12	22.486306
100010011101	02122030222	12	12x12	22.486306
111100011101	00220300202	12	12x12	20.756590
100011111100	02033333311	12	12x12	17.297158
100111001101	02120200211	12	12x12	20.756590
001111011001	02111111331	12	12x12	17.297158
101001111011	03331303111	12	12x12	20.756590
010111101000	00331121130	12	12x12	22.486306
001101000111	02021113122	12	12x12	22.486306
111111011010	03003303031	12	12x12	20.756590
101111111100	00021111113	12	12x12	15.567442
110000001111	03311330311	12	12x12	20.756590
000001101010	03330311213	12	12x12	22.486306
000100000101	00311122020	12	12x12	20.756590
000100000010	03331112133	12	12x12	20.756590
000001010000	02120022022	12	12x12	19.026874
110011001011	00021111330	12	12x12	19.026874
010010101101	00313130020	12	12x12	22.486306
101111100010	00222213311	12	12x12	20.756590
111111000100	03302033303	12	12x12	19.026874
110001000111	00002111212	12	12x12	17.297158
010010100011	03130333121	12	12x12	22.486306
101100010100	02022212203	12	12x12	20.756590
010011111000	03000031333	12	12x12	20.756590
110010111111	03303131130	12	12x12	22.486306
000101000001	03113130333	12	12x12	20.756590
000100011001	03312112020	12	12x12	22.486306
111100011000	02030221202	12	12x12	20.756590
010010001010	03300222133	12	12x12	20.756590
001111011010	00033113112	12	12x12	19.026874
010010001010	03113302030	12	12x12	24.216021
101100101001	02030002003	12	12x12	20.756590
011111000011	02030313133	12	12x12	17.297158
000100001100	00211211331	12	12x12	20.756590
010011001111	00313121331	12	12x12	22.486306
110011111110	03333033112	12	12x12	19.026874
111100010111	00303130311	12	12x12	17.297158
011010101111	00002111111	12	12x12	13.837726
100100110111	02220222200	12	12x12	15.567442
111100001010	02121313313	12	12x12	20.756590
100010100100	03000022120	12	12x12	22.486306
001100110111	00200313111	12	12x12	19.026874
101010100110	03112200203	12	12x12	25.945737
000010100000	02113333303	12	12x12	20.756590
100111011111	03000222211	12	12x12	19.026874
110001111101	00031331300	12	12x12	20.756590
110111010101	03003030303	12	12x12	15.567442
000111110100	02002120221	12	12x12	20.756590
110011110010	00202122030	12	12x12	20.756590
000011100011	03130313330	12	12x12	19.026874
111010010100	00211121313	12	12x12	20.756590
000111111001	00000333122	12	12x12	17.297158
010000111111	00302030200	12	12x12	13.837726
011111101101	00330311113	12	12x12	19.026874
100010001110	02212212133	12	12x12	19.026874
000011001110	03303112212	12	12x12	25.945737
111101010010	00033003130	12	12x12	19.026874
111110101011	02033111220	12	12x12	20.756590
111010010101	03033003022	12	12x12	20.756590
011010110110	02020303031	12	12x12	15.567442
000010111000	02021113330	12	12x12	19.026874
100001001000	02000200221	12	12x12	19.026874
110101100011	00300031300	12	12x12	19.026874
100110101111	00333122133	12	12x12	22.486306
010101111110	00033022220	12	12x12	19.026874
000101000110	00311330203	12	12x12	24.216021
010001100100	03000211220	12	12x12	24.216021
011111000010	03331221221	12	12x12	19.026874
001001100011	03022111333	12	12x12	19.026874
000101111110	00002122133	12	12x12	20.756590
010010011101	03331333300	12	12x12	15.567442
110010001100	03133333303	12	12x12	19.026874
011010010001	02222221112	12	12x12	13.837726
111000011000	03312131112	12	12x12	22.486306
110111001100	02113311220	12	12x12	24.216021
001100111000	00033002122	12	12x12	20.756590
010011010100	02003130003	12	12x12	22.486306
111100000000	02121331221	12	12x12	24.216021
001001010111	02003131111	12	12x12	20.756590
011100001100	03313131212	12	12x12	17.297158
001110111110	03033331121	12	12x12	20.756590
101010010001	00033121311	12	12x12	20.756590
101000110101	02003300330	12	12x12	19.026874
001011000100	00313000033	12	12x12	19.026874
010011001111	00030031313	12	12x12	15.567442
111001011100	00333133002	12	12x12	19.026874
111101100110	03131112131	12	12x12	20.756590
010110011111	02003002021	12	12x12	22.486306
001110101101	00221221312	12	12x12	20.756590
010011001010	00302003331	12	12x12	19.026874
000000111110	00311300033	12	12x12	20.756590
101010000010	03111220202	12	12x12	20.756590
100011011001	00222211221	12	12x12	19.026874
011001100001	02221331212	12	12x12	20.756590
010001100111	00212002111	12	12x12	19.026874
010110001010	00211120200	12	12x12	19.026874
011000000000	00003030200	12	12x12	15.567442
111111111101	00330222022	12	12x12	20.756590
010010000111	02221202213	12	12x12	20.756590
000000001010	03033121130	12	12x12	24.216021
100111001110	00211202222	12	12x12	19.026874
001001001110	03031121213	12	12x12	19.026874
101111001110	03302030022	12	12x12	20.756590
011110010011	00020202211	12	12x12	17.297158
101001111100	00211133122	12	12x12	22.486306
001011111010	02113330021	12	12x12	20.756590
101011100100	02033111131	12	12x12	22.486306
110011111011	02211213121	12	12x12	20.756590
111111100000	02113133030	12	12x12	24.216021
011000111111	00212120003	12	12x12	19.026874
000101010000	02002030022	12	12x12	19.026874
101110100100	02113112021	12	12x12	22.486306
000001101111	02200200221	12	12x12	19.026874
100001010111	02212003333	12	12x12	20.756590
101110011010	00300203022	12	12x12	19.026874
010001001100	03131221312	12	12x12	20.756590
111100011110	00002212203	12	12x12	19.026874
111101011111	03330302212	12	12x12	22.486306
001011010100	00211120220	12	12x12	20.756590
010010010100	02003020302	12	12x12	20.756590
011110010010	02212221313	12	12x12	19.026874
001110110111	00311330313	12	12x12	20.756590
100100110110	00022033020	12	12x12	22.486306
110001101001	02033113313	12	12x12	22.486306
001011101110	00303312131	12	12x12	22.486306
110001100100	02122221200	12	12x12	22.486306
101000111100	00222020030	12	12x12	20.756590
101100000111	00302211111	12	12x12	17.297158
100000101000	03111122131	12	12x12	20.756590
011100110010	00031111121	12	12x12	19.026874
111111001100	03333311300	12	12x12	17.297158
011011110000	02213111133	12	12x12	20.756590
001110010101	03333112121	12	12x12	17.297158
000000101101	02121120212	12	12x12	19.026874
000101010001	02120033000	12	12x12	22.486306
110101001010	03131131221	12	12x12	22.486306
100100000101	03111122131	12	12x12	20.756590
010000101111	03020302221	12	12x12	19.026874
110111111111	00222120212	12	12x12	17.297158
011110110101	02003131130	12	12x12	24.216021
011101111011	02212022121	12	12x12	17.297158
101010010001	03030003303	12	12x12	19.026874
000111101000	03312111200	12	12x12	22.486306
110000011010	03303313302	12	12x12	19.026874
110100010110	02220220330	12	12x12	20.756590
111110000011	03131120222	12	12x12	20.756590
001001110111	02120220333	12	12x12	22.486306
011011011100	02000311311	12	12x12	20.756590
100000001001	00311111222	12	12x12	17.297158
011100100101	02113312122	12	12x12	20.756590
001001000111	03112122213	12	12x12	20.756590
001101011110	00211200211	12	12x12	17.297158
011111010100	03022112000	12	12x12	24.216021
100110010001	00300200302	12	12x12	17.297158
100001001000	02030002121	12	12x12	20.756590
001101101111	00333020302	12	12x12	20.756590
110001101111	00020000302	12	12x12	19.026874
100100001111	02003131303	12	12x12	22.486306
110010010110	03112133303	12	12x12	24.216021
001000011010	02112022221	12	12x12	19.026874
100110011010	00022003133	12	12x12	20.756590
101101011110	02221202120	12	12x12	19.026874
100010101100	02000003113	12	12x12	20.756590
111010010001	03131133002	12	12x12	22.486306
101000001111	02033111220	12	12x12	20.756590
100111111101	00031111212	12	12x12	19.026874
011110011011	00022212000	12	12x12	19.026874
110111111101	03113000303	12	12x12	22.486306
010101111100	00303300311	12	12x12	19.026874
101010110011	03031333002	12	12x12	20.756590
100100111011	02122022131	12	12x12	22.486306
110010111101	03313122221	12	12x12	19.026874
000010111110	02221202122	12	12x12	17.297158
110001111011	02200330220	12	12x12	20.756590
011101011010	03112133122	12	12x12	22.486306
101100000100	02022021202	12	12x12	17.297158
010001001001	03030221222	12	12x12	17.297158
101001111000	02211131300	12	12x12	20.756590
011111001011	00330222222	12	12x12	17.297158
111000001000	03033131122	12	12x12	22.486306
110010100010	02121202113	12	12x12	20.756590
000110110011	03000002222	12	12x12	15.567442
111101111010	02112222003	12	12x12	20.756590
010111010010	00333112203	12	12x12	22.486306
011010011111	03131111222	12	12x12	17.297158
010010011100	02000200313	12	12x12	20.756590
110000100111	00000333131	12	12x12	15.567442
100010101011	03002222212	12	12x12	20.756590
000110110010	02030002003	12	12x12	20.756590
100000110000	00020300221	12	12x12	19.026874
100111111111	00000311131	12	12x12	17.297158
010111111011	02212021212	12	12x12	19.026874
100110111000	02002112022	12	12x12	20.756590
011110010100	00033130020	12	12x12	22.486306
111000010000	02121213330	12	12x12	17.297158
010001001110	02111122030	12	12x12	22.486306
101011111010	00002021221	12	12x12	19.026874
011111100101	03030033311	12	12x12	19.026874
011011011000	02002112133	12	12x12	24.216021
000010011000	02033031300	12	12x12	22.486306
100011000010	02200222122	12	12x12	20.756590
010100011011	03333302222	12	12x12	15.567442
010010100001	00302203302	12	12x12	22.486306
011111100111	00021112211	12	12x12	17.297158
001100011111	00331211111	12	12x12	19.026874
011010101000	03031113313	12	12x12	19.026874
100010011101	02203030303	12	12x12	15.567442
000010011001	02020221311	12	12x12	19.026874
000000001110	00020212000	12	12x12	19.026874
100100111000	00203331331	12	12x12	20.756590
010111100100	02112120030	12	12x12	24.216021
001100011101	00313031312	12	12x12	19.026874
101011100010	02211120202	12	12x12	19.026874
101010011101	03111112111	12	12x12	17.297158
011111010101	00031303313	12	12x12	20.756590
000010100011	02120222033	12	12x12	22.486306
100111001111	02120220300	12	12x12	22.486306
010111011010	02113111120	12	12x12	22.486306
011011110001	03300202113	12	12x12	22.486306
010001011011	02221113112	12	12x12	19.026874
010110001001	03033311112	12	12x12	17.297158
111111001111	03111111212	12	12x12	17.297158
010010010001	03002020330	12	12x12	20.756590
101011001000	00300313000	12	12x12	17.297158
011001010011	02033002120	12	12x12	22.486306
000010001000	02113112111	12	12x12	17.297158
011000000101	00303112131	12	12x12	20.756590
000101110011	02122220333	12	12x12	20.756590
001101011011	03330002122	12	12x12	19.026874
110001001100	02112002221	12	12x12	22.486306
011011101000	03033300331	12	12x12	19.026874
010000111111	00203313121	12	12x12	22.486306
011010110110	00313000222	12	12x12	20.756590
010101111101	02002122030	12	12x12	22.486306
001000100010	02121122003	12	12x12	22.486306
101111001011	02113122213	12	12x12	22.486306
101101110000	03000003033	12	12x12	17.297158
100111111000	02202111331	12	12x12	22.486306
110111000100	00330033313	12	12x12	20.756590
110110100111	03112113330	12	12x12	20.756590
110011110100	00212000331	12	12x12	20.756590
001001101101	00333020033	12	12x12	17.297158
011010000111	03020031331	12	12x12	24.216021
000110111101	00211131213	12	12x12	22.486306
001000111011	00031113133	12	12x12	17.297158
101101110011	02202112203	12	12x12	20.756590
111110100001	00020003311	12	12x12	17.297158
011101010010	00031303002	12	12x12	20.756590
100000000101	00000022222	12	12x12	10.378295
110111010110	00221200033	12	12x12	20.756590
101001110111	00333133031	12	12x12	19.026874
011010101100	02113111200	12	12x12	22.486306
100001000100	02121222033	12	12x12	20.756590
101010100000	02212022131	12	12x12	20.756590
100101100000	00331121113	12	12x12	20.756590
000000100000	00311311330	12	12x12	20.756590
011100001101	03313002022	12	12x12	22.486306
000000101111	03022003003	12	12x12	20.756590
100100100001	02021212000	12	12x12	17.297158
110111000111	02203333033	12	12x12	19.026874
000011001010	00302022113	12	12x12	20.756590
111000101011	03003300212	12	12x12	22.486306
100110111000	00302000003	12	12x12	17.297158
111010111000	02220333333	12	12x12	15.567442
010110000111	03133003113	12	12x12	24.216021
111001100011	02212220330	12	12x12	20.756590
110100000011	03022213113	12	12x12	20.756590
111101101101	03312131211	12	12x12	19.026874
011001100011	02113112131	12	12x12	20.756590
000100111000	00031131211	12	12x12	20.756590
111111110000	02211130330	12	12x12	20.756590
000011011000	03311312222	12	12x12	20.756590
100111000110	00333111120	12	12x12	19.026874
111110110001	03302030303	12	12x12	19.026874
101111100100	00330302222	12	12x12	17.297158
100100001101	02202211130	12	12x12	20.756590
100101100011	00311121133	12	12x12	20.756590
110011001000	03331212222	12	12x12	17.297158
011011010111	03300221212	12	12x12	20.756590
111110010010	02120212121	12	12x12	17.297158
000001111010	03033020222	12	12x12	19.026874
111010100111	02200211222	12	12x12	20.756590
111001110101	02033311213	12	12x12	22.486306
100111010101	00003111311	12	12x12	17.297158
011001001101	02021131312	12	12x12	19.026874
000111000100	02111120200	12	12x12	19.026874
100000100111	00202213113	12	12x12	22.486306
001000000101	02000211200	12	12x12	20.756590
101111000100	02003131300	12	12x12	22.486306
111001101010	03113300331	12	12x12	22.486306
010100000110	02203331112	12	12x12	20.756590
000000100000	00020222112	12	12x12	19.026874
011100001010	02033311121	12	12x12	20.756590
011111000011	00033312213	12	12x12	22.486306
110100100110	02021220211	12	12x12	17.297158
000010111100	02222133312	12	12x12	20.756590
001011001101	02111200000	12	12x12	19.026874
101111001010	02002112203	12	12x12	22.486306
101000101100	03113303311	12	12x12	20.756590
101111011010	03313302002	12	12x12	22.486306
100111111111	03302203331	12	12x12	22.486306
110101110000	00211221313	12	12x12	20.756590
111110110000	00202203030	12	12x12	17.297158
011000011110	00030220330	12	12x12	22.486306
001100110100	03112200222	12	12x12	22.486306
001111100001	00203331333	12	12x12	17.297158
110100010001	02112000220	12	12x12	24.216021
011001011000	03133020000	12	12x12	20.756590
001100001111	00222212020	12	12x12	19.026874
010100001110	03113302033	12	12x12	24.216021
010001101010	03111121112	12	12x12	19.026874
000100001001	00202121221	12	12x12	17.297158
000001101011	03133121313	12	12x12	20.756590
011100011001	02020330302	12	12x12	19.026874
001111011110	00221311211	12	12x12	20.756590
001100011101	02113130033	12	12x12	24.216021
001101010101	02122220303	12	12x12	20.756590
100110000101	03131331112	12	12x12	19.026874
010101001000	03130331120	12	12x12	25.945737
000000001100	03133000333	12	12x12	20.756590
110001000111	03131300200	12	12x12	19.026874
111110100000	03130333312	12	12x12	22.486306
000010001111	00022120211	12	12x12	20.756590
111010111001	03131300202	12	12x12	20.756590
000100001101	00311312131	12	12x12	20.756590
111100011001	02213113131	12	12x12	20.756590
111001000111	02213133122	12	12x12	22.486306
010100010100	02222133121	12	12x12	20.756590
001111100100	02000212212	12	12x12	20.756590
010110001111	00022113111	12	12x12	17.297158
111011001101	03030200203	12	12x12	19.026874
111101100010	03133111121	12	12x12	22.486306
110110011011	03311333330	12	12x12	17.297158
101011010010	00222211313	12	12x12	19.026874
100010100110	02033302220	12	12x12	20.756590
111111101100	03033312213	12	12x12	24.216021
111110001011	00003033333	12	12x12	13.837726
100101010111	00313130033	12	12x12	19.026874
101010100111	02122221113	12	12x12	19.026874
111001101010	00313033000	12	12x12	19.026874
001101101111	02222113031	12	12x12	20.756590
110100000111	00031133121	12	12x12	20.756590
001101101110	03112213330	12	12x12	24.216021
101001011001	00300202112	12	12x12	20.756590
111101110100	03133330313	12	12x12	20.756590
000111100101	03131330021	12	12x12	22.486306
010101111001	03111120200	12	12x12	19.026874
010111111011	02002120211	12	12x12	20.756590
101011111011	03303300003	12	12x12	17.297158
011001000101	00031113031	12	12x12	20.756590
011110011010	03130300212	12	12x12	22.486306
001101101011	03333130022	12	12x12	20.756590
001100101101	03302203031	12	12x12	24.216021
001100011111	02122022002	12	12x12	22.486306
011011001000	02030311112	12	12x12	19.026874
100010101010	00211111133	12	12x12	17.297158
000101110101	02030220003	12	12x12	20.756590
000001001000	03033121333	12	12x12	22.486306
111011000001	02111313002	12	12x12	22.486306
001001111001	02220203303	12	12x12	20.756590
010010011100	02203303111	12	12x12	22.486306
001000100100	00211200222	12	12x12	20.756590
011101001001	03031112111	12	12x12	17.297158
001001101101	03312131221	12	12x12	24.216021
110101010101	00202020033	12	12x12	15.567442
110101001000	00033022020	12	12x12	20.756590
110101111100	03111202020	12	12x12	19.026874
010111011100	02122220303	12	12x12	20.756590
000100100011	03130311222	12	12x12	22.486306
000010000000	03130300212	12	12x12	22.486306
001011101111	00000000033	12	12x12	10.378295
001010110000	00313121311	12	12x12	19.026874
100110010001	02203333312	12	12x12	20.756590
011100001111	03111333122	12	12x12	22.486306
111010000101	03022122211	12	12x12	20.756590
001110001000	00212022112	12	12x12	22.486306
100101001011	00220033022	12	12x12	20.756590
100110011110	03300021120	12	12x12	24.216021
000000110001	03113122203	12	12x12	22.486306
010110100001	03030331112	12	12x12	17.297158
000111111000	00313302022	12	12x12	20.756590
100000101010	03020022213	12	12x12	24.216021
001010000010	03111122203	12	12x12	20.756590
010110001111	02203331113	12	12x12	20.756590
010001100011	03300021202	12	12x12	22.486306
111111001101	02111212122	12	12x12	15.567442
011001011011	03131311202	12	12x12	19.026874
000110101111	00212211312	12	12x12	24.216021
111100010110	02030222222	12	12x12	17.297158
111001101101	03020022120	12	12x12	24.216021
101011101000	03022222121	12	12x12	19.026874
000111101001	03112112022	12	12x12	20.756590
101000011111	02111312200	12	12x12	24.216021
111100110101	00212221122	12	12x12	20.756590
010111110111	00331213303	12	12x12	24.216021
101011001011	00333122112	12	12x12	20.756590
001101111011	03030020000	12	12x12	17.297158
101011001010	02221221111	12	12x12	17.297158
000010000111	02222030002	12	12x12	19.026874
110100010110	02222133121	12	12x12	20.756590
100110111111	03331333333	12	12x12	13.837726
001110100000	00202022121	12	12x12	17.297158
110110110101	03300002022	12	12x12	17.297158
110000110110	00211202203	12	12x12	22.486306
011010001010	00221121331	12	12x12	24.216021
011011110100	02111122213	12	12x12	20.756590
101110101010	00331211311	12	12x12	20.756590
101011110010	03130331213	12	12x12	24.216021
101101011011	03030203330	12	12x12	19.026874
101101010110	00021222222	12	12x12	15.567442
101001001001	03133033113	12	12x12	22.486306
000110100010	02030333311	12	12x12	19.026874
110001000110	03030221211	12	12x12	19.026874
011111110011	03311131220	12	12x12	22.486306
001100101111	03313302000	12	12x12	20.756590
001100010100	00221312113	12	12x12	24.216021
011000111000	02202033022	12	12x12	20.756590
100010111100	02033020222	12	12x12	19.026874
010101010110	02112203000	12	12x12	24.216021
111011001110	00203033312	12	12x12	20.756590
110011000010	00220300020	12	12x12	20.756590
101011011001	00313300000	12	12x12	19.026874
100101001001	02220030222	12	12x12	17.297158
011100110110	00020021111	12	12x12	15.567442
100100110100	00211120221	12	12x12	20.756590
110111011010	02112121313	12	12x12	19.026874
101010101010	02222213313	12	12x12	19.026874
001000111110	02112112222	12	12x12	17.297158
110101100010	03302022030	12	12x12	20.756590
010111100001	03111311111	12	12x12	15.567442
101000111110	03113000000	12	12x12	19.026874
011101101011	00221311312	12	12x12	22.486306
011010010011	02222133313	12	12x12	19.026874
100000010010	03331120212	12	12x12	20.756590
110010100010	00313121330	12	12x12	22.486306
000111110110	02113112113	12	12x12	19.026874
110010010101	00211222033	12	12x12	22.486306
110110010100	02112221333	12	12x12	20.756590
011001101110	02002122133	12	12x12	24.216021
000110011101	00020302222	12	12x12	19.026874
110101000001	03130311221	12	12x12	24.216021
000010111010	00313002203	12	12x12	24.216021
001110010101	03130022221	12	12x12	20.756590
101010011010	02221331222	12	12x12	19.026874
111011000000	00220033030	12	12x12	22.486306
001011100111	00311331212	12	12x12	20.756590
111101011001	02121113003	12	12x12	22.486306
011110010110	02120212222	12	12x12	17.297158
111101101111	00002121222	12	12x12	15.567442
110110010011	00212212133	12	12x12	22.486306
010100011010	03003113000	12	12x12	19.026874
000001100010	03111212220	12	12x12	20.756590
101100000100	00022111200	12	12x12	19.026874
001000110010	00303130022	12	12x12	20.756590
010100100110	03022112133	12	12x12	24.216021
000010110101	00222111303	12	12x12	19.026874
011000000011	02221120022	12	12x12	20.756590
011110001110	00313121122	12	12x12	20.756590
010111001101	02021200330	12	12x12	22.486306
010000000101	00330311221	12	12x12	22.486306
100001100010	00313113331	12	12x12	20.756590
011111111110	00302212120	12	12x12	19.026874
011101000110	02122021133	12	12x12	22.486306
000100111000	00021111200	12	12x12	17.297158
110011000010	03312111312	12	12x12	24.216021
100100000000	02221133330	12	12x12	17.297158
100101000100	03033300330	12	12x12	17.297158
101111011101	00330331312	12	12x12	19.026874
001101100000	00222133122	12	12x12	22.486306
001010000011	02112021200	12	12x12	20.756590
010111110000	03113333022	12	12x12	22.486306
100110010011	00211202122	12	12x12	19.026874
011000100100	02221122200	12	12x12	19.026874
011000010100	02211133113	12	12x12	20.756590
011101101010	00003000202	12	12x12	15.567442
000100001110	02033113130	12	12x12	22.486306
100011110100	00333333113	12	12x12	15.567442
100110110011	00031111112	12	12x12	15.567442
100100010111	03130000022	12	12x12	19.026874
001111001010	00330202213	12	12x12	24.216021
010110100100	02121311130	12	12x12	20.756590
110010011110	03031312213	12	12x12	22.486306
000110101101	03333133302	12	12x12	19.026874
010100000111	03022221331	12	12x12	20.756590
101111101101	00022200222	12	12x12	13.837726
001010000000	03112221333	12	12x12	22.486306
000110111000	03302030220	12	12x12	24.216021
110100010110	02111131211	12	12x12	19.026874
001111011111	02122202021	12	12x12	20.756590
011110011100	03130311300	12	12x12	20.756590
010110111000	03131211312	12	12x12	20.756590
011011000101	03020212131	12	12x12	20.756590
100110001010	00033112131	12	12x12	22.486306
100000000011	02212203022	12	12x12	20.756590
111111111111	00333313133	12	12x12	15.567442
100111010110	03002120020	12	12x12	22.486306
101110101101	02033312111	12	12x12	19.026874
101101010000	02211113121	12	12x12	20.756590
001001010000	02112002200	12	12x12	22.486306
010011001111	02030300020	12	12x12	19.026874
101000100111	00221312131	12	12x12	20.756590
010000011101	03331130313	12	12x12	20.756590
010001110010	00311111200	12	12x12	17.297158
010000011101	02033022033	12	12x12	19.026874
000101100000	00311331222	12	12x12	20.756590
100110001100	00331211111	12	12x12	19.026874
001001000000	00313003302	12	12x12	20.756590
111111010000	00311131213	12	12x12	22.486306
101100100010	00030031130	12	12x12	19.026874
010111101010	03312133302	12	12x12	22.486306
010001001101	00202030303	12	12x12	13.837726
111011111111	00211121130	12	12x12	22.486306
111010000101	00311303333	12	12x12	19.026874
111111010101	02111303300	12	12x12	20.756590
011100100111	00202030020	12	12x12	17.297158
011111010001	00311111213	12	12x12	20.756590
110100000011	02120211111	12	12x12	19.026874
101110101010	00311112021	12	12x12	20.756590
100001011010	02120033002	12	12x12	24.216021
011111001100	00021222002	12	12x12	19.026874
010001101111	02111111331	12	12x12	17.297158
000110001011	03113030311	12	12x12	19.026874
111111111110	00033022203	12	12x12	22.486306
011011000001	03333122133	12	12x12	20.756590
111001100111	03312121220	12	12x12	19.026874
011010001111	02203022213	12	12x12	22.486306
101111111010	03003111333	12	12x12	20.756590
001000011010	03022122111	12	12x12	20.756590
110001111101	03000221202	12	12x12	24.216021
100000110011	02020302203	12	12x12	19.026874
010011110000	02000222221	12	12x12	17.297158
011000110011	00302020202	12	12x12	13.837726
010110001100	02121331213	12	12x12	20.756590
001010000000	03300203002	12	12x12	20.756590
001101101101	02030020302	12	12x12	19.026874
001000011000	00021120212	12	12x12	19.026874
101100100011	03113003022	12	12x12	24.216021
010110011110	00212202112	12	12x12	20.756590
001100010011	00212003020	12	12x12	20.756590
000111100010	02113311133	12	12x12	19.026874
011101001000	00311111220	12	12x12	17.297158
010101010110	02120000033	12	12x12	19.026874
011000111111	03003130302	12	12x12	20.756590
110001101101	02122133121	12	12x12	22.486306
001111101000	00200300313	12	12x12	19.026874
010001100010	03313003311	12	12x12	17.297158
001101111111	02021111111	12	12x12	13.837726
011001001000	00031130302	12	12x12	22.486306
110101100000	00313121221	12	12x12	20.756590
011101101110	02121313333	12	12x12	17.297158
110010011100	02022111300	12	12x12	20.756590
001110010001	00212220203	12	12x12	20.756590
010010100101	00033121130	12	12x12	22.486306
111100001100	03313031331	12	12x12	20.756590
111111100111	03312113033	12	12x12	22.486306
110010111001	00003111330	12	12x12	19.026874
010010011110	00330311221	12	12x12	22.486306
101110000110	03002212022	12	12x12	22.486306
110101000101	02211333033	12	12x12	20.756590
110001010101	02213133003	12	12x12	22.486306
001111001111	02220202203	12	12x12	19.026874
100110010111	02213113133	12	12x12	20.756590
100101111101	03133302033	12	12x12	22.486306
001111100100	02111213300	12	12x12	22.486306
011100000011	03313033130	12	12x12	17.297158
011100011011	02113303112	12	12x12	24.216021
010100100110	03111311120	12	12x12	19.026874
001100111011	03002221113	12	12x12	20.756590
100111101011	00300212022	12	12x12	20.756590
110100101111	03113130020	12	12x12	24.216021
001000100101	00303020022	12	12x12	17.297158
011101011001	00202213131	12	12x12	19.026874
100000010001	02003022212	12	12x12	24.216021
100001110101	00311130003	12	12x12	20.756590
000011010110	03000031300	12	12x12	20.756590
110100011001	03002202111	12	12x12	24.216021
011001010001	02202111313	12	12x12	22.486306
001110111100	00002200222	12	12x12	15.567442
101110110000	00331111222	12	12x12	17.297158
100100111000	00330031133	12	12x12	20.756590
111000000100	00331131220	12	12x12	22.486306
011000001111	00313121331	12	12x12	22.486306
101111001001	00030020211	12	12x12	19.026874
110101110110	02113300022	12	12x12	22.486306
101011100011	00022000211	12	12x12	17.297158
000010011000	02120022211	12	12x12	19.026874
111101100001	02220333300	12	12x12	19.026874
001001100010	03313031331	12	12x12	20.756590
100100001000	02111131333	12	12x12	19.026874
111101110000	03112131122	12	12x12	19.026874
011100110001	03313112021	12	12x12	24.216021
001110100110	03003330222	12	12x12	19.026874
001111110111	02112133031	12	12x12	24.216021
011101000100	02221133313	12	12x12	20.756590
101011111100	03312131221	12	12x12	24.216021
010001111010	02112000030	12	12x12	24.216021
110110111010	00202222200	12	12x12	15.567442
011110110001	02030202121	12	12x12	19.026874
010010111100	03130313031	12	12x12	17.297158
000101101000	03020333312	12	12x12	20.756590
000001101100	00300222033	12	12x12	19.026874
111000000100	00212003302	12	12x12	24.216021
110111001000	03030302220	12	12x12	15.567442
010111001100	03022003130	12	12x12	22.486306
101110101110	02021200031	12	12x12	20.756590
110110010000	00221311213	12	12x12	22.486306
101000111111	03133303330	12	12x12	19.026874
111001011101	02113122021	12	12x12	24.216021
011001011001	00003302030	12	12x12	19.026874
100110110111	03330333311	12	12x12	17.297158
000101011000	02120212203	12	12x12	20.756590
110011010101	02002202122	12	12x12	19.026874
101100101100	00331130300	12	12x12	19.026874
100110010111	00020331303	12	12x12	22.486306
001110111101	02033302222	12	12x12	19.026874
101110100010	03022111131	12	12x12	20.756590
010100110110	03020212202	12	12x12	22.486306
011001110001	02030022030	12	12x12	19.026874
111000111100	02030331213	12	12x12	24.216021
000001011001	02121111202	12	12x12	19.026874
011001100001	03020212131	12	12x12	20.756590
010110110010	02121112000	12	12x12	19.026874
101001010010	02202212120	12	12x12	19.026874
011100110011	00211200002	12	12x12	20.756590
001000101011	03112122030	12	12x12	20.756590
011011101110	03311313303	12	12x12	20.756590
010001101000	03111330302	12	12x12	22.486306
101001000111	02212121311	12	12x12	17.297158
100100000000	00221212133	12	12x12	19.026874
011011001000	03022112022	12	12x12	20.756590
101011111111	00212022112	12	12x12	22.486306
010010011111	03112213122	12	12x12	22.486306
101000100100	00333311222	12	12x12	17.297158
100111010010	03300002221	12	12x12	17.297158
010100001010	02122222033	12	12x12	20.756590
111001001000	00021120203	12	12x12	22.486306
100100010100	00211212221	12	12x12	20.756590
000111000110	00033003002	12	12x12	17.297158
000101101101	03002121113	12	12x12	22.486306
110110100001	00212131131	12	12x12	20.756590
010001010111	03312122112	12	12x12	22.486306
100110001111	00031303031	12	12x12	19.026874
111000001011	02120033331	12	12x12	20.756590
110100101101	02122220212	12	12x12	20.756590
111011010110	03113312220	12	12x12	20.756590
010000001100	03133121222	12	12x12	20.756590
100111110010	00000021122	12	12x12	17.297158
110111100111	02202121121	12	12x12	22.486306
100001010100	00202030221	12	12x12	19.026874
111110000000	03111113033	12	12x12	17.297158
100011101111	03131213130	12	12x12	20.756590
011001000010	02022200221	12	12x12	19.026874
111100110000	03133121311	12	12x12	20.756590
011111110100	03313003111	12	12x12	20.756590
101000101100	03022220221	12	12x12	19.026874
001001101100	03002203333	12	12x12	22.486306
000011001111	00033311331	12	12x12	19.026874
100100101101	03131121131	12	12x12	22.486306
011111111100	03302221220	12	12x12	20.756590
011100101000	02122030200	12	12x12	22.486306
111101010110	02121213112	12	12x12	19.026874
100010000011	00211220030	12	12x12	24.216021
101010110001	00333302021	12	12x12	19.026874
110011101101	00030021202	12	12x12	20.756590
110101010111	02113331311	12	12x12	20.756590
100010011101	00313330311	12	12x12	20.756590
100000101000	02222133122	12	12x12	20.756590
100000011100	03312122220	12	12x12	19.026874
101110010100	00311121330	12	12x12	22.486306
111010100010	00302033130	12	12x12	22.486306
110111011010	02113122021	12	12x12	24.216021
111000010101	00212000031	12	12x12	20.756590
001110001100	00033311113	12	12x12	15.567442
111000101110	00203300022	12	12x12	17.297158
110001011001	03333313113	12	12x12	17.297158
000101011010	00222202113	12	12x12	20.756590
101001101101	00022213111	12	12x12	19.026874
010100100000	03333312211	12	12x12	19.026874
100001111110	03313002033	12	12x12	20.756590
110000100011	02120021121	12	12x12	20.756590
101100111000	02111133300	12	12x12	19.026874
111101000111	02022131311	12	12x12	19.026874
111110111111	02112131312	12	12x12	20.756590
100110011010	00331333121	12	12x12	20.756590
111001111110	02212120212	12	12x12	19.026874
110010001110	02111202021	12	12x12	20.756590
011100011111	02003022120	12	12x12	24.216021
000000010000	00211222133	12	12x12	22.486306
100110110110	00330333112	12	12x12	19.026874
100010100110	03333111300	12	12x12	17.297158
011111110011	00220333111	12	12x12	20.756590
001110010100	00030333133	12	12x12	19.026874
010000111110	02213112202	12	12x12	24.216021
100100010010	03000022213	12	12x12	20.756590
101001111111	00022022213	12	12x12	20.756590
110111010100	03000003131	12	12x12	19.026874
001100000001	03111202213	12	12x12	24.216021
001100101101	00330031303	12	12x12	19.026874
100111111101	00221221133	12	12x12	20.756590
010000011110	03311311300	12	12x12	20.756590
001001101001	03130020200	12	12x12	20.756590
000111001111	03111311221	12	12x12	20.756590
110100001010	03130020030	12	12x12	24.216021
110111101001	02122200220	12	12x12	22.486306
010001001111	02021221133	12	12x12	22.486306
101100111100	03000221312	12	12x12	24.216021
010100100000	00022122200	12	12x12	17.297158
010001111011	00313111312	12	12x12	20.756590
000011110101	02021200333	12	12x12	20.756590
000100111001	02033020031	12	12x12	22.486306
000001111010	02121111220	12	12x12	19.026874
000100001100	00020300212	12	12x12	19.026874
101001101101	02033111222	12	12x12	19.026874
000010010000	03131111221	12	12x12	19.026874
111100001101	00313333112	12	12x12	20.756590
011011110100	02021220303	12	12x12	20.756590
101001001000	00303130022	12	12x12	20.756590
010001100111	00302203033	12	12x12	19.026874
100111100100	00302200031	12	12x12	19.026874
110001001111	00211220300	12	12x12	22.486306
011111001011	03331121200	12	12x12	20.756590
100000000111	02112120003	12	12x12	20.756590
000010010000	02203302222	12	12x12	20.756590
111100101100	00331211213	12	12x12	22.486306
100111101111	00331330311	12	12x12	19.026874
011000000001	00313121113	12	12x12	20.756590
010100001010	02113130331	12	12x12	24.216021
010101101101	02030030220	12	12x12	22.486306
110111101100	03300331213	12	12x12	22.486306
011111000111	02113113331	12	12x12	20.756590
101111111010	02203331130	12	12x12	24.216021
001110000111	00313003022	12	12x12	22.486306
110001000001	03130002120	12	12x12	24.216021
001000111010	00333022222	12	12x12	17.297158
110011111000	00030030030	12	12x12	12.108011
011000101011	02111121111	12	12x12	13.837726
101101011101	00313131111	12	12x12	15.567442
101010010010	02002122213	12	12x12	22.486306
000010000110	00021212221	12	12x12	17.297158
100110011001	03111131220	12	12x12	22.486306
100110001100	00031311212	12	12x12	20.756590
101001110110	00212212021	12	12x12	20.756590
000011111100	02111200020	12	12x12	20.756590
101101001110	00330031331	12	12x12	19.026874
101011100001	03002202200	12	12x12	20.756590
111110100011	00033002213	12	12x12	22.486306
110011001000	02212203022	12	12x12	20.756590
101011010101	02211113003	12	12x12	20.756590
001001110001	00202033000	12	12x12	17.297158
100100010011	02000203333	12	12x12	17.297158
001011011001	03300002021	12	12x12	19.026874
000000100000	03303133130	12	12x12	20.756590
011010010000	03003030203	12	12x12	20.756590
111100110010	02221112002	12	12x12	20.756590
100010100100	00300000033	12	12x12	15.567442
000001101011	00211222200	12	12x12	19.026874
110000100000	02022221331	12	12x12	20.756590
001010001011	03133300212	12	12x12	22.486306
110100011000	00221311202	12	12x12	22.486306
010101101110	00300002120	12	12x12	20.756590
100001001110	02120021122	12	12x12	20.756590
101001110001	03030022211	12	12x12	19.026874
111000110000	03311222021	12	12x12	22.486306
100100111111	02112002021	12	12x12	22.486306
111110000011	02221331212	12	12x12	20.756590
001000011001	00020331111	12	12x12	19.026874
001000110111	02112002120	12	12x12	22.486306
001001101000	03022020221	12	12x12	20.756590
111110000110	02112213330	12	12x12	20.756590
010100110000	02021112133	12	12x12	20.756590
110010010101	03312112020	12	12x12	22.486306
000101100100	02020003113	12	12x12	20.756590
000010000010	00200302020	12	12x12	17.297158
011110110110	03303302222	12	12x12	17.297158
101000001111	02022033313	12	12x12	22.486306
101101010001	03003111121	12	12x12	22.486306
010001110111	03330021222	12	12x12	20.756590
011011010001	00020211212	12	12x12	19.026874
110011001010	00311333333	12	12x12	17.297158
000111111011	00330202022	12	12x12	17.297158
111010000011	00211131330	12	12x12	20.756590
011010000011	03020331111	12	12x12	20.756590
101001101011	00331130302	12	12x12	20.756590
001011010110	03331112220	12	12x12	17.297158
010001000011	00211202030	12	12x12	22.486306
000110001010	00331121313	12	12x12	22.486306
001001000111	03111212203	12	12x12	22.486306
000000110110	03333113033	12	12x12	17.297158
001110111011	02113121333	12	12x12	22.486306
101001111110	00311312120	12	12x12	22.486306
100000001101	02002112122	12	12x12	20.756590
101010110100	03133330333	12	12x12	19.026874
001101111000	02121220033	12	12x12	20.756590
000000011001	00031133122	12	12x12	20.756590
011001000100	00033311220	12	12x12	19.026874
101110111011	02212022221	12	12x12	19.026874
001110011010	03313330220	12	12x12	20.756590
101011100101	00033033312	12	12x12	20.756590
100000011010	02111331122	12	12x12	22.486306
010011110101	03313333300	12	12x12	17.297158
101100010000	00313030303	12	12x12	15.567442
101110010110	02113130333	12	12x12	22.486306
110000000100	00212221333	12	12x12	20.756590
111010001111	03302222213	12	12x12	20.756590
100100010100	03130300221	12	12x12	22.486306
100111011000	03133121311	12	12x12	20.756590
100011111111	03302033111	12	12x12	20.756590
000110010101	02113333303	12	12x12	20.756590
101001000111	02221331221	12	12x12	22.486306
111001111101	02111202122	12	12x12	19.026874
010110100111	02021213313	12	12x12	20.756590
000111111000	02033131111	12	12x12	20.756590
111000000010	02120221311	12	12x12	22.486306
110011111110	03000302030	12	12x12	17.297158
101100101001	03020303022	12	12x12	17.297158
100010101011	03031133311	12	12x12	19.026874
100000001001	00302021221	12	12x12	20.756590
000101101001	03003111211	12	12x12	22.486306
001111011001	02113303330	12	12x12	22.486306
110000001001	03020333333	12	12x12	17.297158
000001111110	03300222033	12	12x12	20.756590
011101101110	00221122133	12	12x12	20.756590
111111000001	03113302002	12	12x12	25.945737
101110000111	03033113033	12	12x12	19.026874
110100100100	00330003002	12	12x12	19.026874
100010001110	00222022202	12	12x12	13.837726
000110110001	03031303022	12	12x12	19.026874
001110111011	02000030020	12	12x12	20.756590
100001111001	02122203300	12	12x12	24.216021
001000010101	02213133302	12	12x12	22.486306
001000010010	03303020203	12	12x12	19.026874
111100101000	02111330003	12	12x12	20.756590
100010011110	03130033300	12	12x12	19.026874
111001101010	00031113333	12	12x12	17.297158
100000100101	00211200020	12	12x12	20.756590
000101010111	00000003302	12	12x12	15.567442
010101010011	03131300203	12	12x12	20.756590
110010101101	03031111112	12	12x12	15.567442
111000001000	02030303000	12	12x12	15.567442
110111000110	02033131303	12	12x12	20.756590
010101011101	02113333330	12	12x12	17.297158
101100111010	00000311111	12	12x12	13.837726
011111110000	02003000211	12	12x12	22.486306
001011111000	00000211200	12	12x12	19.026874
011001001101	03300203300	12	12x12	17.297158
101000000001	00000302003	12	12x12	17.297158
000000111000	02200222131	12	12x12	22.486306
001001100000	02122131303	12	12x12	22.486306
010010011111	03030020221	12	12x12	20.756590
011111111100	02022131211	12	12x12	22.486306
011010001001	03022000212	12	12x12	22.486306
100111111100	00220333131	12	12x12	22.486306
110101100111	00220003003	12	12x12	20.756590
001001011101	00212122021	12	12x12	19.026874
111000000100	03112133313	12	12x12	22.486306
100010001000	03312131311	12	12x12	19.026874
101110001110	00313331331	12	12x12	19.026874
010001111001	02122002221	12	12x12	22.486306
001010000111	03112200203	12	12x12	25.945737
010011011101	00333031113	12	12x12	19.026874
000011011101	02202222213	12	12x12	19.026874
110011100000	02033312112	12	12x12	20.756590
010100110011	00030020033	12	12x12	15.567442
101000010100	03333330031	12	12x12	15.567442
010000011110	00313121112	12	12x12	20.756590
110000111001	00021121202	12	12x12	20.756590
001001111111	03020330220	12	12x12	20.756590
001111111101	00000212222	12	12x12	15.567442
010001100011	03113113302	12	12x12	20.756590
101011001100	00313300022	12	12x12	22.486306
111100111101	03131122020	12	12x12	22.486306
100011010011	00313133121	12	12x12	20.756590
011001000010	03111333312	12	12x12	20.756590
101001100010	03312121200	12	12x12	19.026874
010001110101	00033313130	12	12x12	17.297158
011101101001	03331221211	12	12x12	19.026874
000111101001	00033300033	12	12x12	13.837726
101100011100	03133330202	12	12x12	20.756590
000010010110	03022121200	12	12x12	20.756590
001010010100	02003020030	12	12x12	17.297158
000101010111	03130313331	12	12x12	19.026874
100000101000	00303030221	12	12x12	15.567442
101010101001	03130313003	12	12x12	20.756590
000000110000	02212122121	12	12x12	15.567442
011001011010	03031121311	12	12x12	19.026874
101001011100	00212003333	12	12x12	20.756590
000110110000	00200333113	12	12x12	19.026874
000111010000	00211202003	12	12x12	20.756590
101101111011	03020000333	12	12x12	19.026874
000111010000	03113303022	12	12x12	24.216021
111000110001	03133030220	12	12x12	24.216021
111000000001	02221220221	12	12x12	19.026874
001110111011	03313122222	12	12x12	17.297158
001001100101	00002220030	12	12x12	19.026874
011001101001	00333331303	12	12x12	19.026874
011001000011	03020211121	12	12x12	20.756590
011000011100	03113330020	12	12x12	24.216021
100110100111	00311300022	12	12x12	22.486306
110110100010	00022003300	12	12x12	20.756590
100010001011	00313113330	12	12x12	20.756590
110010011011	00311303130	12	12x12	20.756590
000100010011	02213113312	12	12x12	24.216021
010000001000	00303133121	12	12x12	20.756590
111101110000	02121121211	12	12x12	15.567442
000111000010	02002033022	12	12x12	20.756590
101010011100	02122203303	12	12x12	24.216021
110000010010	00333313031	12	12x12	20.756590
101001000011	02113121131	12	12x12	19.026874
110110101100	02221222030	12	12x12	19.026874
011010011010	03112131333	12	12x12	20.756590
110100011000	02211313122	12	12x12	19.026874
011100010110	00202033002	12	12x12	19.026874
010001101110	00220330222	12	12x12	19.026874
000001011000	00202122112	12	12x12	20.756590
100111001011	00333113003	12	12x12	20.756590
111101100110	02200303003	12	12x12	20.756590
010101010000	00020211131	12	12x12	20.756590
101010011001	00033022022	12	12x12	19.026874
000011110010	02111111303	12	12x12	17.297158
000001101101	02113112120	12	12x12	22.486306
110111010011	02033131111	12	12x12	20.756590
001000101000	00303331213	12	12x12	20.756590
110111001001	03030311130	12	12x12	19.026874
101111101011	00021202112	12	12x12	22.486306
110100000011	02221331333	12	12x12	17.297158
101100101011	02221331221	12	12x12	22.486306
001101001001	00212221312	12	12x12	22.486306
011001110000	00331213313	12	12x12	20.756590
000011000101	02030333112	12	12x12	20.756590
101010011111	03111220022	12	12x12	22.486306
000110100011	03112133333	12	12x12	19.026874
001101000100	00211213111	12	12x12	20.756590
011111000001	00303333022	12	12x12	19.026874
110110110001	03302021200	12	12x12	20.756590
000001000011	00311122211	12	12x12	20.756590
100010111011	03312121330	12	12x12	20.756590
110110010000	00211131112	12	12x12	19.026874
001011000011	02122000330	12	12x12	22.486306
100001011010	02202003331	12	12x12	20.756590
111100110111	03031333003	12	12x12	20.756590
110101111100	00313003133	12	12x12	17.297158
110010001010	02033002213	12	12x12	24.216021
011010000110	02122030300	12	12x12	19.026874
011010001011	03020212020	12	12x12	19.026874
110111011000	02000222122	12	12x12	20.756590
010111111111	02121213333	12	12x12	15.567442
101101011111	03300302211	12	12x12	24.216021
001101110001	02213121202	12	12x12	22.486306
010011110010	03312121222	12	12x12	17.297158
001000001100	00330021202	12	12x12	24.216021
111010101001	02222120221	12	12x12	19.026874
010001101100	00200302003	12	12x12	15.567442
110010110110	02022021133	12	12x12	20.756590
001001000111	00033002222	12	12x12	17.297158
000110011000	00031131312	12	12x12	19.026874
111011100100	03112211212	12	12x12	22.486306
101111011010	00313002200	12	12x12	24.216021
000101110101	00021111331	12	12x12	19.026874
100011010000	02120203333	12	12x12	19.026874
101110010100	02211213313	12	12x12	24.216021
111101110011	02222122212	12	12x12	15.567442
111011010111	02030302003	12	12x12	20.756590
100111100001	00221312220	12	12x12	22.486306
000001001010	02212020021	12	12x12	22.486306
010100101011	03112202122	12	12x12	22.486306
000111111111	02203330002	12	12x12	20.756590
000111100001	00002121220	12	12x12	17.297158
101000100010	03130302030	12	12x12	20.756590
011000001001	02000031113	12	12x12	20.756590
001010001111	00000333113	12	12x12	15.567442
110010010011	00020003300	12	12x12	17.297158
100001011110	03002021213	12	12x12	20.756590
101111000010	03112222202	12	12x12	20.756590
110011010111	00200212020	12	12x12	17.297158
111000111010	02121120002	12	12x12	20.756590
110001011100	02113311121	12	12x12	22.486306
100101010010	00303302222	12	12x12	17.297158
111110011000	03033313130	12	12x12	19.026874
101110110011	00000222213	12	12x12	15.567442
010001001000	03003003330	12	12x12	17.297158
110110111010	03312113111	12	12x12	20.756590
000001000110	03022213122	12	12x12	20.756590
111110000110	02112000302	12	12x12	25.945737
101110001011	00303113331	12	12x12	17.297158
000010010000	02213121330	12	12x12	24.216021
111000101101	02002020211	12	12x12	19.026874
100011110001	02030021221	12	12x12	24.216021
001001100001	02003333111	12	12x12	19.026874
101101011101	00033121113	12	12x12	20.756590
111101001000	02022131120	12	12x12	24.216021
010000101101	00313112131	12	12x12	22.486306
111110111010	00331330203	12	12x12	22.486306
100101100010	03033112133	12	12x12	22.486306
000001101010	03133112222	12	12x12	20.756590
110100111101	00221213133	12	12x12	19.026874
001000101001	02113121131	12	12x12	19.026874
011000010000	03303031312	12	12x12	19.026874
010101010010	00311131300	12	12x12	20.756590
111011100010	03133121330	12	12x12	22.486306
100000110000	00002211311	12	12x12	17.297158
010001110000	02122003020	12	12x12	24.216021
001100110101	02220020002	12	12x12	17.297158
111100011000	03113030202	12	12x12	22.486306
110011011110	00300022122	12	12x12	19.026874
110011010010	03331221333	12	12x12	19.026874
010001110011	03303333113	12	12x12	19.026874
101010000000	02221312113	12	12x12	22.486306
010100000011	03133313112	12	12x12	19.026874
010101001000	03330303111	12	12x12	17.297158
111101101100	03113303311	12	12x12	20.756590
001101001110	02030002122	12	12x12	20.756590
011000011010	00021200330	12	12x12	22.486306
000110101000	03311133133	12	12x12	17.297158
101101110100	00331213133	12	12x12	20.756590
010110100110	03000020211	12	12x12	20.756590
100101101000	00222221213	12	12x12	17.297158
011001110010	03313130020	12	12x12	22.486306
000111111111	00022003003	12	12x12	19.026874
100001011001	02002121313	12	12x12	20.756590
011100111111	03022120033	12	12x12	22.486306
111010101100	00313113003	12	12x12	22.486306
100110000110	00003111130	12	12x12	19.026874
111000001011	02000311313	12	12x12	22.486306
101001111110	03033113033	12	12x12	19.026874
111001111101	03020030202	12	12x12	17.297158
001010111001	00311111222	12	12x12	17.297158
000000111000	03030221211	12	12x12	19.026874
110000110001	03030203311	12	12x12	20.756590
111011010111	02212000313	12	12x12	20.756590
100100101000	02200030221	12	12x12	20.756590
000110100100	00203311133	12	12x12	20.756590
011001000110	03311312202	12	12x12	25.945737
001100110111	00302211120	12	12x12	22.486306
111111100010	00022220303	12	12x12	17.297158
000101101001	00313331333	12	12x12	15.567442
100001101110	00211131222	12	12x12	22.486306
001000000011	02030220333	12	12x12	19.026874
010100001001	03133000300	12	12x12	22.486306
000101101110	00002200211	12	12x12	19.026874
101111010000	02030311130	12	12x12	22.486306
001101010001	03022122120	12	12x12	20.756590
100010100101	02002111211	12	12x12	20.756590
011010010110	03112133003	12	12x12	24.216021
011111001111	00311303313	12	12x12	20.756590
111001010000	03333111112	12	12x12	13.837726
101011000111	02121200031	12	12x12	20.756590
011101000111	02021131213	12	12x12	22.486306
001010010011	00333002212	12	12x12	22.486306
110011010101	00311112112	12	12x12	20.756590
100110011010	02000203333	12	12x12	17.297158
011101100111	00030000311	12	12x12	17.297158
001110100101	02030311130	12	12x12	22.486306
001011111111	00311313002	12	12x12	22.486306
101000010010	03113121311	12	12x12	19.026874
100001110101	03330002002	12	12x12	19.026874
110011100100	00031333030	12	12x12	20.756590
000001110000	00300331213	12	12x12	22.486306
010110111111	02030311130	12	12x12	22.486306
001101010111	03003003133	12	12x12	17.297158
111100110111	03330021220	12	12x12	22.486306
101011000011	02020021200	12	12x12	19.026874
100000010001	03031312111	12	12x12	19.026874
011010011010	03112202003	12	12x12	24.216021
101010001101	00211133122	12	12x12	22.486306
010001000001	03022213113	12	12x12	20.756590
011000011101	02111133130	12	12x12	22.486306
001010010100	00221120022	12	12x12	19.026874
101111110010	03020302211	12	12x12	20.756590
110011010000	00022131121	12	12x12	22.486306
010111010011	03333331213	12	12x12	17.297158
001100010001	03311111121	12	12x12	17.297158
010100000010	02220333022	12	12x12	20.756590
010100110000	02222133312	12	12x12	20.756590
111010010011	00203302030	12	12x12	17.297158
110110111011	00212212020	12	12x12	20.756590
101001110111	02213133313	12	12x12	20.756590
101001110010	00313331213	12	12x12	22.486306
000001010011	00333020222	12	12x12	19.026874
110111001001	02020330311	12	12x12	20.756590
011001110001	02221202111	12	12x12	20.756590
110001111100	02111303003	12	12x12	22.486306
100001100011	03111120021	12	12x12	22.486306
001000100110	00311131222	12	12x12	20.756590
011010111011	02212003302	12	12x12	25.945737
011110100111	03031121212	12	12x12	19.026874
010101010101	02122222202	12	12x12	19.026874
110110100010	00212120030	12	12x12	22.486306
000111001011	03033312212	12	12x12	22.486306
010001110101	00002112111	12	12x12	15.567442
111111000100	03302222131	12	12x12	20.756590
010100111110	00311331211	12	12x12	20.756590
111101000111	03113000000	12	12x12	19.026874
101101011000	02111330003	12	12x12	20.756590
001000010010	00221202113	12	12x12	22.486306
110001000001	00030031112	12	12x12	17.297158
101101111100	02002222212	12	12x12	20.756590
100111010000	00031113131	12	12x12	17.297158
001110001101	02002000212	12	12x12	19.026874
011011010001	03303133302	12	12x12	20.756590
010101011111	03130020222	12	12x12	22.486306
111011101011	00203300302	12	12x12	22.486306
010111111010	00333331331	12	12x12	17.297158
111111000010	00000222133	12	12x12	17.297158
001111100010	02121200211	12	12x12	19.026874
100111110000	00331213333	12	12x12	20.756590
000101110011	02203303313	12	12x12	22.486306
111001011010	03330200212	12	12x12	22.486306
001000111111	00212121131	12	12x12	20.756590
001001110010	03131311313	12	12x12	17.297158
010111011001	03022112112	12	12x12	22.486306
110100011111	03313330020	12	12x12	22.486306
000100000001	02021202120	12	12x12	15.567442
010111111000	02033030331	12	12x12	20.756590
010000001100	03303020333	12	12x12	19.026874
000000110101	02030331303	12	12x12	22.486306
010110101011	00313330220	12	12x12	24.216021
101101011011	02113330331	12	12x12	22.486306
011100100100	02121333003	12	12x12	20.756590
001010011111	03030313030	12	12x12	15.567442
110111011111	00333331313	12	12x12	15.567442
101011101010	03033003130	12	12x12	20.756590
101101111000	00221311213	12	12x12	22.486306
001011010001	00000313311	12	12x12	17.297158
100000000111	00313033302	12	12x12	20.756590
110111110000	03333311220	12	12x12	17.297158
101010000010	00030313303	12	12x12	19.026874
100110110000	02113303112	12	12x12	24.216021
000101001111	00313003031	12	12x12	20.756590
110111011010	02111303130	12	12x12	22.486306
101010110111	02200033022	12	12x12	20.756590
011000001100	00330311312	12	12x12	22.486306
010001011110	03022111211	12	12x12	22.486306
011111011000	02113330203	12	12x12	24.216021
011101010001	02122222121	12	12x12	19.026874
010001101001	00003002033	12	12x12	17.297158
100101001100	03130020212	12	12x12	24.216021
111111000111	00031113003	12	12x12	19.026874
000110110101	02113130313	12	12x12	20.756590
010100000111	03333331113	12	12x12	13.837726
110100111111	00021213113	12	12x12	20.756590
100001011011	00311311112	12	12x12	19.026874
000000000000	02020331330	12	12x12	19.026874
110100001011	00311333002	12	12x12	20.756590
010010100111	02211331211	12	12x12	20.756590
110100101101	00002003002	12	12x12	17.297158
010001000111	03133330002	12	12x12	19.026874
101001100110	00031111112	12	12x12	15.567442
111100110000	00222121202	12	12x12	17.297158
010010010111	03300031131	12	12x12	22.486306
110101001011	00331211120	12	12x12	22.486306
111111111100	00220333111	12	12x12	20.756590
100010011110	03020302030	12	12x12	13.837726
101011110011	03313333020	12	12x12	20.756590
011000110011	02112022121	12	12x12	20.756590
101111011001	00311303313	12	12x12	20.756590
110010110110	02113112113	12	12x12	19.026874
000000011100	00030221112	12	12x12	20.756590
111010000001	03000212002	12	12x12	24.216021
111001000010	00021112212	12	12x12	19.026874
001100111011	03133130033	12	12x12	20.756590
111001101110	00020331312	12	12x12	20.756590
100110111101	02112220022	12	12x12	20.756590
001011101100	02122000020	12	12x12	22.486306
000011110011	02221112021	12	12x12	19.026874
011100110110	02002003333	12	12x12	15.567442
100101010110	03330330202	12	12x12	19.026874
011100111100	03311221313	12	12x12	20.756590
110100011100	02111303003	12	12x12	22.486306
010111111111	00002120000	12	12x12	17.297158
100001000000	00300311300	12	12x12	19.026874
011111000010	02202212213	12	12x12	19.026874
001100001100	00200333121	12	12x12	19.026874
101110000001	02112133033	12	12x12	22.486306
000110100101	00313130000	12	12x12	17.297158
100111101010	00033313311	12	12x12	17.297158
111011101001	03033311212	12	12x12	20.756590
111001111110	03300311130	12	12x12	22.486306
000110110001	00202122133	12	12x12	20.756590
011001100100	00021111331	12	12x12	19.026874
011110101100	03111202211	12	12x12	22.486306
001101011010	02122020302	12	12x12	24.216021
011011111000	02202030020	12	12x12	20.756590
111110101010	00000031111	12	12x12	13.837726
010010101011	00212213313	12	12x12	24.216021
010001010001	00212121122	12	12x12	17.297158
001111101100	00303131221	12	12x12	19.026874
011000100011	02222111333	12	12x12	15.567442
111011101100	03300000221	12	12x12	17.297158
110010100100	00212131131	12	12x12	20.756590
010000101100	02002121220	12	12x12	19.026874
000111110111	03133111300	12	12x12	22.486306
100001000011	02002111113	12	12x12	19.026874
101001001101	00221311221	12	12x12	20.756590
101001000110	00202121312	12	12x12	19.026874
100000000000	03130002203	12	12x12	24.216021
101000110110	00021111122	12	12x12	17.297158
011100011010	00003111311	12	12x12	17.297158
001001001110	00033111111	12	12x12	13.837726
011100001111	02203302222	12	12x12	20.756590
100110000110	03133333022	12	12x12	20.756590
010010111000	02202033303	12	12x12	20.756590
011100011100	02111303333	12	12x12	19.026874
101010101001	03133300212	12	12x12	22.486306
010110010000	00212131122	12	12x12	20.756590
011011101100	02022211333	12	12x12	19.026874
111011100011	00302030330	12	12x12	17.297158
000001111101	03003311112	12	12x12	20.756590
100011100100	03331131120	12	12x12	20.756590
000111000111	02000033020	12	12x12	20.756590
010100010111	02213113122	12	12x12	22.486306
101000111000	03312122002	12	12x12	22.486306
000110010011	02222121200	12	12x12	17.297158
110001100111	00022002120	12	12x12	19.026874
010111010000	02202021220	12	12x12	19.026874
101001011010	02211111303	12	12x12	17.297158
010111111111	00002112113	12	12x12	17.297158
000101011110	03302030303	12	12x12	19.026874
011010101101	03313031113	12	12x12	20.756590
111010110101	03131311120	12	12x12	19.026874
101010100000	00330220330	12	12x12	20.756590
010110111010	03112200221	12	12x12	24.216021
000110000010	02111200003	12	12x12	20.756590
000000100100	03112133033	12	12x12	22.486306
110000011111	03133020302	12	12x12	24.216021
010100100010	03133133133	12	12x12	13.837726
000001000100	00220221313	12	12x12	19.026874
011001001001	00002112120	12	12x12	19.026874
111111100010	00000031111	12	12x12	13.837726
110010110101	02200303112	12	12x12	22.486306
100000110101	00220003000	12	12x12	17.297158
001110000011	02112131122	12	12x12	20.756590
011001110111	03131222022	12	12x12	20.756590
110011011001	03311331222	12	12x12	19.026874
001110100011	00331131130	12	12x12	19.026874
010011100101	02113131300	12	12x12	20.756590
111010011110	03022022221	12	12x12	19.026874
010011110111	00211122220	12	12x12	17.297158
101010011001	02222203333	12	12x12	15.567442
101110101100	03113000222	12	12x12	22.486306
000101010100	02202030031	12	12x12	22.486306
100011100001	03002120211	12	12x12	24.216021
001011101110	02113111330	12	12x12	22.486306
011011101111	02213131211	12	12x12	19.026874
011100011111	02212133122	12	12x12	20.756590
111010101010	00002022211	12	12x12	17.297158
100001011001	02221113333	12	12x12	15.567442
101111110010	02122111303	12	12x12	22.486306
100111110100	00000311111	12	12x12	13.837726
100110101011	03112111211	12	12x12	19.026874
100111101111	00030313031	12	12x12	17.297158
011010100001	00331213312	12	12x12	20.756590
110001000100	02000302003	12	12x12	19.026874
001111001000	00002212203	12	12x12	19.026874
100000111111	00021112022	12	12x12	19.026874
101101101011	00331300200	12	12x12	20.756590
011110001100	03312112133	12	12x12	22.486306
011001011101	03111202113	12	12x12	22.486306
111100010000	02111130033	12	12x12	20.756590
100110001000	00221312131	12	12x12	20.756590
111011100111	00222112202	12	12x12	22.486306
101000111001	03003302220	12	12x12	20.756590
000111110101	03130022221	12	12x12	20.756590
100111001000	02220211200	12	12x12	20.756590
110001010010	03133312222	12	12x12	19.026874
110000011011	00202200020	12	12x12	17.297158
011110110000	03331111312	12	12x12	19.026874
110001100110	00330220031	12	12x12	22.486306
101010001101	03331300000	12	12x12	17.297158
010100001110	03302033311	12	12x12	22.486306
111100111000	03300022211	12	12x12	19.026874
011010100001	02002112211	12	12x12	20.756590
111000101110	03020303002	12	12x12	19.026874
010100010001	03312133122	12	12x12	19.026874
101110000101	03111112000	12	12x12	19.026874
010010011100	03020300221	12	12x12	20.756590
011110011010	02030200020	12	12x12	17.297158
111101011100	00203020302	12	12x12	15.567442
101111111001	02030222211	12	12x12	20.756590
010000010110	03333331221	12	12x12	17.297158
100000110000	00220211200	12	12x12	20.756590
100111000100	02212003030	12	12x12	22.486306
110101110000	00302033312	12	12x12	20.756590
010001010001	00022030030	12	12x12	20.756590
000011100110	00022030031	12	12x12	22.486306
100001000011	03112221130	12	12x12	24.216021
101000111111	02212200020	12	12x12	20.756590
101111001001	03022003133	12	12x12	20.756590
010100100010	02111200203	12	12x12	22.486306
001101000111	00212131111	12	12x12	19.026874
010100110011	02113112131	12	12x12	20.756590
010100110010	00200031130	12	12x12	24.216021
010101011101	02002111312	12	12x12	24.216021
100000010100	03303331221	12	12x12	22.486306
111110011100	02033133313	12	12x12	20.756590
010001100010	02002222113	12	12x12	20.756590
001001111101	03030313131	12	12x12	13.837726
101110010000	02212203033	12	12x12	19.026874
001000010101	02220200000	12	12x12	15.567442
011110000101	03000311311	12	12x12	19.026874
111101001110	03131111111	12	12x12	13.837726
110100101000	03111112203	12	12x12	20.756590
000010001110	02222202212	12	12x12	19.026874
110001100010	00303000022	12	12x12	15.567442
010001001011	02033312133	12	12x12	20.756590
111001011011	00311111220	12	12x12	17.297158
000110000010	00333113302	12	12x12	22.486306
110000000111	03312133111	12	12x12	20.756590
101011001000	02220333313	12	12x12	20.756590
110100111001	03330203020	12	12x12	19.026874
010100111111	03312111220	12	12x12	22.486306
110010010110	00002022131	12	12x12	20.756590
010110111010	02212003330	12	12x12	22.486306
100001111100	02202030331	12	12x12	20.756590
011011110111	03111212200	12	12x12	20.756590
101010101011	00030333122	12	12x12	20.756590
100111100001	00311303020	12	12x12	22.486306
101101001100	03112222133	12	12x12	20.756590
100001010100	02033130303	12	12x12	20.756590
011011111100	03330220002	12	12x12	19.026874
001010101110	00022222033	12	12x12	17.297158
011110010000	00300021120	12	12x12	24.216021
101001000010	02021131313	12	12x12	19.026874
110000110111	00031133031	12	12x12	22.486306
111101011101	03112131220	12	12x12	24.216021
110100101000	02113121213	12	12x12	20.756590
110100111111	02120030021	12	12x12	22.486306
010001100001	03311330330	12	12x12	20.756590
011100000011	00222221213	12	12x12	17.297158
010111010101	02030021202	12	12x12	20.756590
000110011010	03312121331	12	12x12	20.756590
101010011111	02121112000	12	12x12	19.026874
100000011100	00302000222	12	12x12	19.026874
001100111111	00333033020	12	12x12	19.026874
110000011101	00031133002	12	12x12	20.756590
100010110101	02120033311	12	12x12	22.486306
001011001100	02220300222	12	12x12	19.026874
001101100101	02112122021	12	12x12	20.756590
111100111010	03112131211	12	12x12	19.026874
111011000101	03300220302	12	12x12	22.486306
100101100011	02020221133	12	12x12	19.026874
100011010111	03111202120	12	12x12	22.486306
111111001110	03000221111	12	12x12	19.026874
001011111001	03111220002	12	12x12	20.756590
000010110010	02111131333	12	12x12	19.026874
011111001000	02003000211	12	12x12	22.486306
011001001111	00303130333	12	12x12	17.297158
001001000010	00211200033	12	12x12	22.486306
101000010101	02022131131	12	12x12	22.486306
011001101111	02022022003	12	12x12	17.297158
111000011101	00033121331	12	12x12	20.756590
011110011011	03311122203	12	12x12	20.756590
101000011000	02203020203	12	12x12	20.756590
000111000000	02002122112	12	12x12	24.216021
000010011010	00000333133	12	12x12	15.567442
000110101001	03300202122	12	12x12	20.756590
100110111011	02111311130	12	12x12	19.026874
111010010000	00222000221	12	12x12	15.567442
011111100100	02021212120	12	12x12	15.567442
011111101110	03131221113	12	12x12	20.756590
000000101110	03131300311	12	12x12	19.026874
111010101101	03300021213	12	12x12	20.756590
010000100100	00031111300	12	12x12	17.297158
001010100110	03111312121	12	12x12	19.026874
000011010001	02113333131	12	12x12	20.756590
001101000111	00030222131	12	12x12	19.026874
101010011000	02113130300	12	12x12	20.756590
000100010001	02033300203	12	12x12	19.026874
100011001111	02200313303	12	12x12	24.216021
010101011101	02122000313	12	12x12	22.486306
111100111001	02200313303	12	12x12	24.216021
101000000100	00330331331	12	12x12	17.297158
100000110110	03302222131	12	12x12	20.756590
101101010111	00212220200	12	12x12	19.026874
001110010000	02213121333	12	12x12	22.486306
111111101110	02030222022	12	12x12	19.026874
010100110111	02220030202	12	12x12	20.756590
000101111111	03111133302	12	12x12	20.756590
011001010110	02022212203	12	12x12	20.756590
010010001001	03022121313	12	12x12	20.756590
100101011000	02211222113	12	12x12	17.297158
000111000000	00311111200	12	12x12	17.297158
110010000100	00311121312	12	12x12	22.486306
010101110111	02120033000	12	12x12	22.486306
111100110000	03312131221	12	12x12	24.216021
000111010100	00221312120	12	12x12	20.756590
101111000110	00203022211	12	12x12	20.756590
100000011001	00022220330	12	12x12	19.026874
001000001000	03313122212	12	12x12	20.756590
000010011010	00221312131	12	12x12	20.756590
101100010010	00300212022	12	12x12	20.756590
011010011001	02211130311	12	12x12	20.756590
000101000100	00313121313	12	12x12	19.026874
111101101101	03113303303	12	12x12	20.756590
000001101011	03313133333	12	12x12	15.567442
011110111101	03022213113	12	12x12	20.756590
101111101110	00311312221	12	12x12	22.486306
011000000011	00003111303	12	12x12	19.026874
100010100101	02211111303	12	12x12	17.297158
011010010001	03131130002	12	12x12	20.756590
101110100000	03003131311	12	12x12	17.297158
001000111111	02220211331	12	12x12	22.486306
101011010110	03033130331	12	12x12	17.297158
101100100010	03030200313	12	12x12	20.756590
110111011100	00303111121	12	12x12	19.026874
010001011111	02212020030	12	12x12	24.216021
110011111100	02200211131	12	12x12	22.486306
101101000001	00030300212	12	12x12	20.756590
110001011111	03022112220	12	12x12	22.486306
100000001100	02112203022	12	12x12	24.216021
010110110001	03331131221	12	12x12	22.486306
100010111100	03130330021	12	12x12	25.945737
001111111110	03312131122	12	12x12	22.486306
101101101101	02122222120	12	12x12	20.756590
111010001100	00311121330	12	12x12	22.486306
001100111011	00333122131	12	12x12	22.486306
111001110011	03000222211	12	12x12	19.026874
111010001000	03130000030	12	12x12	20.756590
110001100101	03311330203	12	12x12	24.216021
010010011100	03000212022	12	12x12	22.486306
000001000101	03133112122	12	12x12	22.486306
000111011111	00311111111	12	12x12	13.837726
011110101111	02203031303	12	12x12	20.756590
100001001101	02112021131	12	12x12	22.486306
110101011111	03030303112	12	12x12	15.567442
110100001100	02113330021	12	12x12	20.756590
011001111100	00211120002	12	12x12	20.756590
000100010010	00000021121	12	12x12	17.297158
010000110110	02030200020	12	12x12	17.297158
101011110110	02200313330	12	12x12	22.486306
101011001110	00313302003	12	12x12	20.756590
101110000100	03033333121	12	12x12	19.026874
000001001101	00200030221	12	12x12	22.486306
100100111011	02022121311	12	12x12	20.756590
001110001111	02122200212	12	12x12	20.756590
111010011111	00313303033	12	12x12	19.026874
000101100001	02121113333	12	12x12	17.297158
111111101011	02112000200	12	12x12	22.486306
101010110111	02003313002	12	12x12	24.216021
101011010001	03133333130	12	12x12	20.756590
001000111010	03300221200	12	12x12	22.486306
011100111011	02022211303	12	12x12	20.756590
110100101101	02212203022	12	12x12	20.756590
111110101101	00002112112	12	12x12	17.297158
100111110011	00330303030	12	12x12	13.837726
010110101001	02020033113	12	12x12	20.756590
111000011000	00220022200	12	12x12	17.297158
000111110101	00333311113	12	12x12	15.567442
000110011000	00211211303	12	12x12	20.756590
000000000101	00222112112	12	12x12	19.026874
001000011000	00303300022	12	12x12	19.026874
010011000010	00333302222	12	12x12	17.297158
000110101011	02111303113	12	12x12	22.486306
011010100010	03112111130	12	12x12	22.486306
000010111100	03111303003	12	12x12	20.756590
110011100101	03113003300	12	12x12	22.486306
111011001011	00212203033	12	12x12	20.756590
111011001011	02003022111	12	12x12	22.486306
100011000110	03300002033	12	12x12	19.026874
100101111000	03331221211	12	12x12	19.026874
000010110100	03112202030	12	12x12	24.216021
000001100000	02200212131	12	12x12	20.756590
010110101011	03031330330	12	12x12	19.026874
011000100100	02022121313	12	12x12	20.756590
101001001111	00212020020	12	12x12	20.756590
110011011110	03331303111	12	12x12	20.756590
100111110110	02112212222	12	12x12	17.297158
010111010110	03312121311	12	12x12	19.026874
010000100110	00203020021	12	12x12	19.026874
001010111010	03022000331	12	12x12	20.756590
010100111010	02113311300	12	12x12	22.486306
011101000010	03131213300	12	12x12	20.756590
001010011000	02021200211	12	12x12	19.026874
000011000011	02200221222	12	12x12	17.297158
111001100110	00203300031	12	12x12	20.756590
010001010110	03131130002	12	12x12	20.756590
010010100111	00033020303	12	12x12	20.756590
110101110010	03311221222	12	12x12	19.026874
111111011100	00331211331	12	12x12	20.756590
011010111011	00331113000	12	12x12	19.026874
110100010100	02220330031	12	12x12	20.756590
111001001001	03111303002	12	12x12	20.756590
011101110111	03312131111	12	12x12	20.756590
011100011000	00302222211	12	12x12	17.297158
111101100001	00000021202	12	12x12	17.297158
101110110010	03130333131	12	12x12	19.026874
011101111100	03130022030	12	12x12	22.486306
010111101101	00302212112	12	12x12	22.486306
010010101110	03302200031	12	12x12	24.216021
111000110010	02220303313	12	12x12	22.486306
011110110111	03133330030	12	12x12	20.756590
100011110101	02112203002	12	12x12	25.945737
101100110010	02120021222	12	12x12	19.026874
110101001111	03313121220	12	12x12	20.756590
000110101011	00211113303	12	12x12	20.756590
101010111111	03000003113	12	12x12	20.756590
101001111011	00302221311	12	12x12	20.756590
111001001101	03000202033	12	12x12	20.756590
100010001111	00220303020	12	12x12	19.026874
111001100100	02203303033	12	12x12	19.026874
011100111111	03112222030	12	12x12	20.756590
100010011110	02221220220	12	12x12	19.026874
100100101110	00211131211	12	12x12	20.756590
011000111000	00022120203	12	12x12	20.756590
110000011010	03130313002	12	12x12	20.756590
000000101011	02202200030	12	12x12	20.756590
001000011001	00031133130	12	12x12	22.486306
101011010010	03022221202	12	12x12	22.486306
101001000010	00221311112	12	12x12	20.756590
001101000101	02212131333	12	12x12	19.026874
100100001111	03312133000	12	12x12	22.486306
001111011101	02202222212	12	12x12	19.026874
010110110011	00021111111	12	12x12	13.837726
100001100010	00222221111	12	12x12	13.837726
010111001101	03111213333	12	12x12	20.756590
110001011001	03133020031	12	12x12	24.216021
110110000000	02122113122	12	12x12	22.486306
111010010100	03312131112	12	12x12	22.486306
001111110100	02221213331	12	12x12	19.026874
011000000011	02120212131	12	12x12	20.756590
111011101010	00031113122	12	12x12	20.756590
011011101101	00311313122	12	12x12	20.756590
101000101011	03313130000	12	12x12	17.297158
011000111110	02021131330	12	12x12	22.486306
010101010001	02202202033	12	12x12	19.026874
111110110100	00203330031	12	12x12	20.756590
100110011001	03133003311	12	12x12	22.486306
111011011011	00033113003	12	12x12	19.026874
110100010000	02030021212	12	12x12	20.756590
101011101111	02020031313	12	12x12	19.026874
100101011101	00211222113	12	12x12	20.756590
001011101010	03031133333	12	12x12	17.297158
010111011110	03303033113	12	12x12	20.756590
001110111101	03131122211	12	12x12	20.756590
001011111000	02033331311	12	12x12	19.026874
011100000100	03112212021	12	12x12	25.945737
101000111001	00021220220	12	12x12	20.756590
011011001001	02003333112	12	12x12	20.756590
100111010001	02222020200	12	12x12	13.837726
100010111100	02030222111	12	12x12	20.756590
011000000000	03311300313	12	12x12	22.486306
000111000011	00311112211	12	12x12	20.756590
111110110110	03133112203	12	12x12	25.945737
110101111111	03030331212	12	12x12	19.026874
011010111010	02122000202	12	12x12	22.486306
001111111001	03302200000	12	12x12	19.026874
111110111101	02212022122	12	12x12	15.567442
010010011110	02030222200	12	12x12	19.026874
110101010101	00302203020	12	12x12	17.297158
111010110111	03130330303	12	12x12	20.756590
111001001000	02020212000	12	12x12	17.297158
000000010100	02220003302	12	12x12	20.756590
100010101010	03311333131	12	12x12	19.026874
000111110011	00311130031	12	12x12	19.026874
100001101011	02111130030	12	12x12	20.756590
000100111011	03302020033	12	12x12	19.026874
101011110000	03302221213	12	12x12	22.486306
001100111001	03133330203	12	12x12	22.486306
111000110101	00211222131	12	12x12	22.486306
010110000001	03020331111	12	12x12	20.756590
011101000101	02121131300	12	12x12	22.486306
011000110110	00033130002	12	12x12	19.026874
110111000011	00002111120	12	12x12	19.026874
000100100111	00311133331	12	12x12	19.026874
011001010010	00203303113	12	12x12	22.486306
100110110011	02033311122	12	12x12	19.026874
010001111101	02122030303	12	12x12	19.026874
000001001110	03111202212	12	12x12	24.216021
010011011100	02000221202	12	12x12	20.756590
100111011100	03111333022	12	12x12	22.486306
101001101011	03311131222	12	12x12	20.756590
101001011000	03031313302	12	12x12	19.026874
001100110000	02020333131	12	12x12	19.026874
001000010111	03300022112	12	12x12	20.756590
001100100000	00311303020	12	12x12	22.486306
001110100110	02112113033	12	12x12	20.756590
001110100000	02021202021	12	12x12	17.297158
011001110110	00200313113	12	12x12	20.756590
101111111010	03000021202	12	12x12	22.486306
111000001010	00302020031	12	12x12	19.026874
011001101001	00020203303	12	12x12	19.026874
101011000111	00313313121	12	12x12	22.486306
001101101101	02211122213	12	12x12	19.026874
011001100001	02020031303	12	12x12	22.486306
011111111100	03113121113	12	12x12	22.486306
010011000000	03111212133	12	12x12	20.756590
011100001111	03331303113	12	12x12	20.756590
011101110000	02030031111	12	12x12	20.756590
101001110110	02002112002	12	12x12	20.756590
000000101100	00212202113	12	12x12	20.756590
101101010110	00313003130	12	12x12	17.297158
101110001000	03030021220	12	12x12	22.486306
000001000111	02221311112	12	12x12	19.026874
000101000010	00303311111	12	12x12	15.567442
111110100110	03030000203	12	12x12	19.026874
100100100101	03111313313	12	12x12	20.756590
110000111000	00212000212	12	12x12	17.297158
110111100101	00202113121	12	12x12	20.756590
001011011110	03002211211	12	12x12	22.486306
001110001110	03111311212	12	12x12	20.756590
101101010101	00031130000	12	12x12	17.297158
110110010010	00033121330	12	12x12	22.486306
001110110110	00031131122	12	12x12	19.026874
100000010011	02212222133	12	12x12	19.026874
000110111000	03022122111	12	12x12	20.756590
101000010110	00222113113	12	12x12	19.026874
110001011001	03022122000	12	12x12	20.756590
101111000011	03003000303	12	12x12	17.297158
011011000011	02122203000	12	12x12	22.486306
110000101111	00022221111	12	12x12	13.837726
001011010011	00211133330	12	12x12	17.297158
000010110010	03311212020	12	12x12	20.756590
111011110110	00311111112	12	12x12	15.567442
111011010001	00211220021	12	12x12	20.756590
111110101111	02213133121	12	12x12	22.486306
011100111100	03112211220	12	12x12	20.756590
110000101001	02111312120	12	12x12	20.756590
100101001010	02222003331	12	12x12	17.297158
110010001111	03000021202	12	12x12	22.486306
101100100110	02003311300	12	12x12	24.216021
000000010001	02202112222	12	12x12	19.026874
000010111000	00203302221	12	12x12	20.756590
011100011100	02203331303	12	12x12	22.486306
000011001000	03000002111	12	12x12	19.026874
000011000010	00003130311	12	12x12	19.026874
011111100101	00333113112	12	12x12	19.026874
111000100000	02220021111	12	12x12	17.297158
000111111101	00003333003	12	12x12	15.567442
010100111110	00221131211	12	12x12	20.756590
011001100100	02122022122	12	12x12	17.297158
101100000100	00221222003	12	12x12	19.026874
111001011001	02120000000	12	12x12	15.567442
111000111011	03000211202	12	12x12	24.216021
000101010101	00031312111	12	12x12	19.026874
000110101000	03300030021	12	12x12	22.486306
101111111000	02021202202	12	12x12	17.297158
101010101110	02202113312	12	12x12	25.945737
110001101000	00203333303	12	12x12	19.026874
000000101100	03020033333	12	12x12	19.026874
100100010000	02222213113	12	12x12	19.026874
010111000111	00333331213	12	12x12	19.026874
010101100010	03000212221	12	12x12	22.486306
011111000100	03112113112	12	12x12	19.026874
100111101101	03112200003	12	12x12	20.756590
101011011101	03300033022	12	12x12	20.756590
100010011000	00000031303	12	12x12	17.297158
000101011101	03112133030	12	12x12	24.216021
110000010000	02200000311	12	12x12	19.026874
000111001000	02212120030	12	12x12	22.486306
001101010000	02030031111	12	12x12	20.756590
101000111011	02033312111	12	12x12	19.026874
101111010010	03130020020	12	12x12	20.756590
011001111000	03333000020	12	12x12	17.297158
000011111010	02220000003	12	12x12	13.837726
000001100001	02111212121	12	12x12	15.567442
101000010111	02112002200	12	12x12	22.486306
101001010010	00313121330	12	12x12	22.486306
010100110100	03022111313	12	12x12	20.756590
111100011111	03311112203	12	12x12	20.756590
010110110100	03300212021	12	12x12	24.216021
011110001000	02120030221	12	12x12	24.216021
101111010110	00221121211	12	12x12	19.026874
010110111100	03003331120	12	12x12	24.216021
010010110010	02213121313	12	12x12	19.026874
001010001011	02112220200	12	12x12	20.756590
000101100010	02030002221	12	12x12	20.756590
111100010101	02120222222	12	12x12	17.297158
101101101010	00211213131	12	12x12	20.756590
010110111100	00212203020	12	12x12	20.756590
000100111111	03000211222	12	12x12	22.486306
100000111000	00022213311	12	12x12	20.756590
000100000111	02113333002	12	12x12	20.756590
010011011000	02030021212	12	12x12	20.756590
010111100100	03022003130	12	12x12	22.486306
000001000000	02002200020	12	12x12	19.026874
000110011000	03112211120	12	12x12	20.756590
100110110010	02211121331	12	12x12	22.486306
011001111001	03113030021	12	12x12	24.216021
100111100011	03000220222	12	12x12	19.026874
100000011111	00000333002	12	12x12	15.567442
011101100100	03300302222	12	12x12	20.756590
001001100100	02222133131	12	12x12	19.026874
100011001100	03133302202	12	12x12	24.216021
000100000100	02030311300	12	12x12	22.486306
111011100101	03130020000	12	12x12	20.756590
100101011000	03130002213	12	12x12	24.216021
011101011110	03133303022	12	12x12	22.486306
010010101011	03113122021	12	12x12	24.216021
000101000111	00202220022	12	12x12	17.297158
110010011001	03033121311	12	12x12	22.486306
101101001010	03131222113	12	12x12	20.756590
011010001100	00302033302	12	12x12	19.026874
110111001011	03022213121	12	12x12	20.756590
001101111101	02203002003	12	12x12	22.486306
000001011100	00211122220	12	12x12	17.297158
100001101010	03022003302	12	12x12	20.756590
001111000110	00000311313	12	12x12	17.297158
111101001010	02222113331	12	12x12	17.297158
010101110101	02033130002	12	12x12	22.486306
101000111110	00200212213	12	12x12	20.756590
110111110011	03113000202	12	12x12	24.216021
010000111000	02002000031	12	12x12	19.026874
100011100110	02020330002	12	12x12	19.026874
000000001111	02112112002	12	12x12	20.756590
011100110000	00222203000	12	12x12	17.297158
000111010101	03022220030	12	12x12	19.026874
100100110001	03133121133	12	12x12	22.486306
000011111010	00302203330	12	12x12	20.756590
000100111000	02003000020	12	12x12	20.756590
110101110011	03031111303	12	12x12	17.297158
001010000111	02112202020	12	12x12	20.756590
101101111110	03002120030	12	12x12	24.216021
101011011011	03020330222	12	12x12	19.026874
000101010100	03000002122	12	12x12	19.026874
100111000110	03311222120	12	12x12	22.486306
110000001011	00333031111	12	12x12	17.297158
011110111000	02200211133	12	12x12	20.756590
111101100001	02112122203	12	12x12	22.486306
000101110111	03312133303	12	12x12	24.216021
010110101010	03112222222	12	12x12	15.567442
011011001010	03002222121	12	12x12	20.756590
001000001011	00222021211	12	12x12	17.297158
011001010101	00333302020	12	12x12	17.297158
011000101010	00221131330	12	12x12	22.486306
100001011000	00302030031	12	12x12	19.026874
110111010011	03033002120	12	12x12	24.216021
010101100101	00000203031	12	12x12	17.297158
110100011100	02211331330	12	12x12	20.756590
111011011100	00211133302	12	12x12	20.756590
100100100110	00021112200	12	12x12	19.026874
101011000111	00222111311	12	12x12	19.026874
010001011000	02200220203	12	12x12	19.026874
001101010110	02002000311	12	12x12	20.756590
101010100111	00311303313	12	12x12	20.756590
011110110110	00202212002	12	12x12	22.486306
001001000111	00031111220	12	12x12	19.026874
110100100100	03302021222	12	12x12	20.756590
101110111100	00330021221	12	12x12	24.216021
011010001010	03000030030	12	12x12	17.297158
101010110000	00303031300	12	12x12	15.567442
011100100001	00002112002	12	12x12	20.756590
010111000000	03003313311	12	12x12	20.756590
000001000001	03020331131	12	12x12	25.945737
011001110111	02021211333	12	12x12	19.026874
101010111000	00000003113	12	12x12	15.567442
010011110110	02120212120	12	12x12	19.026874
001111111110	02020031333	12	12x12	20.756590
011110110101	00022122131	12	12x12	19.026874
011111111101	03303000333	12	12x12	17.297158
001110001011	02030203002	12	12x12	17.297158
101000001010	02222133311	12	12x12	19.026874
001001010101	02212213112	12	12x12	20.756590
000101000110	02111113333	12	12x12	15.567442
000001111010	00333333331	12	12x12	12.108011
001110101001	00313112131	12	12x12	22.486306
111111000110	03302221211	12	12x12	20.756590
111100111001	02111333002	12	12x12	20.756590
100111001101	03131222203	12	12x12	20.756590
100111111000	00331211213	12	12x12	22.486306
110011110011	03031313121	12	12x12	17.297158
101100001101	00330311212	12	12x12	22.486306
100011001100	00200220330	12	12x12	20.756590
011010010010	00031133122	12	12x12	20.756590
110101100100	00033133020	12	12x12	20.756590
111111100110	00203022222	12	12x12	17.297158
110010001100	02003031303	12	12x12	20.756590
000101010010	00211120211	12	12x12	17.297158
011101000111	02021120003	12	12x12	20.756590
101001011101	03131133313	12	12x12	19.026874
101111000110	02113131330	12	12x12	20.756590
110100000001	00021122131	12	12x12	20.756590
110111010000	03020202003	12	12x12	17.297158
001010001000	02113130330	12	12x12	24.216021
010011010111	02121212133	12	12x12	15.567442
100000001010	02122133333	12	12x12	19.026874
010111110010	02002033302	12	12x12	20.756590
010010010000	02112020033	12	12x12	22.486306
000100111111	02113122131	12	12x12	22.486306
100100000001	00222221130	12	12x12	19.026874
100111010000	03033111121	12	12x12	20.756590
001011011111	03113000313	12	12x12	20.756590
010110001001	02111222020	12	12x12	20.756590
101001111100	02113130000	12	12x12	20.756590
001001011110	02200000030	12	12x12	17.297158
011011011011	00002213121	12	12x12	20.756590
011100010111	00222202211	12	12x12	17.297158
110110011011	03003111211	12	12x12	22.486306
101000011100	02002021131	12	12x12	24.216021
010110111000	03020202203	12	12x12	19.026874
010100111100	02113112022	12	12x12	20.756590
001011000001	03130022022	12	12x12	22.486306
111101100100	02033113303	12	12x12	24.216021
101001010000	00021222033	12	12x12	22.486306
000011111001	03022022131	12	12x12	20.756590
001000011110	03311111120	12	12x12	17.297158
001100100100	02120221312	12	12x12	24.216021
000001011011	00211213311	12	12x12	24.216021
111011111001	00200033303	12	12x12	20.756590
101010001101	02113122122	12	12x12	20.756590
100011101100	03131303112	12	12x12	20.756590
011110111010	00220221312	12	12x12	20.756590
001001001101	02203000211	12	12x12	22.486306
010110100110	00212211200	12	12x12	22.486306
111100010010	02202213111	12	12x12	20.756590
100101100100	00212121200	12	12x12	17.297158
110101100000	03330300203	12	12x12	20.756590
110110001011	02021111120	12	12x12	17.297158
011110001001	00300313121	12	12x12	19.026874
110000101010	00022200203	12	12x12	19.026874
111011001010	03020221221	12	12x12	20.756590
110101101001	03000222212	12	12x12	20.756590
001010100010	02113122112	12	12x12	19.026874
001111010011	03330020030	12	12x12	20.756590
001001001011	03313000203	12	12x12	24.216021
000111100000	00020211111	12	12x12	15.567442
111100001010	03133020002	12	12x12	22.486306
101010001101	03112200003	12	12x12	20.756590
100111010110	02113130003	12	12x12	22.486306
011101111000	00220220222	12	12x12	12.108011
101100011111	02222222113	12	12x12	13.837726
001010111001	03113000203	12	12x12	25.945737
101110101000	00030200333	12	12x12	17.297158
100111011100	00331130031	12	12x12	20.756590
010011110111	03022020303	12	12x12	19.026874
111110010101	00000333313	12	12x12	15.567442
110110010100	02030021200	12	12x12	20.756590
000101110111	02220302030	12	12x12	19.026874
001110001001	03130313003	12	12x12	20.756590
101000101000	00212021113	12	12x12	20.756590
001001100011	02003131111	12	12x12	20.756590
101000001010	02030031131	12	12x12	24.216021
011111011101	02022033303	12	12x12	20.756590
001010101111	02021120003	12	12x12	20.756590
100100111000	02120220220	12	12x12	19.026874
101010111111	00222203333	12	12x12	17.297158
000010011011	02121333000	12	12x12	19.026874
100011000010	00021121121	12	12x12	17.297158
101000111111	03311221221	12	12x12	20.756590
101100000100	00022022112	12	12x12	19.026874
101111111101	00030221202	12	12x12	22.486306
110100001101	03113122020	12	12x12	24.216021
100000011001	03330222003	12	12x12	20.756590
000101100001	03111111330	12	12x12	17.297158
000000010111	00333312120	12	12x12	19.026874
001100110111	03133033331	12	12x12	19.026874
011011101101	02220020002	12	12x12	17.297158
011010001100	02112111111	12	12x12	15.567442
001101100111	03133000330	12	12x12	22.486306
111001000000	00300311111	12	12x12	15.567442
000111111001	02203002003	12	12x12	22.486306
000010000010	00000211202	12	12x12	19.026874
101100111010	00200220020	12	12x12	17.297158
100001111000	03112220003	12	12x12	20.756590
010110011011	03130333122	12	12x12	22.486306
000001011101	00302002121	12	12x12	20.756590
100011111000	03020302033	12	12x12	15.567442
111001000001	02030202111	12	12x12	19.026874
001111100110	00222000211	12	12x12	19.026874
100001110011	03020300313	12	12x12	20.756590
011010110011	03313033131	12	12x12	17.297158
110010100101	02022200300	12	12x12	19.026874
101111100000	00212111221	12	12x12	20.756590
100010010001	03312121311	12	12x12	19.026874
001010010001	00222000313	12	12x12	20.756590
000111011111	02211331212	12	12x12	20.756590
100000011101	00022033022	12	12x12	20.756590
000101100110	02121312200	12	12x12	20.756590
110011101011	03130002202	12	12x12	24.216021
000111001110	03033303131	12	12x12	17.297158
111101101000	02113111121	12	12x12	22.486306
110000110100	03312133303	12	12x12	24.216021
100011100010	00031311303	12	12x12	20.756590
111011111101	00302030202	12	12x12	13.837726
111110111010	02021202113	12	12x12	19.026874
011101010011	00220203003	12	12x12	19.026874
101101011111	03000003303	12	12x12	19.026874
001000110011	02020211112	12	12x12	15.567442
000110010010	03112120212	12	12x12	20.756590
000010110100	02111303130	12	12x12	22.486306
011110111001	00313033033	12	12x12	17.297158
010010100110	02113300022	12	12x12	22.486306
011100001001	02030203033	12	12x12	15.567442
110001001111	00033313122	12	12x12	19.026874
010011010010	02122133121	12	12x12	22.486306
101010000000	03112113111	12	12x12	17.297158
101000011111	00211220302	12	12x12	24.216021
011111101110	03130330200	12	12x12	22.486306
000101000111	03022111120	12	12x12	22.486306
001001000111	02200021213	12	12x12	20.756590
111110101000	03113003131	12	12x12	22.486306
011011101001	03313130302	12	12x12	19.026874
111010011101	02003003111	12	12x12	20.756590
001101001011	02111311222	12	12x12	19.026874
100100110111	02211331122	12	12x12	22.486306
011011011100	02213122221	12	12x12	19.026874
010000011100	03303302003	12	12x12	20.756590
111001011001	02211131111	12	12x12	15.567442
001010100111	02112203002	12	12x12	25.945737
011010111100	00331313311	12	12x12	19.026874
010011101010	02221200222	12	12x12	17.297158
110101111001	00212213313	12	12x12	24.216021
100000100011	00000002020	12	12x12	12.108011
111011010110	03133331120	12	12x12	22.486306
100111000011	02200330313	12	12x12	24.216021
100100010011	02122113121	12	12x12	22.486306
010111010101	02112002003	12	12x12	20.756590
100110011111	03111113003	12	12x12	20.756590
011101111001	02021120212	12	12x12	17.297158
101101111010	00311131212	12	12x12	20.756590
100100110101	00303002212	12	12x12	20.756590
111100111000	00030020333	12	12x12	19.026874
110111010011	02120212203	12	12x12	20.756590
001111110010	02020211212	12	12x12	17.297158
101101010011	02200200220	12	12x12	17.297158
010110001000	00000300200	12	12x12	15.567442
011101001100	02222002030	12	12x12	20.756590
100000001001	02220031303	12	12x12	22.486306
101010101100	02030000002	12	12x12	17.297158
101011001011	02122131133	12	12x12	22.486306
001101110100	00212120202	12	12x12	17.297158
101101111110	03031130002	12	12x12	20.756590
010110011100	00313033031	12	12x12	20.756590
100001001110	02200331300	12	12x12	22.486306
000010011110	00202121313	12	12x12	17.297158
010000111110	03331120212	12	12x12	20.756590
000010000011	02221130311	12	12x12	20.756590
001011101000	00212022111	12	12x12	20.756590
110110000111	02200211211	12	12x12	19.026874
011100110000	03133033031	12	12x12	20.756590
001111001111	00331300202	12	12x12	22.486306
110101110011	03022033331	12	12x12	20.756590
001011000000	02022120030	12	12x12	24.216021
111010010001	02200020303	12	12x12	20.756590
011101011000	03112133113	12	12x12	19.026874
000010110100	00000220333	12	12x12	17.297158
110111001110	02113113312	12	12x12	22.486306
101001100100	02111221221	12	12x12	19.026874
110111011111	03133330031	12	12x12	20.756590
101010100111	00021211200	12	12x12	20.756590
000111111011	00003000333	12	12x12	13.837726
111011110011	02111303000	12	12x12	20.756590
011010011100	02203333111	12	12x12	19.026874
000100100110	02002111133	12	12x12	20.756590
001001110000	03311300333	12	12x12	20.756590
101110110111	00331131211	12	12x12	20.756590
100101010000	02221122131	12	12x12	20.756590
000000111100	03112131222	12	12x12	22.486306
001111101010	02002020302	12	12x12	20.756590
100100010110	02120203333	12	12x12	19.026874
111000100011	02120022212	12	12x12	20.756590
000001101001	00200212122	12	12x12	15.567442
100000000100	02222113333	12	12x12	15.567442
101011110011	00330033030	12	12x12	17.297158
001000000000	03313002222	12	12x12	20.756590
110111100000	00311111220	12	12x12	17.297158
101111100101	00330220211	12	12x12	24.216021
110010111000	03300202213	12	12x12	24.216021
011001001011	03333122113	12	12x12	20.756590
011011011101	03112200003	12	12x12	20.756590
011011000111	03131111133	12	12x12	17.297158
110101110000	03330220330	12	12x12	22.486306
000101101001	00021212111	12	12x12	15.567442
011100001001	03033333131	12	12x12	17.297158
111110100000	00003031130	12	12x12	19.026874
100011101111	03002122121	12	12x12	22.486306
000101100010	02212002222	12	12x12	19.026874
010111101111	02211221120	12	12x12	17.297158
111110101011	00330220220	12	12x12	20.756590
111110111101	03031121120	12	12x12	20.756590
100110010111	02022111111	12	12x12	15.567442
000111010001	00331300331	12	12x12	17.297158
111011101010	00203300021	12	12x12	19.026874
110011010100	00221312133	12	12x12	22.486306
101110001010	00031333002	12	12x12	20.756590
010001110111	03111112220	12	12x12	17.297158
111000101010	00333330203	12	12x12	19.026874
100100100011	03333130002	12	12x12	19.026874
100110101110	02022212120	12	12x12	19.026874
010010000100	02003330000	12	12x12	19.026874
010000001001	03303003311	12	12x12	20.756590
000000100000	00020330220	12	12x12	22.486306
011010010001	02111202030	12	12x12	22.486306
101100001100	02022113312	12	12x12	24.216021
100100011101	03031121222	12	12x12	20.756590
001010001110	02113300331	12	12x12	24.216021
100001001010	00002022211	12	12x12	17.297158
011011111011	03000221222	12	12x12	19.026874
001100111011	03313030021	12	12x12	24.216021
110010000011	02203302030	12	12x12	20.756590
110001110010	02121311121	12	12x12	20.756590
011001000111	00300212112	12	12x12	20.756590
010010010110	03133122212	12	12x12	22.486306
100100000111	03300022112	12	12x12	20.756590
101101100111	02121131330	12	12x12	22.486306
001100000010	03133020333	12	12x12	22.486306
110101110010	03130002203	12	12x12	24.216021
100001110010	03312131313	12	12x12	19.026874
101011001010	02120222131	12	12x12	22.486306
001101001111	02122120212	12	12x12	19.026874
101101001010	00313031122	12	12x12	22.486306
110101000111	02222003133	12	12x12	19.026874
111110101010	00022203330	12	12x12	19.026874
000111010011	00033000021	12	12x12	19.026874
100110000111	03133312122	12	12x12	19.026874
011110111101	00212213133	12	12x12	20.756590
110011000000	00221131312	12	12x12	20.756590
001100101000	02111113130	12	12x12	19.026874
101111000111	03302222131	12	12x12	20.756590
010001011000	03112200030	12	12x12	24.216021
011111110011	00212202121	12	12x12	17.297158
010011100101	02221213131	12	12x12	17.297158
001111101100	02000212111	12	12x12	19.026874
011001001101	02020222000	12	12x12	15.567442
100000110010	03300221212	12	12x12	20.756590
011101101110	00311330300	12	12x12	20.756590
110100000001	03311222222	12	12x12	15.567442
001101011100	02030031333	12	12x12	22.486306
000111000010	00202120203	12	12x12	19.026874
100001111101	02203003031	12	12x12	22.486306
000110010011	02022120003	12	12x12	20.756590
010100001000	02033331133	12	12x12	20.756590
010000100001	00333003111	12	12x12	19.026874
100111010010	02120030021	12	12x12	22.486306
110110100010	02021113330	12	12x12	19.026874
110101010000	00313003002	12	12x12	19.026874
110101011101	00212020300	12	12x12	19.026874
010111011110	00220200220	12	12x12	17.297158
101100001100	03113130300	12	12x12	19.026874
010000010111	03112202003	12	12x12	24.216021
001110011111	02033313300	12	12x12	20.756590
001101000100	02211333130	12	12x12	22.486306
110110001011	03022020203	12	12x12	19.026874
111110100001	03131113313	12	12x12	20.756590
111011011111	00031303331	12	12x12	20.756590
100011011000	03020300220	12	12x12	20.756590
101000110010	02222002111	12	12x12	17.297158
000010000100	03130031303	12	12x12	17.297158
000111011000	03131222212	12	12x12	20.756590
111101100001	02121122222	12	12x12	17.297158
000000011000	02111333131	12	12x12	20.756590
111101011001	02003333020	12	12x12	19.026874
110110000010	03133302021	12	12x12	22.486306
110111000000	02120220021	12	12x12	22.486306
010000110001	00313002021	12	12x12	22.486306
111101001001	03330222222	12	12x12	15.567442
010111111100	03111303002	12	12x12	20.756590
001001100101	02111200212	12	12x12	20.756590
001010000011	03020031303	12	12x12	20.756590
000010111110	00022021202	12	12x12	19.026874
111101111100	02221331222	12	12x12	19.026874
000110101010	02211222003	12	12x12	20.756590
100111110101	03030030303	12	12x12	13.837726
101000100101	02030202111	12	12x12	19.026874
111110101100	03331221331	12	12x12	22.486306
000010011110	03000002222	12	12x12	15.567442
111010011011	03311112002	12	12x12	20.756590
001010101000	00222203020	12	12x12	19.026874
011111010011	03002003313	12	12x12	24.216021
000010000100	00302022131	12	12x12	20.756590
011000101101	03130302020	12	12x12	19.026874
101001001010	02033111311	12	12x12	22.486306
100111001101	03020300020	12	12x12	19.026874
111111011100	03020221311	12	12x12	22.486306
011111100100	03031303111	12	12x12	17.297158
111111110101	02121111330	12	12x12	19.026874
100111010010	02120003133	12	12x12	22.486306
110011111100	03333002221	12	12x12	17.297158
001010111110	02202112002	12	12x12	24.216021
100111011001	00200211221	12	12x12	19.026874
000011100011	00203020033	12	12x12	17.297158
111101111101	00212112131	12	12x12	22.486306
011101100001	03031330203	12	12x12	22.486306
101111100111	03300331112	12	12x12	19.026874
101011111000	00212111212	12	12x12	19.026874
011100000101	00311122111	12	12x12	20.756590
011111001011	03112120220	12	12x12	24.216021
111111011000	03303030022	12	12x12	19.026874
010100001000	02030302203	12	12x12	19.026874
111010101100	02033002220	12	12x12	20.756590
000110101010	00333331222	12	12x12	17.297158
001100011010	00331213112	12	12x12	24.216021
000111000110	02212131313	12	12x12	17.297158
011111101011	03022120211	12	12x12	22.486306
101010010000	02212202202	12	12x12	17.297158
111100000101	02111303130	12	12x12	22.486306
000001011100	02113300313	12	12x12	24.216021
010101111010	03031331112	12	12x12	20.756590
100001011100	00302002122	12	12x12	20.756590
011110110010	00313302030	12	12x12	20.756590
100111100000	02122120212	12	12x12	19.026874
011110011000	02212021111	12	12x12	20.756590
101101110011	00020030031	12	12x12	17.297158
111011111000	03302203331	12	12x12	22.486306
111011011100	03303131222	12	12x12	20.756590
000000100111	03003113000	12	12x12	19.026874
000011100111	03333111202	12	12x12	17.297158
001100100000	02003300331	12	12x12	20.756590
010100100011	03033330302	12	12x12	19.026874
011101010010	00200222033	12	12x12	19.026874
010001101110	02030222033	12	12x12	17.297158
001010100001	00021122202	12	12x12	22.486306
110111000100	00330220211	12	12x12	24.216021
001000001110	00303022120	12	12x12	19.026874
011011111010	00300300212	12	12x12	17.297158
010111111100	02120033031	12	12x12	25.945737
011111001011	02111121211	12	12x12	15.567442
111010101111	02030222131	12	12x12	20.756590
011000111100	00313033133	12	12x12	19.026874
110010100010	02002111313	12	12x12	22.486306
100011110101	02203330311	12	12x12	22.486306
010010111011	02120003022	12	12x12	22.486306
101101010001	00331131111	12	12x12	19.026874
001010100011	00212120021	12	12x12	19.026874
100010001111	02212113330	12	12x12	20.756590
110011000011	03020300003	12	12x12	17.297158
111000000001	02112202213	12	12x12	22.486306
001100111010	03112200030	12	12x12	24.216021
100010001001	03133033121	12	12x12	22.486306
101000110010	00311112200	12	12x12	19.026874
001111111100	02120220002	12	12x12	22.486306
110111010100	00311131222	12	12x12	20.756590
111010101100	02033133303	12	12x12	22.486306
000011111010	02120033300	12	12x12	22.486306
101010110001	03022120212	12	12x12	20.756590
010000000110	00031130033	12	12x12	19.026874
000100001011	03311221221	12	12x12	20.756590
110000001000	02030311300	12	12x12	22.486306
010111110000	03002212112	12	12x12	24.216021
011100110011	03302222120	12	12x12	22.486306
010100000001	02213131211	12	12x12	19.026874
110101000110	03033333312	12	12x12	17.297158
000110100110	00033311111	12	12x12	13.837726
111100111101	00313121211	12	12x12	17.297158
101010111001	03003133130	12	12x12	20.756590
100101011000	00300020331	12	12x12	22.486306
010011111001	02022212000	12	12x12	20.756590
010100100100	03333302222	12	12x12	15.567442
011100110101	02022222022	12	12x12	15.567442
001000000110	02113303331	12	12x12	22.486306
100111010100	02030221200	12	12x12	20.756590
100011000110	00333302222	12	12x12	17.297158
100101100010	03112213133	12	12x12	20.756590
000110001011	03313030302	12	12x12	19.026874
011101101110	00031111220	12	12x12	19.026874
000000111010	03312121202	12	12x12	19.026874
001001000110	02113311122	12	12x12	22.486306
011111111110	03112133112	12	12x12	19.026874
100101010110	00211133333	12	12x12	17.297158
110100100001	00221222113	12	12x12	20.756590
110000010100	00330300221	12	12x12	20.756590
101110110101	00300212021	12	12x12	22.486306
010100000010	03133312211	12	12x12	22.486306
010010111110	03022020330	12	12x12	20.756590
000011011110	00031331111	12	12x12	19.026874
110011101110	03130022030	12	12x12	22.486306
111101001110	03113111221	12	12x12	20.756590
001011100110	03300200033	12	12x12	19.026874
110101100111	02212121202	12	12x12	17.297158
001100110000	02030202222	12	12x12	15.567442
011111010010	00211200033	12	12x12	22.486306
010001111001	02121312212	12	12x12	20.756590
100101001111	00030022120	12	12x12	20.756590
011110100010	00222121311	12	12x12	19.026874
011101001010	03112211330	12	12x12	24.216021
101011111110	03312122221	12	12x12	19.026874
110100101010	00211133000	12	12x12	19.026874
001000011101	02003022221	12	12x12	20.756590
110110001011	02000333312	12	12x12	20.756590
001111101011	03113312121	12	12x12	19.026874
111111010100	03002003311	12	12x12	22.486306
000110111111	02211333303	12	12x12	20.756590
000110010111	02200000222	12	12x12	15.567442
010100010101	02111133311	12	12x12	19.026874
000100111100	02212220021	12	12x12	20.756590
011010010110	00033133330	12	12x12	17.297158
101101010001	02112000221	12	12x12	22.486306
011010101101	03020030202	12	12x12	17.297158
111011100100	00211131120	12	12x12	22.486306
100000101101	03020302003	12	12x12	17.297158
010110000110	02120212112	12	12x12	19.026874
101101110100	02120030022	12	12x12	22.486306
001110101111	02120020033	12	12x12	20.756590
011111001101	00220300202	12	12x12	20.756590
011110000001	00211120002	12	12x12	20.756590
000001101101	02112133113	12	12x12	22.486306
110001010000	02121120022	12	12x12	20.756590
100011101001	02003131313	12	12x12	19.026874
011101000010	02113131330	12	12x12	20.756590
000000101110	02033000211	12	12x12	22.486306
101101010000	00211121200	12	12x12	20.756590
101011101001	02203003131	12	12x12	22.486306
110010011011	00300220211	12	12x12	22.486306
101000100101	02022213312	12	12x12	24.216021
010010110001	00303312133	12	12x12	22.486306
001101100000	02021222111	12	12x12	19.026874
001001111100	02212021133	12	12x12	24.216021
100111110110	03031330313	12	12x12	17.297158
001001111001	03303311312	12	12x12	22.486306
111001110101	02000311300	12	12x12	24.216021
110100011011	02033331311	12	12x12	19.026874
101011000101	00330220033	12	12x12	19.026874
001010011111	00302030000	12	12x12	15.567442
010101001111	03031300303	12	12x12	17.297158
000100110101	00313031303	12	12x12	15.567442
001010101100	03131213111	12	12x12	19.026874
001111010100	00002203033	12	12x12	17.297158
100111011111	00203022213	12	12x12	20.756590
011000010000	02022213312	12	12x12	24.216021
100100010001	03133033121	12	12x12	22.486306
110111101001	00030303113	12	12x12	17.297158
011010101110	00300311112	12	12x12	17.297158
111100011011	03033133131	12	12x12	17.297158
110011010101	03130330222	12	12x12	22.486306
000101011011	00020021122	12	12x12	19.026874
010101100011	02222133131	12	12x12	19.026874
010011000010	00222212113	12	12x12	19.026874
000001100011	03331221213	12	12x12	20.756590
101100101011	03031121222	12	12x12	20.756590
111001011100	03302020333	12	12x12	19.026874
101011111010	02220333000	12	12x12	19.026874
001110101110	02030022112	12	12x12	24.216021
001011001111	03130020300	12	12x12	20.756590
111100001101	03333311221	12	12x12	17.297158
011100110010	02030222203	12	12x12	19.026874
100101100000	02213133121	12	12x12	22.486306
000110001111	02120202113	12	12x12	20.756590
111110011110	03000022112	12	12x12	20.756590
100000011001	00222022033	12	12x12	19.026874
110010111011	00313033333	12	12x12	17.297158
010010101000	03130003030	12	12x12	19.026874
011001100111	00022131221	12	12x12	20.756590
010101100001	02222202022	12	12x12	13.837726
001110000000	02212000330	12	12x12	22.486306
100011101111	03330202213	12	12x12	22.486306
110000100100	00212021131	12	12x12	24.216021
011011001100	00021202033	12	12x12	20.756590
001111010010	03331221131	12	12x12	24.216021
011100011101	02122213312	12	12x12	24.216021
011100010001	03033312212	12	12x12	22.486306
000011010000	00222120222	12	12x12	15.567442
110010001100	00333333312	12	12x12	15.567442
001000000010	00020202022	12	12x12	12.108011
000011110011	02200222213	12	12x12	20.756590
100110000110	02213121311	12	12x12	19.026874
100111011011	00211211111	12	12x12	17.297158
011110001111	03033312211	12	12x12	22.486306
001101100111	00211222221	12	12x12	17.297158
011010010111	03313003113	12	12x12	22.486306
100011100111	03130030021	12	12x12	22.486306
001100011101	02021111122	12	12x12	17.297158
011110111010	02202120211	12	12x12	19.026874
110011011100	03020021122	12	12x12	24.216021
000011100001	00311333312	12	12x12	20.756590
000111110011	03000330311	12	12x12	20.756590
011100010010	02113300000	12	12x12	19.026874
101011001000	00221202203	12	12x12	20.756590
100100000101	02033331131	12	12x12	22.486306
000011001110	00033030203	12	12x12	20.756590
100000011011	02203303300	12	12x12	19.026874
110001100001	03131331222	12	12x12	19.026874
011011101011	03312111112	12	12x12	19.026874
100111001100	00221113111	12	12x12	17.297158
010111011110	03133303303	12	12x12	20.756590
000100111001	00333330222	12	12x12	17.297158
010110111110	00311113302	12	12x12	20.756590
001010011100	00211120000	12	12x12	19.026874
010111111100	02113313030	12	12x12	24.216021
111010001101	03313122220	12	12x12	19.026874
011001100010	03303302222	12	12x12	17.297158
101001010010	02113311222	12	12x12	22.486306
110100111011	02122030200	12	12x12	22.486306
101110000111	02033133122	12	12x12	20.756590
101110111000	00302200302	12	12x12	19.026874
000001100110	02002022131	12	12x12	22.486306
110101001101	02030002030	12	12x12	17.297158
110100001010	03020211122	12	12x12	20.756590
000001010011	00212212200	12	12x12	19.026874
101000111101	00222112133	12	12x12	22.486306
111111011111	02033133113	12	12x12	22.486306
011101101111	02200313003	12	12x12	22.486306
100100010010	00302002021	12	12x12	19.026874
111000001000	00313033020	12	12x12	22.486306
100000001000	03112213312	12	12x12	24.216021
011100111100	00222122121	12	12x12	17.297158
001100100110	02113133313	12	12x12	20.756590
101111101001	03331303333	12	12x12	15.567442
111100101111	02220203333	12	12x12	17.297158
100001000111	03111131330	12	12x12	20.756590
001101000111	00203311330	12	12x12	22.486306
000111001011	00313302030	12	12x12	20.756590
100000011000	03130022000	12	12x12	22.486306
000000010111	00311311202	12	12x12	20.756590
101100011010	00200203311	12	12x12	19.026874
011010011110	02111213303	12	12x12	24.216021
010100101010	03112133003	12	12x12	24.216021
010100011001	03133112220	12	12x12	22.486306
100001100111	02003130333	12	12x12	24.216021
110101001001	00221111330	12	12x12	19.026874
110001100110	00022222131	12	12x12	17.297158
001100000101	03113331120	12	12x12	22.486306
111000110110	03311313030	12	12x12	20.756590
010100101101	00313311333	12	12x12	20.756590
111010111011	03311212131	12	12x12	20.756590
000111111000	03022111133	12	12x12	19.026874
101000000010	02213121313	12	12x12	19.026874
101001000001	00211213331	12	12x12	22.486306
111110110110	00203022022	12	12x12	17.297158
011101000010	03312121330	12	12x12	20.756590
011011101101	00211200200	12	12x12	19.026874
111000111111	02022203302	12	12x12	22.486306
001011001100	02000003031	12	12x12	19.026874
011100011011	00311112022	12	12x12	19.026874
000110111001	00331211112	12	12x12	20.756590
110011111111	03031133020	12	12x12	20.756590
010101111110	00313112131	12	12x12	22.486306
100000110101	03020002212	12	12x12	24.216021
111001011000	02021213122	12	12x12	19.026874
100010001101	03133033130	12	12x12	20.756590
110000101111	03033333131	12	12x12	17.297158
100000100110	02120211312	12	12x12	24.216021
110110110001	02212000212	12	12x12	20.756590
010110001111	03331120212	12	12x12	20.756590
010001010010	00221113133	12	12x12	19.026874
101110100001	02120020300	12	12x12	22.486306
110101011001	03033121312	12	12x12	24.216021
101101000001	00002111220	12	12x12	19.026874
000101010010	03112113121	12	12x12	20.756590
010100011000	02112200003	12	12x12	20.756590
010011001010	00221312202	12	12x12	24.216021
101001110000	03031333121	12	12x12	20.756590
001001010000	00200333312	12	12x12	19.026874
110100001011	03000311303	12	12x12	20.756590
010111101010	00021121112	12	12x12	19.026874
010010010011	00331111133	12	12x12	17.297158
011000011110	03133030331	12	12x12	19.026874
010001010000	03133333002	12	12x12	19.026874
011010000101	03330020331	12	12x12	20.756590
110101000110	02121313131	12	12x12	15.567442
001001110011	00302212021	12	12x12	22.486306
111100101111	00033311202	12	12x12	19.026874
111010100000	02021212133	12	12x12	17.297158
011101010110	03112213311	12	12x12	22.486306
010010100011	00030202112	12	12x12	20.756590
011100011111	02203331111	12	12x12	19.026874
001111000111	02222121133	12	12x12	19.026874
100111011100	00002213121	12	12x12	20.756590
110111100001	03130302200	12	12x12	22.486306
011001001110	00333033112	12	12x12	19.026874
110000000000	02121311303	12	12x12	22.486306
110001010111	00311303002	12	12x12	20.756590
111111111111	02213131222	12	12x12	19.026874
101010111100	00330031313	12	12x12	17.297158
111111010110	00003130002	12	12x12	19.026874
100110100000	03000022131	12	12x12	20.756590
010101011000	00202030031	12	12x12	19.026874
110010111001	03112111312	12	12x12	22.486306
010010010100	02120030222	12	12x12	22.486306
010111111110	02202111303	12	12x12	20.756590
011001100111	00031113313	12	12x12	19.026874
100101110110	02030031113	12	12x12	22.486306
001101110001	03031331333	12	12x12	15.567442
001010001000	02213122000	12	12x12	22.486306
011100111011	02033331221	12	12x12	20.756590
100011110000	02030030220	12	12x12	22.486306
000011100101	02222111200	12	12x12	17.297158
100101001011	02113300003	12	12x12	20.756590
111010100101	03333311202	12	12x12	17.297158
010101000010	00311122200	12	12x12	19.026874
000101111101	03333121330	12	12x12	20.756590
000010011010	03331330202	12	12x12	20.756590
110101010000	03312131112	12	12x12	22.486306
010011110000	03313121121	12	12x12	20.756590
011110110100	03112213312	12	12x12	24.216021
010110010101	02111200212	12	12x12	20.756590
101001010001	02220000000	12	12x12	12.108011
011111001001	02112213330	12	12x12	20.756590
110100110000	00003033313	12	12x12	19.026874
100010011100	02122030200	12	12x12	22.486306
000111001001	03330313031	12	12x12	19.026874
011111100001	02122113133	12	12x12	22.486306
101111100011	00300302202	12	12x12	19.026874
000110010100	02121113122	12	12x12	20.756590
101101101101	02020003130	12	12x12	20.756590
101111100010	02113121333	12	12x12	22.486306
110011011101	02213111311	12	12x12	19.026874
101001101100	00331303002	12	12x12	20.756590
011101000111	02111133130	12	12x12	22.486306
110101100001	03112222220	12	12x12	17.297158
111101011110	02221222021	12	12x12	19.026874
101010010000	02120021212	12	12x12	19.026874
111100010000	03312111202	12	12x12	22.486306
010000000001	03030311111	12	12x12	13.837726
110110011101	03111122131	12	12x12	20.756590
100111101100	03112120221	12	12x12	24.216021
100100100001	03020303030	12	12x12	15.567442
110000110100	03020002022	12	12x12	19.026874
110111101010	02112000200	12	12x12	22.486306
100111000101	02111131222	12	12x12	20.756590
111111011011	03133020220	12	12x12	22.486306
111010010111	03331311120	12	12x12	20.756590
001001101000	00203311111	12	12x12	17.297158
001110011101	03133333303	12	12x12	19.026874
000101010110	03131212111	12	12x12	17.297158
101111100010	00033020020	12	12x12	20.756590
111010010101	00302000003	12	12x12	17.297158
010100001100	02120221313	12	12x12	22.486306
110001100000	03313002002	12	12x12	22.486306
011100000110	00033133312	12	12x12	19.026874
100011110000	03111122211	12	12x12	19.026874
001110110100	03033111133	12	12x12	19.026874
110111011010	02111130331	12	12x12	20.756590
001100011110	02111212133	12	12x12	19.026874
000100001101	00031111300	12	12x12	17.297158
100010110110	00202003131	12	12x12	19.026874
111100000000	03111221202	12	12x12	24.216021
110100101101	02200313002	12	12x12	24.216021
010010100100	02213122113	12	12x12	22.486306
000000111110	02120030033	12	12x12	20.756590
000100110001	03113313302	12	12x12	22.486306
101100100000	00333333133	12	12x12	15.567442
111000001110	02111211131	12	12x12	19.026874
100010001011	02213121131	12	12x12	22.486306
010001000010	03111312202	12	12x12	24.216021
011100001111	00313033121	12	12x12	22.486306
111010000000	02030022033	12	12x12	20.756590
011110010101	00003022121	12	12x12	20.756590
000000010111	00222131211	12	12x12	20.756590
110110100111	00031303311	12	12x12	20.756590
100100101011	03000211222	12	12x12	22.486306
001101100001	03131112222	12	12x12	17.297158
101111001010	00311112020	12	12x12	19.026874
010101000111	02030003002	12	12x12	19.026874
100111101101	03002120030	12	12x12	24.216021
000011011001	03031312121	12	12x12	17.297158
000001001011	03303033133	12	12x12	19.026874
010100001001	03112213122	12	12x12	22.486306
111001100000	00313000331	12	12x12	20.756590
011001111101	03111212213	12	12x12	22.486306
010011101110	00211111213	12	12x12	20.756590
000111001000	00200333020	12	12x12	17.297158
000111000001	02033113000	12	12x12	24.216021
100111011110	00333122111	12	12x12	20.756590
011110100010	03111300303	12	12x12	20.756590
100111011011	03130002222	12	12x12	19.026874
100001100000	03030313300	12	12x12	17.297158
001110000101	00000030313	12	12x12	15.567442
001111001110	03111120021	12	12x12	22.486306
011000001101	02202213133	12	12x12	19.026874
100010011110	03333000030	12	12x12	17.297158
110010001011	03312133000	12	12x12	22.486306
011000110000	00302033113	12	12x12	22.486306
111100010110	03131120211	12	12x12	22.486306
011110000000	00333030311	12	12x12	17.297158
010000001111	03022121211	12	12x12	19.026874
111001111101	03312121113	12	12x12	19.026874
101000101010	02120212022	12	12x12	15.567442
101010111100	02222133133	12	12x12	17.297158
100000011100	00212120000	12	12x12	17.297158
110011100001	03312121331	12	12x12	20.756590
000001101110	00311112202	12	12x12	20.756590
011000111111	03303000333	12	12x12	17.297158
111001111111	02030330313	12	12x12	22.486306
111000011001	00000333312	12	12x12	15.567442
101100101101	00222212122	12	12x12	15.567442
011010010011	00202121313	12	12x12	17.297158
000011111100	02213122021	12	12x12	24.216021
101111110010	00020021120	12	12x12	19.026874
100101010001	00022202211	12	12x12	19.026874
111111110100	00002112131	12	12x12	20.756590
010110100000	02021131131	12	12x12	19.026874
011001011011	02003133330	12	12x12	22.486306
101110011110	00202113122	12	12x12	20.756590
111111101100	03000331211	12	12x12	22.486306
110001010111	03003003333	12	12x12	15.567442
111110010111	03002221120	12	12x12	24.216021
000100001100	00003111112	12	12x12	15.567442
001100101100	03002120021	12	12x12	22.486306
100110011111	02020020212	12	12x12	17.297158
101010101100	00021202221	12	12x12	20.756590
101000010001	00221221333	12	12x12	19.026874
100001100111	02203303333	12	12x12	19.026874
011101100110	00202202120	12	12x12	20.756590
010001000100	02113121133	12	12x12	19.026874
000110001001	02212133331	12	12x12	19.026874
110110100001	03031300311	12	12x12	19.026874
000010111010	00200033333	12	12x12	15.567442
101000010010	02203331111	12	12x12	19.026874
111100101111	03020300020	12	12x12	19.026874
011111101001	00021211121	12	12x12	19.026874
011001110001	02122200221	12	12x12	22.486306
110011111010	00221113113	12	12x12	20.756590
111011001010	02113133033	12	12x12	22.486306
010000101100	03003311333	12	12x12	22.486306
001101110111	00202113121	12	12x12	20.756590
010011010011	00211212003	12	12x12	22.486306
100001111100	02120021120	12	12x12	22.486306
010100111011	02120020000	12	12x12	17.297158
100001101010	03130313002	12	12x12	20.756590
010001010111	00222003000	12	12x12	17.297158
110110101001	03020212020	12	12x12	19.026874
010111101010	02021202120	12	12x12	15.567442
011111001110	00222113122	12	12x12	22.486306
010000001111	02121333030	12	12x12	20.756590
111100110100	02211211212	12	12x12	17.297158
011000111111	03333313333	12	12x12	13.837726
010110000001	02033030200	12	12x12	19.026874
011001111110	02122021122	12	12x12	20.756590
100100011011	00302033113	12	12x12	22.486306
001111010111	00003020330	12	12x12	19.026874
010010101100	02213133122	12	12x12	22.486306
000011111101	00303112131	12	12x12	20.756590
001111000101	00002112131	12	12x12	20.756590
100111101100	00200212002	12	12x12	17.297158
110110001010	02000203022	12	12x12	19.026874
110001000100	02200222030	12	12x12	19.026874
110111111000	00313002203	12	12x12	24.216021
000010100010	02000333331	12	12x12	17.297158
010000101010	00211120203	12	12x12	20.756590
010101101110	03111222003	12	12x12	20.756590
011001010100	03130300200	12	12x12	20.756590
011110010010	03131331222	12	12x12	19.026874
001001000011	03333031300	12	12x12	19.026874
011010001011	03330021202	12	12x12	22.486306
111101000011	02000003312	12	12x12	20.756590
110110111100	02113330300	12	12x12	20.756590
100100101000	03303003031	12	12x12	19.026874
110001010110	03311112133	12	12x12	20.756590
011000110110	03133300221	12	12x12	22.486306
110100100010	00003111300	12	12x12	19.026874
010000111000	03111122222	12	12x12	15.567442
100100011110	02222211222	12	12x12	15.567442
110000111100	03311222122	12	12x12	20.756590
100011000100	00311121122	12	12x12	20.756590
110001010110	00211113112	12	12x12	20.756590
011110110010	03133303330	12	12x12	19.026874
100101111111	02211212220	12	12x12	19.026874
011101100010	02113333030	12	12x12	20.756590
100111010110	02030221112	12	12x12	22.486306
011001001000	03002021200	12	12x12	22.486306
101000001011	00303111300	12	12x12	19.026874
111111111001	02120030313	12	12x12	24.216021
101011101001	03002122003	12	12x12	24.216021
110011111101	03302000333	12	12x12	19.026874
000100011101	00211213113	12	12x12	22.486306
000110010011	02212202220	12	12x12	19.026874
110000110010	00331333122	12	12x12	20.756590
111001011101	00330220200	12	12x12	20.756590
011001100110	00330222111	12	12x12	20.756590
010110110111	00220302020	12	12x12	19.026874
010110101001	03131122112	12	12x12	20.756590
001100011100	03002030020	12	12x12	17.297158
000011011101	00303022121	12	12x12	19.026874
001000111101	00020302021	12	12x12	19.026874
010011011100	03030330313	12	12x12	19.026874
100011001111	03313033020	12	12x12	22.486306
010111101001	02033303030	12	12x12	17.297158
101011100111	02203303331	12	12x12	20.756590
010101001010	02111200000	12	12x12	19.026874
110001110111	02021120002	12	12x12	20.756590
010110101101	02211113111	12	12x12	17.297158
100011000101	02221331221	12	12x12	22.486306
011111101001	02222122222	12	12x12	12.108011
100010100001	03112122022	12	12x12	22.486306
010101110010	00000222211	12	12x12	13.837726
110001111111	02122022033	12	12x12	22.486306
100010100100	00333122133	12	12x12	22.486306
011001001001	03133020220	12	12x12	22.486306
101011100111	00212113122	12	12x12	22.486306
001110111111	02211133312	12	12x12	20.756590
101110011001	02113333121	12	12x12	19.026874
010100111100	00331213122	12	12x12	22.486306
001101010100	00202113121	12	12x12	20.756590
011001001000	02120033022	12	12x12	24.216021
000001000110	00022121221	12	12x12	19.026874
010101100011	00003312133	12	12x12	20.756590
110010001010	02120212111	12	12x12	17.297158
001110100110	02221202213	12	12x12	20.756590
100011001101	02222211133	12	12x12	15.567442
000111111111	03030300313	12	12x12	17.297158
000101101000	02220033130	12	12x12	22.486306
110100100101	00221312121	12	12x12	20.756590
011101001110	02122112000	12	12x12	22.486306
001111001111	00212200033	12	12x12	22.486306
110000001100	03030002120	12	12x12	20.756590
000111011000	03002122112	12	12x12	25.945737
000100100110	02113121200	12	12x12	22.486306
110001110111	03302221113	12	12x12	20.756590
101100011110	02113330200	12	12x12	22.486306
101001000111	00300021212	12	12x12	19.026874
011011100011	00203022222	12	12x12	17.297158
111000011011	00031111221	12	12x12	19.026874
000000110010	00300313003	12	12x12	17.297158
100101001101	00203300212	12	12x12	20.756590
111101101110	00211200022	12	12x12	20.756590
001110001111	03112131122	12	12x12	19.026874
110100000111	03031300222	12	12x12	20.756590
101011100101	00030331112	12	12x12	19.026874
010001011000	00202111131	12	12x12	19.026874
001010010111	00202030200	12	12x12	15.567442
100011000010	00302212002	12	12x12	22.486306
101001000001	00203000222	12	12x12	19.026874
101010001110	03313000311	12	12x12	20.756590
100101011110	00003313112	12	12x12	19.026874
111110000110	02120212211	12	12x12	19.026874
011001111010	00313113311	12	12x12	20.756590
001101100100	03000211202	12	12x12	24.216021
001000001000	03033121312	12	12x12	24.216021
011011000100	00311311202	12	12x12	20.756590
000100011101	03113133113	12	12x12	19.026874
010010111100	00003130000	12	12x12	17.297158
110101100110	00003113311	12	12x12	17.297158
000000010011	00020300202	12	12x12	15.567442
001000011111	00333331333	12	12x12	15.567442
001110010110	02021131131	12	12x12	19.026874
100010000011	00311303303	12	12x12	20.756590
000001001001	00031303033	12	12x12	17.297158
010110011110	03022212022	12	12x12	20.756590
110101111010	03113121130	12	12x12	22.486306
000100001110	00313002220	12	12x12	22.486306
101110001111	02211112213	12	12x12	19.026874
111001100001	00302030022	12	12x12	17.297158
100111111001	00221312133	12	12x12	22.486306
010011100010	02033330002	12	12x12	17.297158
000100011001	00021200302	12	12x12	22.486306
100000101100	00020300302	12	12x12	19.026874
100100010010	03312133000	12	12x12	22.486306
100011010010	00212000313	12	12x12	20.756590
111101000111	03300021120	12	12x12	24.216021
110101111000	02222222213	12	12x12	13.837726
111101101110	03020003002	12	12x12	20.756590
110111000100	02003133121	12	12x12	25.945737
010011100101	00311121120	12	12x12	20.756590
010010001011	00300333121	12	12x12	20.756590
111010001010	00331211312	12	12x12	22.486306
000011101111	03312131133	12	12x12	22.486306
000010101011	00212221131	12	12x12	24.216021
000110011111	00033121130	12	12x12	22.486306
111101111001	00221113112	12	12x12	20.756590
111011001101	00220211220	12	12x12	20.756590
110101011110	02203302021	12	12x12	24.216021
010111010011	02022211303	12	12x12	20.756590
010001001010	00003033131	12	12x12	19.026874
111001110010	03111112002	12	12x12	20.756590
011010101100	02120212202	12	12x12	20.756590
001000011010	03033330030	12	12x12	19.026874
011110010000	00311330030	12	12x12	22.486306
001010100011	00303302221	12	12x12	19.026874
111111110011	02122121200	12	12x12	20.756590
010101011001	00222021131	12	12x12	22.486306
011011010101	02213131130	12	12x12	20.756590
100011101010	03003302021	12	12x12	20.756590
010101011001	03002121202	12	12x12	22.486306
000011000011	03113331112	12	12x12	19.026874
101111101100	03031331121	12	12x12	24.216021
001010100010	00031111211	12	12x12	19.026874
100010100000	03130331133	12	12x12	22.486306
001101001011	03033033030	12	12x12	13.837726
000011110111	00211200033	12	12x12	22.486306
101101000001	00203030313	12	12x12	17.297158
111100000101	00021111313	12	12x12	19.026874
100010110110	03030220300	12	12x12	19.026874
101101011001	03333302203	12	12x12	20.756590
101110001000	03020303111	12	12x12	19.026874
101000110110	03020220030	12	12x12	22.486306
010010100111	00003111330	12	12x12	19.026874
101000010000	00211213113	12	12x12	22.486306
111010110110	03333122212	12	12x12	19.026874
000011010100	00311112020	12	12x12	19.026874
001100110111	02021221120	12	12x12	20.756590
110010101010	02220020330	12	12x12	22.486306
001111001000	00311111330	12	12x12	17.297158
110101110000	03130030311	12	12x12	20.756590
111100110001	03331300303	12	12x12	20.756590
101010101010	02000003130	12	12x12	20.756590
101001010100	03131313330	12	12x12	15.567442
111110001001	02211213112	12	12x12	20.756590
100000010110	02000303111	12	12x12	20.756590
011010010110	02111130303	12	12x12	19.026874
100111111101	03331213303	12	12x12	24.216021
011001001101	03022121120	12	12x12	22.486306
100111001001	02112000302	12	12x12	25.945737
101110100000	03130022033	12	12x12	24.216021
010001010001	00031131303	12	12x12	20.756590
100011001010	03022111111	12	12x12	17.297158
010010110101	00030313000	12	12x12	19.026874
111000001000	00022211130	12	12x12	19.026874
111000110000	02203003133	12	12x12	22.486306
010001101100	00202003022	12	12x12	19.026874
010100100100	03130302222	12	12x12	19.026874
111000000100	02122020330	12	12x12	24.216021
000101111010	03112200030	12	12x12	24.216021
101001111011	00021120221	12	12x12	20.756590
011101111001	02000300020	12	12x12	20.756590
111011100011	00021220022	12	12x12	17.297158
110111110010	03313031122	12	12x12	24.216021
011011100011	03133002220	12	12x12	22.486306
101001000001	00222121111	12	12x12	17.297158
100100101011	03133303131	12	12x12	19.026874
010000100001	02120003000	12	12x12	19.026874
111000000101	00313133311	12	12x12	17.297158
111010101100	00333112120	12	12x12	20.756590
011011001001	03313121133	12	12x12	20.756590
101100101111	00033333122	12	12x12	17.297158
001111001001	03002120030	12	12x12	24.216021
100001011011	00031330033	12	12x12	17.297158
000010111100	02113303003	12	12x12	24.216021
001000111110	03133131220	12	12x12	22.486306
111001110101	03111112002	12	12x12	20.756590
010001101101	03300202002	12	12x12	20.756590
000010110111	02030311111	12	12x12	17.297158
101000110000	02020021200	12	12x12	19.026874
001011001111	02022022002	12	12x12	17.297158
010100101110	02122220000	12	12x12	17.297158
010001100111	02113111312	12	12x12	20.756590
110010000111	00313112212	12	12x12	24.216021
001001110001	02111331221	12	12x12	24.216021
111110001010	02213121333	12	12x12	22.486306
000111010000	02122003333	12	12x12	20.756590
100101100011	03113000002	12	12x12	20.756590
001101110001	03311331112	12	12x12	19.026874
101011000101	02113303313	12	12x12	24.216021
001110111010	00002121212	12	12x12	13.837726
000001111101	03331131122	12	12x12	19.026874
111110100000	02120020212	12	12x12	19.026874
000010110100	00311130311	12	12x12	17.297158
111100001100	03130000031	12	12x12	19.026874
111111011011	03313302033	12	12x12	20.756590
110110011011	02212212120	12	12x12	17.297158
111001111100	02221130313	12	12x12	20.756590
110011010110	03302222000	12	12x12	19.026874
110000100010	03002222112	12	12x12	20.756590
110010101000	00000221311	12	12x12	17.297158
001011000010	02111211120	12	12x12	17.297158
000111010000	03300021122	12	12x12	22.486306
100010001011	03130302200	12	12x12	22.486306
011110001101	02003333130	12	12x12	22.486306
010010111101	00021212111	12	12x12	15.567442
011100110111	00212131211	12	12x12	19.026874
110110111000	02112133330	12	12x12	20.756590
100101110100	02222021112	12	12x12	19.026874
011111001101	03113331221	12	12x12	22.486306
110101110101	03030331312	12	12x12	19.026874
011011000001	00222030203	12	12x12	20.756590
001110100110	03131211303	12	12x12	22.486306
011011000001	03131222002	12	12x12	20.756590
101001110110	03300212003	12	12x12	24.216021
100111001111	03130020030	12	12x12	24.216021
010111101001	02000212122	12	12x12	17.297158
110001000000	02020030313	12	12x12	20.756590
010000011111	03022121130	12	12x12	20.756590
101001100100	00311133133	12	12x12	19.026874
010101010001	00212022121	12	12x12	20.756590
011010110000	03333111202	12	12x12	17.297158
100011001011	00221311131	12	12x12	20.756590
110000000001	03022033002	12	12x12	22.486306
011100100110	03020003033	12	12x12	19.026874
111110110001	03300022212	12	12x12	20.756590
001010001111	00212203033	12	12x12	20.756590
110011011101	03131212200	12	12x12	19.026874
000110011000	00303112113	12	12x12	19.026874
110111111110	00202033131	12	12x12	19.026874
011110100010	00330200202	12	12x12	20.756590
101010010000	02033111120	12	12x12	20.756590
100001000001	03303000221	12	12x12	20.756590
110101010100	02120033030	12	12x12	24.216021
101111010011	00303112112	12	12x12	19.026874
111010101001	00030200313	12	12x12	19.026874
011001011010	02213133003	12	12x12	22.486306
011101011000	03030303311	12	12x12	15.567442
011011100001	02221331221	12	12x12	22.486306
000111000000	00220300212	12	12x12	20.756590
011110100101	02033331312	12	12x12	19.026874
100110111001	02121220303	12	12x12	19.026874
010110011011	03131222022	12	12x12	20.756590
111111000011	00331211211	12	12x12	19.026874
011111100110	02113303031	12	12x12	22.486306
011110000111	03111211202	12	12x12	22.486306
000110010110	03331300220	12	12x12	22.486306
101010111011	03302020021	12	12x12	20.756590
101110100000	03303022122	12	12x12	20.756590
011110010101	02003131303	12	12x12	22.486306
100111001000	03300000222	12	12x12	15.567442
110000011100	00000033003	12	12x12	15.567442
010101101101	02121221331	12	12x12	20.756590
001101101001	03133333033	12	12x12	19.026874
110010010101	02121122220	12	12x12	19.026874
001110101010	00330222030	12	12x12	20.756590
111011100001	02112000031	12	12x12	22.486306
111011110011	02212220203	12	12x12	20.756590
101000101010	03020211222	12	12x12	20.756590
100100000001	00303111120	12	12x12	19.026874
001111101111	03111122000	12	12x12	19.026874
001110101010	02220220031	12	12x12	22.486306
101110011110	02220021120	12	12x12	22.486306
101000111111	03111313112	12	12x12	19.026874
111100011001	00313131112	12	12x12	17.297158
001010001110	00311300030	12	12x12	20.756590
011110110000	02222221333	12	12x12	15.567442
111100101110	03022030200	12	12x12	19.026874
111101100010	03111213112	12	12x12	20.756590
100000001010	00202021112	12	12x12	15.567442
001011111011	02120003330	12	12x12	20.756590
111001101101	00311112021	12	12x12	20.756590
011111111001	02213113330	12	12x12	22.486306
110100001110	00222221313	12	12x12	17.297158
001101010111	00022202203	12	12x12	19.026874
101011101011	00220221133	12	12x12	19.026874
110111111001	03031112222	12	12x12	17.297158
100100000100	02000313333	12	12x12	20.756590
011101001011	03131211312	12	12x12	20.756590
010001110110	03022033313	12	12x12	24.216021
111000001110	02112002033	12	12x12	24.216021
000110101011	00313312212	12	12x12	24.216021
101000001111	00311331112	12	12x12	20.756590
011001100011	03302003333	12	12x12	20.756590
111010111000	03311221331	12	12x12	20.756590
000000101011	02212133330	12	12x12	19.026874
010101101100	03020333311	12	12x12	20.756590
101000000000	00330222120	12	12x12	24.216021
111111000000	02220302000	12	12x12	19.026874
000000010010	03302021222	12	12x12	20.756590
000000100111	00000333000	12	12x12	13.837726
000111010001	02030003131	12	12x12	20.756590
110001011000	00003133331	12	12x12	17.297158
010100001001	00311111202	12	12x12	17.297158
010110011100	03303022120	12	12x12	22.486306
111111010101	03302200002	12	12x12	19.026874
000101100000	00022000211	12	12x12	17.297158
101101100011	03003311111	12	12x12	19.026874
111001100100	00311121311	12	12x12	20.756590
001100111000	02111202121	12	12x12	19.026874
111011001011	00200222222	12	12x12	13.837726
100111000110	02120030331	12	12x12	24.216021
101110100011	03112133033	12	12x12	22.486306
111010000011	00311130333	12	12x12	19.026874
100110011100	03002030002	12	12x12	19.026874
110101010111	02030003111	12	12x12	20.756590
111111000111	03302202211	12	12x12	20.756590
011000100011	00203331121	12	12x12	22.486306
000100110110	03131300200	12	12x12	19.026874
001001100111	03312111313	12	12x12	22.486306
100001011100	02212002200	12	12x12	19.026874
011011000101	02120033311	12	12x12	22.486306
011000110010	03311133031	12	12x12	22.486306
101011001100	02120003020	12	12x12	20.756590
000011110010	02121333033	12	12x12	20.756590
100100001011	03020300003	12	12x12	17.297158
101101011111	00031331221	12	12x12	22.486306
010111011111	02212003333	12	12x12	20.756590
111000010010	00022222213	12	12x12	15.567442
010111011110	02030033133	12	12x12	22.486306
110001111001	02222112131	12	12x12	20.756590
000111000000	03131330203	12	12x12	20.756590
010100000111	02200033113	12	12x12	20.756590
011000010101	02122021222	12	12x12	15.567442
100100011011	02033131300	12	12x12	20.756590
001111011001	02111303033	12	12x12	19.026874
111100100100	00311111221	12	12x12	19.026874
000001000001	03302033311	12	12x12	22.486306
011010101110	00220021113	12	12x12	19.026874
011100001110	02211113031	12	12x12	20.756590
111111101000	00200220211	12	12x12	19.026874
011111011100	02220202121	12	12x12	17.297158
100111111101	02220330033	12	12x12	19.026874
111101000011	02121333122	12	12x12	20.756590
001000111110	02121112213	12	12x12	20.756590
011010111000	03020331303	12	12x12	20.756590
110001010001	02213133033	12	12x12	20.756590
101001100010	03111313031	12	12x12	20.756590
010000001001	03111333020	12	12x12	22.486306
101000100010	03313303130	12	12x12	20.756590
111011100111	00311130331	12	12x12	20.756590
011011010011	00222213121	12	12x12	20.756590
100001100100	02002122211	12	12x12	20.756590
011000000100	00030313113	12	12x12	19.026874
111000000011	02113111212	12	12x12	20.756590
001001000001	00211122200	12	12x12	19.026874
100001101101	02003331330	12	12x12	22.486306
110101100111	02213121202	12	12x12	22.486306
001011000110	00002200030	12	12x12	19.026874
001111011101	00022211303	12	12x12	19.026874
001011001000	02111213311	12	12x12	22.486306
101101011101	00211112211	12	12x12	19.026874
000111100101	03111130003	12	12x12	20.756590
110110100101	03000221213	12	12x12	22.486306
101110010100	03130311300	12	12x12	20.756590
000110000000	02112022113	12	12x12	20.756590
000110010010	02203003113	12	12x12	24.216021
101010010011	00033033020	12	12x12	19.026874
101011001101	02202211113	12	12x12	17.297158
000000000101	02030021212	12	12x12	20.756590
110100001111	02112220202	12	12x12	20.756590
110110110000	00020020211	12	12x12	17.297158
010011111101	02112133030	12	12x12	24.216021
110110100110	03033022002	12	12x12	20.756590
101010001001	02121312133	12	12x12	19.026874
110000100101	00000333333	12	12x12	10.378295
101100010000	03112133313	12	12x12	22.486306
111001000011	03112202212	12	12x12	24.216021
111101010100	00002212200	12	12x12	17.297158
100010010100	02000221312	12	12x12	24.216021
110011110111	00031303113	12	12x12	22.486306
010110010011	03133000022	12	12x12	20.756590
111101111101	03131212213	12	12x12	20.756590
111100011100	02213121333	12	12x12	22.486306
011011001101	02121213131	12	12x12	15.567442
001011011110	02113303330	12	12x12	22.486306
000000001011	02033030303	12	12x12	17.297158
010001111011	02112022202	12	12x12	20.756590
101110101000	02213131303	12	12x12	19.026874
101000111001	03033300031	12	12x12	19.026874
011001111111	02203033312	12	12x12	22.486306
110101010011	00033130020	12	12x12	22.486306
111101001001	00211213313	12	12x12	24.216021
000110001101	00002121221	12	12x12	17.297158
110001101101	02030313302	12	12x12	22.486306
111111110111	03112220030	12	12x12	22.486306
101011110110	03133303033	12	12x12	19.026874
001000011011	03130002002	12	12x12	22.486306
011010111111	03300020303	12	12x12	20.756590
101111000110	03330313121	12	12x12	20.756590
011110001100	00020030022	12	12x12	15.567442
110111001110	00300003131	12	12x12	17.297158
110110101010	03131131111	12	12x12	17.297158
001111000010	02022121122	12	12x12	20.756590
011111111010	02022131311	12	12x12	19.026874
001111110100	03300220200	12	12x12	19.026874
001100100000	00021111312	12	12x12	20.756590
001000110101	03133121220	12	12x12	22.486306
010111001000	03031333300	12	12x12	19.026874
011011111000	02203331130	12	12x12	24.216021
110110101101	03022000313	12	12x12	22.486306
010001011100	02203333022	12	12x12	19.026874
011110110011	00311333333	12	12x12	17.297158
000110100000	03112133003	12	12x12	24.216021
001101101010	03020031300	12	12x12	20.756590
111100011010	02111303333	12	12x12	19.026874
110001111010	02113300330	12	12x12	22.486306
010100001000	03330002002	12	12x12	19.026874
001111001111	02111131213	12	12x12	22.486306
101100100000	02202020333	12	12x12	17.297158
100001011111	00311303311	12	12x12	20.756590
100011000111	02112220021	12	12x12	20.756590
001100011000	03031121130	12	12x12	20.756590
101001111100	00330220303	12	12x12	20.756590
001101110001	02033111112	12	12x12	17.297158
010010111000	02003002122	12	12x12	22.486306
111011111000	03331211200	12	12x12	22.486306
010011110100	02033331312	12	12x12	19.026874
011111000101	00211111303	12	12x12	17.297158
000111111100	00311300022	12	12x12	22.486306
011010110001	00003330331	12	12x12	17.297158
110011101101	03022122000	12	12x12	20.756590
111011010001	02222003313	12	12x12	20.756590
011100110001	00311131222	12	12x12	20.756590
010101010001	03133312213	12	12x12	24.216021
111101010000	03131133303	12	12x12	22.486306
101101110100	03311331122	12	12x12	19.026874
011110001111	00203311112	12	12x12	19.026874
101000110100	00211222200	12	12x12	19.026874
111110110010	03302221113	12	12x12	20.756590
111111001011	03303312112	12	12x12	22.486306
100001111111	00303333113	12	12x12	17.297158
101010110010	00211211330	12	12x12	20.756590
110111101100	02203333111	12	12x12	19.026874
100011100001	03000002120	12	12x12	20.756590
101011101100	02022111212	12	12x12	20.756590
100000100011	00331331330	12	12x12	15.567442
000101110100	03131120220	12	12x12	22.486306
000100110100	03133020222	12	12x12	20.756590
110110000111	00211133303	12	12x12	20.756590
001110001011	00003113330	12	12x12	19.026874
001011101001	02122111313	12	12x12	22.486306
011000011010	02030200031	12	12x12	19.026874
110111000110	03113031133	12	12x12	17.297158
001100000101	03022030331	12	12x12	20.756590
100111111111	02202213133	12	12x12	19.026874
111100010100	02113130000	12	12x12	20.756590
101101111111	02111303312	12	12x12	24.216021
100001110100	03113113121	12	12x12	19.026874
011010110101	00022200203	12	12x12	19.026874
110011011000	02033331211	12	12x12	19.026874
000110100100	02033300302	12	12x12	22.486306
010111101011	02121202113	12	12x12	20.756590
000101000000	00313311202	12	12x12	24.216021
111011101110	03030300030	12	12x12	15.567442
111001000110	02213131220	12	12x12	20.756590
101010101001	03131222211	12	12x12	19.026874
000101111111	03311213130	12	12x12	22.486306
010100100100	03311222021	12	12x12	22.486306
110010101110	03112112000	12	12x12	20.756590
010010101111	00221311213	12	12x12	22.486306
011101110111	02120202112	12	12x12	20.756590
110110000110	00333020033	12	12x12	17.297158
100010101011	02033312113	12	12x12	20.756590
001100110111	00222113130	12	12x12	20.756590
001110110100	02030030221	12	12x12	22.486306
010101010001	02122200330	12	12x12	22.486306
111011000101	03131312220	12	12x12	17.297158
110111100110	02222122133	12	12x12	19.026874
111110110110	00021111133	12	12x12	17.297158
111010100001	03133030300	12	12x12	19.026874
011011111110	03033033300	12	12x12	15.567442
001110110001	03022112212	12	12x12	22.486306
100011110101	03313033002	12	12x12	20.756590
100101000010	02121111212	12	12x12	19.026874
000111111011	00003133003	12	12x12	19.026874
101111011110	02033312131	12	12x12	20.756590
110101101100	00200021221	12	12x12	20.756590
010111101110	03303111300	12	12x12	20.756590
110001101000	02213111221	12	12x12	20.756590
010100011011	03031130002	12	12x12	20.756590
111100010100	03313031121	12	12x12	25.945737
000110010111	00021221120	12	12x12	22.486306
000110101100	02003333300	12	12x12	19.026874
101101011110	02121331222	12	12x12	22.486306
001001100111	00031130330	12	12x12	22.486306
001100100110	02213122131	12	12x12	19.026874
101011011000	02220220333	12	12x12	19.026874
111000000010	00031303333	12	12x12	19.026874
010011011011	02020211202	12	12x12	19.026874
110000100100	03130303312	12	12x12	20.756590
111000000000	03003333020	12	12x12	20.756590
110001000101	00203000212	12	12x12	20.756590
110000110011	03131222220	12	12x12	17.297158
100111111110	00030311300	12	12x12	19.026874
000000111001	03311333112	12	12x12	17.297158
010100110111	03000211212	12	12x12	22.486306
100100111110	03133121333	12	12x12	20.756590
000110100001	03330303311	12	12x12	19.026874
110101001001	03022030331	12	12x12	20.756590
000111001001	00200000200	12	12x12	13.837726
001110000110	02121113003	12	12x12	22.486306
000101010100	03031121311	12	12x12	19.026874
100001010100	00311331222	12	12x12	20.756590
010000011101	03311303111	12	12x12	20.756590
111100111111	02020331313	12	12x12	19.026874
000101001110	02022221130	12	12x12	20.756590
001100110101	02000221312	12	12x12	24.216021
000001010000	02211120021	12	12x12	22.486306
110010101000	02002213113	12	12x12	25.945737
010110001110	00331133312	12	12x12	19.026874
011001001101	00033333313	12	12x12	15.567442
001101111011	02213122200	12	12x12	22.486306
100010110111	03300021120	12	12x12	24.216021
000100000001	02033113112	12	12x12	20.756590
110000000001	02211112111	12	12x12	17.297158
100010110000	03333313031	12	12x12	19.026874
111000011111	03033022221	12	12x12	19.026874
111101111010	02222133311	12	12x12	19.026874
000101010011	03113302033	12	12x12	24.216021
100110100001	00020003113	12	12x12	19.026874
000000011110	03330200022	12	12x12	19.026874
100101000010	02112212133	12	12x12	22.486306
111010100111	02213122133	12	12x12	19.026874
100100000010	03331211312	12	12x12	20.756590
110100110011	03130311121	12	12x12	24.216021
111001100010	02200211213	12	12x12	22.486306
011101010000	00202002033	12	12x12	19.026874
011000111001	00022211130	12	12x12	19.026874
110001110111	00202113122	12	12x12	20.756590
011100010001	02202213122	12	12x12	22.486306
101000100101	00200313111	12	12x12	19.026874
111100100110	00022221333	12	12x12	17.297158
110000001101	03111130313	12	12x12	19.026874
101101100110	02003333131	12	12x12	20.756590
011000000000	02113122022	12	12x12	22.486306
101011101011	00020221312	12	12x12	22.486306
000100011101	03111300302	12	12x12	22.486306
010101101011	03113312133	12	12x12	20.756590
011100001001	03022120003	12	12x12	22.486306
011010100000	03131122220	12	12x12	19.026874
001001011100	02202002030	12	12x12	20.756590
101010011111	02113122203	12	12x12	24.216021
110101011111	03312121111	12	12x12	17.297158
111000101010	03111120200	12	12x12	19.026874
001100111100	03312131300	12	12x12	22.486306
100001101011	02122122202	12	12x12	19.026874
101000110100	00313121311	12	12x12	19.026874
100110111111	02122121220	12	12x12	19.026874
010001011101	02113113313	12	12x12	20.756590
100111100100	02113130000	12	12x12	20.756590
000111001111	00021200022	12	12x12	17.297158
011010111110	03022022121	12	12x12	20.756590
100111110101	02111122203	12	12x12	20.756590
000011000111	00031113000	12	12x12	17.297158
001110100110	02211313121	12	12x12	20.756590
000011110101	00212121113	12	12x12	17.297158
010111011101	02122022222	12	12x12	17.297158
100010000011	00302203333	12	12x12	19.026874
110110111111	02030330222	12	12x12	20.756590
011010100000	00220212121	12	12x12	17.297158
011100110100	00302033131	12	12x12	22.486306
011000110001	02022131130	12	12x12	24.216021
001010010100	03311300333	12	12x12	20.756590
110111010101	00202113121	12	12x12	20.756590
110111111111	03333331221	12	12x12	17.297158
110101010010	03133312111	12	12x12	20.756590
110001101000	02113122203	12	12x12	24.216021
000110000110	03002121221	12	12x12	22.486306
001100010010	03031312212	12	12x12	20.756590
001100000000	02000313302	12	12x12	24.216021
101011101110	03311130302	12	12x12	20.756590
101001111000	02222000002	12	12x12	13.837726
001001111101	02112113033	12	12x12	20.756590
100111001010	00002030333	12	12x12	17.297158
000001110110	03020221220	12	12x12	20.756590
011101011100	02022222133	12	12x12	19.026874
101000001001	00331330311	12	12x12	19.026874
010011001011	00030200300	12	12x12	13.837726
001100110101	00212000211	12	12x12	17.297158
111110010101	02203031303	12	12x12	20.756590
000110101111	03302222213	12	12x12	20.756590
111000010010	02121200303	12	12x12	20.756590
100000110000	03111213331	12	12x12	20.756590
111000010100	00000033121	12	12x12	17.297158
000111000000	02111303130	12	12x12	22.486306
011101111001	03113122200	12	12x12	22.486306
010101011100	03113311300	12	12x12	19.026874
101010001110	03313112021	12	12x12	24.216021
110001110101	03000212212	12	12x12	22.486306
100000000011	00002111113	12	12x12	15.567442
111000001101	03312113033	12	12x12	22.486306
100111110101	03030002030	12	12x12	19.026874
010010100010	00313030222	12	12x12	19.026874
011111000111	00031111213	12	12x12	20.756590
110000000101	02020333111	12	12x12	17.297158
111011101100	00033333333	12	12x12	10.378295
010111001100	00031333122	12	12x12	20.756590
100111110101	00330202211	12	12x12	22.486306
010011000101	00200331111	12	12x12	17.297158
110001111110	00000030003	12	12x12	13.837726
110101110011	02220000311	12	12x12	19.026874
110011101001	00203302221	12	12x12	20.756590
111001011111	02213111300	12	12x12	22.486306
010101100101	02122022131	12	12x12	22.486306
010111001000	02212120211	12	12x12	19.026874
110011000110	03133300212	12	12x12	22.486306
101011110101	02212121200	12	12x12	17.297158
111011101100	03030221200	12	12x12	20.756590
110101100101	03300303002	12	12x12	19.026874
100110101001	03112213122	12	12x12	22.486306
010101010001	03130333122	12	12x12	22.486306
011001111110	00030302222	12	12x12	15.567442
100100111100	03112211220	12	12x12	20.756590
001110100001	00313130030	12	12x12	19.026874
100001011011	00333333331	12	12x12	12.108011
000110011100	00220203333	12	12x12	17.297158
110011010111	00311112021	12	12x12	20.756590
011111111101	02021131211	12	12x12	19.026874
100100111010	03111112212	12	12x12	20.756590
101010011000	00302033022	12	12x12	19.026874
101011111001	00203313033	12	12x12	19.026874
001110000101	02212111111	12	12x12	15.567442
100011100010	02221113003	12	12x12	20.756590
011101101001	02030203303	12	12x12	19.026874
110100100010	00222131220	12	12x12	22.486306
111101101011	03002212131	12	12x12	24.216021
001010110000	00033311121	12	12x12	19.026874
011100011011	03333331311	12	12x12	13.837726
100011010011	02112000333	12	12x12	22.486306
001011101000	03333133302	12	12x12	19.026874
000110001111	02203033131	12	12x12	22.486306
101101001011	00002121311	12	12x12	17.297158
001010001010	00222222131	12	12x12	17.297158
000100000011	03313112220	12	12x12	20.756590
100011100011	02020222000	12	12x12	15.567442
100100011101	00333003033	12	12x12	17.297158
011101000011	03112131111	12	12x12	19.026874
101110001001	03311120212	12	12x12	20.756590
011000000010	02113312220	12	12x12	24.216021
011011010111	00000203000	12	12x12	15.567442
001111101010	02221131300	12	12x12	20.756590
110110000011	03303113312	12	12x12	20.756590
101001100001	03031311333	12	12x12	19.026874
000011010111	03020020211	12	12x12	22.486306
110011100011	02000022021	12	12x12	22.486306
110101111100	03312113312	12	12x12	20.756590
001100111000	00003300311	12	12x12	19.026874
011010010101	00003111300	12	12x12	19.026874
111111101010	02022003133	12	12x12	22.486306
111100100001	00002022112	12	12x12	19.026874
000010101000	00311312213	12	12x12	24.216021
001001000010	02202113130	12	12x12	22.486306
101001110010	00211211112	12	12x12	19.026874
010101110101	00220330222	12	12x12	19.026874
001010110001	02122200211	12	12x12	20.756590
100011101010	03130033003	12	12x12	19.026874
001011011110	00212131120	12	12x12	22.486306
101000001101	00212131213	12	12x12	20.756590
100101101001	03303313000	12	12x12	20.756590
101001111010	02111312202	12	12x12	25.945737
110110010001	00330002112	12	12x12	22.486306
011101110001	00333331121	12	12x12	19.026874
010000111100	03130022021	12	12x12	25.945737
111001100000	02022131211	12	12x12	22.486306
001010001000	03030222213	12	12x12	19.026874
100011110110	02120002213	12	12x12	20.756590
111110001101	00203020331	12	12x12	19.026874
101100000110	02030222020	12	12x12	19.026874
001111110010	00022212003	12	12x12	20.756590
101101110011	00031111120	12	12x12	19.026874
000010100010	02121130331	12	12x12	22.486306
100011010101	03130303302	12	12x12	20.756590
101010111101	03022033003	12	12x12	22.486306
010111000001	00333331120	12	12x12	19.026874
010000110001	00211121202	12	12x12	20.756590
111001010101	00331213122	12	12x12	22.486306
001010100001	03303003313	12	12x12	22.486306
001111010001	03131222211	12	12x12	19.026874
110110101011	02002003333	12	12x12	15.567442
000001001111	00221312113	12	12x12	24.216021
110100001001	02212213331	12	12x12	19.026874
010100100110	02120212221	12	12x12	19.026874
110111110000	03111211213	12	12x12	19.026874
010111011100	03130022221	12	12x12	20.756590
100110101001	02020222000	12	12x12	15.567442
000101001011	00311122000	12	12x12	19.026874
111111010111	03331111112	12	12x12	13.837726
111110001011	03002030303	12	12x12	19.026874
000011110100	02122131121	12	12x12	22.486306
101000101111	02113303130	12	12x12	25.945737
011000110001	03033111330	12	12x12	20.756590
100111100011	00031131212	12	12x12	20.756590
100011001101	03022033330	12	12x12	20.756590
100111110110	02022121222	12	12x12	19.026874
111101011010	00331112133	12	12x12	22.486306
010011001110	00330313121	12	12x12	20.756590
010011111110	03311213113	12	12x12	20.756590
110011100010	02211312202	12	12x12	24.216021
010001110000	02002003302	12	12x12	20.756590
010101100111	03331213121	12	12x12	19.026874
011101010001	02000330000	12	12x12	19.026874
111011011001	02221221113	12	12x12	19.026874
110111000001	00003331122	12	12x12	17.297158
111100000111	03022003302	12	12x12	20.756590
000100011100	00022220211	12	12x12	19.026874
101100110010	00000002121	12	12x12	13.837726
000000000000	03020333331	12	12x12	19.026874
010000001011	00000302003	12	12x12	17.297158
001111110100	03030021212	12	12x12	19.026874
010110000010	03333113003	12	12x12	20.756590
001010100000	03131113303	12	12x12	20.756590
111011100101	02111133002	12	12x12	20.756590
001010000010	03022212022	12	12x12	20.756590
010100010110	00313030003	12	12x12	19.026874
111010010001	03131120221	12	12x12	22.486306
010011001010	03033121130	12	12x12	24.216021
010001001011	00002030313	12	12x12	19.026874
011001110001	03302020300	12	12x12	19.026874
100101111010	02213113300	12	12x12	22.486306
001011010011	03331311331	12	12x12	19.026874
001001101101	00021111312	12	12x12	20.756590
011110010100	00311333112	12	12x12	20.756590
101110100111	03022112133	12	12x12	24.216021
010110001100	00220333111	12	12x12	20.756590
000010001111	03111300000	12	12x12	19.026874
111010000010	02002220033	12	12x12	19.026874
011010000011	02111113111	12	12x12	17.297158
011010101111	02121333112	12	12x12	20.756590
110101011001	03131112002	12	12x12	22.486306
110010110101	03312131213	12	12x12	20.756590
000011000010	00300202021	12	12x12	17.297158
110101100010	03031312131	12	12x12	19.026874
111101001010	03133020300	12	12x12	22.486306
011111110101	00002033131	12	12x12	20.756590
001011110100	02212003300	12	12x12	24.216021
011101001101	03111121313	12	12x12	20.756590
011010110110	03031121211	12	12x12	19.026874
101111110111	00212120212	12	12x12	17.297158
110100001010	00021212122	12	12x12	13.837726
111001101000	03030221220	12	12x12	19.026874
011011110101	03003113133	12	12x12	20.756590
000101100100	02213121113	12	12x12	22.486306
001011111110	00021221221	12	12x12	17.297158
111011010001	00031111330	12	12x12	19.026874
100100011111	03312121330	12	12x12	20.756590
001001000100	02122222202	12	12x12	19.026874
101101010011	00300033313	12	12x12	20.756590
100011111110	02121212021	12	12x12	17.297158
111101101110	00002111120	12	12x12	19.026874
000111100010	00003113000	12	12x12	17.297158
100101010110	00333111112	12	12x12	15.567442
010100011010	03020300222	12	12x12	19.026874
001010101010	02213133030	12	12x12	22.486306
000111000111	00212221333	12	12x12	20.756590
101010001100	02020033311	12	12x12	19.026874
010111110000	00212211133	12	12x12	22.486306
111011110001	00222003033	12	12x12	19.026874
000000110011	02000220300	12	12x12	20.756590
011101010001	00022131211	12	12x12	20.756590
000011010100	00221221311	12	12x12	19.026874
011111011010	03130003111	12	12x12	20.756590
110111001101	00222211131	12	12x12	19.026874
101111101110	00003002022	12	12x12	17.297158
011111100101	02122222213	12	12x12	19.026874
100111100011	03111313121	12	12x12	19.026874
000011011111	03020212020	12	12x12	19.026874
111001010010	00211202003	12	12x12	20.756590
011110010110	02020000311	12	12x12	19.026874
000111111111	03030030221	12	12x12	20.756590
011101110010	00021221212	12	12x12	19.026874
001110011010	02021122030	12	12x12	20.756590
111100001101	00300330220	12	12x12	20.756590
011111011001	03022221311	12	12x12	19.026874
000011000001	02200212131	12	12x12	20.756590
010001001011	02111330003	12	12x12	20.756590
000110101100	03112122030	12	12x12	20.756590
110111000000	00000222020	12	12x12	15.567442
001000101001	03130033312	12	12x12	20.756590
111010110100	02121113003	12	12x12	22.486306
100001011011	00033333333	12	12x12	10.378295
110100110111	02200022113	12	12x12	20.756590
000001001011	02111311312	12	12x12	19.026874
100010001100	02112000031	12	12x12	22.486306
101011000111	03112113033	12	12x12	20.756590
100010010101	03022033020	12	12x12	20.756590
101101000010	03313111221	12	12x12	20.756590
110001110010	03022030203	12	12x12	20.756590
000100111110	00202200033	12	12x12	19.026874
110101001110	00031111120	12	12x12	19.026874
110001001001	03130031130	12	12x12	22.486306
100111011101	00212122111	12	12x12	19.026874
010010000010	02022111311	12	12x12	20.756590
011010010001	00203000212	12	12x12	20.756590
011000101010	03312112022	12	12x12	22.486306
101011101000	00203331213	12	12x12	22.486306
110111111110	02113330302	12	12x12	22.486306
010110000000	00033331120	12	12x12	19.026874
010101011011	03130311333	12	12x12	22.486306
011011111011	03133331330	12	12x12	19.026874
111000100000	03333330020	12	12x12	17.297158
101100010101	03311213333	12	12x12	19.026874
011110110001	00200211200	12	12x12	19.026874
011110101100	03311112133	12	12x12	20.756590
000001110010	03313333300	12	12x12	17.297158
001111100100	02200031312	12	12x12	20.756590
000100010000	02021131312	12	12x12	19.026874
101000011001	02121222200	12	12x12	17.297158
111000100100	03020030303	12	12x12	19.026874
000010101101	02003331303	12	12x12	24.216021
100101100000	00020212113	12	12x12	19.026874
000011111010	03000211220	12	12x12	24.216021
010011011001	03113330031	12	12x12	20.756590
010100101100	03312122212	12	12x12	20.756590
000001100110	00033302203	12	12x12	22.486306
110011001111	02121121221	12	12x12	19.026874
101011010100	02121200033	12	12x12	19.026874
011101101001	02113111331	12	12x12	22.486306
100000000111	00000212220	12	12x12	17.297158
101011010100	03133303022	12	12x12	22.486306
000001101000	00031113311	12	12x12	17.297158
111001011000	03113311111	12	12x12	17.297158
011000111100	00031111121	12	12x12	19.026874
011011011111	03113003020	12	12x12	24.216021
110111001011	03331221112	12	12x12	19.026874
000000011111	02121131312	12	12x12	20.756590
010101110010	02213111300	12	12x12	22.486306
100010110010	00331211111	12	12x12	19.026874
010011011100	02030202112	12	12x12	20.756590
010001011100	00211133003	12	12x12	20.756590
000101101001	00033330333	12	12x12	15.567442
111111001010	03333122111	12	12x12	19.026874
011100001001	03112133302	12	12x12	24.216021
011100101000	02202120003	12	12x12	22.486306
111001100000	03313031121	12	12x12	25.945737
100111101000	03300212003	12	12x12	24.216021
111010010100	02120212222	12	12x12	17.297158
101001010111	03112133031	12	12x12	24.216021
101001000000	03033312121	12	12x12	19.026874
101011010011	02000211220	12	12x12	20.756590
110001110100	02113122000	12	12x12	22.486306
001101011110	00211131120	12	12x12	22.486306
010100101110	02112221333	12	12x12	20.756590
100111101001	00211133000	12	12x12	19.026874
100100111101	02113313302	12	12x12	22.486306
011110001111	00333031113	12	12x12	19.026874
000011100111	02002120211	12	12x12	20.756590
011101101011	00021111312	12	12x12	20.756590
100101011000	00333030331	12	12x12	17.297158
101011101100	03020003130	12	12x12	20.756590
110000110101	00203020300	12	12x12	13.837726
100100000010	02122203000	12	12x12	22.486306
100001111110	03113031113	12	12x12	20.756590
000011111100	00021122021	12	12x12	22.486306
000010111001	03333313312	12	12x12	17.297158
001001010110	00311303112	12	12x12	19.026874
011110100111	03302200303	12	12x12	24.216021
111100101100	03333113003	12	12x12	20.756590
000001011100	00031131303	12	12x12	20.756590
010110110000	02021212213	12	12x12	19.026874
100010011000	03330031130	12	12x12	22.486306
000110000011	03313333313	12	12x12	17.297158
011100010011	02122213333	12	12x12	19.026874
101111111111	02221212120	12	12x12	15.567442
101100001101	00311113003	12	12x12	19.026874
101100101011	03131312202	12	12x12	20.756590
000111000010	02002112021	12	12x12	20.756590
001001001101	03112221202	12	12x12	24.216021
110001100001	03031303022	12	12x12	19.026874
000111110010	02220300030	12	12x12	19.026874
110111010110	03333311112	12	12x12	13.837726
010111110010	02111303111	12	12x12	20.756590
000001000000	02022021211	12	12x12	17.297158
001110101110	02112020221	12	12x12	20.756590
010001101011	00311300002	12	12x12	20.756590
100001111110	02122113033	12	12x12	24.216021
101001110000	03020203313	12	12x12	22.486306
101011000010	00220203313	12	12x12	22.486306
100001111101	02111303130	12	12x12	22.486306
000010100100	02111213330	12	12x12	20.756590
010101011110	03111202002	12	12x12	22.486306
100011100100	00021112022	12	12x12	19.026874
000110100001	02000302222	12	12x12	20.756590
011011111100	00202030221	12	12x12	19.026874
000011101101	02122220303	12	12x12	20.756590
000011011011	02213112020	12	12x12	22.486306
110011001100	00222202212	12	12x12	19.026874
101101101100	02021131213	12	12x12	22.486306
011111101001	03033030200	12	12x12	17.297158
100010010011	02213131211	12	12x12	19.026874
011011100110	02021131213	12	12x12	22.486306
000100110110	00333000000	12	12x12	13.837726
001001011100	02212121333	12	12x12	17.297158
101001101111	03302030200	12	12x12	19.026874
100100100001	02033002022	12	12x12	20.756590
010000111111	03130022003	12	12x12	24.216021
110010110100	03031330030	12	12x12	22.486306
000000100001	02120030203	12	12x12	24.216021
010100111100	00212111221	12	12x12	20.756590
110101101011	00002212022	12	12x12	17.297158
100011110000	00022202030	12	12x12	19.026874
001001111110	02211111213	12	12x12	19.026874
010010000001	00000212022	12	12x12	17.297158
011000011010	00221202113	12	12x12	22.486306
100011011110	02002111112	12	12x12	19.026874
111010110100	03131112002	12	12x12	22.486306
110101011101	03022033002	12	12x12	22.486306
010101100001	00222222133	12	12x12	17.297158
011000100111	02211112113	12	12x12	19.026874
111101011100	03020003020	12	12x12	17.297158
100010011000	02221311111	12	12x12	17.297158
110011110111	00003000313	12	12x12	15.567442
000010010110	02113300020	12	12x12	24.216021
000111001000	02121133300	12	12x12	20.756590
110010111000	00313133302	12	12x12	20.756590
111111111101	03312131122	12	12x12	22.486306
000000001011	00331211131	12	12x12	24.216021
011111011100	00311330203	12	12x12	24.216021
001110001001	03131211130	12	12x12	20.756590
011000101000	00200331330	12	12x12	19.026874
100010111011	03113131221	12	12x12	20.756590
110111000111	02213121133	12	12x12	22.486306
001001011111	03020302003	12	12x12	17.297158
011110100001	02211333133	12	12x12	20.756590
101101001111	02030222022	12	12x12	19.026874
111011100011	03330333311	12	12x12	17.297158
010111111110	02033020303	12	12x12	19.026874
111011001111	03313300202	12	12x12	20.756590
001000010001	00311111121	12	12x12	19.026874
111101001000	03312131330	12	12x12	22.486306
100111101111	03111300333	12	12x12	22.486306
100101101111	00313121333	12	12x12	20.756590
000001010010	02200211200	12	12x12	20.756590
100100110111	02002203330	12	12x12	20.756590
011100101011	00303133111	12	12x12	19.026874
000111100101	03113122113	12	12x12	22.486306
111100101101	03130020000	12	12x12	20.756590
101000101011	02121333003	12	12x12	20.756590
111010101110	03111211333	12	12x12	19.026874
100010011000	00300203022	12	12x12	19.026874
110110111011	02203303302	12	12x12	20.756590
111001100110	02202212022	12	12x12	17.297158
011010000111	03031300021	12	12x12	20.756590
010100110101	03133300212	12	12x12	22.486306
101101101111	00331113302	12	12x12	22.486306
001100010111	02212022212	12	12x12	19.026874
100000001100	00331131312	12	12x12	20.756590
011111000001	02022212221	12	12x12	17.297158
110010110111	03113003131	12	12x12	22.486306
110000100001	02202113121	12	12x12	24.216021
010101001001	03030220330	12	12x12	22.486306
101011101110	00222033030	12	12x12	20.756590
111001010010	00020022213	12	12x12	19.026874
101101110100	02120022122	12	12x12	19.026874
011001100011	03111212212	12	12x12	20.756590
011010111001	02211200033	12	12x12	22.486306
111001110000	02121200300	12	12x12	19.026874
101101000110	00212221312	12	12x12	22.486306
010100111000	02213122000	12	12x12	22.486306
010111010000	02221222033	12	12x12	19.026874
010010110101	03131213333	12	12x12	19.026874
000100101010	00221311221	12	12x12	20.756590
011011111011	00330031313	12	12x12	17.297158
100000100000	00002030300	12	12x12	15.567442
000100110101	02113333312	12	12x12	20.756590
001011100010	02120033311	12	12x12	22.486306
111101101011	02003131111	12	12x12	20.756590
011011100110	02113122002	12	12x12	24.216021
110010001110	00002111113	12	12x12	15.567442
100111011101	00330300021	12	12x12	20.756590
100111100110	02222212022	12	12x12	17.297158
101010000001	02112021131	12	12x12	22.486306
110110010011	02002021111	12	12x12	19.026874
110011000010	00220333312	12	12x12	20.756590
010100011001	02022113313	12	12x12	24.216021
100101011111	02121112121	12	12x12	17.297158
100000000101	02203300203	12	12x12	24.216021
110100010100	03113133302	12	12x12	22.486306
000110010111	00331333133	12	12x12	17.297158
110101001110	00303113000	12	12x12	19.026874
110000110000	00330021221	12	12x12	24.216021
001001111101	03113003133	12	12x12	22.486306
111000100101	00330313031	12	12x12	19.026874
011111011011	03020333121	12	12x12	20.756590
000001011101	02212121213	12	12x12	15.567442
110001111000	00000313303	12	12x12	19.026874
010001111000	03030031300	12	12x12	19.026874
010001011011	00302003022	12	12x12	15.567442
000000111101	03111312202	12	12x12	24.216021
011101100100	03302030311	12	12x12	22.486306
001001100110	00221131111	12	12x12	19.026874
001101110101	03020221120	12	12x12	24.216021
011001010110	02033003313	12	12x12	22.486306
100011110001	02202202030	12	12x12	19.026874
100111110101	02122000030	12	12x12	22.486306
000011101001	00202121331	12	12x12	19.026874
110110000011	02112002002	12	12x12	20.756590
110110110010	00031312113	12	12x12	20.756590
101111111111	00000311300	12	12x12	19.026874
001100100011	02033331122	12	12x12	19.026874
000010010010	00212021211	12	12x12	17.297158
001101011111	02111131220	12	12x12	22.486306
001000111000	00331113302	12	12x12	22.486306
010101111110	03130313000	12	12x12	19.026874
100101000000	00331331312	12	12x12	19.026874
110110011001	00333313113	12	12x12	19.026874
010000100101	02122113303	12	12x12	25.945737
010011100010	00211212000	12	12x12	20.756590
101101101011	02212213113	12	12x12	20.756590
101110110100	00031303311	12	12x12	20.756590
101000000111	03130002200	12	12x12	22.486306
001001101111	03331333002	12	12x12	17.297158
111010000101	02020002021	12	12x12	17.297158
010001101101	00212020212	12	12x12	19.026874
110001110110	00303330202	12	12x12	17.297158
101001101001	00302002220	12	12x12	19.026874
011101110011	03020203300	12	12x12	19.026874
100101110110	00031331221	12	12x12	22.486306
010111110100	00300020030	12	12x12	19.026874
011011110010	03130031300	12	12x12	17.297158
001010001111	02000212022	12	12x12	19.026874
100101111011	02022122111	12	12x12	19.026874
111010111001	00022033031	12	12x12	22.486306
101010111000	00303020331	12	12x12	19.026874
100000100010	02122221200	12	12x12	22.486306
110101010000	03002203020	12	12x12	22.486306
111000001010	00022211303	12	12x12	19.026874
010101000001	02030022022	12	12x12	19.026874
111110011000	03030200211	12	12x12	20.756590
111000101001	02022220000	12	12x12	15.567442
101110100111	03033302222	12	12x12	17.297158
011100011111	03113031111	12	12x12	19.026874
000110111110	03331331222	12	12x12	19.026874
100100110000	00000221113	12	12x12	15.567442
011010111000	02003130311	12	12x12	24.216021
101110111001	03020000331	12	12x12	20.756590
010001100110	00000033313	12	12x12	15.567442
001001100000	02112112020	12	12x12	19.026874
100110001011	03113030311	12	12x12	19.026874
110101110110	03030003020	12	12x12	19.026874
110101001111	03302203000	12	12x12	22.486306
111111110000	03003111120	12	12x12	20.756590
100101100001	02020203022	12	12x12	15.567442
100101001100	02221213303	12	12x12	22.486306
110000101101	03111120200	12	12x12	19.026874
111001010011	00021212203	12	12x12	19.026874
001001010001	02112213330	12	12x12	20.756590
010110111011	03030002203	12	12x12	20.756590
101110111001	00031111131	12	12x12	19.026874
110101101000	02120003130	12	12x12	24.216021
000011101011	00300221112	12	12x12	19.026874
110111101000	03130020221	12	12x12	24.216021
110001101001	02121333031	12	12x12	22.486306
010101011010	00333122131	12	12x12	22.486306
010100100110	03031300003	12	12x12	19.026874
101000110000	03331311111	12	12x12	15.567442
111000111101	03113311213	12	12x12	20.756590
110111100101	02002112000	12	12x12	19.026874
000011011110	02122212112	12	12x12	19.026874
011111000000	02122030031	12	12x12	24.216021
010001011100	03300020033	12	12x12	19.026874
110010110000	02221131112	12	12x12	19.026874
000000100101	00333131120	12	12x12	22.486306
110011010100	00331131300	12	12x12	20.756590
100001010011	00202113111	12	12x12	17.297158
111000000100	00002200313	12	12x12	20.756590
110110001100	02111312200	12	12x12	24.216021
101000100011	03111112122	12	12x12	17.297158
010000000101	02030221112	12	12x12	22.486306
101111100001	02122111220	12	12x12	20.756590
110000000110	00313121213	12	12x12	19.026874
011101001100	00022111300	12	12x12	19.026874
001101011000	03331221222	12	12x12	17.297158
100011101110	00030330313	12	12x12	19.026874
011000000100	03111120022	12	12x12	20.756590
001110011001	02030202002	12	12x12	19.026874
000010001000	00211221313	12	12x12	20.756590
011001001100	02003131112	12	12x12	22.486306
110000100000	00200202122	12	12x12	17.297158
010100011100	03112131111	12	12x12	19.026874
100010000011	03113121211	12	12x12	19.026874
000100101110	02222033300	12	12x12	19.026874
010100010000	02222022213	12	12x12	19.026874
000011010100	00021120003	12	12x12	19.026874
110010101111	00221202213	12	12x12	19.026874
001100000100	02211111213	12	12x12	19.026874
111011101001	02000000331	12	12x12	17.297158
101010001011	03022033033	12	12x12	19.026874
111011001001	03112122133	12	12x12	22.486306
100011110100	00221311333	12	12x12	22.486306
000011011111	03111220022	12	12x12	22.486306
101100010000	00000203311	12	12x12	19.026874
101100111101	03020000003	12	12x12	17.297158
001000001111	00313331130	12	12x12	22.486306
010110101111	00021202113	12	12x12	22.486306
110010111101	03112211212	12	12x12	22.486306
110001000101	02021220302	12	12x12	22.486306
101010000101	03133313122	12	12x12	20.756590
111110001111	02111200220	12	12x12	22.486306
010010111100	02113111311	12	12x12	19.026874
111100000101	02111130031	12	12x12	22.486306
011101100110	03331120212	12	12x12	20.756590
001111111111	00300003113	12	12x12	19.026874
111100101110	03333121121	12	12x12	19.026874
110111001001	02003300313	12	12x12	22.486306
110100111001	02113130000	12	12x12	20.756590
101011010011	02222113031	12	12x12	20.756590
000001001110	00212221113	12	12x12	20.756590
111000110101	00311312133	12	12x12	22.486306
010011010110	03131333122	12	12x12	19.026874
111011000111	00300003130	12	12x12	19.026874
000101101001	03313000212	12	12x12	20.756590
010111001011	00333022221	12	12x12	19.026874
000000011100	03112120000	12	12x12	20.756590
100110000010	03130331212	12	12x12	22.486306
111001010101	00202222113	12	12x12	17.297158
001011101110	03333112022	12	12x12	19.026874
001001001000	03031121112	12	12x12	20.756590
001111100011	02113121130	12	12x12	20.756590
010010010110	02121111300	12	12x12	19.026874
001000101001	00300020030	12	12x12	19.026874
010110001010	00211122202	12	12x12	20.756590
100011110110	02222222121	12	12x12	13.837726
100111110111	00311300333	12	12x12	20.756590
010011011110	03022121213	12	12x12	19.026874
111010001001	02000330203	12	12x12	20.756590
110111110101	00022022121	12	12x12	19.026874
101011101110	02220302022	12	12x12	19.026874
000011001011	00220222203	12	12x12	17.297158
110111101001	00021122030	12	12x12	24.216021
010110010000	02111221212	12	12x12	19.026874
001110111110	03303313122	12	12x12	20.756590
010011011011	00003331330	12	12x12	17.297158
101011100000	02222131220	12	12x12	20.756590
110011110110	03033113113	12	12x12	20.756590
110111010010	00222000331	12	12x12	19.026874
011110101000	03130300000	12	12x12	17.297158
100100101000	02033003000	12	12x12	19.026874
100100000000	00311130311	12	12x12	17.297158
111001101011	00333130313	12	12x12	17.297158
000001000111	00333300021	12	12x12	19.026874
111010011100	03300002033	12	12x12	19.026874
011101010100	02030222131	12	12x12	20.756590
000000000111	00302211213	12	12x12	24.216021
110110011100	02030200022	12	12x12	17.297158
100010011001	03113003111	12	12x12	19.026874
010001000000	00212003331	12	12x12	20.756590
000110101000	03030330313	12	12x12	19.026874
101111000111	03003312131	12	12x12	25.945737
011101000111	03031303022	12	12x12	19.026874
010011010010	02221113331	12	12x12	17.297158
010111110011	00000002221	12	12x12	12.108011
000110001011	03303133331	12	12x12	19.026874
101101111000	02113112022	12	12x12	20.756590
010101110101	00302212002	12	12x12	22.486306
101111010100	00221222112	12	12x12	20.756590
011111101110	00300330022	12	12x12	19.026874
100110010111	00033002212	12	12x12	22.486306
011000011101	03113333030	12	12x12	20.756590
001110100110	02003303113	12	12x12	25.945737
001100011111	02211111130	12	12x12	17.297158
010100110011	00303300212	12	12x12	20.756590
001011110011	00200003331	12	12x12	17.297158
100000000010	00031313130	12	12x12	15.567442
101001100101	02202212211	12	12x12	17.297158
100000100101	02111130302	12	12x12	20.756590
000110010001	03000313112	12	12x12	20.756590
100111001000	02121331333	12	12x12	17.297158
111101010011	03111112133	12	12x12	20.756590
100110110111	00222120002	12	12x12	19.026874
100110101000	02121312202	12	12x12	22.486306
100011011000	03330222212	12	12x12	20.756590
101000101100	03020302222	12	12x12	17.297158
011101101101	02033000002	12	12x12	17.297158
100101101111	00211222022	12	12x12	20.756590
110101100010	00212002122	12	12x12	17.297158
010000101101	03333031333	12	12x12	17.297158
101000011111	00030222221	12	12x12	17.297158
010011000010	03022003133	12	12x12	20.756590
101010000001	02112120211	12	12x12	20.756590
100010011110	03300311311	12	12x12	19.026874
001000010100	02022033313	12	12x12	22.486306
011110010011	00211220031	12	12x12	24.216021
011001101101	00000030030	12	12x12	13.837726
000110011101	02003131312	12	12x12	20.756590
001111001000	02202112222	12	12x12	19.026874
010100101111	03002121111	12	12x12	20.756590
100101011001	03303312113	12	12x12	22.486306
001111111111	00211113031	12	12x12	20.756590
101001111000	00003133003	12	12x12	19.026874
010001001011	03300212220	12	12x12	22.486306
000111010011	02222111220	12	12x12	17.297158
011000000011	00331333003	12	12x12	19.026874
111101010110	00020021213	12	12x12	17.297158
001110100110	02213111121	12	12x12	22.486306
110110100110	02021212213	12	12x12	19.026874
111111110010	03111212221	12	12x12	20.756590
001011110110	03020330330	12	12x12	17.297158
101001101100	00303331212	12	12x12	19.026874
100100101101	00003022002	12	12x12	19.026874
001000100001	03111122211	12	12x12	19.026874
011010101011	02220031330	12	12x12	22.486306
000010010100	00311313111	12	12x12	19.026874
000110010010	00220220302	12	12x12	19.026874
010011110011	03003303303	12	12x12	17.297158
111100011100	03311312200	12	12x12	24.216021
010101000101	03022033002	12	12x12	22.486306
011101101111	02111213131	12	12x12	19.026874
110110100011	02113331221	12	12x12	22.486306
101010111010	00302212212	12	12x12	19.026874
101011001011	03112131131	12	12x12	20.756590
101000011011	02113313121	12	12x12	22.486306
100011110110	03111111220	12	12x12	17.297158
011110111101	03112131303	12	12x12	22.486306
010111011010	02203003300	12	12x12	22.486306
110001001100	00002030303	12	12x12	15.567442
110101101100	00333030030	12	12x12	19.026874
001010011011	03333020300	12	12x12	19.026874
011110001011	02221220003	12	12x12	19.026874
111111111111	03130031313	12	12x12	19.026874
110000111100	02002021122	12	12x12	22.486306
100110010000	03331303022	12	12x12	20.756590
010111000011	02113311133	12	12x12	19.026874
100110111000	03131112220	12	12x12	19.026874
000110100010	03331300330	12	12x12	19.026874
000100000010	00031311113	12	12x12	17.297158
011101000010	00311303331	12	12x12	20.756590
001101101101	03131133000	12	12x12	20.756590
010100101101	03030221220	12	12x12	19.026874
011100100110	02120033022	12	12x12	24.216021
100101101010	03330222221	12	12x12	17.297158
001000001000	02213121313	12	12x12	19.026874
101111001000	03130330333	12	12x12	17.297158
100110111101	03020030311	12	12x12	22.486306
100000010110	00000221220	12	12x12	15.567442
001001100000	03133330020	12	12x12	22.486306
101110011000	00000311300	12	12x12	19.026874
001111010110	00030033022	12	12x12	19.026874
011111111100	00022221111	12	12x12	13.837726
011000111010	02003000311	12	12x12	22.486306
010110111101	00200020333	12	12x12	17.297158
110100000111	00021121122	12	12x12	17.297158
110111111110	02030302220	12	12x12	19.026874
010101010000	00311122002	12	12x12	20.756590
010110110111	02111330000	12	12x12	19.026874
011100010100	02113313303	12	12x12	24.216021
111111111000	00222111113	12	12x12	15.567442
010111000011	03311311212	12	12x12	20.756590
100111110000	03130302222	12	12x12	19.026874
101111000010	02030222131	12	12x12	20.756590
000111110010	00020300300	12	12x12	15.567442
101100000101	03111300300	12	12x12	19.026874
001011111101	02212133330	12	12x12	19.026874
001101000111	02212000300	12	12x12	22.486306
000110101000	00331313003	12	12x12	19.026874
011111100011	00203020331	12	12x12	19.026874
011010101100	02002112131	12	12x12	24.216021
100011011011	00311333022	12	12x12	22.486306
010101000111	03330203313	12	12x12	22.486306
011011010001	03302200313	12	12x12	24.216021
001110101101	02200333113	12	12x12	20.756590
001011101000	00000311111	12	12x12	13.837726
100111011010	02113333022	12	12x12	20.756590
100001001001	03302202122	12	12x12	22.486306
100101000000	00033030203	12	12x12	20.756590
011110110101	03331112220	12	12x12	17.297158
110001111000	03022111213	12	12x12	22.486306
101100101001	00222113031	12	12x12	22.486306
110001001011	03111220021	12	12x12	24.216021
100101010000	03000333111	12	12x12	19.026874
010000001110	03311131300	12	12x12	20.756590
111000110100	02003020333	12	12x12	20.756590
110111111010	02221133113	12	12x12	19.026874
011100101111	03313313000	12	12x12	17.297158
011110000101	00211121312	12	12x12	22.486306
100000000011	03311133002	12	12x12	20.756590
001000110111	03020000330	12	12x12	19.026874
100000101011	03111120021	12	12x12	22.486306
111000100110	03303030203	12	12x12	19.026874
001111001010	02203030020	12	12x12	20.756590
100101111001	00311112222	12	12x12	17.297158
101001100000	00333031303	12	12x12	17.297158
110101110000	03030222111	12	12x12	17.297158
011001101011	02120200331	12	12x12	22.486306
111100010010	03330222033	12	12x12	20.756590
001010010101	03020212131	12	12x12	20.756590
001011101111	00330031330	12	12x12	19.026874
100110100101	00313112213	12	12x12	24.216021
110011000111	02121331212	12	12x12	19.026874
101100100000	00221312200	12	12x12	24.216021
111001110001	03002003000	12	12x12	17.297158
010000101010	00211200020	12	12x12	20.756590
101001101100	00212121120	12	12x12	19.026874
000101101110	03130331211	12	12x12	22.486306
101101101101	00330220002	12	12x12	20.756590
001010010011	00313031331	12	12x12	19.026874
111100000001	02120022021	12	12x12	22.486306
101101100101	00000003020	12	12x12	15.567442
100010000001	03113000002	12	12x12	20.756590
100110010001	00330203333	12	12x12	19.026874
101000000101	00302200211	12	12x12	20.756590
101000101110	03030021212	12	12x12	19.026874
100101110101	03111333130	12	12x12	20.756590
100110000000	03130300030	12	12x12	20.756590
001001100100	02120203033	12	12x12	19.026874
111010100111	00302030202	12	12x12	13.837726
100111000000	00311303330	12	12x12	20.756590
001101001011	03113033121	12	12x12	22.486306
100001101100	02113300022	12	12x12	22.486306
011111010010	00211122203	12	12x12	20.756590
111011100100	02112022120	12	12x12	20.756590
101001110111	00222020302	12	12x12	19.026874
101010111001	00003131303	12	12x12	17.297158
110101101111	03111130300	12	12x12	19.026874
100010010100	02212021131	12	12x12	25.945737
110011010100	00031133002	12	12x12	20.756590
000111100011	02003020303	12	12x12	19.026874
101100001101	02030031113	12	12x12	22.486306
111111100110	02021220033	12	12x12	22.486306
111010001000	02213112200	12	12x12	22.486306
011010111010	03300220022	12	12x12	19.026874
111010100001	02222222133	12	12x12	15.567442
000110010101	03020331130	12	12x12	24.216021
001110101100	00222222212	12	12x12	15.567442
000001110000	00000311312	12	12x12	19.026874
111011011101	03302202222	12	12x12	19.026874
010011111111	03130002221	12	12x12	20.756590
000011001110	03133312222	12	12x12	19.026874
110100011001	02120022131	12	12x12	22.486306
001010100000	02021121331	12	12x12	22.486306
011111010000	03130030302	12	12x12	20.756590
001101101111	00021112213	12	12x12	20.756590
111100001000	03130300002	12	12x12	19.026874
000001000010	03000211211	12	12x12	20.756590
100000101111	02220333311	12	12x12	19.026874
010010101000	03130311221	12	12x12	24.216021
100001110001	03033311202	12	12x12	20.756590
110001001101	00022213131	12	12x12	17.297158
001101110111	00203311313	12	12x12	22.486306
010010010111	00202022220	12	12x12	13.837726
000100001000	02033333111	12	12x12	17.297158
101111110011	02220203020	12	12x12	17.297158
111110110010	02111303030	12	12x12	19.026874
100111110100	00221222203	12	12x12	20.756590
000000100000	03112133330	12	12x12	20.756590
100101110000	02020303030	12	12x12	13.837726
001110011010	02020033033	12	12x12	19.026874
001001010110	00200333122	12	12x12	19.026874
001000111000	02112222120	12	12x12	20.756590
010010101000	02003130300	12	12x12	22.486306
111010111001	00030313313	12	12x12	19.026874
101111100000	00030003313	12	12x12	19.026874
111001101101	00330200211	12	12x12	24.216021
000111100100	00311121312	12	12x12	22.486306
011001010000	00003113030	12	12x12	19.026874
000011110000	00300302033	12	12x12	17.297158
111000000100	03111330203	12	12x12	24.216021
001100100011	02113300003	12	12x12	20.756590
101101101101	00020300222	12	12x12	17.297158
101101110100	03003313002	12	12x12	20.756590
100101100111	03022120211	12	12x12	22.486306
101000000101	03133113302	12	12x12	24.216021
110011011011	00220000021	12	12x12	17.297158
000000001101	02002121133	12	12x12	22.486306
000100101111	03003333022	12	12x12	20.756590
100110000111	00031113003	12	12x12	19.026874
111010011011	02030000203	12	12x12	20.756590
101100000001	02021131113	12	12x12	20.756590
010101100100	00211133302	12	12x12	20.756590
001000000101	00330300022	12	12x12	19.026874
001000001111	00313313333	12	12x12	17.297158
001011000001	02112112000	12	12x12	19.026874
001111001011	03330030331	12	12x12	19.026874
011001111100	03303330330	12	12x12	17.297158
111110011100	03300000021	12	12x12	17.297158
101000110110	03113000002	12	12x12	20.756590
111011100000	00221312222	12	12x12	20.756590
100000110100	02021212020	12	12x12	17.297158
010100001000	00002122221	12	12x12	17.297158
010010111101	03111222021	12	12x12	22.486306
001011001001	03113311121	12	12x12	22.486306
010111101011	02121333333	12	12x12	15.567442
000110101000	02220033302	12	12x12	20.756590
101100011010	00222113121	12	12x12	22.486306
101011101101	03313130031	12	12x12	20.756590
101111100100	03000311112	12	12x12	19.026874
110111100100	03113331213	12	12x12	22.486306
001100110100	02111130303	12	12x12	19.026874
100100001011	02213111312	12	12x12	20.756590
111010011010	00311122000	12	12x12	19.026874
101111001000	00033030222	12	12x12	19.026874
001100110101	00221113131	12	12x12	19.026874
101101100111	03030203000	12	12x12	17.297158
001101001111	03020000300	12	12x12	19.026874
101011000010	00021111111	12	12x12	13.837726
100101000101	00333030311	12	12x12	17.297158
110101111011	03111202000	12	12x12	20.756590
001110010111	00311122220	12	12x12	17.297158
111000111110	02121333000	12	12x12	19.026874
001001110010	02022113311	12	12x12	22.486306
001101001111	03031121213	12	12x12	19.026874
111101000110	02003331120	12	12x12	22.486306
111110001100	00030203020	12	12x12	15.567442
100010010001	03303331312	12	12x12	20.756590
100101011101	03313031133	12	12x12	20.756590
111101010010	03313133122	12	12x12	20.756590
000100111101	00221131221	12	12x12	22.486306
110011001111	03112202113	12	12x12	24.216021
101100100101	00333130022	12	12x12	22.486306
110111110100	00212203003	12	12x12	22.486306
101010010010	02211112121	12	12x12	17.297158
000010100100	03020330202	12	12x12	17.297158
101010110100	02222212121	12	12x12	13.837726
100100001101	02221312213	12	12x12	20.756590
100010110000	03031121130	12	12x12	20.756590
101010111000	00303113031	12	12x12	19.026874
011111000100	02030020221	12	12x12	20.756590
000001001001	03112133000	12	12x12	22.486306
110011001110	02120033311	12	12x12	22.486306
000001110100	00303312113	12	12x12	22.486306
111011101011	00313111211	12	12x12	20.756590
110001010111	02000030021	12	12x12	22.486306
111000110001	02120033311	12	12x12	22.486306
011000111110	02002111112	12	12x12	19.026874
010011110010	03020221202	12	12x12	22.486306
111001001101	02213112212	12	12x12	20.756590
110101000011	02033303130	12	12x12	22.486306
111000010010	00000003111	12	12x12	13.837726
100010111100	03111120220	12	12x12	20.756590
100001010001	03131300311	12	12x12	19.026874
010110000100	02030313133	12	12x12	17.297158
011110101001	00031331300	12	12x12	20.756590
000001110010	03333111212	12	12x12	17.297158
100001101111	00303033121	12	12x12	19.026874
111010001000	02112131113	12	12x12	22.486306
101110001100	03313002002	12	12x12	22.486306
100000010010	03302203331	12	12x12	22.486306
000011100000	03000200313	12	12x12	22.486306
111111011101	03131333130	12	12x12	19.026874
001110001101	03133112203	12	12x12	25.945737
010000001000	00331113122	12	12x12	22.486306
001010001001	02113333000	12	12x12	19.026874
011000100010	02033133122	12	12x12	20.756590
111011011000	02121312133	12	12x12	19.026874
000110101111	00020333133	12	12x12	20.756590
010001010010	02111303000	12	12x12	20.756590
101101001100	00220020021	12	12x12	19.026874
100110011100	03030200033	12	12x12	17.297158
001111001010	00203022222	12	12x12	17.297158
111101101110	03020203331	12	12x12	19.026874
010001100010	00003130313	12	12x12	17.297158
110011000100	00330220333	12	12x12	19.026874
111111000100	03112221113	12	12x12	20.756590
100000111010	00033131221	12	12x12	20.756590
001110011001	00031312131	12	12x12	19.026874
011010000011	02213122022	12	12x12	22.486306
111001000111	03130022200	12	12x12	22.486306
010111111100	00030200303	12	12x12	15.567442
111000100111	00302003331	12	12x12	19.026874
001001010100	02113311313	12	12x12	22.486306
001011001010	02111303033	12	12x12	19.026874
001101101110	00022213111	12	12x12	19.026874
010110010111	03030003020	12	12x12	19.026874
110110101011	00200033121	12	12x12	20.756590
110000011100	02122030020	12	12x12	24.216021
100110110110	02020030220	12	12x12	22.486306
100011101110	00212022213	12	12x12	20.756590
111010000010	03113121200	12	12x12	22.486306
100101111010	00203330200	12	12x12	17.297158
101111100010	02222003133	12	12x12	19.026874
101101101111	02002112122	12	12x12	20.756590
010100101110	00311300020	12	12x12	24.216021
100111010000	00202002111	12	12x12	17.297158
000111011000	02120211222	12	12x12	22.486306
100100001010	00333111312	12	12x12	20.756590
111110101101	02000211120	12	12x12	20.756590
100111000000	00003033111	12	12x12	17.297158
000001011100	00331133003	12	12x12	20.756590
011110100110	00002221211	12	12x12	15.567442
000110011011	00222202202	12	12x12	15.567442
111010111001	02022030333	12	12x12	19.026874
010110111010	03331311111	12	12x12	15.567442
011001010000	00203313033	12	12x12	19.026874
110011001000	03313031122	12	12x12	24.216021
111000001110	00200030303	12	12x12	17.297158
101101010101	00033313031	12	12x12	20.756590
010000111100	00302030220	12	12x12	19.026874
000010000111	03300212211	12	12x12	22.486306
001010110110	03020331131	12	12x12	25.945737
101011001011	02002000313	12	12x12	20.756590
100010010001	03002203000	12	12x12	19.026874
111100101000	03020020030	12	12x12	20.756590
001111101011	02111131311	12	12x12	17.297158
101000110100	03330220212	12	12x12	22.486306
001110000001	02213121133	12	12x12	22.486306
110110001001	00031330311	12	12x12	19.026874
100010110111	03131112002	12	12x12	22.486306
010000110110	02033130022	12	12x12	22.486306
000000111000	03030221211	12	12x12	19.026874
111010011010	00222213122	12	12x12	20.756590
101010100001	00030203300	12	12x12	19.026874
001110101000	02030221113	12	12x12	20.756590
010011001000	00002111113	12	12x12	15.567442
110110011100	00031111120	12	12x12	19.026874
010010111001	00330202121	12	12x12	20.756590
111111101000	03300002120	12	12x12	20.756590
010110101010	02202003302	12	12x12	24.216021
110010010100	03131222021	12	12x12	22.486306
001111100111	03111112022	12	12x12	19.026874
000011100100	02112203020	12	12x12	24.216021
000100100100	00333020302	12	12x12	20.756590
000010101110	03112122133	12	12x12	22.486306
101111000010	02112021220	12	12x12	20.756590
011011010101	03302221222	12	12x12	19.026874
101010011110	02112113030	12	12x12	20.756590
000001100111	02122222033	12	12x12	20.756590
110001000001	00211113033	12	12x12	19.026874
110101001000	03311331221	12	12x12	20.756590
111101010011	02122002222	12	12x12	20.756590
010110101110	03020003300	12	12x12	19.026874
001111110010	03330033313	12	12x12	19.026874
110101111011	02212113122	12	12x12	20.756590
111100100110	00311313133	12	12x12	17.297158
101110011100	02121220030	12	12x12	22.486306
111000010111	02213113111	12	12x12	17.297158
111101000001	03302202212	12	12x12	22.486306
101100100100	02113303303	12	12x12	20.756590
111001010001	00200200313	12	12x12	17.297158
110001000011	03000211202	12	12x12	24.216021
100010011110	03300212203	12	12x12	24.216021
111101000011	00211212203	12	12x12	22.486306
010100110011	00303030222	12	12x12	13.837726
000011110010	00311133020	12	12x12	22.486306
010110011010	02022220330	12	12x12	20.756590
110000101110	00033002122	12	12x12	20.756590
110010000100	03330330222	12	12x12	19.026874
101000101100	03302033311	12	12x12	22.486306
010101101000	00212003302	12	12x12	24.216021
011110010001	03300331330	12	12x12	17.297158
011110011110	03112112000	12	12x12	20.756590
111000111101	03131300000	12	12x12	15.567442
010111111111	02120033000	12	12x12	22.486306
110110111100	02202002003	12	12x12	17.297158
110101111111	02211111112	12	12x12	13.837726
111100000010	03113030303	12	12x12	19.026874
011011111000	02121333331	12	12x12	17.297158
100101011001	02022131221	12	12x12	22.486306
001011000100	00021221112	12	12x12	20.756590
101110010111	02030221111	12	12x12	20.756590
110001000110	03111202213	12	12x12	24.216021
111110101001	02111113000	12	12x12	19.026874
000010000001	03022033002	12	12x12	22.486306
001001000010	00002112000	12	12x12	17.297158
001000010111	00200313130	12	12x12	19.026874
011101001000	03113330313	12	12x12	20.756590
001010100101	00222120203	12	12x12	19.026874
011110101111	02111111300	12	12x12	17.297158
100010001001	03130302200	12	12x12	22.486306
000010000011	00003130333	12	12x12	19.026874
101110010111	02202022021	12	12x12	19.026874
001111010100	03033031112	12	12x12	19.026874
100001100010	03133020303	12	12x12	22.486306
000001000110	00002211221	12	12x12	17.297158
011001010011	00300031111	12	12x12	17.297158
011000101000	00021122122	12	12x12	19.026874
111011110100	00033121130	12	12x12	22.486306
101100010100	00220000022	12	12x12	15.567442
001101011101	02030000021	12	12x12	20.756590
011000101011	02200003130	12	12x12	20.756590
111010000100	00311113031	12	12x12	19.026874
000001100001	00311130000	12	12x12	19.026874
001111111010	02221111113	12	12x12	13.837726
011000100101	00021200300	12	12x12	20.756590
000110010000	00002112113	12	12x12	17.297158
110100110100	03031300022	12	12x12	20.756590
100100010111	03000202000	12	12x12	19.026874
000001001100	03113303111	12	12x12	19.026874
010011011111	02120033311	12	12x12	22.486306
010101100100	00222222213	12	12x12	15.567442
110110000111	02200313031	12	12x12	24.216021
100100000010	02120033303	12	12x12	24.216021
110101110000	03003111111	12	12x12	17.297158
100110101000	00211131313	12	12x12	19.026874
000011011100	00000003033	12	12x12	12.108011
100110100010	00200313300	12	12x12	20.756590
100001001111	02112000211	12	12x12	19.026874
100101111111	00203002221	12	12x12	19.026874
110011110100	00311112131	12	12x12	22.486306
000011101001	03331211133	12	12x12	20.756590
010101101000	02030331213	12	12x12	24.216021
011100101011	03113030303	12	12x12	19.026874
101000001100	02021120021	12	12x12	22.486306
110110010001	00003113030	12	12x12	19.026874
100101000111	02120003333	12	12x12	19.026874
001111010110	03331330311	12	12x12	19.026874
101110100100	00002222020	12	12x12	15.567442
000010011010	02021221113	12	12x12	20.756590
001010000100	03112122003	12	12x12	22.486306
110000111000	00333000202	12	12x12	19.026874
001000101100	00212112200	12	12x12	20.756590
110011000001	00203303302	12	12x12	19.026874
010010101100	02111200021	12	12x12	20.756590
101100110000	03003311330	12	12x12	22.486306
010101101010	00212002213	12	12x12	22.486306
111001111100	02113330311	12	12x12	24.216021
101000010111	02211331221	12	12x12	20.756590
000111100001	03020212022	12	12x12	19.026874
110011010011	00022211221	12	12x12	19.026874
111001101101	03020330203	12	12x12	17.297158
010100001010	02000330220	12	12x12	24.216021
011000101001	00212000212	12	12x12	17.297158
001100011111	00203020220	12	12x12	17.297158
110110100100	02003022030	12	12x12	20.756590
111100111000	02003003113	12	12x12	22.486306
111001010000	03112221213	12	12x12	20.756590
110001100101	02020203331	12	12x12	15.567442
011101111100	03003131213	12	12x12	22.486306
011111101011	02222113112	12	12x12	17.297158
010101010011	03300212221	12	12x12	22.486306
010001001010	02222113031	12	12x12	20.756590
000001010101	00022000031	12	12x12	19.026874
111000000111	00331312111	12	12x12	20.756590
101111001110	03133112221	12	12x12	22.486306
111001000111	00221120021	12	12x12	20.756590
010100100001	03311331122	12	12x12	19.026874
000011001111	03022020302	12	12x12	20.756590
111110101010	00002122113	12	12x12	20.756590
000010110011	02222033031	12	12x12	20.756590
111101110010	03022122211	12	12x12	20.756590
010101110001	03300303300	12	12x12	17.297158
110001111010	02113121330	12	12x12	24.216021
110111001010	00220330200	12	12x12	20.756590
011010110011	03030031311	12	12x12	17.297158
000000011010	02002112222	12	12x12	20.756590
010001101000	02121122122	12	12x12	17.297158
100001100110	03311221313	12	12x12	20.756590
110110110011	02122030300	12	12x12	19.026874
101000111111	02222133311	12	12x12	19.026874
001010011010	03111112020	12	12x12	19.026874
001010011001	00002000203	12	12x12	13.837726
010001001000	00311112202	12	12x12	20.756590
001011011100	02120200020	12	12x12	20.756590
110000011100	02211220221	12	12x12	19.026874
110111101001	00311112020	12	12x12	19.026874
111110010101	00211211303	12	12x12	20.756590
110100111000	03312111200	12	12x12	22.486306
110001100001	03000302002	12	12x12	19.026874
001101001010	02000203311	12	12x12	20.756590
110101101110	03111133003	12	12x12	20.756590
101101011000	03133033111	12	12x12	20.756590
001001101111	00331333313	12	12x12	19.026874
011110001001	02002211130	12	12x12	24.216021
000110000000	03113311313	12	12x12	19.026874
101111101110	00221131222	12	12x12	20.756590
101100011110	00333003031	12	12x12	19.026874
001101101000	03113003312	12	12x12	24.216021
010110011110	03033121313	12	12x12	22.486306
110010111011	03331221113	12	12x12	20.756590
100001101111	03130311111	12	12x12	19.026874
101101011000	03311112022	12	12x12	19.026874
011100111100	00002121311	12	12x12	17.297158
110001000000	02221133113	12	12x12	19.026874
011101010101	02211133312	12	12x12	20.756590
010100010100	02211313313	12	12x12	20.756590
101000111001	03331211312	12	12x12	20.756590
101100101101	02221313333	12	12x12	17.297158
010000001101	02003030031	12	12x12	22.486306
110110010111	03311222121	12	12x12	20.756590
100001011010	00021122113	12	12x12	19.026874
111101011001	03113300021	12	12x12	24.216021
000010110001	02212021200	12	12x12	19.026874
010110111110	02212202112	12	12x12	22.486306
100101101101	03113121202	12	12x12	22.486306
110011010110	02203033022	12	12x12	20.756590
010011001011	00002020302	12	12x12	17.297158
000110110001	03302222222	12	12x12	15.567442
001111111011	03030333112	12	12x12	17.297158
000000100010	02033333311	12	12x12	17.297158
101011011001	03331130030	12	12x12	20.756590
110101001010	02113112113	12	12x12	19.026874
001100110001	00313031303	12	12x12	15.567442
001001001011	02112000211	12	12x12	19.026874
000101111111	00203331133	12	12x12	20.756590
111010100100	02000211202	12	12x12	20.756590
000011110001	02030331312	12	12x12	22.486306
010010000111	02113333002	12	12x12	20.756590
110000100000	00222133113	12	12x12	20.756590
000100100101	03311213122	12	12x12	22.486306
001111101111	00021202022	12	12x12	17.297158
110010110111	02222222133	12	12x12	15.567442
111101110011	02213111113	12	12x12	19.026874
011110000111	00020220333	12	12x12	19.026874
001010011010	02120002021	12	12x12	20.756590
101111011101	03033002122	12	12x12	22.486306
110001101101	03133020200	12	12x12	19.026874
000001111110	03033130022	12	12x12	22.486306
100010110001	02020203302	12	12x12	19.026874
011100111001	03130331111	12	12x12	20.756590
010011111100	03313330200	12	12x12	19.026874
100111101110	03312121131	12	12x12	20.756590
000110001011	03131312121	12	12x12	15.567442
100110110000	00200003312	12	12x12	20.756590
101101000101	00211111313	12	12x12	19.026874
101111111001	03333313311	12	12x12	15.567442
001011111101	00033312213	12	12x12	22.486306
000100010010	02000031303	12	12x12	22.486306
110000000011	00313121333	12	12x12	20.756590
010100110010	02113121220	12	12x12	22.486306
110101111010	03022111113	12	12x12	17.297158
110101000011	00202122022	12	12x12	17.297158
011000111011	02021213133	12	12x12	17.297158
011011100101	00031331221	12	12x12	22.486306
010001101101	03331303022	12	12x12	20.756590
100011111010	02203002212	12	12x12	24.216021
110001010001	03113003312	12	12x12	24.216021
001001101101	00331211113	12	12x12	20.756590
001000100010	03333112133	12	12x12	20.756590
101110101010	02033331221	12	12x12	20.756590
111010101100	02113112202	12	12x12	24.216021
011000011111	02120033311	12	12x12	22.486306
100101111000	00020031303	12	12x12	20.756590
100101000111	03311300000	12	12x12	19.026874
110001010001	02113312222	12	12x12	22.486306
111000001100	03112133003	12	12x12	24.216021
110000101100	02000003333	12	12x12	15.567442
000001101111	02021200333	12	12x12	20.756590
111101111111	02120030202	12	12x12	22.486306
010100010010	00221113311	12	12x12	20.756590
011001110000	02113112200	12	12x12	22.486306
101011010110	00211222220	12	12x12	17.297158
011011100101	03130003030	12	12x12	19.026874
100111111110	02220221312	12	12x12	22.486306
100011110000	00030313000	12	12x12	19.026874
010100011111	03133133130	12	12x12	17.297158
010110101110	03313033022	12	12x12	22.486306
000101101001	03111213131	12	12x12	19.026874
000000000010	02030020000	12	12x12	17.297158
111011010001	02221331222	12	12x12	19.026874
010100011010	02211221313	12	12x12	19.026874
110001101101	00033300331	12	12x12	15.567442
101101011001	03333133121	12	12x12	19.026874
110111001101	03331303133	12	12x12	17.297158
000001111011	00211113030	12	12x12	19.026874
001101000101	02120212022	12	12x12	15.567442
110111111111	00000333121	12	12x12	17.297158
000010101110	02003313000	12	12x12	22.486306
010110100111	00203313333	12	12x12	19.026874
101111110011	00003113121	12	12x12	20.756590
000010001001	02113131331	12	12x12	20.756590
011101001110	02202021120	12	12x12	22.486306
101000001010	02121113121	12	12x12	20.756590
110110110011	03312131111	12	12x12	20.756590
101111101011	03312131222	12	12x12	22.486306
011011111000	03300313121	12	12x12	20.756590
110111111001	03113313300	12	12x12	20.756590
110111100010	02211312213	12	12x12	20.756590
010111011100	03020202033	12	12x12	17.297158
000000101011	00302000031	12	12x12	19.026874
010001011011	03033133031	12	12x12	20.756590
100111110011	02111311331	12	12x12	20.756590
000100101000	03130313312	12	12x12	20.756590
001011111010	02212222030	12	12x12	20.756590
101110110100	00200331130	12	12x12	22.486306
010010100011	00200021202	12	12x12	19.026874
000110000001	00220211312	12	12x12	22.486306
001111111001	02221331120	12	12x12	24.216021
110001101110	00222003133	12	12x12	20.756590
001111100111	00313113113	12	12x12	19.026874
011000011110	00331211303	12	12x12	22.486306
101101111000	03302020300	12	12x12	19.026874
100100000111	03131221212	12	12x12	19.026874
001000110011	03300212202	12	12x12	24.216021
111110010101	02022213122	12	12x12	22.486306
100010110111	03331111212	12	12x12	17.297158
001110100011	03002030203	12	12x12	20.756590
010111101100	03333033331	12	12x12	13.837726
111010000011	02120021122	12	12x12	20.756590
111110110111	00033131221	12	12x12	20.756590
010110000010	02113300020	12	12x12	24.216021
100011110100	03112113113	12	12x12	19.026874
011000100100	02003000022	12	12x12	19.026874
111001110110	02222111133	12	12x12	15.567442
111100111100	03331312113	12	12x12	20.756590
011111100101	02120000031	12	12x12	20.756590
010110001111	00330313111	12	12x12	19.026874
101100101011	03000203313	12	12x12	25.945737
011010000001	03133000220	12	12x12	22.486306
011101010101	00311121130	12	12x12	22.486306
000101010101	02030221120	12	12x12	24.216021
101011001111	00020022212	12	12x12	19.026874
101110110000	00002220220	12	12x12	17.297158
000010001110	03131333000	12	12x12	17.297158
010110110000	00021112220	12	12x12	19.026874
110100100010	03022112002	12	12x12	24.216021
111110001111	02111303133	12	12x12	20.756590
111011111000	02120020003	12	12x12	19.026874
000100110111	02120211311	12	12x12	22.486306
011110110011	02030020333	12	12x12	19.026874
101100111111	00031111211	12	12x12	19.026874
100000101110	03302020331	12	12x12	20.756590
100010101001	02002212220	12	12x12	20.756590
000101111111	00000212202	12	12x12	19.026874
100000101011	02030000200	12	12x12	19.026874
110010110111	00203333311	12	12x12	17.297158
011100001001	02033113003	12	12x12	24.216021
000110011010	03113300002	12	12x12	20.756590
111011011101	02203303311	12	12x12	20.756590
101000001100	03333112113	12	12x12	17.297158
111001000001	03302200031	12	12x12	24.216021
000111001000	02111220030	12	12x12	24.216021
000011010011	03020211122	12	12x12	20.756590
001100010001	03312122122	12	12x12	19.026874
011111001100	02030333122	12	12x12	20.756590
000000010010	02022033033	12	12x12	19.026874
100111010100	00031111212	12	12x12	19.026874
010011000111	00331313122	12	12x12	19.026874
011010011100	00200222020	12	12x12	17.297158
100100100111	00031333113	12	12x12	20.756590
001101000111	00311300003	12	12x12	20.756590
000001111010	02030330003	12	12x12	20.756590
111011101011	00311121130	12	12x12	22.486306
011010111000	02212203030	12	12x12	19.026874
100010110100	00033300222	12	12x12	17.297158
001111010111	00202121331	12	12x12	19.026874
101101110001	00331130000	12	12x12	20.756590
101111110101	02002221331	12	12x12	24.216021
111101111011	00002211311	12	12x12	17.297158
000010000010	03131212121	12	12x12	15.567442
111010100110	03313121312	12	12x12	19.026874
011010100010	00311111300	12	12x12	17.297158
001000101111	03111220021	12	12x12	24.216021
101110110001	02030221120	12	12x12	24.216021
001001110111	03112113131	12	12x12	20.756590
111001110010	03113302033	12	12x12	24.216021
011011110011	00222111220	12	12x12	19.026874
100001011000	02020020200	12	12x12	13.837726
100001010000	02220212003	12	12x12	22.486306
111101010100	03031112220	12	12x12	19.026874
000010101111	02120020222	12	12x12	20.756590
100111011110	03022212200	12	12x12	20.756590
011101001111	03112133031	12	12x12	24.216021
010010000110	02030302222	12	12x12	17.297158
101001101100	03311112213	12	12x12	20.756590
010011010001	00021111133	12	12x12	17.297158
011101001000	03112213131	12	12x12	20.756590
111001000100	02220333333	12	12x12	15.567442
101101100100	03302030220	12	12x12	24.216021
101101101010	02113330002	12	12x12	20.756590
010101011110	02113333111	12	12x12	19.026874
110001000100	03003311313	12	12x12	24.216021
100011011000	00302030221	12	12x12	19.026874
110000001110	00313300203	12	12x12	22.486306
010010101011	02221113003	12	12x12	20.756590
001010011011	03302000203	12	12x12	20.756590
100110100110	00020211312	12	12x12	20.756590
000101010101	00000002122	12	12x12	13.837726
010001111101	00020021113	12	12x12	17.297158
111001101111	00211202000	12	12x12	19.026874
000110001011	00311333031	12	12x12	20.756590
000110110010	02221331213	12	12x12	20.756590
101000000101	02220003031	12	12x12	19.026874
011011011100	00033121131	12	12x12	22.486306
100111011011	02220333002	12	12x12	20.756590
000100000100	00031300020	12	12x12	22.486306
100001001101	00211202113	12	12x12	19.026874
000101100000	00303133031	12	12x12	19.026874
011000011100	03333312221	12	12x12	17.297158
000100110010	02003131312	12	12x12	20.756590
110111110101	03331221121	12	12x12	20.756590
000000111010	00033030202	12	12x12	19.026874
000111010010	00302030311	12	12x12	19.026874
001100000001	03031121122	12	12x12	19.026874
010111000010	02022111130	12	12x12	20.756590
101001101101	02113303020	12	12x12	24.216021
111111000000	02121200211	12	12x12	19.026874
111100110111	00302203300	12	12x12	20.756590
111101000110	02033330022	12	12x12	17.297158
010110101001	00033312111	12	12x12	19.026874
011101110101	00221113312	12	12x12	22.486306
001010100110	00212131220	12	12x12	22.486306
011011010011	03020331303	12	12x12	20.756590
101010110000	03113003003	12	12x12	20.756590
111110011001	03020203002	12	12x12	20.756590
100110111001	03113003130	12	12x12	22.486306
100010111000	02203030311	12	12x12	19.026874
010111110101	03303133122	12	12x12	22.486306
011101010111	02030311133	12	12x12	20.756590
000100111010	02122131130	12	12x12	24.216021
011000000111	00000000022	12	12x12	10.378295
111111111101	00030022112	12	12x12	19.026874
111110111000	02222202112	12	12x12	19.026874
000000100011	03133002030	12	12x12	24.216021
100110011111	00303112131	12	12x12	20.756590
010110000010	03030221200	12	12x12	20.756590
010000110011	00020303111	12	12x12	19.026874
100010001011	03020003002	12	12x12	20.756590
011111101010	02112213331	12	12x12	20.756590
011010100100	03020003020	12	12x12	17.297158
001010111000	03031121213	12	12x12	19.026874
101000100011	00203033333	12	12x12	15.567442
101010010001	03131221130	12	12x12	22.486306
110001110100	02211130311	12	12x12	20.756590
000010001111	00313033121	12	12x12	22.486306
101111101011	02213113311	12	12x12	22.486306
100111110101	03133131213	12	12x12	22.486306
111000100101	02221111220	12	12x12	17.297158
010011111100	00221211220	12	12x12	19.026874
101110001000	02202020331	12	12x12	19.026874
010110100000	02222211113	12	12x12	13.837726
011101001010	03302221121	12	12x12	24.216021
010111011100	02002021212	12	12x12	19.026874
100010010110	00022200212	12	12x12	19.026874
100011000010	02121333112	12	12x12	20.756590
011011001001	02033113330	12	12x12	22.486306
100000001111	03020303333	12	12x12	15.567442
000101100000	02112202030	12	12x12	24.216021
011000111101	03133330030	12	12x12	20.756590
000110100001	03312133333	12	12x12	19.026874
110010000100	00303311122	12	12x12	19.026874
110010101000	02222002121	12	12x12	17.297158
011011110000	00003300212	12	12x12	20.756590
111101110101	02121202122	12	12x12	17.297158
101000101100	00331333330	12	12x12	17.297158
110110010000	03333000003	12	12x12	13.837726
010011101010	02212122002	12	12x12	20.756590
101101000010	03331113302	12	12x12	20.756590
101011011001	03133330031	12	12x12	20.756590
100011001010	02212221213	12	12x12	19.026874
011001010010	03112120203	12	12x12	20.756590
100101000000	02003130331	12	12x12	25.945737
100010100110	00212120000	12	12x12	17.297158
000001110011	03313121211	12	12x12	17.297158
010010101101	02030021212	12	12x12	20.756590
010100110011	02120033020	12	12x12	22.486306
100001010111	03300331111	12	12x12	17.297158
011111000011	03111122111	12	12x12	19.026874
000011111111	03030003113	12	12x12	19.026874
011010001110	03113121122	12	12x12	22.486306
000111100110	00311312121	12	12x12	20.756590
011101010000	03000331303	12	12x12	20.756590
110011001010	03130020022	12	12x12	20.756590
001111010000	03003312111	12	12x12	24.216021
100100110010	00300003131	12	12x12	17.297158
001011100011	03112121133	12	12x12	19.026874
010000101000	03130020302	12	12x12	24.216021
001001110011	02111130031	12	12x12	22.486306
000011010100	00220003113	12	12x12	22.486306
010111111100	00022022003	12	12x12	19.026874
100001010110	03112133003	12	12x12	24.216021
010011010011	02030311131	12	12x12	20.756590
110001010100	02122220303	12	12x12	20.756590
001000010010	03300212022	12	12x12	22.486306
111010000000	03031333312	12	12x12	20.756590
011001111010	00311121130	12	12x12	22.486306
110100011011	02200031303	12	12x12	22.486306
100101010110	02030222120	12	12x12	22.486306
011100010010	00333131113	12	12x12	19.026874
000010110001	03311213333	12	12x12	19.026874
110110100111	00311313122	12	12x12	20.756590
011000010111	00003022203	12	12x12	19.026874
110101000001	00222133111	12	12x12	20.756590
000100000110	03112131112	12	12x12	20.756590
000100010100	02003313121	12	12x12	24.216021
110110001010	03331221212	12	12x12	19.026874
101011000011	02121333333	12	12x12	15.567442
100010011101	02003302222	12	12x12	22.486306
101010100011	03113030302	12	12x12	20.756590
001000100011	02030221112	12	12x12	22.486306
111101010011	00222203303	12	12x12	20.756590
110000111000	00330311221	12	12x12	22.486306
111100011100	02003002120	12	12x12	24.216021
011000010111	00222111221	12	12x12	19.026874
100010010001	02121221112	12	12x12	19.026874
100011011011	00020212131	12	12x12	19.026874
011011010001	00000000313	12	12x12	13.837726
001110001000	03020302212	12	12x12	22.486306
101000001010	03031300220	12	12x12	22.486306
100010101001	02222113133	12	12x12	17.297158
011000011011	02002030030	12	12x12	20.756590
110010101010	02113333020	12	12x12	20.756590
010001010001	00311303302	12	12x12	22.486306
011101100011	03331120212	12	12x12	20.756590
100000011000	00333022200	12	12x12	20.756590
100101101011	00221311330	12	12x12	24.216021
010111010101	03031311121	12	12x12	20.756590
111111011101	00220333312	12	12x12	20.756590
010000110110	02000030203	12	12x12	20.756590
101011001001	03030020212	12	12x12	20.756590
100101101010	03112200030	12	12x12	24.216021
001010000100	03303311221	12	12x12	20.756590
000100001010	02022111303	12	12x12	20.756590
001011110110	03002221213	12	12x12	22.486306
110011011011	03331112002	12	12x12	20.756590
000101100010	02222003020	12	12x12	19.026874
000001000110	03130003020	12	12x12	22.486306
101011001111	03000212002	12	12x12	24.216021
110001010101	02111303313	12	12x12	24.216021
011100001110	03133121121	12	12x12	22.486306
100010011101	02000203311	12	12x12	20.756590
001011100010	03131222212	12	12x12	20.756590
011100110001	00030200203	12	12x12	19.026874
101001001110	00000211221	12	12x12	17.297158
001101100100	02122000000	12	12x12	17.297158
100110010111	00331211303	12	12x12	22.486306
110011010100	03031300222	12	12x12	20.756590
101100011000	02220211331	12	12x12	22.486306
111010100100	02111333000	12	12x12	19.026874
000110011001	00212022131	12	12x12	22.486306
001101100101	02213113300	12	12x12	22.486306
001111111101	00311111111	12	12x12	13.837726
100011111011	00021202002	12	12x12	19.026874
011100000001	00300212220	12	12x12	20.756590
000010111000	02003133121	12	12x12	25.945737
110000011100	03111311303	12	12x12	20.756590
111111011000	02111111331	12	12x12	17.297158
101111101100	03331221130	12	12x12	24.216021
100010010000	00021122133	12	12x12	20.756590
110101100010	02122133311	12	12x12	22.486306
101010101000	00221121202	12	12x12	20.756590
100110010010	03133333122	12	12x12	20.756590
010100011001	02222121211	12	12x12	13.837726
001111101100	00333130331	12	12x12	19.026874
111101010110	03311221311	12	12x12	20.756590
101000100101	02122211130	12	12x12	22.486306
010100001011	00002111200	12	12x12	19.026874
111000100000	03030222213	12	12x12	19.026874
111110101100	03133031130	12	12x12	20.756590
110010011000	02022021202	12	12x12	17.297158
010000001011	03312122203	12	12x12	22.486306
100000000001	02222030302	12	12x12	17.297158
101100101101	00302030303	12	12x12	15.567442
111110100000	02113300330	12	12x12	22.486306
010111100111	03031121221	12	12x12	22.486306
001101000011	03130300222	12	12x12	20.756590
000011010101	00313111213	12	12x12	22.486306
110100001100	00031300220	12	12x12	22.486306
101001001011	00313030300	12	12x12	15.567442
010000110100	02112000333	12	12x12	22.486306
110111111011	00333003000	12	12x12	15.567442
010011111001	03113111312	12	12x12	20.756590
011010101100	02033131333	12	12x12	20.756590
110111010010	02200203313	12	12x12	25.945737
101111111101	03020031313	12	12x12	20.756590
110101011010	03131312211	12	12x12	19.026874
011010001100	02033133112	12	12x12	20.756590
010111111110	03313131221	12	12x12	19.026874
011100010011	02020020303	12	12x12	19.026874
100111111011	00203302220	12	12x12	20.756590
110111101111	00000333122	12	12x12	17.297158
001010010011	03131212200	12	12x12	19.026874
111000010111	02111213300	12	12x12	22.486306
011100001010	00333030222	12	12x12	17.297158
000000001000	02120003002	12	12x12	20.756590
101101110111	03000300313	12	12x12	20.756590
001101001000	00202222133	12	12x12	19.026874
001010000111	03333112131	12	12x12	20.756590
011110110000	00030330331	12	12x12	15.567442
101010110000	03130000021	12	12x12	20.756590
010100110001	03130313003	12	12x12	20.756590
011100101010	03312133000	12	12x12	22.486306
011111001000	02112222213	12	12x12	19.026874
010011111101	00333130313	12	12x12	17.297158
101011100001	02221331122	12	12x12	22.486306
010011111000	00221221213	12	12x12	19.026874
011101100001	03300303313	12	12x12	20.756590
100011110000	02121333313	12	12x12	20.756590
001010001100	02213121213	12	12x12	20.756590
001010000100	00302212022	12	12x12	19.026874
101101110011	00033020333	12	12x12	19.026874
101100110111	02022212022	12	12x12	17.297158
101101101010	02221331212	12	12x12	20.756590
000101110111	00313030300	12	12x12	15.567442
100101110001	00002213121	12	12x12	20.756590
001000000100	03133002003	12	12x12	22.486306
100010101001	00333022220	12	12x12	19.026874
000001000101	03331211200	12	12x12	22.486306
101110110010	02113313331	12	12x12	22.486306
000011101011	00030333022	12	12x12	19.026874
000101010111	00022121131	12	12x12	22.486306
000000011001	02033111213	12	12x12	22.486306
100001001000	03333121111	12	12x12	17.297158
010100111001	00331211303	12	12x12	22.486306
000111110000	00212003333	12	12x12	20.756590
111111110001	00021120221	12	12x12	20.756590
011010011111	03130020022	12	12x12	20.756590
000110101111	02221311212	12	12x12	20.756590
111100101111	00003130313	12	12x12	17.297158
011010100100	03113303312	12	12x12	22.486306
001010101011	02111212022	12	12x12	19.026874
110010111110	02002222131	12	12x12	22.486306
000010100111	03303020221	12	12x12	20.756590
110011011011	02212120220	12	12x12	19.026874
101110011101	00303333130	12	12x12	19.026874
010100111111	02211211330	12	12x12	20.756590
010010010000	03020000330	12	12x12	19.026874
110110111010	03020330020	12	12x12	22.486306
001010101011	03131222133	12	12x12	20.756590
111100010100	03112113112	12	12x12	19.026874
001100101100	00311122000	12	12x12	19.026874
000101011101	00313131222	12	12x12	17.297158
011010111101	03112122200	12	12x12	22.486306
011011000111	02033113000	12	12x12	24.216021
100001001101	03300311130	12	12x12	22.486306
111011001101	02111312213	12	12x12	20.756590
001110101111	03331130311	12	12x12	20.756590
011111000011	03022003330	12	12x12	20.756590
110010100111	02122221200	12	12x12	22.486306
001000001001	00003022002	12	12x12	19.026874
001010100110	02200313031	12	12x12	24.216021
101110011111	03133033002	12	12x12	22.486306
101000000101	02200212212	12	12x12	20.756590
101101010010	02221111120	12	12x12	17.297158
100001110010	03311211313	12	12x12	20.756590
010110001101	02033113003	12	12x12	24.216021
111000100010	03000022030	12	12x12	20.756590
000100111000	00303131300	12	12x12	17.297158
100101110101	02022211313	12	12x12	20.756590
110101111011	00313030003	12	12x12	19.026874
101001011001	03130022221	12	12x12	20.756590
100111000110	02003133121	12	12x12	25.945737
101010001010	03031131111	12	12x12	17.297158
100000001000	02021212003	12	12x12	19.026874
011011110100	00002221311	12	12x12	17.297158
101001011100	00333121112	12	12x12	20.756590
010110110000	03002211213	12	12x12	25.945737
011001011000	03330003130	12	12x12	20.756590
110010000011	00302033330	12	12x12	19.026874
010000110000	03003022222	12	12x12	17.297158
100001011111	00031300002	12	12x12	19.026874
001000000100	03303022120	12	12x12	22.486306
010010100000	00302003022	12	12x12	15.567442
000010110001	02030021212	12	12x12	20.756590
111001000101	02122220000	12	12x12	17.297158
010010000011	02021213131	12	12x12	17.297158
011100011011	03022021122	12	12x12	24.216021
101000100011	02202003133	12	12x12	22.486306
111100100101	02020211312	12	12x12	19.026874
010000101000	03000002030	12	12x12	19.026874
111110111110	00000303022	12	12x12	15.567442
101010110011	00303133000	12	12x12	17.297158
010100110010	03113111300	12	12x12	20.756590
001010101000	03313300002	12	12x12	17.297158
010010101001	03130033020	12	12x12	22.486306
111001011111	03020000311	12	12x12	22.486306
110101001110	00211111121	12	12x12	19.026874
010101110100	02000333333	12	12x12	15.567442
100110000010	02122030003	12	12x12	22.486306
111101100111	03333330021	12	12x12	17.297158
000010000100	03020003113	12	12x12	22.486306
110010010110	00331133030	12	12x12	20.756590
100100110111	02022033020	12	12x12	20.756590
010001111111	02113312211	12	12x12	22.486306
111000010010	02113303020	12	12x12	24.216021
111101110000	00311130331	12	12x12	20.756590
010001000100	00311113303	12	12x12	20.756590
011000110110	00313113000	12	12x12	20.756590
001100000111	00202021211	12	12x12	13.837726
111100110011	03022203333	12	12x12	19.026874
101000010100	03020030021	12	12x12	20.756590
100110110010	00002220303	12	12x12	17.297158
111001000010	03022111133	12	12x12	19.026874
110000000000	02002203030	12	12x12	19.026874
011011011000	03131312213	12	12x12	20.756590
100111101011	00211122203	12	12x12	20.756590
010011001111	02111303031	12	12x12	20.756590
100110010001	00221113311	12	12x12	20.756590
000100000000	03311113033	12	12x12	17.297158
100110111000	02121213330	12	12x12	17.297158
010101100001	00031111120	12	12x12	19.026874
110001011110	02030002112	12	12x12	22.486306
110011110110	00031133130	12	12x12	22.486306
001100100111	02021221311	12	12x12	20.756590
010100100100	02202122202	12	12x12	19.026874
010111110101	03022211313	12	12x12	20.756590
011000001101	00220003113	12	12x12	22.486306
001100001101	03113111200	12	12x12	20.756590
110011110101	03313333300	12	12x12	17.297158
111110001001	03331221211	12	12x12	19.026874
010111101100	02030000021	12	12x12	20.756590
010010011010	02002120222	12	12x12	19.026874
101111111110	02213131212	12	12x12	19.026874
101011011010	03000333003	12	12x12	17.297158
110010000110	03313130002	12	12x12	19.026874
100100100110	02120212000	12	12x12	19.026874
000101110110	03002122131	12	12x12	25.945737
010001001000	03020330331	12	12x12	17.297158
001111000111	03130331120	12	12x12	25.945737
100010011010	03311122133	12	12x12	20.756590
100000101111	02030020222	12	12x12	19.026874
111101010001	00031133312	12	12x12	20.756590
001110101010	03130003003	12	12x12	20.756590
011011000111	02030000000	12	12x12	15.567442
000011011100	02121220031	12	12x12	22.486306
101100011100	03130030000	12	12x12	17.297158
100001101100	03131112002	12	12x12	22.486306
001100101111	03330222033	12	12x12	20.756590
111000101100	03002121200	12	12x12	22.486306
101011111101	00020331312	12	12x12	20.756590
001100111011	00000003002	12	12x12	13.837726
100011111111	02020300313	12	12x12	20.756590
000111001001	02113303331	12	12x12	22.486306
110000101011	00311303030	12	12x12	19.026874
001000000111	00212131111	12	12x12	19.026874
110110100011	02020212003	12	12x12	19.026874
100011000110	03303330200	12	12x12	19.026874
000110010100	03030330202	12	12x12	17.297158
010010001001	03111202200	12	12x12	20.756590
101000100110	00333302200	12	12x12	20.756590
001010010011	00003331313	12	12x12	15.567442
010110100001	00311300002	12	12x12	20.756590
101011111011	02202000331	12	12x12	20.756590
000100011111	02120211113	12	12x12	20.756590
101010010001	00003311333	12	12x12	17.297158
000100110101	00313113122	12	12x12	22.486306
101011100011	03000202213	12	12x12	24.216021
000010011000	03002121200	12	12x12	22.486306
110001001001	02021202022	12	12x12	15.567442
101110001011	02112211303	12	12x12	20.756590
101100100101	02000302202	12	12x12	20.756590
000010100101	00330031111	12	12x12	17.297158
111110001010	03300002112	12	12x12	20.756590
010001111110	02122200212	12	12x12	20.756590
010011100100	03331211130	12	12x12	22.486306
011111110101	00331111300	12	12x12	19.026874
001000111111	02000212000	12	12x12	17.297158
011001001110	03303113311	12	12x12	19.026874
100010001101	03313302033	12	12x12	20.756590
011011000100	03002121120	12	12x12	24.216021
100001110011	03000003331	12	12x12	17.297158
100000001000	02030020303	12	12x12	17.297158
010110100101	03000302202	12	12x12	20.756590
000001100000	00222213313	12	12x12	20.756590
110000001101	02033111212	12	12x12	20.756590
110001011011	00000333121	12	12x12	17.297158
100011111111	03130002021	12	12x12	22.486306
101110101110	02200000003	12	12x12	13.837726
100010110101	03333312222	12	12x12	15.567442
111011110000	00211222200	12	12x12	19.026874
100111111111	00221202211	12	12x12	17.297158
101111101001	00333112122	12	12x12	19.026874
000011001010	03031313002	12	12x12	19.026874
110101100101	03313121222	12	12x12	19.026874
010110111010	03331303313	12	12x12	19.026874
010011011011	03112121313	12	12x12	19.026874
001000101001	00220003130	12	12x12	22.486306
110001111100	03313003113	12	12x12	22.486306
101100000010	00003331112	12	12x12	15.567442
111001110111	02200030313	12	12x12	20.756590
011101001011	00311330002	12	12x12	20.756590
110100010111	00313030311	12	12x12	19.026874
111000010000	03111300331	12	12x12	22.486306
010000011100	00211222022	12	12x12	20.756590
011011110101	00333312120	12	12x12	19.026874
011000010000	00003113313	12	12x12	19.026874
101010100001	00003312113	12	12x12	20.756590
100111100110	03133302203	12	12x12	25.945737
101111000001	00021120212	12	12x12	19.026874
001101001010	02213112020	12	12x12	22.486306
010100110111	02111131333	12	12x12	19.026874
100110100011	03111300002	12	12x12	20.756590
000111111000	00221311330	12	12x12	24.216021
011101100111	00003033121	12	12x12	20.756590
100111111000	03112131211	12	12x12	19.026874
000001100010	03112202120	12	12x12	25.945737
111001101001	03031300020	12	12x12	22.486306
011110010010	03313031300	12	12x12	19.026874
000100011000	03022111211	12	12x12	22.486306
100101100100	03030330002	12	12x12	17.297158
110111001000	03113003313	12	12x12	24.216021
011000000101	03133111122	12	12x12	20.756590
001000011100	03033313003	12	12x12	22.486306
100111010010	00313002203	12	12x12	24.216021
011111000000	00211133033	12	12x12	19.026874
011010011101	03331212211	12	12x12	19.026874
101010101111	00222213121	12	12x12	20.756590
010100000101	03130313031	12	12x12	17.297158
011111111100	03113030202	12	12x12	22.486306
011100000011	02033300311	12	12x12	22.486306
111001001110	02020003131	12	12x12	19.026874
101110000111	03020212131	12	12x12	20.756590
011011110101	03300002030	12	12x12	19.026874
011100100100	02202202211	12	12x12	15.567442
111101011101	02021202211	12	12x12	17.297158
110000011101	03312133000	12	12x12	22.486306
101111101010	02111131112	12	12x12	17.297158
111101110111	02213121213	12	12x12	20.756590
000111101111	03030302033	12	12x12	15.567442
001111001011	03112133003	12	12x12	24.216021
100110101101	00330220221	12	12x12	20.756590
011110010011	00333112203	12	12x12	22.486306
110111011110	03300311112	12	12x12	19.026874
001101110100	03330333131	12	12x12	17.297158
111010001111	02111133003	12	12x12	20.756590
011011111100	02120221113	12	12x12	22.486306
001110110010	02122030200	12	12x12	22.486306
010111100101	00303112131	12	12x12	20.756590
000011000001	00313033302	12	12x12	20.756590
111000110011	02203333121	12	12x12	20.756590
001100111001	00311130330	12	12x12	20.756590
110001010011	03112122113	12	12x12	20.756590
010011100100	00033031131	12	12x12	22.486306
110101001011	03033121311	12	12x12	22.486306
101111100101	00313331331	12	12x12	19.026874
011101011110	03002122213	12	12x12	24.216021
011001111010	00031130031	12	12x12	19.026874
011011110100	00203000021	12	12x12	19.026874
001010100100	03000002021	12	12x12	19.026874
101000001111	00211120000	12	12x12	19.026874
110001001001	03000211222	12	12x12	22.486306
100000011011	03020212131	12	12x12	20.756590
011111101110	02221111111	12	12x12	12.108011
111000001111	03020000212	12	12x12	22.486306
100110001110	03033331111	12	12x12	15.567442
010101111111	00333333112	12	12x12	15.567442
110101011100	02021200300	12	12x12	20.756590
010101110110	00331211313	12	12x12	22.486306
010111110101	02002112122	12	12x12	20.756590
000011001101	03311213311	12	12x12	19.026874
010100011001	00212122030	12	12x12	20.756590
000011011010	02120022213	12	12x12	20.756590
111110110000	02111311300	12	12x12	22.486306
001000011010	00212131131	12	12x12	20.756590
000101001101	02120000030	12	12x12	20.756590
011101001010	00302002021	12	12x12	19.026874
001011000000	02122020302	12	12x12	24.216021
110010011011	02220000021	12	12x12	17.297158
110110110101	02203333033	12	12x12	19.026874
001101011000	00313300302	12	12x12	22.486306
001010011110	03131222220	12	12x12	17.297158
011111011110	03022203303	12	12x12	20.756590
010001001100	02003331213	12	12x12	24.216021
000010001010	03131303312	12	12x12	20.756590
001001101001	00302222222	12	12x12	13.837726
100111011101	02021213111	12	12x12	19.026874
010100010110	02121312111	12	12x12	19.026874
111101000100	03002120202	12	12x12	22.486306
111011111101	02220300331	12	12x12	22.486306
110101110100	00003003022	12	12x12	17.297158
101011000010	03302003311	12	12x12	22.486306
001011110011	03131211221	12	12x12	22.486306
001100101110	03000022111	12	12x12	19.026874
010101011111	03031131111	12	12x12	17.297158
110001001011	02000311313	12	12x12	22.486306
100110011001	02111330331	12	12x12	20.756590
001100110010	02111111330	12	12x12	17.297158
100001011111	02220333000	12	12x12	19.026874
001011010000	02000003113	12	12x12	20.756590
011101110000	00000203311	12	12x12	19.026874
001011001011	00313033111	12	12x12	20.756590
000100001000	00302030313	12	12x12	19.026874
101001100111	03112121130	12	12x12	20.756590
100111000111	03002120212	12	12x12	22.486306
001011011111	03112200222	12	12x12	22.486306
101010011101	00003111112	12	12x12	15.567442
111010100101	03300331213	12	12x12	22.486306
101100011001	00331330330	12	12x12	17.297158
111010101100	02122120003	12	12x12	20.756590
101011101001	00020021120	12	12x12	19.026874
101000011101	03331333112	12	12x12	17.297158
100110101111	00031113030	12	12x12	19.026874
001000011100	03331311111	12	12x12	15.567442
000010001000	03030031131	12	12x12	20.756590
001010101111	00300022122	12	12x12	19.026874
010110101001	02111133122	12	12x12	20.756590
101110001110	02003002221	12	12x12	20.756590
011101101101	03003130300	12	12x12	19.026874
111010000001	03130300212	12	12x12	22.486306
001000111001	02200211131	12	12x12	22.486306
010110110010	00033030200	12	12x12	17.297158
011101100011	00211131131	12	12x12	20.756590
011000111001	03111120022	12	12x12	20.756590
100011001011	00020033111	12	12x12	17.297158
000000100110	00003031300	12	12x12	17.297158
010000001001	03111333312	12	12x12	20.756590
010001101000	03302033313	12	12x12	24.216021
110110000011	00003312131	12	12x12	20.756590
001101011000	02120003133	12	12x12	22.486306
101101111000	02113133030	12	12x12	24.216021
100101110111	02112220033	12	12x12	22.486306
100011111100	03131112112	12	12x12	20.756590
001110011111	03112200222	12	12x12	22.486306
000110100111	02200313031	12	12x12	24.216021
001111010010	02202003002	12	12x12	20.756590
010011100001	00031312131	12	12x12	19.026874
100101111101	00311122021	12	12x12	22.486306
111101110001	02120212000	12	12x12	19.026874
010010000101	02030221112	12	12x12	22.486306
011001001110	00212003333	12	12x12	20.756590
000110111111	03133111331	12	12x12	20.756590
110110100110	02213113121	12	12x12	22.486306
010110011010	00311111300	12	12x12	17.297158
101110110111	03112120002	12	12x12	22.486306
000100101001	02113112020	12	12x12	20.756590
000111000101	02212002122	12	12x12	20.756590
100000001111	00300200022	12	12x12	17.297158
100111001111	03300030200	12	12x12	20.756590
100101110010	02020330333	12	12x12	15.567442
101001110101	03022203330	12	12x12	20.756590
110001101111	02202122220	12	12x12	19.026874
110000101110	02212220303	12	12x12	19.026874
110110001001	00220031303	12	12x12	24.216021
101001111000	03131303300	12	12x12	19.026874
101000101100	03333000300	12	12x12	17.297158
011100011101	03111122030	12	12x12	20.756590
001101101001	03030021202	12	12x12	22.486306
101011110101	02033022033	12	12x12	19.026874
110100111111	03022002030	12	12x12	20.756590
101101000010	03131213312	12	12x12	20.756590
100111010110	00333131333	12	12x12	17.297158
011001101111	02030000021	12	12x12	20.756590
010111111100	03112200000	12	12x12	19.026874
011000000101	02202122022	12	12x12	15.567442
111101000010	02020211221	12	12x12	17.297158
011111010011	02221120203	12	12x12	20.756590
001001010100	03112202003	12	12x12	24.216021
100000100001	02120030302	12	12x12	20.756590
010110011101	00212213311	12	12x12	24.216021
000001101000	00313311112	12	12x12	20.756590
000011000001	02111303111	12	12x12	20.756590
001001011001	03303112212	12	12x12	25.945737
000101111010	02002203333	12	12x12	19.026874
100010000011	02211220211	12	12x12	20.756590
011000011101	02111331133	12	12x12	20.756590
001110100000	02222203030	12	12x12	15.567442
011010100000	03311312212	12	12x12	24.216021
101001010111	02120221131	12	12x12	25.945737
010011111110	03311212112	12	12x12	20.756590
001001001001	02203031313	12	12x12	19.026874
001100010100	00022131220	12	12x12	22.486306
100001100001	03302221213	12	12x12	22.486306
011100100000	03331213130	12	12x12	20.756590
110100111101	02111122030	12	12x12	22.486306
010101001001	00003003311	12	12x12	19.026874
111001001100	00211131220	12	12x12	22.486306
010101001010	03331133000	12	12x12	19.026874
001110000010	03131212021	12	12x12	20.756590
011010110010	02122203003	12	12x12	24.216021
011000010110	02112213131	12	12x12	19.026874
100010011001	00020200313	12	12x12	20.756590
101101101000	02122120022	12	12x12	20.756590
100100111101	03112131113	12	12x12	20.756590
101000001010	03003111211	12	12x12	22.486306
111100000110	00022111300	12	12x12	19.026874
011100001111	00330002203	12	12x12	20.756590
101110101001	00300200302	12	12x12	17.297158
000011010100	00311130003	12	12x12	20.756590
000001111110	00003031131	12	12x12	19.026874
100100101001	02211333333	12	12x12	15.567442
011101001100	02203020030	12	12x12	20.756590
101110110000	02113133002	12	12x12	22.486306
100111000110	00221311312	12	12x12	22.486306
000110111000	02113111122	12	12x12	20.756590
010011110111	00313113121	12	12x12	22.486306
101101010111	00221111333	12	12x12	17.297158
100111001011	02212021133	12	12x12	24.216021
010010011011	00330033113	12	12x12	19.026874
111111010001	03033113302	12	12x12	22.486306
101101100111	02030031133	12	12x12	24.216021
110100010000	03130020303	12	12x12	22.486306
000110010010	03113302033	12	12x12	24.216021
011001111100	03113133331	12	12x12	19.026874
011101100111	02020300002	12	12x12	17.297158
000110010001	02113113111	12	12x12	15.567442
000010001000	02120221312	12	12x12	24.216021
111111000001	03130331213	12	12x12	24.216021
011001001001	02030313121	12	12x12	20.756590
101011100100	00003131131	12	12x12	19.026874
101011001100	00031130300	12	12x12	19.026874
010111111111	02033030202	12	12x12	19.026874
010111111111	03112221130	12	12x12	24.216021
010101010101	03130313031	12	12x12	17.297158
100111100101	02111221313	12	12x12	20.756590
111100010000	03030222122	12	12x12	19.026874
001001001011	00022112121	12	12x12	19.026874
101110100011	00221211221	12	12x12	19.026874
010110000001	02030200203	12	12x12	19.026874
101010011111	03113030311	12	12x12	19.026874
101100110110	02000022202	12	12x12	20.756590
000100101000	02121221213	12	12x12	17.297158
010111001001	03333113122	12	12x12	20.756590
010001000011	03300021222	12	12x12	20.756590
010111101011	02030222212	12	12x12	22.486306
011010001101	03022033331	12	12x12	20.756590
100000001011	00000311111	12	12x12	13.837726
011110111100	03003033020	12	12x12	20.756590
101010001010	02113133122	12	12x12	22.486306
101001100001	02200333122	12	12x12	20.756590
001010111010	02213122002	12	12x12	24.216021
110111011100	02000302222	12	12x12	20.756590
000111011100	02211113312	12	12x12	20.756590
001100111010	03111212003	12	12x12	22.486306
011000110001	02121311112	12	12x12	19.026874
011001001100	00003131333	12	12x12	15.567442
111001101110	00221212021	12	12x12	19.026874
000011100000	03311131212	12	12x12	20.756590
000101000101	02030222212	12	12x12	22.486306
001110001110	00212022111	12	12x12	20.756590
100001110010	02120021220	12	12x12	20.756590
111110010101	02113121213	12	12x12	20.756590
010001011111	02112000030	12	12x12	24.216021
000101011011	00200300212	12	12x12	19.026874
010111100010	00003133020	12	12x12	20.756590
010000101010	00313033133	12	12x12	19.026874
110100101100	00002213111	12	12x12	19.026874
111001011011	03133312213	12	12x12	24.216021
000000101111	02120033003	12	12x12	22.486306
100100101100	00302221213	12	12x12	20.756590
110001001101	02222221213	12	12x12	15.567442
111101111000	00022113121	12	12x12	22.486306
010111111101	02002112203	12	12x12	22.486306
100001110100	00021220212	12	12x12	19.026874
110100111011	03031303022	12	12x12	19.026874
010101000011	03113130002	12	12x12	20.756590
111100101000	02202222220	12	12x12	15.567442
000110110100	00203002122	12	12x12	19.026874
000001100010	03330200221	12	12x12	22.486306
110110010001	02202111113	12	12x12	19.026874
011010011000	00313033022	12	12x12	22.486306
101110101000	03000311331	12	12x12	20.756590
000111100110	03003313002	12	12x12	20.756590
001110101001	00002122202	12	12x12	20.756590
110110111001	02112222003	12	12x12	20.756590
111110010111	00020202113	12	12x12	17.297158
010111010000	03112222220	12	12x12	17.297158
000111111011	02211312200	12	12x12	22.486306
001010010001	02211221222	12	12x12	17.297158
011001001111	00033313112	12	12x12	19.026874
000110010011	00311131122	12	12x12	20.756590
010110101111	03331311122	12	12x12	19.026874
100011011011	03033121330	12	12x12	24.216021
110000010001	00311313031	12	12x12	20.756590
101011111111	03030021221	12	12x12	22.486306
000011000111	02120211311	12	12x12	22.486306
110110000010	02111303303	12	12x12	20.756590
011110010000	03130302030	12	12x12	20.756590
111111001101	03130303112	12	12x12	20.756590
100010100101	02120033313	12	12x12	24.216021
110000000011	03331213121	12	12x12	19.026874
100100100011	02113130303	12	12x12	20.756590
001010011010	02030020211	12	12x12	22.486306
110101001111	02203003330	12	12x12	22.486306
011110111101	03033133122	12	12x12	20.756590
011111001111	02112222133	12	12x12	20.756590
000100110111	00220333312	12	12x12	20.756590
010101001011	02111212220	12	12x12	19.026874
011100100101	02120022121	12	12x12	20.756590
110010100001	02030203303	12	12x12	19.026874
010110011010	00211131112	12	12x12	19.026874
010001000010	02121313300	12	12x12	19.026874
111001111100	02112020022	12	12x12	20.756590
101111111101	00200331303	12	12x12	22.486306
010001101000	02022211130	12	12x12	20.756590
110010111110	03113133113	12	12x12	19.026874
011101110100	00212200203	12	12x12	22.486306
110000110001	02033031300	12	12x12	22.486306
100101111100	02030203020	12	12x12	13.837726
000111001010	00003111133	12	12x12	17.297158
101100100110	02113330200	12	12x12	22.486306
110100000100	03022112000	12	12x12	24.216021
111101110101	02203303311	12	12x12	20.756590
110000110010	00212122200	12	12x12	19.026874
000011001010	00303022120	12	12x12	19.026874
001000111111	02213121220	12	12x12	22.486306
001000000010	00313300020	12	12x12	24.216021
100100110110	03113333031	12	12x12	20.756590
000000111101	00020303312	12	12x12	22.486306
110011001000	02030003030	12	12x12	19.026874
010111010101	00313302002	12	12x12	22.486306
101000110100	02120000311	12	12x12	20.756590
110010101100	03000021112	12	12x12	20.756590
111111100111	00031133333	12	12x12	17.297158
011110000000	02120003130	12	12x12	24.216021
100000011010	00022122203	12	12x12	19.026874
010100010011	02030022212	12	12x12	24.216021
100011000100	02113121330	12	12x12	24.216021
000001111011	02112000333	12	12x12	22.486306
101111000010	02000333113	12	12x12	20.756590
000110000101	02021221200	12	12x12	20.756590
000010110110	00000303330	12	12x12	15.567442
101001001110	02112000200	12	12x12	22.486306
011111010111	03003333131	12	12x12	20.756590
010111100110	00021120211	12	12x12	19.026874
010100101010	03333131111	12	12x12	15.567442
111110100101	00002020031	12	12x12	19.026874
011110110010	00333112021	12	12x12	22.486306
111100110100	03302220030	12	12x12	22.486306
110100100101	02022221130	12	12x12	20.756590
111000111101	02120211130	12	12x12	22.486306
011111110110	00303022200	12	12x12	17.297158
110110000101	02002111113	12	12x12	19.026874
100011000001	00000000313	12	12x12	13.837726
000111100110	00000200302	12	12x12	17.297158
100100110110	02121220212	12	12x12	19.026874
001000011010	00022131121	12	12x12	22.486306
110110000000	02003130002	12	12x12	24.216021
001001001011	02113311313	12	12x12	22.486306
001001100000	02112213331	12	12x12	20.756590
010001011000	02030022111	12	12x12	22.486306
110111000111	02111202220	12	12x12	20.756590
100010110000	02021211202	12	12x12	19.026874
110000110110	02203022221	12	12x12	20.756590
010001110000	00000330202	12	12x12	17.297158
010101001011	02033111331	12	12x12	22.486306
101001010100	00030202112	12	12x12	20.756590
101110100001	00311303020	12	12x12	22.486306
101100000110	00313002203	12	12x12	24.216021
000101001101	03003312133	12	12x12	25.945737
000000001010	02022221313	12	12x12	19.026874
100011100111	03111202202	12	12x12	20.756590
001111100001	00220211221	12	12x12	20.756590
100010001000	00211131300	12	12x12	20.756590
011101001110	02120203022	12	12x12	20.756590
111110000101	03131130000	12	12x12	19.026874
101001101001	03312133000	12	12x12	22.486306
111001000011	03111121312	12	12x12	22.486306
111101011100	03330303112	12	12x12	19.026874
111001100100	00303131303	12	12x12	17.297158
011110100011	00212131222	12	12x12	20.756590
011010011100	00330033302	12	12x12	19.026874
001000001110	00311300020	12	12x12	24.216021
110111111110	03312121202	12	12x12	19.026874
111101100010	03312122022	12	12x12	20.756590
110001010101	00302202022	12	12x12	17.297158
110111101110	03133133030	12	12x12	19.026874
111111111101	00311312213	12	12x12	24.216021
010000100010	02213112022	12	12x12	22.486306
110111110100	00031303131	12	12x12	17.297158
001100000000	03130333111	12	12x12	20.756590
110101110011	02222211212	12	12x12	17.297158
000100001010	03133033121	12	12x12	22.486306
111100100101	03113112020	12	12x12	20.756590
110001011100	00211200030	12	12x12	24.216021
110001110101	00333311120	12	12x12	19.026874
100111000011	00333311221	12	12x12	19.026874
110111001011	00031111112	12	12x12	15.567442
110011000000	03022033313	12	12x12	24.216021
101000110110	02113122020	12	12x12	24.216021
100100010101	00000212122	12	12x12	13.837726
011110000101	03302220333	12	12x12	19.026874
111000011101	03000221111	12	12x12	19.026874
111100000001	02120220302	12	12x12	24.216021
001111100101	02212000300	12	12x12	22.486306
010010010010	03131300200	12	12x12	19.026874
101001111001	00302221311	12	12x12	20.756590
000001111011	00020300203	12	12x12	15.567442
101011010001	03112133121	12	12x12	22.486306
101011111000	00212022211	12	12x12	19.026874
100111010110	00331113003	12	12x12	19.026874
001101001010	03131130033	12	12x12	20.756590
100101111000	03312133313	12	12x12	19.026874
011011100000	02030000222	12	12x12	19.026874
110000110010	03133020021	12	12x12	24.216021
010001010000	03312113112	12	12x12	22.486306
010100110001	02203000212	12	12x12	22.486306
000000111101	02211122020	12	12x12	20.756590
011100000110	00033130003	12	12x12	19.026874
000011111001	00300021120	12	12x12	24.216021
100101100100	00021120022	12	12x12	19.026874
011010001110	02021211311	12	12x12	19.026874
001100110111	02202113113	12	12x12	22.486306
101010101110	02222131133	12	12x12	19.026874
010100100011	02121122222	12	12x12	17.297158
110001110000	02213113312	12	12x12	24.216021
111110111011	00311111331	12	12x12	19.026874
001010001011	00311111303	12	12x12	17.297158
111110011011	00021120203	12	12x12	22.486306
110011010001	02033303313	12	12x12	22.486306
010110001011	03331313122	12	12x12	17.297158
000101010111	03330313033	12	12x12	17.297158
011000001010	00000221112	12	12x12	15.567442
011101001001	00030202030	12	12x12	19.026874
100011011100	02030002222	12	12x12	19.026874
110010110001	03133122221	12	12x12	20.756590
010110001110	00202122131	12	12x12	20.756590
000111100101	00203022213	12	12x12	20.756590
001010000101	00311331313	12	12x12	20.756590
010010111000	02203333020	12	12x12	20.756590
110101101011	00302030200	12	12x12	13.837726
000011100101	00220021111	12	12x12	17.297158
101111111100	02211200030	12	12x12	24.216021
100100110111	03000220221	12	12x12	20.756590
111101110011	02221331330	12	12x12	19.026874
000000100100	00222122133	12	12x12	20.756590
100010000011	00311112111	12	12x12	19.026874
001101111001	03303112213	12	12x12	25.945737
100111101001	02113300020	12	12x12	24.216021
101011011111	02202203303	12	12x12	20.756590
110000100001	03300313003	12	12x12	19.026874
011110011111	00002220300	12	12x12	17.297158
111010101011	00002111213	12	12x12	19.026874
000100110101	03331133300	12	12x12	19.026874
100101001110	00202213112	12	12x12	22.486306
110000010101	03130033133	12	12x12	19.026874
011001001100	03133003312	12	12x12	24.216021
111001010101	03031303112	12	12x12	19.026874
001001110010	00330200021	12	12x12	22.486306
000101110001	02120211200	12	12x12	20.756590
010110100010	02033111311	12	12x12	22.486306
000001101001	00021221112	12	12x12	20.756590
001100111011	03020331312	12	12x12	22.486306
001101110001	02021131333	12	12x12	20.756590
111101111011	03033331120	12	12x12	20.756590
000010001010	00300330313	12	12x12	19.026874
011111101010	00311121311	12	12x12	20.756590
100001010000	02033333003	12	12x12	19.026874
000000111101	00211133130	12	12x12	22.486306
110110101011	00022030303	12	12x12	17.297158
100111100010	02203330000	12	12x12	19.026874
011010111000	00300331330	12	12x12	19.026874
010101100111	02120033331	12	12x12	20.756590
100100000110	02200333130	12	12x12	22.486306
100000001101	02200303002	12	12x12	20.756590
101110101000	03020203313	12	12x12	22.486306
101100111101	02112131300	12	12x12	22.486306
110000111011	02222033300	12	12x12	19.026874
101011100000	02030200033	12	12x12	17.297158
011100000011	03112133003	12	12x12	24.216021
101100011110	02020333131	12	12x12	19.026874
111011011000	03111220202	12	12x12	20.756590
101101000010	00202120033	12	12x12	20.756590
000101100011	02030303312	12	12x12	20.756590
100101100111	00211131211	12	12x12	20.756590
101011100100	03030002003	12	12x12	19.026874
011100011110	03300002022	12	12x12	17.297158
101010001101	00300033033	12	12x12	17.297158
110111001010	02220022111	12	12x12	17.297158
010010010100	03131300331	12	12x12	20.756590
111101111100	00211131120	12	12x12	22.486306
110000111100	03302033020	12	12x12	17.297158
010101011011	02000303112	12	12x12	22.486306
111110001001	03313003133	12	12x12	20.756590
001011010110	03303000212	12	12x12	22.486306
010011010111	00202202202	12	12x12	15.567442
101010110010	03331311220	12	12x12	20.756590
111001100100	00303111212	12	12x12	19.026874
011001010011	02021131313	12	12x12	19.026874
110111010100	02122213113	12	12x12	22.486306
111110000100	03003002200	12	12x12	19.026874
100000000100	03112202022	12	12x12	20.756590
101110010011	03131131121	12	12x12	20.756590
011101011011	03133020000	12	12x12	20.756590
010100100010	03312121121	12	12x12	20.756590
100010100011	03130033020	12	12x12	22.486306
110000001110	02122000203	12	12x12	24.216021
010110110001	02122113303	12	12x12	25.945737
100101111001	00221312133	12	12x12	22.486306
000001001100	03002211113	12	12x12	20.756590
001011001111	02213113112	12	12x12	19.026874
010010000100	03312131112	12	12x12	22.486306
011111010010	00000002000	12	12x12	12.108011
101001100101	02211312200	12	12x12	22.486306
010011000100	00021112000	12	12x12	17.297158
010111111101	00220211313	12	12x12	22.486306
010010101110	03130313111	12	12x12	17.297158
111001110100	03112131220	12	12x12	24.216021
100000111100	00020300000	12	12x12	15.567442
100100000111	03112133033	12	12x12	22.486306
110011010100	00220330311	12	12x12	24.216021
100001100110	00002022021	12	12x12	17.297158
100001111001	02221331131	12	12x12	20.756590
111000001001	03311213330	12	12x12	20.756590
010101001111	03311113121	12	12x12	20.756590
110011100001	00221220211	12	12x12	19.026874
110100011001	00333331221	12	12x12	19.026874
110001011100	03112113031	12	12x12	22.486306
100110111010	02021212221	12	12x12	17.297158
000100100100	02222111222	12	12x12	15.567442
011110010000	00331331122	12	12x12	20.756590
100110110101	00030303112	12	12x12	17.297158
100110001011	02220033133	12	12x12	19.026874
101010000001	00212131333	12	12x12	19.026874
010000100000	03331213303	12	12x12	24.216021
101011010001	03113031122	12	12x12	20.756590
001011101101	00203033302	12	12x12	19.026874
101101000111	03002203030	12	12x12	20.756590
100001100010	00220330020	12	12x12	22.486306
100101111111	02213131312	12	12x12	17.297158
001000111101	00311300330	12	12x12	20.756590
100000001101	02213133330	12	12x12	19.026874
100101111001	03113030002	12	12x12	20.756590
011101011010	03130331303	12	12x12	19.026874
001111001011	00311312222	12	12x12	20.756590
001100011100	03311311300	12	12x12	20.756590
000010000100	03022003133	12	12x12	20.756590
010000001010	00221121200	12	12x12	20.756590
111001110010	03133121221	12	12x12	22.486306
110010011100	02003311111	12	12x12	19.026874
100000001011	03002030033	12	12x12	19.026874
100000001001	03112220200	12	12x12	20.756590
100100111000	03112133303	12	12x12	24.216021
111101010100	02221331213	12	12x12	20.756590
101000100000	00302212111	12	12x12	20.756590
110010110001	00302033000	12	12x12	19.026874
000010010101	02222020003	12	12x12	17.297158
000101000100	00212202112	12	12x12	20.756590
101101111110	03022112111	12	12x12	20.756590
101011110011	02030200330	12	12x12	20.756590
011001000011	02202030222	12	12x12	19.026874
110011000011	03022203303	12	12x12	20.756590
010101010100	02021111200	12	12x12	17.297158
110011001001	00211200030	12	12x12	24.216021
111010100000	00221312131	12	12x12	20.756590
100101001000	02003313000	12	12x12	22.486306
001001000101	02212113033	12	12x12	22.486306
011000010111	02200303113	12	12x12	22.486306
110100001010	00211131303	12	12x12	20.756590
100111111011	00022131112	12	12x12	20.756590
000000011111	00300331312	12	12x12	20.756590
111000001101	02222221202	12	12x12	17.297158
011000010000	02221213312	12	12x12	20.756590
000010111011	02120222221	12	12x12	19.026874
000111000010	03030313302	12	12x12	19.026874
011001000001	00033020003	12	12x12	17.297158
010111111111	00203033111	12	12x12	19.026874
110101001011	02221111330	12	12x12	17.297158
101110101000	02202111120	12	12x12	20.756590
011101000111	02030202122	12	12x12	19.026874
110011111110	03311113130	12	12x12	19.026874
000011101011	00211112113	12	12x12	19.026874
100111000110	03003033302	12	12x12	20.756590
001100001000	00330311311	12	12x12	19.026874
001011000000	00031113330	12	12x12	19.026874
110100100101	00203333330	12	12x12	15.567442
110100001111	00221312113	12	12x12	24.216021
100100101111	02000000331	12	12x12	17.297158
101101111000	03333112133	12	12x12	20.756590
100011000110	03303333312	12	12x12	19.026874
000011001110	03333111221	12	12x12	17.297158
110010100100	00021111130	12	12x12	19.026874
100100100000	03033000020	12	12x12	20.756590
110011010011	03112133303	12	12x12	24.216021
100000101110	02211220003	12	12x12	20.756590
111110011000	00003111133	12	12x12	17.297158
001101100110	00031330200	12	12x12	20.756590
110010100001	00333312121	12	12x12	17.297158
001100111010	00200300031	12	12x12	19.026874
100010000001	03131122121	12	12x12	22.486306
001110011110	00030221200	12	12x12	20.756590
101010001000	02020211311	12	12x12	17.297158
001111010101	03300002111	12	12x12	19.026874
011010000100	03300313003	12	12x12	19.026874
001001100111	02221133311	12	12x12	19.026874
010010011100	03302222222	12	12x12	15.567442
111100010101	02122203302	12	12x12	25.945737
011111101001	02021131221	12	12x12	22.486306
010101100011	00313031331	12	12x12	19.026874
110101110001	03033030311	12	12x12	17.297158
100001101010	03300333112	12	12x12	20.756590
111101100101	02113303131	12	12x12	24.216021
101110010000	00212112220	12	12x12	20.756590
110101110101	03031330202	12	12x12	20.756590
100111000011	02121122030	12	12x12	22.486306
000011010011	02203303130	12	12x12	24.216021
011101001011	02111221121	12	12x12	20.756590
101010100010	03113033113	12	12x12	19.026874
101101010101	02120033000	12	12x12	22.486306
111101111011	00333331120	12	12x12	19.026874
101011011100	02220211313	12	12x12	22.486306
000110110110	02121311120	12	12x12	20.756590
010101101000	00200200033	12	12x12	15.567442
101000011101	02003331121	12	12x12	24.216021
010100100111	02120211121	12	12x12	20.756590
100000101110	02003002212	12	12x12	24.216021
001011011000	02112021133	12	12x12	20.756590
010010101010	00003111113	12	12x12	15.567442
100111011111	00220202002	12	12x12	17.297158
101010110100	03333331331	12	12x12	15.567442
110000011000	03300200002	12	12x12	19.026874
100111000001	02113130331	12	12x12	24.216021
000010101011	03000212020	12	12x12	22.486306
001100011100	00002200300	12	12x12	17.297158
010011011011	02222022131	12	12x12	20.756590
110001000111	00003131300	12	12x12	17.297158
100001011001	00021111131	12	12x12	19.026874
111100110101	00202113112	12	12x12	19.026874
010100100011	02030021202	12	12x12	20.756590
100010010010	03133133312	12	12x12	19.026874
100111001011	00202002211	12	12x12	19.026874
010011011010	02221112113	12	12x12	19.026874
110000100001	00211131222	12	12x12	22.486306
100010000010	03000202203	12	12x12	22.486306
000000100101	02122030003	12	12x12	22.486306
100010111110	00022030031	12	12x12	22.486306
001000000101	02120003331	12	12x12	20.756590
010110111011	02030220003	12	12x12	20.756590
011010000001	02021122220	12	12x12	17.297158
001111010110	03333313303	12	12x12	19.026874
000100100101	03131112021	12	12x12	22.486306
001100100111	00212212200	12	12x12	19.026874
111011010000	00211202121	12	12x12	19.026874
011101110111	00211221213	12	12x12	22.486306
001000110111	00202122131	12	12x12	20.756590
111101110110	00203311112	12	12x12	19.026874
010110100010	02111213122	12	12x12	20.756590
001100011111	02122003303	12	12x12	25.945737
101101011110	00211120020	12	12x12	19.026874
101010101010	00220302220	12	12x12	20.756590
010100001001	03311222133	12	12x12	20.756590
010010011011	02120211333	12	12x12	22.486306
000101111001	00212003031	12	12x12	22.486306
100000010010	03313002030	12	12x12	22.486306
000111000001	03302200203	12	12x12	24.216021
110010011010	03312133130	12	12x12	22.486306
011100011101	02112000333	12	12x12	22.486306
111000010111	00203300031	12	12x12	20.756590
111100011110	03302202111	12	12x12	22.486306
111011100110	02222131313	12	12x12	15.567442
110000000001	03111220220	12	12x12	20.756590
111101111010	00221113313	12	12x12	22.486306
111111011000	00222122221	12	12x12	17.297158
101010011011	00021211113	12	12x12	17.297158
011110101010	02112120000	12	12x12	19.026874
101111010101	02111113030	12	12x12	19.026874
111010000001	03002120000	12	12x12	22.486306
100000011110	00333330033	12	12x12	15.567442
001011110100	02120212202	12	12x12	20.756590
100110101001	00211212131	12	12x12	20.756590
110011111010	00313033333	12	12x12	17.297158
000111110011	02122000313	12	12x12	22.486306
011110010101	00302200000	12	12x12	17.297158
011110110110	00220003311	12	12x12	20.756590
001010110001	00203311131	12	12x12	22.486306
010110111010	00221312220	12	12x12	22.486306
000010110110	00003000211	12	12x12	17.297158
101000001101	03331300002	12	12x12	19.026874
010100001011	03333030311	12	12x12	17.297158
001010111111	00203302022	12	12x12	19.026874
101110001110	00302003130	12	12x12	20.756590
001101010101	00211202113	12	12x12	19.026874
100000101000	00221131222	12	12x12	20.756590
100010000100	00311122112	12	12x12	22.486306
000101000110	00222000002	12	12x12	15.567442
101001010011	03033133312	12	12x12	20.756590
110010101101	03133111112	12	12x12	19.026874
000000010001	03300020020	12	12x12	19.026874
100100011011	02202003133	12	12x12	22.486306
111100001001	02000030033	12	12x12	19.026874
010110010110	02111121222	12	12x12	19.026874
100111110110	00003300302	12	12x12	20.756590
010010100111	00202030020	12	12x12	17.297158
101110011110	00311130000	12	12x12	19.026874
010111101000	02020030330	12	12x12	20.756590
011010110000	03030331112	12	12x12	17.297158
111100101110	00022033311	12	12x12	20.756590
001011011000	02200313303	12	12x12	24.216021
111110011110	00200033133	12	12x12	19.026874
000110111010	00311303003	12	12x12	20.756590
101011100011	03302203300	12	12x12	20.756590
100110011110	00220031333	12	12x12	22.486306
011001011111	00200302212	12	12x12	22.486306
010100011110	03133131331	12	12x12	19.026874
100000001010	02113331222	12	12x12	22.486306
101001101011	02120003130	12	12x12	24.216021
100001010110	02212111133	12	12x12	19.026874
100011110010	03031331331	12	12x12	17.297158
111000101011	02200003303	12	12x12	20.756590
110111111000	03022220303	12	12x12	17.297158
010011110110	03311331120	12	12x12	20.756590
100110001100	03303002022	12	12x12	20.756590
100111111111	03130311121	12	12x12	24.216021
100011001111	03022220333	12	12x12	19.026874
110110101001	00030222030	12	12x12	19.026874
110000101000	03112111311	12	12x12	19.026874
001000111011	03112200000	12	12x12	19.026874
101111111100	02113121213	12	12x12	20.756590
110100101010	02030021220	12	12x12	22.486306
001100000011	03331221120	12	12x12	20.756590
111101110000	02202203333	12	12x12	17.297158
000001000001	02111131300	12	12x12	20.756590
101100011110	03113000000	12	12x12	19.026874
001000100111	03303030221	12	12x12	19.026874
011000100001	00033331111	12	12x12	13.837726
001111110101	02221121120	12	12x12	19.026874
001001110001	00212213312	12	12x12	24.216021
001010011110	02030022120	12	12x12	24.216021
000101111010	03330222211	12	12x12	19.026874
010101110000	02033033121	12	12x12	20.756590
111010010011	03111202213	12	12x12	24.216021
010110011000	03133300003	12	12x12	19.026874
100101100010	03020302022	12	12x12	15.567442
000000110101	02003133300	12	12x12	24.216021
101100001011	02120211211	12	12x12	19.026874
110001011111	02200313333	12	12x12	20.756590
010111000110	00030021200	12	12x12	20.756590
011110101000	02200302203	12	12x12	19.026874
000100000011	03131222202	12	12x12	20.756590
110011100101	03311133130	12	12x12	20.756590
001111110000	03131133121	12	12x12	22.486306
111010110100	03111303031	12	12x12	20.756590
010000101110	02000333300	12	12x12	19.026874
011101001011	02111131333	12	12x12	19.026874
110101011110	02021113313	12	12x12	22.486306
000110000001	00002111120	12	12x12	19.026874
111111010001	02220200313	12	12x12	22.486306
011100110100	03000200033	12	12x12	19.026874
111011001110	00022211200	12	12x12	19.026874
100111001101	03002120002	12	12x12	22.486306
101110001111	03313113000	12	12x12	20.756590
101010111100	02020333312	12	12x12	19.026874
101001101011	02113311113	12	12x12	19.026874
100110110010	02022120221	12	12x12	17.297158
101000111111	00212222003	12	12x12	20.756590
100011000101	00000302220	12	12x12	17.297158
011100101101	00220212133	12	12x12	20.756590
100110011010	02033333133	12	12x12	19.026874
011111010101	00300222220	12	12x12	15.567442
110111000101	03133113311	12	12x12	19.026874
100100000011	02211122030	12	12x12	22.486306
100111001010	03311133020	12	12x12	22.486306
111001000001	02212000033	12	12x12	20.756590
111001100100	02202200212	12	12x12	20.756590
101101011110	02203331300	12	12x12	24.216021
101100110110	00030030030	12	12x12	12.108011
100000110010	02113112022	12	12x12	20.756590
101111101000	00330000311	12	12x12	19.026874
100100010000	03022111312	12	12x12	22.486306
010101111110	03000021112	12	12x12	20.756590
101100011101	02030222022	12	12x12	19.026874
010100100001	02122202220	12	12x12	19.026874
101100110101	00300220203	12	12x12	19.026874
010001011110	02203330302	12	12x12	20.756590
000001111010	03003111113	12	12x12	19.026874
110101001000	00203002221	12	12x12	19.026874
101010000001	02111202211	12	12x12	19.026874
000001110111	00331213300	12	12x12	24.216021
100000111100	03333111112	12	12x12	13.837726
011010111110	03300030202	12	12x12	20.756590
100010110000	00221202222	12	12x12	17.297158
000110001000	03130020003	12	12x12	22.486306
001111001101	02113311331	12	12x12	19.026874
100001100110	03313113333	12	12x12	19.026874
000001011100	02203031311	12	12x12	19.026874
111101101000	02033333121	12	12x12	17.297158
000000011000	03022033002	12	12x12	22.486306
101101100010	03030311120	12	12x12	19.026874
100001100001	00000212131	12	12x12	17.297158
010110111101	02113130300	12	12x12	20.756590
001010111000	02122133331	12	12x12	20.756590
001011100111	00302021111	12	12x12	17.297158
011000101011	03130002203	12	12x12	24.216021
011001111101	00002202213	12	12x12	19.026874
110100101100	03112212111	12	12x12	20.756590
011000000110	00302212003	12	12x12	22.486306
011000110011	03111212120	12	12x12	19.026874
110001000010	02022131131	12	12x12	22.486306
100111011000	02220330033	12	12x12	19.026874
011111011110	03131312131	12	12x12	17.297158
110110101101	03000333121	12	12x12	22.486306
100010000001	02203331111	12	12x12	19.026874
011101011101	00311313122	12	12x12	20.756590
011101100110	03020022113	12	12x12	24.216021
110001110000	00222213313	12	12x12	20.756590
101111010100	00303020221	12	12x12	17.297158
111010111100	00020202200	12	12x12	15.567442
000000011111	03113311202	12	12x12	20.756590
101101100111	00220033311	12	12x12	20.756590
000111011011	03300212021	12	12x12	24.216021
111100010000	02113133330	12	12x12	20.756590
111011001110	00203002203	12	12x12	20.756590
000001010000	02000222122	12	12x12	20.756590
000110110110	00203311130	12	12x12	22.486306
011001100101	00330222212	12	12x12	22.486306
011100011001	03333121331	12	12x12	20.756590
001100111010	02111303111	12	12x12	20.756590
010101101110	00221112020	12	12x12	17.297158
001010100000	00022122120	12	12x12	17.297158
001001111100	00311122022	12	12x12	19.026874
101000100000	03002121211	12	12x12	19.026874
110000000001	03331131220	12	12x12	22.486306
010000110000	00020022003	12	12x12	17.297158
010010010011	02000003022	12	12x12	19.026874
000101101100	00220031330	12	12x12	24.216021
010010100011	00212131111	12	12x12	19.026874
110011001101	03020222021	12	12x12	20.756590
000101111100	03311112021	12	12x12	20.756590
010111111111	03131330020	12	12x12	22.486306
111011001100	02022222131	12	12x12	19.026874
001011000100	02030221200	12	12x12	20.756590
011011001010	03331213333	12	12x12	19.026874
100011001110	02202033022	12	12x12	20.756590
110110010100	02220003130	12	12x12	20.756590
101010101100	03130313031	12	12x12	17.297158
110001000001	03030221202	12	12x12	20.756590
001011011100	03111213300	12	12x12	24.216021
100011101101	00202121221	12	12x12	17.297158
101111110111	02112133311	12	12x12	22.486306
010111101000	02113312221	12	12x12	22.486306
101100100001	00003302221	12	12x12	19.026874
111010011000	02021213121	12	12x12	19.026874
001111111010	02113330203	12	12x12	24.216021
001100100111	02120211221	12	12x12	22.486306
001010101000	00302033300	12	12x12	19.026874
101110101110	03131213122	12	12x12	19.026874
111010011110	00212021113	12	12x12	20.756590
000011011001	00211222022	12	12x12	20.756590
011110001001	02113130313	12	12x12	20.756590
101110110100	03111122112	12	12x12	20.756590
111110100001	02111113311	12	12x12	19.026874
001101101101	03113113033	12	12x12	19.026874
010100011110	02122021131	12	12x12	24.216021
011011011101	03313002220	12	12x12	22.486306
011010001111	02121333130	12	12x12	20.756590
000001101010	00220330333	12	12x12	19.026874
000110000100	00313031303	12	12x12	15.567442
010010110110	03113313122	12	12x12	22.486306
011000010110	00022221333	12	12x12	17.297158
001100000011	00021120020	12	12x12	19.026874
000110101010	02200211200	12	12x12	20.756590
010010110110	02203300221	12	12x12	20.756590
001011101010	02221212133	12	12x12	17.297158
000001110111	00331331331	12	12x12	15.567442
001001000011	00002213122	12	12x12	20.756590
001010110101	02203030203	12	12x12	20.756590
100000000110	03111122113	12	12x12	20.756590
110101011101	03300330202	12	12x12	17.297158
110100010000	03133030331	12	12x12	19.026874
000000011000	02200303033	12	12x12	17.297158
100110011000	03133300022	12	12x12	20.756590
001001110011	03112200200	12	12x12	22.486306
100010000010	00212121221	12	12x12	17.297158
101110101111	00203002222	12	12x12	17.297158
000001100001	02122022003	12	12x12	22.486306
101110000101	03111213111	12	12x12	17.297158
111100011100	02221121121	12	12x12	17.297158
111111101001	03313331222	12	12x12	19.026874
010000010011	03113113303	12	12x12	20.756590
111110110101	03130311112	12	12x12	20.756590
010100010110	00221222033	12	12x12	20.756590
111100100000	03002203003	12	12x12	20.756590
101000111011	00031311331	12	12x12	20.756590
111100001100	00331211313	12	12x12	22.486306
000101110001	00030200313	12	12x12	19.026874
100110100000	03031330331	12	12x12	19.026874
101011100001	02121200302	12	12x12	20.756590
111110111001	03312122122	12	12x12	19.026874
001100000101	02030000020	12	12x12	19.026874
011010110111	00202022212	12	12x12	17.297158
110111010100	00002202000	12	12x12	15.567442
100100101100	02120030202	12	12x12	22.486306
001110001011	03112220000	12	12x12	19.026874
001101111011	02111121312	12	12x12	22.486306
110101100001	02120212002	12	12x12	20.756590
000100001111	00303022213	12	12x12	19.026874
111111111001	03112222022	12	12x12	20.756590
001001011001	00033300221	12	12x12	19.026874
111011100011	03330222221	12	12x12	17.297158
011101000101	02113133333	12	12x12	19.026874
110000000000	02020331331	12	12x12	19.026874
100010000110	00212213111	12	12x12	22.486306
011000101011	00220033002	12	12x12	20.756590
101100010001	02200330300	12	12x12	19.026874
111110100100	00020221312	12	12x12	22.486306
001100001101	02202111331	12	12x12	22.486306
010111111000	00313033312	12	12x12	20.756590
010110111001	03303031130	12	12x12	22.486306
100100101001	03130330202	12	12x12	22.486306
111000101111	03002030333	12	12x12	19.026874
110010110010	03022122202	12	12x12	22.486306
000011000001	02120021222	12	12x12	19.026874
110011001101	03020211113	12	12x12	19.026874
110100101111	00021112000	12	12x12	17.297158
011110100000	02202211333	12	12x12	19.026874
110001001001	00333121130	12	12x12	22.486306
111001101111	02122030030	12	12x12	22.486306
011011101110	02200030222	12	12x12	19.026874
001100001010	03302002022	12	12x12	20.756590
111100010010	02211133130	12	12x12	22.486306
000001000110	00030202000	12	12x12	15.567442
011101000011	03313330003	12	12x12	19.026874
011110011110	00221312202	12	12x12	24.216021
000011111010	03111202122	12	12x12	20.756590
100000100011	03331133002	12	12x12	20.756590
010011001010	03133333303	12	12x12	19.026874
000001010101	03112122203	12	12x12	22.486306
010000110011	03000202000	12	12x12	19.026874
110110000101	03302221202	12	12x12	22.486306
000001111100	02030002021	12	12x12	20.756590
011100000010	03031300222	12	12x12	20.756590
011011101011	00031330313	12	12x12	19.026874
110001111101	00002202111	12	12x12	19.026874
100001110001	03030313000	12	12x12	17.297158
101011111011	02221131130	12	12x12	19.026874
001001100101	02120003022	12	12x12	22.486306
101011100000	00311111120	12	12x12	17.297158
010100100010	00200303312	12	12x12	22.486306
101111000111	00002200331	12	12x12	19.026874
100100100101	00221311202	12	12x12	22.486306
100010010100	02203302033	12	12x12	20.756590
100111100011	03111202213	12	12x12	24.216021
111111101100	03313031333	12	12x12	19.026874
011110010100	00222222113	12	12x12	15.567442
100001100000	02213131330	12	12x12	19.026874
010111001011	02122121312	12	12x12	22.486306
101100010100	00020302212	12	12x12	24.216021
000101010100	03330311312	12	12x12	22.486306
010111101001	02111200221	12	12x12	22.486306
100001111101	02112220330	12	12x12	24.216021
100010110010	02113330203	12	12x12	24.216021
101100101101	02033111122	12	12x12	19.026874
010100100110	02113333302	12	12x12	20.756590
101101101111	02221331221	12	12x12	22.486306
111001110001	00220212020	12	12x12	17.297158
000011110100	02113311331	12	12x12	19.026874
101010100100	00311312133	12	12x12	22.486306
010000010110	03002030303	12	12x12	19.026874
000111011001	02203300203	12	12x12	24.216021
000111110001	00030021202	12	12x12	20.756590
011110011011	02120202113	12	12x12	20.756590
111101010001	02212000302	12	12x12	24.216021
100011000010	00300002112	12	12x12	20.756590
101111011011	03111221131	12	12x12	24.216021
111011011001	03031312133	12	12x12	19.026874
110011101010	00003311211	12	12x12	17.297158
001101100111	00211111113	12	12x12	15.567442
001010100001	02202211311	12	12x12	19.026874
011101011111	00331133122	12	12x12	20.756590
010001001000	00221220202	12	12x12	19.026874
001100101011	03133133031	12	12x12	20.756590
010000011101	03112133031	12	12x12	24.216021
000011100000	02212021121	12	12x12	20.756590
011001101100	02122211133	12	12x12	20.756590
000010100010	03311222020	12	12x12	20.756590
110100011111	00003303312	12	12x12	19.026874
011110000100	03033121331	12	12x12	22.486306
100000110010	03130331131	12	12x12	24.216021
011111001011	00000021111	12	12x12	13.837726
010101010100	03113003333	12	12x12	22.486306
001000110111	02033333111	12	12x12	17.297158
001000100110	00212003302	12	12x12	24.216021
111010000110	02000202020	12	12x12	15.567442
100010000100	00221312113	12	12x12	24.216021
010010010100	00203313311	12	12x12	19.026874
100011101011	02120002033	12	12x12	22.486306
101010110111	02033111300	12	12x12	22.486306
011001100101	03131222000	12	12x12	19.026874
111010111000	02222003313	12	12x12	20.756590
110000110101	00222221130	12	12x12	19.026874
111011011100	02033330030	12	12x12	20.756590
100011010110	02122211222	12	12x12	19.026874
101000001010	00031133122	12	12x12	20.756590
000100011010	02120211212	12	12x12	19.026874
111011011111	03133131211	12	12x12	20.756590
111001110011	00030200222	12	12x12	17.297158
100111010001	03131221333	12	12x12	22.486306
111010100000	02222120022	12	12x12	19.026874
001101011000	00330222033	12	12x12	19.026874
000100111111	00333131220	12	12x12	20.756590
101110001010	03330302033	12	12x12	19.026874
010110101010	02002122022	12	12x12	19.026874
010010101101	00033331222	12	12x12	17.297158
011110000111	00021112002	12	12x12	19.026874
001110101010	03302000211	12	12x12	22.486306
100100100011	03131122133	12	12x12	22.486306
110100000111	00313031333	12	12x12	17.297158
000000111110	02111130300	12	12x12	19.026874
000011010000	00313033121	12	12x12	22.486306
011001001011	02000200203	12	12x12	19.026874
011110000111	00330331113	12	12x12	17.297158
011010111000	03111303031	12	12x12	20.756590
101011011001	00021121111	12	12x12	17.297158
111010100101	02030302212	12	12x12	22.486306
010000011011	00022131120	12	12x12	22.486306
010111000100	00212202020	12	12x12	19.026874
000010010100	03330222211	12	12x12	19.026874
001101010010	02120000331	12	12x12	20.756590
111011001001	02200331331	12	12x12	20.756590
010111011001	02033003111	12	12x12	20.756590
110011110001	03111112202	12	12x12	20.756590
000000110011	00212212133	12	12x12	22.486306
100001110110	00330002200	12	12x12	20.756590
110000101010	03033033130	12	12x12	19.026874
010011010110	00002120211	12	12x12	19.026874
010101110100	00303113333	12	12x12	17.297158
000110010100	00211111130	12	12x12	17.297158
000010001110	03133000333	12	12x12	20.756590
001001100100	00020300331	12	12x12	19.026874
001110000100	00211200212	12	12x12	19.026874
110101110110	03312133313	12	12x12	19.026874
101110001010	00200203311	12	12x12	19.026874
101100011110	00211131300	12	12x12	20.756590
100111001011	02200020331	12	12x12	22.486306
100011011111	03130022212	12	12x12	24.216021
101000110001	02113111200	12	12x12	22.486306
010101010110	00022202212	12	12x12	20.756590
011101100101	02021212121	12	12x12	13.837726
101010000010	00033133311	12	12x12	17.297158
101000010010	03003002122	12	12x12	19.026874
110111001100	00300203302	12	12x12	19.026874
110001101010	02113121122	12	12x12	20.756590
101000110100	00203311311	12	12x12	20.756590
011010011000	00311311131	12	12x12	20.756590
110001000111	03133020303	12	12x12	22.486306
001110011111	03133333000	12	12x12	17.297158
111100011010	02113131313	12	12x12	17.297158
101000110010	03022222202	12	12x12	19.026874
100111110110	03113031300	12	12x12	20.756590
011000001110	00203020000	12	12x12	15.567442
000010010101	02200033022	12	12x12	20.756590
011000111000	00313031303	12	12x12	15.567442
001000111100	03312133302	12	12x12	22.486306
100010110001	03002203303	12	12x12	22.486306
010010101101	02222113302	12	12x12	20.756590
110000010110	02111111122	12	12x12	15.567442
100011010100	02121202112	12	12x12	20.756590
100110100111	02021220211	12	12x12	17.297158
111110111011	02212213313	12	12x12	20.756590
100100010000	02120211200	12	12x12	20.756590
101001010110	03130000203	12	12x12	22.486306
000011001111	03330311303	12	12x12	20.756590
110110000110	00212213130	12	12x12	22.486306
110111010110	02113311313	12	12x12	22.486306
101100110000	02200000331	12	12x12	17.297158
111011000010	02021121213	12	12x12	19.026874
110110000010	00211113130	12	12x12	19.026874
111010101110	02003002002	12	12x12	19.026874
100011010111	00211222203	12	12x12	20.756590
010010010001	00211133000	12	12x12	19.026874
101011000000	03113121333	12	12x12	22.486306
110000100001	02121200031	12	12x12	20.756590
000111011000	00302211211	12	12x12	20.756590
100000011110	00031333020	12	12x12	22.486306
111010111111	02113112211	12	12x12	19.026874
011000011011	02030020303	12	12x12	17.297158
101000001110	02020000302	12	12x12	19.026874
111011110111	03020200033	12	12x12	17.297158
001110100000	02003000003	12	12x12	19.026874
111011100010	03311300020	12	12x12	24.216021
111000101100	03312131220	12	12x12	24.216021
101101010100	03003312113	12	12x12	25.945737
100001111110	02113121221	12	12x12	22.486306
111000010100	00203330033	12	12x12	17.297158
100001100011	00033133131	12	12x12	15.567442
101100101110	03031121222	12	12x12	20.756590
110101101001	02112113331	12	12x12	19.026874
011011001111	03111222120	12	12x12	22.486306
010011100101	03330220220	12	12x12	19.026874
100000101010	03020303022	12	12x12	17.297158
101011110111	02120211113	12	12x12	20.756590
111011111101	03130311112	12	12x12	20.756590
100011110010	02033022030	12	12x12	20.756590
010001000000	02203031313	12	12x12	19.026874
110011101111	02122113121	12	12x12	22.486306
111011100110	00212121202	12	12x12	17.297158
001001010010	00331300313	12	12x12	20.756590
000101000000	00031303133	12	12x12	17.297158
101010001110	02212122020	12	12x12	19.026874
111000110111	03331121313	12	12x12	20.756590
000011001111	03033020330	12	12x12	19.026874
011000100111	02122021202	12	12x12	19.026874
000110010001	03033130022	12	12x12	22.486306
010110111100	00300200302	12	12x12	17.297158
011000101011	00330000022	12	12x12	17.297158
110110100110	00313003111	12	12x12	19.026874
110100010101	00030030222	12	12x12	15.567442
011001100100	03313000003	12	12x12	19.026874
011001011100	02203331300	12	12x12	24.216021
010011110110	00311112020	12	12x12	19.026874
111100110111	03031311130	12	12x12	19.026874
001001100101	03303130311	12	12x12	19.026874
111111101001	03303313313	12	12x12	17.297158
001011000101	02021131333	12	12x12	20.756590
101100001111	00221312220	12	12x12	22.486306
001001011000	02120200031	12	12x12	22.486306
110010110011	02113312220	12	12x12	24.216021
011001001010	02121202221	12	12x12	19.026874
010100111001	00300313033	12	12x12	17.297158
010011000100	02122030300	12	12x12	19.026874
110100011110	00031113300	12	12x12	19.026874
111101000000	03002122221	12	12x12	22.486306
001101010110	02003031131	12	12x12	24.216021
011100111110	00020000311	12	12x12	19.026874
100000110111	02211202121	12	12x12	20.756590
111100001000	02221130313	12	12x12	20.756590
011000100111	02033133122	12	12x12	20.756590
010110101011	02220003113	12	12x12	20.756590
000001011011	02020021212	12	12x12	17.297158
110010000100	00211113312	12	12x12	22.486306
111000110110	02221212133	12	12x12	17.297158
010100110110	03031330300	12	12x12	17.297158
111111001010	03133020222	12	12x12	20.756590
100111011011	02021222213	12	12x12	20.756590
000001000010	02220021111	12	12x12	17.297158
101100101111	00313300021	12	12x12	24.216021
000000000101	02120220033	12	12x12	24.216021
000100110001	03022111313	12	12x12	20.756590
100111010101	00212022112	12	12x12	22.486306
101101011001	00331112212	12	12x12	22.486306
100000100010	03330002112	12	12x12	20.756590
011011110111	03020300033	12	12x12	17.297158
110100100111	03111313303	12	12x12	20.756590
001100110101	00212113122	12	12x12	22.486306
110101010001	00033331121	12	12x12	19.026874
010011000001	02213121311	12	12x12	19.026874
110110101000	02022221220	12	12x12	19.026874
001111100101	00000222212	12	12x12	15.567442
110001100011	03313030033	12	12x12	19.026874
101101011110	03130333121	12	12x12	22.486306
101011000001	00020302033	12	12x12	17.297158
100100000100	02113111113	12	12x12	19.026874
001011101101	03300020202	12	12x12	17.297158
010010101011	00303313131	12	12x12	17.297158
001010000011	00021222020	12	12x12	20.756590
001000001110	00020003113	12	12x12	19.026874
010011010000	03133330002	12	12x12	19.026874
111010100001	03131333333	12	12x12	13.837726
111001100111	03020222222	12	12x12	15.567442
000110100110	03311112213	12	12x12	20.756590
111101010000	02113121222	12	12x12	20.756590
100010001001	00220300302	12	12x12	20.756590
001101001011	00212111202	12	12x12	20.756590
110010001111	02212003031	12	12x12	22.486306
101110101111	00211220220	12	12x12	20.756590
011011001101	03303313112	12	12x12	20.756590
101111000110	03022213121	12	12x12	20.756590
110100000010	03033030000	12	12x12	15.567442
111110101011	03022212112	12	12x12	22.486306
111100011011	02111130031	12	12x12	22.486306
011111010110	02000022000	12	12x12	15.567442
110001111010	00031133130	12	12x12	22.486306
110100001111	03333122212	12	12x12	19.026874
010110000010	02020212221	12	12x12	17.297158
011101110100	00033312211	12	12x12	20.756590
010101101001	02022203303	12	12x12	20.756590
000011001010	03312131112	12	12x12	22.486306
000100101101	02122113033	12	12x12	24.216021
100111011111	02202002112	12	12x12	22.486306
001110111011	03133000300	12	12x12	22.486306
010110111110	02033303003	12	12x12	20.756590
110101011101	02003300313	12	12x12	22.486306
011101110110	00221121130	12	12x12	20.756590
111001101010	03302033111	12	12x12	20.756590
110011011010	00221220200	12	12x12	19.026874
010111110100	00333113033	12	12x12	17.297158
000000001000	02120221313	12	12x12	22.486306
011101000111	00003313033	12	12x12	17.297158
000001000111	03030221211	12	12x12	19.026874
010101101001	00030030333	12	12x12	13.837726
011111011001	02213121220	12	12x12	22.486306
100000001100	03020211113	12	12x12	19.026874
100111011001	03312111202	12	12x12	22.486306
001110001001	02122200313	12	12x12	22.486306
101001010001	03311312211	12	12x12	22.486306
100001001110	03111333300	12	12x12	19.026874
111000001001	00303112133	12	12x12	20.756590
001110001010	00003313122	12	12x12	19.026874
110110000100	03302222131	12	12x12	20.756590
010110001111	00300212203	12	12x12	22.486306
000000110110	03033333311	12	12x12	15.567442
001110001001	00313113112	12	12x12	19.026874
011100001010	03112202030	12	12x12	24.216021
010111100101	03020303130	12	12x12	20.756590
001100010100	02022200211	12	12x12	20.756590
000001001001	00221113130	12	12x12	20.756590
010110011001	02211120221	12	12x12	19.026874
010111011011	02120021211	12	12x12	19.026874
011010101000	00000022131	12	12x12	17.297158
111010111110	00033121131	12	12x12	22.486306
000001110110	00031311213	12	12x12	22.486306
010100011101	03020211111	12	12x12	17.297158
001100111010	03331221130	12	12x12	24.216021
101101111100	03030221221	12	12x12	19.026874
010011111011	02000303130	12	12x12	22.486306
011000011010	00212021213	12	12x12	19.026874
100001111100	03131131221	12	12x12	22.486306
001100001100	03130033121	12	12x12	22.486306
010111000011	03113303003	12	12x12	24.216021
000001001001	03112222220	12	12x12	17.297158
110110111101	03311111300	12	12x12	17.297158
111101001010	03313030002	12	12x12	20.756590
110101000011	00211213311	12	12x12	24.216021
000011011100	02213122200	12	12x12	22.486306
001000110001	03333133033	12	12x12	17.297158
010010010111	02222022033	12	12x12	19.026874
111000111111	02200002211	12	12x12	19.026874
001110010100	03031312211	12	12x12	20.756590
011111101111	03111300031	12	12x12	20.756590
111001010100	00300002000	12	12x12	17.297158
110011001010	03033022221	12	12x12	19.026874
010001000110	00021120211	12	12x12	19.026874
000010011001	03130331213	12	12x12	24.216021
111001100100	02213133333	12	12x12	17.297158
000000101000	02203033312	12	12x12	22.486306
001100110010	02033313331	12	12x12	19.026874
010111011111	03133131211	12	12x12	20.756590
000000111000	02030330222	12	12x12	20.756590
001110011100	02033333113	12	12x12	19.026874
101101110110	03302202111	12	12x12	22.486306
111011100100	00021111313	12	12x12	19.026874
010010001110	03033302202	12	12x12	20.756590
110010101100	02020212220	12	12x12	17.297158
100101000101	03330222221	12	12x12	17.297158
100010101101	00211202003	12	12x12	20.756590
111111100111	03331331222	12	12x12	19.026874
111110101110	00000002121	12	12x12	13.837726
000010011001	03000220211	12	12x12	24.216021
110011110110	00331211303	12	12x12	22.486306
111011110011	02213121220	12	12x12	22.486306
111010101011	00200020331	12	12x12	19.026874
000000011011	00000222113	12	12x12	15.567442
111001110101	03022221200	12	12x12	22.486306
011101111010	02112002002	12	12x12	20.756590
010001000111	03302222112	12	12x12	20.756590
011101111101	03131113111	12	12x12	15.567442
000010110010	00003003111	12	12x12	17.297158
111010001111	03111121311	12	12x12	19.026874
000111110011	00220202030	12	12x12	17.297158
111100101100	03002022002	12	12x12	20.756590
101101000001	03003311211	12	12x12	22.486306
011011100110	00331300002	12	12x12	19.026874
111101011010	02222112113	12	12x12	17.297158
001111100110	00303130303	12	12x12	15.567442
001011110101	00211221133	12	12x12	20.756590
010100101010	02203303020	12	12x12	22.486306
011110110001	02203331112	12	12x12	20.756590
100110100011	03133312211	12	12x12	22.486306
011010111010	02030331303	12	12x12	22.486306
111100000000	03033112213	12	12x12	24.216021
100001100001	02112021120	12	12x12	17.297158
100111111000	00211131311	12	12x12	19.026874
100000101100	00302212222	12	12x12	19.026874
100000011010	03111202020	12	12x12	19.026874
111101000101	03300313131	12	12x12	17.297158
110001100101	02113300031	12	12x12	24.216021
101111100111	03133020000	12	12x12	20.756590
101100110101	02113111211	12	12x12	19.026874
001111001100	00222020333	12	12x12	17.297158
011011000110	03113311202	12	12x12	20.756590
101010001011	02213112022	12	12x12	22.486306
101001111010	03131221221	12	12x12	19.026874
001111111101	00313111130	12	12x12	20.756590
010000101101	02202022213	12	12x12	20.756590
100010010100	00303330031	12	12x12	19.026874
000001100000	00330313121	12	12x12	20.756590
000001101011	02222221221	12	12x12	15.567442
110010011000	03003330333	12	12x12	17.297158
010110000101	03313002033	12	12x12	20.756590
011001111110	02021213133	12	12x12	17.297158
010011011100	03113000021	12	12x12	22.486306
100110011000	00303331131	12	12x12	20.756590
100010000101	02000333113	12	12x12	20.756590
111011000100	03133330303	12	12x12	19.026874
011000011001	02000333311	12	12x12	19.026874
101010011000	00000000202	12	12x12	12.108011
000000111001	02200033020	12	12x12	20.756590
100100001111	00211222003	12	12x12	20.756590
110100100101	03312122020	12	12x12	22.486306
110000001111	02112203022	12	12x12	24.216021
110011110011	00022131222	12	12x12	20.756590
111101101011	03030202021	12	12x12	15.567442
001100111111	00000211200	12	12x12	19.026874
100000011101	02022000000	12	12x12	15.567442
100000010010	00222121221	12	12x12	19.026874
010011010101	03031113302	12	12x12	19.026874
000000000110	02122022221	12	12x12	19.026874
110110010011	03113000022	12	12x12	22.486306
001111110100	02030031303	12	12x12	20.756590
001011001000	00022030002	12	12x12	17.297158
111010111010	03312113033	12	12x12	22.486306
100101110110	02222113302	12	12x12	20.756590
110111001111	00022222003	12	12x12	15.567442
000010001000	00022131120	12	12x12	22.486306
010100101101	02120211333	12	12x12	22.486306
010000111000	02200302222	12	12x12	19.026874
001011001000	00200030221	12	12x12	22.486306
111011001110	03130330020	12	12x12	25.945737
011100100110	03131211220	12	12x12	22.486306
111100101010	02120030313	12	12x12	24.216021
100111011010	00002121131	12	12x12	20.756590
110011010110	02121212022	12	12x12	15.567442
010100110101	02030020333	12	12x12	19.026874
110011110110	00021202212	12	12x12	20.756590
001110001001	02030203331	12	12x12	19.026874
011100100001	00212121111	12	12x12	15.567442
010110111100	00211121133	12	12x12	20.756590
110011110111	02213121130	12	12x12	24.216021
001111001000	03312121200	12	12x12	19.026874
100001000110	02121112122	12	12x12	19.026874
110011011111	03333130333	12	12x12	17.297158
011010111000	00031303113	12	12x12	22.486306
111100101101	00303020300	12	12x12	15.567442
011001101101	02121312113	12	12x12	20.756590
001001110101	02111313031	12	12x12	22.486306
001101101101	02021222021	12	12x12	19.026874
000101010000	00002112213	12	12x12	19.026874
111111110011	00000000212	12	12x12	13.837726
001111011100	00203020221	12	12x12	17.297158
100100100101	00000202221	12	12x12	15.567442
111111000011	03003333121	12	12x12	22.486306
010100010100	00311333003	12	12x12	20.756590
110111001100	02030021200	12	12x12	20.756590
011110101001	03333003133	12	12x12	17.297158
000101101110	00221311311	12	12x12	19.026874
100011010101	00003113121	12	12x12	20.756590
110100101010	03303130031	12	12x12	20.756590
100100110010	02033111213	12	12x12	22.486306
101110100001	02022021133	12	12x12	20.756590
100011100000	00222222113	12	12x12	15.567442
010011100011	03133313122	12	12x12	20.756590
000101011000	00031131330	12	12x12	20.756590
000101011010	03111212133	12	12x12	20.756590
000100111100	03111222202	12	12x12	20.756590
111011110011	03113121111	12	12x12	20.756590
100001111100	02112002111	12	12x12	19.026874
110010001010	00311122203	12	12x12	20.756590
111111001101	03112212131	12	12x12	22.486306
111010010111	00313002203	12	12x12	24.216021
011110010000	03131221213	12	12x12	20.756590
010101010000	00022021112	12	12x12	20.756590
100101111110	02222133311	12	12x12	19.026874
111000101000	03002122222	12	12x12	20.756590
101001100010	02113113000	12	12x12	20.756590
101010000000	02112002030	12	12x12	24.216021
011001011000	02222033303	12	12x12	19.026874
101011111011	00021221133	12	12x12	22.486306
100000111111	03031330200	12	12x12	20.756590
101000110000	02122220200	12	12x12	19.026874
010010000111	00300331300	12	12x12	19.026874
101000110111	02002111131	12	12x12	22.486306
110010011010	02111202212	12	12x12	20.756590
100001001101	03002121120	12	12x12	24.216021
001011110101	02021112002	12	12x12	20.756590
011100000100	02033131300	12	12x12	20.756590
110111100010	02221331113	12	12x12	19.026874
001101000100	02221331221	12	12x12	22.486306
110111011100	03002020331	12	12x12	20.756590
010101001000	02122222211	12	12x12	17.297158
011011010101	02033133033	12	12x12	19.026874
111001110111	03020333121	12	12x12	20.756590
000011100011	03033331212	12	12x12	19.026874
000111110010	03303111312	12	12x12	22.486306
011100111001	00330300313	12	12x12	20.756590
010100010111	03033303130	12	12x12	19.026874
101110000110	02003300221	12	12x12	24.216021
110001010000	02113333111	12	12x12	19.026874
110010011110	02113122120	12	12x12	24.216021
110100111000	02002021211	12	12x12	19.026874
111010001110	00222113302	12	12x12	22.486306
100110010111	02221131112	12	12x12	19.026874
111010110111	00333112203	12	12x12	22.486306
001110000001	02020330020	12	12x12	20.756590
011100000100	00202022222	12	12x12	12.108011
111011101110	02203003113	12	12x12	24.216021
110101011010	03002021222	12	12x12	22.486306
010100110100	00000030311	12	12x12	15.567442
100111111111	00311122203	12	12x12	20.756590
110001010001	02003130330	12	12x12	25.945737
010011000110	02221111111	12	12x12	12.108011
001001011110	02212113131	12	12x12	20.756590
110110100010	02111111300	12	12x12	17.297158
000010000010	03002033331	12	12x12	20.756590
010011010001	02120220212	12	12x12	20.756590
000101010101	03000211211	12	12x12	20.756590
010110110111	00330222030	12	12x12	20.756590
011011111110	00002213121	12	12x12	20.756590
111100101111	00222202212	12	12x12	19.026874
111110110110	02120200003	12	12x12	19.026874
010000111011	00020003300	12	12x12	17.297158
001110110010	02120203303	12	12x12	22.486306
100100101011	02033331112	12	12x12	17.297158
010010111010	00212002222	12	12x12	19.026874
111101001000	00303302202	12	12x12	20.756590
100001100000	03331133330	12	12x12	17.297158
101111110111	02002122222	12	12x12	19.026874
111001000001	00202222033	12	12x12	19.026874
010100111010	03312121113	12	12x12	19.026874
100001100111	02200021111	12	12x12	19.026874
101010001011	00330311120	12	12x12	20.756590
011110010001	00313121333	12	12x12	20.756590
001011000100	00331121213	12	12x12	20.756590
101101001100	03002033313	12	12x12	24.216021
111101111000	02000211120	12	12x12	20.756590
001010111000	02000021211	12	12x12	19.026874
100011110101	02120033330	12	12x12	20.756590
001100010100	02203331300	12	12x12	24.216021
110100100001	00000221120	12	12x12	19.026874
100100100101	03313030330	12	12x12	19.026874
010110110111	00033003312	12	12x12	19.026874
001011111111	03112131330	12	12x12	22.486306
111010011101	03300203020	12	12x12	20.756590
110000101010	00211131221	12	12x12	22.486306
111010110110	00331303130	12	12x12	19.026874
011000111001	00302211221	12	12x12	20.756590
001100010011	02022131313	12	12x12	19.026874
010011100101	03031311112	12	12x12	17.297158
100110000011	02211133300	12	12x12	19.026874
010111000010	00021112221	12	12x12	19.026874
010010010011	03111113330	12	12x12	17.297158
000010100010	02200221213	12	12x12	20.756590
100000010011	02222222211	12	12x12	12.108011
110101100110	00030221111	12	12x12	19.026874
011000000101	00212000303	12	12x12	22.486306
000000001101	00022131121	12	12x12	22.486306
011010000010	02122030002	12	12x12	22.486306
101010110100	00022222111	12	12x12	13.837726
010000111101	03130020003	12	12x12	22.486306
011010010010	02213121312	12	12x12	20.756590
100110100001	02033333121	12	12x12	17.297158
100011110001	02033331212	12	12x12	19.026874
110010000101	03300303003	12	12x12	19.026874
010001010011	03131303022	12	12x12	19.026874
000001001110	03020031333	12	12x12	22.486306
001000111101	02033020212	12	12x12	22.486306
111001101000	03303330030	12	12x12	20.756590
100001110111	00030203313	12	12x12	24.216021
011101001000	02111130033	12	12x12	20.756590
010011110111	00211202120	12	12x12	20.756590
001000010100	02220303303	12	12x12	20.756590
010010011101	00202111200	12	12x12	19.026874
111001011000	00030300002	12	12x12	15.567442
101000100000	02002030203	12	12x12	19.026874
001100001001	03313303313	12	12x12	19.026874
100001101110	03000000211	12	12x12	19.026874
010001101000	00212203030	12	12x12	20.756590
100001010010	00003022203	12	12x12	19.026874
100000010010	00313121130	12	12x12	22.486306
100110000001	03000202203	12	12x12	22.486306
000110100011	00303113113	12	12x12	17.297158
010110111100	00331121212	12	12x12	19.026874
011000100101	00303112111	12	12x12	17.297158
111010000000	00003130311	12	12x12	19.026874
011110001010	03020302000	12	12x12	15.567442
010101110000	00221111113	12	12x12	15.567442
100111011001	03330220202	12	12x12	19.026874
000011101111	02020203022	12	12x12	15.567442
011001010110	02122030203	12	12x12	24.216021
110011100100	03311303133	12	12x12	19.026874
100111010000	02203300022	12	12x12	20.756590
101001110010	00030000002	12	12x12	13.837726
101111000010	02122112002	12	12x12	24.216021
110011111100	02200300030	12	12x12	19.026874
011110100100	00021111311	12	12x12	19.026874
101001100100	00021221313	12	12x12	20.756590
101010110010	02202021131	12	12x12	22.486306
101111010001	03111313121	12	12x12	19.026874
001101111111	03020031303	12	12x12	20.756590
111101010000	00211200212	12	12x12	19.026874
010111011000	00022131121	12	12x12	22.486306
011110100101	02200300313	12	12x12	20.756590
011000011010	03312112133	12	12x12	22.486306
100011000001	03331121202	12	12x12	20.756590
111101000011	00211220302	12	12x12	24.216021
111111011011	03302222021	12	12x12	22.486306
110110110101	02113111330	12	12x12	22.486306
110000100010	00330202221	12	12x12	20.756590
111010111111	02121213121	12	12x12	17.297158
000000001111	03030300022	12	12x12	15.567442
110111001101	03130003002	12	12x12	20.756590
100110010101	03313300202	12	12x12	20.756590
101101011000	00313121331	12	12x12	22.486306
000100110001	02202121121	12	12x12	22.486306
110100111000	00021120002	12	12x12	19.026874
010100011011	00311331133	12	12x12	17.297158
010111101010	02030033111	12	12x12	22.486306
011111110001	03133300313	12	12x12	20.756590
010111011011	02211311122	12	12x12	19.026874
001111010101	02030330202	12	12x12	19.026874
011000111010	02113333302	12	12x12	20.756590
011011101000	02112002111	12	12x12	19.026874
100100000110	02200211200	12	12x12	20.756590
111100111110	00333022221	12	12x12	19.026874
011001100001	02111122222	12	12x12	15.567442
110100001000	00313121313	12	12x12	19.026874
110110101010	02213122220	12	12x12	20.756590
001100011100	00211131131	12	12x12	20.756590
111010001110	03022000003	12	12x12	17.297158
110010011010	02030021220	12	12x12	22.486306
100000010111	02213112020	12	12x12	22.486306
111000100001	03313330220	12	12x12	20.756590
001101101101	02111113131	12	12x12	17.297158
000100011010	03111122021	12	12x12	22.486306
111110010011	02213133030	12	12x12	22.486306
001000010010	00003033131	12	12x12	19.026874
111100101110	00300020330	12	12x12	22.486306
110011111010	00313000212	12	12x12	20.756590
100111110001	03131300331	12	12x12	20.756590
010100010100	02112021202	12	12x12	19.026874
001011011100	00221202202	12	12x12	19.026874
100000100111	02113111111	12	12x12	17.297158
010110000110	03022021112	12	12x12	22.486306
110010111000	02113312220	12	12x12	24.216021
101110110101	00211120020	12	12x12	19.026874
111100110000	02120020212	12	12x12	19.026874
110011111000	00031113330	12	12x12	19.026874
010011101001	00313131330	12	12x12	17.297158
011111001010	02120022112	12	12x12	22.486306
100101101100	02021122133	12	12x12	20.756590
111100001011	00003131211	12	12x12	17.297158
010110000010	02003030221	12	12x12	20.756590
011111111000	03302220211	12	12x12	22.486306
101101000011	00033113130	12	12x12	20.756590
100110011101	03130020300	12	12x12	20.756590
101010000001	00203030031	12	12x12	19.026874
001011000011	02212222003	12	12x12	19.026874
111011000000	03030030021	12	12x12	19.026874
010100111111	00021112000	12	12x12	17.297158
011110011010	03130022212	12	12x12	24.216021
000110001111	00221311202	12	12x12	22.486306
110100001000	03000331213	12	12x12	24.216021
110010111110	00033113312	12	12x12	19.026874
100001010010	00002212003	12	12x12	20.756590
110111100011	00000302033	12	12x12	17.297158
100100110110	02203302030	12	12x12	20.756590
000111010110	02221121130	12	12x12	20.756590
010000011011	00033300022	12	12x12	17.297158
000111101111	03302021200	12	12x12	20.756590
010001110111	00311122112	12	12x12	22.486306
101100011111	00203311313	12	12x12	22.486306
111111110100	00221312131	12	12x12	20.756590
100010010001	03111120200	12	12x12	19.026874
111101110100	02221331133	12	12x12	19.026874
110011101100	00000311131	12	12x12	17.297158
101011111110	00020331331	12	12x12	20.756590
111111001101	00300200300	12	12x12	13.837726
000110001010	00022111202	12	12x12	19.026874
010000011011	03130030333	12	12x12	20.756590
110001110001	00311122020	12	12x12	20.756590
111111010101	02220021200	12	12x12	19.026874
001101110100	00303112113	12	12x12	19.026874
100001101011	00003130000	12	12x12	17.297158
110001100111	00221202222	12	12x12	17.297158
101011010001	00022021220	12	12x12	19.026874
000100111000	00313031121	12	12x12	24.216021
101000110101	02030302000	12	12x12	19.026874
101110011010	02213133130	12	12x12	22.486306
110100000110	02111312113	12	12x12	20.756590
011110000101	00331213121	12	12x12	20.756590
010111100100	02120033331	12	12x12	20.756590
100111101111	03330202030	12	12x12	19.026874
100111111100	00222030221	12	12x12	19.026874
000010001011	03113033131	12	12x12	20.756590
111111100000	02113113033	12	12x12	20.756590
000011001000	00002111111	12	12x12	13.837726
000000011000	02213133313	12	12x12	20.756590
100010010111	03022120020	12	12x12	22.486306
110010001101	03313031122	12	12x12	24.216021
011010110001	03333122133	12	12x12	20.756590
100100011001	03003311211	12	12x12	22.486306
001100010100	00200030221	12	12x12	22.486306
011101010011	03130002021	12	12x12	22.486306
111101111010	00203020220	12	12x12	17.297158
101000001110	03131300202	12	12x12	20.756590
111110110111	02212003333	12	12x12	20.756590
110010111001	00303133111	12	12x12	19.026874
101101101001	03303312121	12	12x12	19.026874
011100010010	00303022000	12	12x12	17.297158
010011001011	02112020033	12	12x12	22.486306
010011110110	00033300333	12	12x12	13.837726
001010000100	02221113030	12	12x12	19.026874
011001111110	03020303331	12	12x12	17.297158
100111010110	00021200203	12	12x12	20.756590
101101011010	03022120222	12	12x12	19.026874
000000011111	02202112131	12	12x12	24.216021
111111111010	00221311113	12	12x12	20.756590
111111010101	03302030022	12	12x12	20.756590
001101011100	03031111331	12	12x12	19.026874
001011011100	03022203333	12	12x12	19.026874
111100100101	02022002003	12	12x12	17.297158
010111000101	03331221211	12	12x12	19.026874
010101001111	02202111130	12	12x12	20.756590
111000100111	03302003133	12	12x12	22.486306
101101100001	00202120033	12	12x12	20.756590
100100100000	00333122133	12	12x12	22.486306
000011111111	00220333111	12	12x12	20.756590
100000010100	03300212212	12	12x12	22.486306
011101000011	00222200313	12	12x12	20.756590
111010010010	00022200003	12	12x12	15.567442
000101111001	02212222213	12	12x12	17.297158
000010110100	03002122022	12	12x12	22.486306
001010000100	00211111111	12	12x12	13.837726
111011101110	02211311300	12	12x12	20.756590
001101011111	00211220022	12	12x12	20.756590
111111011001	00200020331	12	12x12	19.026874
111111100000	00003333300	12	12x12	13.837726
111100101011	02122222200	12	12x12	17.297158
000111100010	02020212203	12	12x12	19.026874
110100000000	02030311311	12	12x12	19.026874
011010010101	00033121312	12	12x12	22.486306
011011001100	03000331111	12	12x12	19.026874
010010101011	03312112112	12	12x12	19.026874
010001011000	00020221121	12	12x12	22.486306
110110110111	00021212112	12	12x12	17.297158
010100011001	00021112020	12	12x12	19.026874
111111010111	00211133330	12	12x12	17.297158
101000100011	02112113122	12	12x12	20.756590
010010010001	02200300311	12	12x12	20.756590
110000111010	02033312111	12	12x12	19.026874
110110100010	03133312111	12	12x12	20.756590
000110110100	00333302000	12	12x12	17.297158
011110001100	03111213303	12	12x12	25.945737
101001001101	03131221113	12	12x12	20.756590
000011011001	03033131312	12	12x12	19.026874
111110001111	03113030030	12	12x12	22.486306
110011111011	00330021222	12	12x12	22.486306
001101100001	03311120212	12	12x12	20.756590
100011001001	03330331111	12	12x12	17.297158
010010100001	00300003030	12	12x12	17.297158
100010101010	00300333020	12	12x12	19.026874
001110110011	00200313300	12	12x12	20.756590
111101001000	00033121133	12	12x12	20.756590
101000010010	02111220220	12	12x12	20.756590
011111001000	02211333030	12	12x12	20.756590
000100011100	00030330222	12	12x12	19.026874
010000010001	00222030331	12	12x12	20.756590
101011111110	00331111202	12	12x12	19.026874
110100101001	00300031333	12	12x12	19.026874
001000100011	02211333121	12	12x12	20.756590
101110101010	02221121133	12	12x12	19.026874
111101010011	00333111131	12	12x12	19.026874
111000100001	03022112021	12	12x12	22.486306
000001100100	00303312131	12	12x12	22.486306
100110000110	03112111121	12	12x12	20.756590
100011111101	02213111113	12	12x12	19.026874
001110110011	03331213300	12	12x12	22.486306
100000010000	03031112212	12	12x12	22.486306
011111010111	03311122020	12	12x12	20.756590
001010101000	00000212202	12	12x12	19.026874
101110101001	00022111311	12	12x12	19.026874
000011010101	03031121220	12	12x12	22.486306
101000110010	00311111213	12	12x12	20.756590
101000010101	00202022002	12	12x12	15.567442
001001100110	02211133030	12	12x12	20.756590
010011000010	00220000000	12	12x12	13.837726
111110001110	03020303130	12	12x12	20.756590
101000111111	00000221111	12	12x12	13.837726
011100111000	02112000333	12	12x12	22.486306
011110101000	02120022030	12	12x12	22.486306
101100111101	00303330021	12	12x12	20.756590
011111001101	02203022111	12	12x12	20.756590
110110010010	02033311211	12	12x12	19.026874
101010101001	02200000311	12	12x12	19.026874
100000100011	03311213111	12	12x12	19.026874
001101011010	03022111313	12	12x12	20.756590
000011011111	00033002120	12	12x12	22.486306
101011100010	02113112113	12	12x12	19.026874
000001101001	03130333000	12	12x12	20.756590
000010001101	02122222002	12	12x12	19.026874
001111000010	03313302022	12	12x12	19.026874
001110010011	00021111212	12	12x12	19.026874
101101110000	02203303020	12	12x12	22.486306
110000010110	00313121111	12	12x12	19.026874
100101010001	03313312222	12	12x12	17.297158
100101110101	00330220303	12	12x12	20.756590
100001011111	02003333031	12	12x12	22.486306
110001100011	03022203330	12	12x12	20.756590
001011000000	02003333313	12	12x12	20.756590
111000111111	03330000220	12	12x12	17.297158
001110110101	00313112222	12	12x12	19.026874
101000010101	02030200031	12	12x12	19.026874
101000101101	02020211312	12	12x12	19.026874
101011010101	02212122021	12	12x12	19.026874
111000001110	00031130311	12	12x12	19.026874
011111100000	03312121121	12	12x12	20.756590
100011111001	03112222211	12	12x12	19.026874
110001000100	03000330003	12	12x12	15.567442
110000010101	00030220033	12	12x12	17.297158
110101010100	03020212131	12	12x12	20.756590
000111000101	02212131300	12	12x12	20.756590
010100111110	03303031121	12	12x12	22.486306
011110111101	03030220333	12	12x12	20.756590
100111111001	03131212020	12	12x12	19.026874
000000101011	00313000212	12	12x12	20.756590
100011110100	03312113302	12	12x12	24.216021
000110110000	00313000021	12	12x12	20.756590
010000111110	03313002030	12	12x12	22.486306
110111000110	02022113311	12	12x12	22.486306
000101010010	00330331131	12	12x12	20.756590
101000111110	02033111312	12	12x12	22.486306
111100011110	00203033022	12	12x12	19.026874
001001100011	02111312111	12	12x12	17.297158
110111111010	00211133031	12	12x12	22.486306
010100000011	02113312133	12	12x12	22.486306
000001101010	00331330203	12	12x12	22.486306
101110011100	03022030203	12	12x12	20.756590
100111000010	00030303313	12	12x12	19.026874
010110011000	03131122133	12	12x12	22.486306
001001101101	03130303022	12	12x12	19.026874
000001100111	00033002033	12	12x12	19.026874
111011101001	00212221112	12	12x12	20.756590
010000010110	03303131211	12	12x12	20.756590
111001111101	02111200022	12	12x12	20.756590
111111000111	03111202200	12	12x12	20.756590
111011000100	03312122002	12	12x12	22.486306
100100100010	00022122222	12	12x12	15.567442
001010101010	02122131133	12	12x12	22.486306
100101100001	02213121312	12	12x12	20.756590
000010110101	03033030002	12	12x12	17.297158
011000101010	03113003000	12	12x12	19.026874
101110000101	00220021112	12	12x12	19.026874
110111001010	00333333330	12	12x12	12.108011
001000000111	00031313302	12	12x12	19.026874
010010110011	00221220002	12	12x12	19.026874
001101001100	00031111212	12	12x12	19.026874
100101110111	03020033300	12	12x12	19.026874
100110111000	02221313311	12	12x12	19.026874
110000110111	02213121213	12	12x12	20.756590
111011110101	02220222030	12	12x12	17.297158
111110101001	00211202120	12	12x12	20.756590
001001011110	02002002033	12	12x12	17.297158
110010111010	00000220200	12	12x12	15.567442
000001000010	02121133130	12	12x12	24.216021
110101100000	00031130002	12	12x12	19.026874
110100111000	03302222121	12	12x12	20.756590
110001000110	00203002222	12	12x12	17.297158
100011010001	00212003330	12	12x12	22.486306
010010010100	00030031333	12	12x12	17.297158
101001110100	00221221133	12	12x12	20.756590
111011100010	03302221122	12	12x12	22.486306
110011001101	00033121311	12	12x12	20.756590
001100111111	03020221312	12	12x12	24.216021
010000100110	02120002122	12	12x12	19.026874
011011110011	00033133122	12	12x12	19.026874
110011110000	03130331312	12	12x12	22.486306
100011001101	02211333313	12	12x12	20.756590
110110011100	02003331131	12	12x12	24.216021
010000000100	03313112203	12	12x12	24.216021
100100011000	03331221313	12	12x12	20.756590
001010001001	02120211111	12	12x12	19.026874
100110100000	03002221311	12	12x12	22.486306
111001001010	00313111111	12	12x12	15.567442
111110010001	02022030302	12	12x12	19.026874
110011001010	00222113031	12	12x12	22.486306
001100101100	02113130302	12	12x12	20.756590
101111000111	00221131213	12	12x12	24.216021
000001010110	03300212203	12	12x12	24.216021
011010100101	00211131212	12	12x12	20.756590
110100111010	02221331312	12	12x12	20.756590
010001110111	03130022221	12	12x12	20.756590
110100101101	03033300222	12	12x12	19.026874
100110111010	02030002200	12	12x12	19.026874
101111100001	02121131333	12	12x12	20.756590
111011110000	02121212020	12	12x12	15.567442
001101100111	00302222221	12	12x12	15.567442
111101001010	03131311222	12	12x12	17.297158
100011000010	02030221202	12	12x12	20.756590
111011001011	00221200302	12	12x12	22.486306
011000011001	03302202122	12	12x12	22.486306
101001111010	00211111331	12	12x12	19.026874
010000100100	03112131120	12	12x12	20.756590
001101111011	00221312120	12	12x12	20.756590
000001000101	00302030221	12	12x12	19.026874
111100011001	03020330220	12	12x12	20.756590
100000110000	03033020221	12	12x12	20.756590
111001100011	03131130311	12	12x12	20.756590
000111001001	02112002003	12	12x12	20.756590
001000111101	02120033022	12	12x12	24.216021
010011001001	03002022113	12	12x12	22.486306
101010001111	02222131131	12	12x12	19.026874
110101101100	03312122200	12	12x12	20.756590
001111000101	00021120021	12	12x12	19.026874
110100101001	03312122000	12	12x12	20.756590
101110100110	02002121311	12	12x12	20.756590
111010100111	00022021212	12	12x12	19.026874
100011110111	00300302212	12	12x12	20.756590
110011011010	02222131131	12	12x12	19.026874
110101100001	00331113033	12	12x12	17.297158
010111100010	00022222220	12	12x12	12.108011
100001101000	00300031111	12	12x12	17.297158
110110100101	03112133130	12	12x12	24.216021
010010110111	02020003030	12	12x12	17.297158
110110000101	02021131312	12	12x12	19.026874
111011110000	03302022022	12	12x12	19.026874
110101010111	02022022202	12	12x12	17.297158
101101001111	03111202020	12	12x12	19.026874
000001011001	03133300212	12	12x12	22.486306
111000110111	00200031333	12	12x12	20.756590
111000111110	03333312111	12	12x12	17.297158
010101110111	02030020211	12	12x12	22.486306
011001100100	03033302033	12	12x12	19.026874
100101110111	00331133303	12	12x12	20.756590
111010001011	03311121312	12	12x12	22.486306
100011101110	00211112200	12	12x12	19.026874
011010101111	00022030003	12	12x12	19.026874
010100011011	02111303131	12	12x12	20.756590
111010000101	00300203020	12	12x12	17.297158
111010001111	02122021212	12	12x12	19.026874
111010011101	02022221113	12	12x12	17.297158
100100110000	02033312111	12	12x12	19.026874
110001001001	00000030331	12	12x12	15.567442
110100011000	03003111330	12	12x12	20.756590
101111000111	00031130002	12	12x12	19.026874
000111110010	00212003333	12	12x12	20.756590
001101010011	00031111312	12	12x12	20.756590
000111111100	00222021131	12	12x12	22.486306
010000110101	02002222131	12	12x12	22.486306
100111110100	00330222111	12	12x12	20.756590
000001011111	02003313133	12	12x12	20.756590
000010001000	00033133333	12	12x12	15.567442
101101000000	02203003113	12	12x12	24.216021
010111101100	00021121213	12	12x12	19.026874
101110111000	02120021121	12	12x12	20.756590
101100100001	03330222203	12	12x12	20.756590
100011110100	00031131112	12	12x12	19.026874
011100111010	02033030203	12	12x12	20.756590
011101101001	03312131113	12	12x12	22.486306
011011010100	02111212002	12	12x12	20.756590
011101100001	03302220303	12	12x12	20.756590
111010111011	00022033331	12	12x12	19.026874
010001010010	02122021211	12	12x12	19.026874
111100101111	03111120021	12	12x12	22.486306
110110010100	03113003111	12	12x12	19.026874
010000100000	03333333122	12	12x12	15.567442
001011101000	02111213300	12	12x12	22.486306
011011001100	03312133112	12	12x12	22.486306
110011001101	02113333330	12	12x12	17.297158
001001001001	00003113031	12	12x12	19.026874
000001111101	03311303113	12	12x12	20.756590
001010011010	02111221312	12	12x12	20.756590
001100010011	02211133111	12	12x12	19.026874
101010100111	02020031300	12	12x12	22.486306
101010001000	03300220003	12	12x12	20.756590
011000010110	03130333121	12	12x12	22.486306
011111111111	03130000331	12	12x12	19.026874
100111011001	03113030003	12	12x12	20.756590
000110110111	00221112203	12	12x12	22.486306
010100101110	00221121331	12	12x12	24.216021
101000111011	00033312111	12	12x12	19.026874
100001001101	02121121122	12	12x12	17.297158
010000000011	00022212220	12	12x12	15.567442
110101001100	02220330020	12	12x12	22.486306
010110110011	00331303131	12	12x12	17.297158
100100010011	02121311303	12	12x12	22.486306
101011100011	02020303022	12	12x12	17.297158
001010010000	02203302021	12	12x12	24.216021
100001101001	00203033113	12	12x12	20.756590
011110010010	00212202213	12	12x12	20.756590
101001000001	03131313113	12	12x12	15.567442
111111110100	02121130331	12	12x12	22.486306
010000000011	02021122003	12	12x12	20.756590
101111100101	02113121311	12	12x12	19.026874
001101011001	00002021222	12	12x12	17.297158
111101101101	03033311222	12	12x12	19.026874
001110011111	00003111112	12	12x12	15.567442
001001100010	02030333333	12	12x12	15.567442
110010101101	03131133030	12	12x12	20.756590
110010110110	00311330021	12	12x12	24.216021
110101100111	00031113333	12	12x12	17.297158
000000101100	00211211303	12	12x12	20.756590
110100010101	03130300303	12	12x12	19.026874
010110100101	02211212121	12	12x12	17.297158
100100010100	03112202003	12	12x12	24.216021
100010010100	03303300221	12	12x12	20.756590
000011110010	02211112022	12	12x12	17.297158
101110111101	03131222000	12	12x12	19.026874
010110101101	02033002120	12	12x12	22.486306
011001100101	02121213330	12	12x12	17.297158
001100011011	02003130313	12	12x12	22.486306
000000000100	00021220203	12	12x12	22.486306
100010011100	02221113303	12	12x12	20.756590
101100110000	00333131331	12	12x12	19.026874
001111100101	02120000313	12	12x12	20.756590
100001000010	00222221312	12	12x12	19.026874
011000011000	00311112213	12	12x12	22.486306
101011111010	00311303131	12	12x12	19.026874
011100000100	03131331333	12	12x12	15.567442
011110000110	03113113330	12	12x12	19.026874
011110010101	03020033311	12	12x12	22.486306
111110010010	03333111200	12	12x12	17.297158
101010001111	03112120000	12	12x12	20.756590
111011000110	00020000303	12	12x12	17.297158
110100010110	03133122131	12	12x12	22.486306
001001000100	00212222003	12	12x12	20.756590
011011110000	00220300031	12	12x12	22.486306
000111111111	03331213122	12	12x12	20.756590
110000110111	02120211213	12	12x12	22.486306
011010011111	03111300303	12	12x12	20.756590
011110000011	02030221112	12	12x12	22.486306
000101101110	02113312211	12	12x12	22.486306
001110111010	02030020200	12	12x12	19.026874
011101011011	00333330220	12	12x12	19.026874
101101110110	03303131300	12	12x12	20.756590
001000000010	00313031121	12	12x12	24.216021
011010110110	03003003333	12	12x12	15.567442
111101111100	00222212022	12	12x12	17.297158
001101110001	03112131312	12	12x12	20.756590
111101010101	03311221130	12	12x12	24.216021
111011001110	02113331312	12	12x12	20.756590
000000100100	00022202203	12	12x12	19.026874
111100000000	00222000003	12	12x12	15.567442
011110011100	03111222220	12	12x12	17.297158
011111000001	03302203302	12	12x12	20.756590
101110001101	02030030020	12	12x12	20.756590
111000000011	00003020211	12	12x12	19.026874
011101101101	00021112000	12	12x12	17.297158
111001011010	02113121312	12	12x12	20.756590
110111011110	03031131121	12	12x12	20.756590
100111001000	03300212003	12	12x12	24.216021
010110010000	02113330000	12	12x12	19.026874
111010111011	03302222111	12	12x12	19.026874
110011100100	02030333121	12	12x12	20.756590
100000011111	00222002121	12	12x12	19.026874
100000111110	02122213331	12	12x12	20.756590
101000111111	03030033130	12	12x12	22.486306
001110111101	00313000000	12	12x12	17.297158
100110101001	03302022111	12	12x12	20.756590
000010101100	03130033121	12	12x12	22.486306
000001110101	03130313303	12	12x12	20.756590
111100101100	03133131220	12	12x12	22.486306
100010101011	02000222220	12	12x12	17.297158
110011111011	00202203330	12	12x12	19.026874
010101000111	00313030022	12	12x12	20.756590
110100101110	00203300313	12	12x12	20.756590
001100001001	03112133112	12	12x12	19.026874
001011010111	03131213331	12	12x12	20.756590
110110010101	02003331131	12	12x12	24.216021
000100111101	02111202122	12	12x12	19.026874
000000100011	03331221312	12	12x12	20.756590
110110110010	00021111211	12	12x12	17.297158
010111011111	02003313002	12	12x12	24.216021
010111110110	03311113122	12	12x12	20.756590
000000110000	02120003333	12	12x12	19.026874
100001010110	03033302222	12	12x12	17.297158
101001010111	00222000313	12	12x12	20.756590
110100100000	00330203311	12	12x12	20.756590
110010111000	00211202021	12	12x12	19.026874
010101000000	02111122133	12	12x12	20.756590
010001110101	03002211202	12	12x12	24.216021
110100000101	02112111113	12	12x12	17.297158
101110111100	00021211311	12	12x12	19.026874
110111011011	00211211222	12	12x12	19.026874
110011101110	02030203313	12	12x12	22.486306
101101010010	02000000311	12	12x12	19.026874
001101000001	00313121330	12	12x12	22.486306
110111000001	00020303331	12	12x12	19.026874
011010111000	03022211120	12	12x12	22.486306
010000011010	00031113302	12	12x12	22.486306
010111010111	00313121312	12	12x12	20.756590
000010011100	03313030311	12	12x12	20.756590
011110010001	02021222211	12	12x12	19.026874
111011011011	03020003311	12	12x12	22.486306
010101001001	03022111312	12	12x12	22.486306
001111011101	00022221331	12	12x12	19.026874
010011100110	00000303003	12	12x12	15.567442
011001011110	03330022020	12	12x12	20.756590
100111100100	00311121202	12	12x12	20.756590
111011000000	00300212003	12	12x12	22.486306
110001000011	02113331212	12	12x12	19.026874
111101001100	02022131211	12	12x12	22.486306
101001101011	00211131113	12	12x12	19.026874
101111111101	02211333033	12	12x12	20.756590
010000010101	00222202200	12	12x12	15.567442
111010011010	03133122121	12	12x12	22.486306
100111011101	02202030020	12	12x12	20.756590
001011001111	02120000313	12	12x12	20.756590
100110000011	02033131212	12	12x12	20.756590
111001001001	03002222213	12	12x12	20.756590
110010001000	03133131331	12	12x12	19.026874
010010010011	03022122133	12	12x12	20.756590
110011000001	00311130033	12	12x12	19.026874
001001111000	02020303113	12	12x12	19.026874
111110110101	00031130003	12	12x12	19.026874
110101001111	02030330033	12	12x12	20.756590
011001000001	02200221312	12	12x12	22.486306
010111011010	03002122120	12	12x12	24.216021
100000100110	00031312111	12	12x12	19.026874
000011010000	03022003312	12	12x12	24.216021
111000000110	02221212111	12	12x12	15.567442
010011100101	02203302221	12	12x12	22.486306
111001010111	03033000222	12	12x12	19.026874
011000111100	02112112220	12	12x12	19.026874
001010001110	00330302221	12	12x12	19.026874
010110111011	00021121112	12	12x12	19.026874
000100100101	00020303333	12	12x12	17.297158
101010100111	03022200211	12	12x12	22.486306
001111001011	00033121333	12	12x12	20.756590
000010001100	02211220030	12	12x12	24.216021
100101110001	02221311212	12	12x12	20.756590
011010000011	02200203313	12	12x12	25.945737
010100011110	03331221331	12	12x12	22.486306
011101000101	02211212113	12	12x12	20.756590
000100101011	03133133112	12	12x12	19.026874
010110011100	03111113331	12	12x12	17.297158
001100010001	00022131120	12	12x12	22.486306
110000010000	03312133003	12	12x12	24.216021
110101100111	00000000311	12	12x12	13.837726
110001001101	02122022221	12	12x12	19.026874
110111101000	02211112221	12	12x12	17.297158
011001000010	02200031312	12	12x12	20.756590
101010001100	02002203333	12	12x12	19.026874
001110001011	03131222120	12	12x12	20.756590
100100100011	02211221331	12	12x12	20.756590
001110111001	03020331312	12	12x12	22.486306
001100110100	03003311111	12	12x12	19.026874
110110110111	02033002022	12	12x12	20.756590
000111111000	03022121131	12	12x12	22.486306
111110101011	00211200211	12	12x12	17.297158
110001100100	02033333330	12	12x12	15.567442
100111111111	02120030300	12	12x12	20.756590
010110111011	03300000031	12	12x12	17.297158
001110110110	02021120212	12	12x12	17.297158
111110001001	00333302021	12	12x12	19.026874
011100000111	00003133122	12	12x12	20.756590
011100101000	00311121202	12	12x12	20.756590
011100011101	03030330313	12	12x12	19.026874
100000000001	03002221222	12	12x12	19.026874
010011010101	02200002022	12	12x12	17.297158
100010000011	02121200000	12	12x12	15.567442
101001101010	00031113113	12	12x12	19.026874
111100000101	00203002122	12	12x12	19.026874
110011010010	03020022131	12	12x12	24.216021
110100000110	00000211211	12	12x12	15.567442
101111100110	00220031303	12	12x12	24.216021
101110110010	03000000030	12	12x12	17.297158
001111000010	03111130000	12	12x12	19.026874
110111001010	02020031313	12	12x12	19.026874
111010100011	03020331333	12	12x12	20.756590
111100010001	00302030203	12	12x12	15.567442
010001011011	02221130313	12	12x12	20.756590
111110110100	03031111202	12	12x12	19.026874
111011110100	03111111120	12	12x12	17.297158
111101101010	02211130331	12	12x12	20.756590
011001000011	00030220203	12	12x12	20.756590
101111000100	02202112222	12	12x12	19.026874
001000110000	00022222113	12	12x12	15.567442
001010011011	02212121313	12	12x12	17.297158
110001110101	03112122222	12	12x12	19.026874
010000010011	00333333113	12	12x12	15.567442
101011110100	03312131220	12	12x12	24.216021
011000111110	03031112212	12	12x12	22.486306
010001001011	03112121331	12	12x12	20.756590
101111111000	02021220030	12	12x12	24.216021
001101010100	03111311122	12	12x12	17.297158
100010101000	02021111303	12	12x12	19.026874
010101100010	00033121313	12	12x12	20.756590
100011000000	03020202122	12	12x12	17.297158
110100010101	00200313130	12	12x12	19.026874
000111011101	00311131133	12	12x12	19.026874
111111100000	00003111331	12	12x12	19.026874
110101101010	03020220203	12	12x12	19.026874
111000000101	00220020033	12	12x12	19.026874
010010010010	02120022033	12	12x12	22.486306
010100111111	03130330203	12	12x12	24.216021
111000100000	02213121311	12	12x12	19.026874
000111011010	00333313330	12	12x12	15.567442
101010000000	03113003130	12	12x12	22.486306
101100100100	02213133300	12	12x12	20.756590
110111011111	03000211212	12	12x12	22.486306
101001000000	02222221112	12	12x12	13.837726
100000111111	02121120003	12	12x12	20.756590
010101000000	02111112021	12	12x12	19.026874
000110111001	00203022112	12	12x12	22.486306
010111101001	02022003133	12	12x12	22.486306
111101011100	00002213121	12	12x12	20.756590
010100100010	00200200202	12	12x12	12.108011
001100101111	00333133031	12	12x12	19.026874
010100100100	00033131331	12	12x12	19.026874
110101011001	03311222221	12	12x12	17.297158
011001110010	03022203022	12	12x12	17.297158
111110000110	00333111300	12	12x12	19.026874
101010010110	00021111333	12	12x12	17.297158
110111001100	03031113122	12	12x12	20.756590
110011001100	00030000222	12	12x12	15.567442
010101000100	03111113122	12	12x12	20.756590
101100011101	02020303033	12	12x12	13.837726
000001010110	00313111213	12	12x12	22.486306
101110010011	03033002122	12	12x12	22.486306
011100110111	02111213300	12	12x12	22.486306
101001110010	02022220031	12	12x12	20.756590
000111100110	00031131130	12	12x12	19.026874
101111010111	02222203031	12	12x12	17.297158
111011000000	02021122131	12	12x12	20.756590
011001101110	03333330222	12	12x12	15.567442
001100110110	03130303111	12	12x12	19.026874
011001101010	00200021121	12	12x12	20.756590
011111011111	00033303333	12	12x12	13.837726
111001001010	02030033330	12	12x12	20.756590
110010010011	02222121200	12	12x12	17.297158
011010000110	02121112021	12	12x12	20.756590
010011110101	00030022212	12	12x12	19.026874
111111010100	02121212131	12	12x12	15.567442
011110110100	00020302211	12	12x12	22.486306
110010110000	00300331213	12	12x12	22.486306
101010000110	02020030022	12	12x12	19.026874
110111001010	00002122030	12	12x12	20.756590
101100100111	02121312131	12	12x12	17.297158
100000110101	02211130311	12	12x12	20.756590
101001000101	00002030221	12	12x12	20.756590
001101100011	03302221111	12	12x12	19.026874
010011111011	03313031130	12	12x12	20.756590
101001000010	03111202120	12	12x12	22.486306
000110100100	03312113131	12	12x12	22.486306
011100000110	00203302020	12	12x12	19.026874
101100010101	03000211211	12	12x12	20.756590
101000100010	03022213121	12	12x12	20.756590
111101101000	02122030002	12	12x12	22.486306
000100111011	00020302021	12	12x12	19.026874
111000111101	00031113130	12	12x12	19.026874
110110010001	03033003302	12	12x12	19.026874
000101011010	00330311221	12	12x12	22.486306
110000000011	02122113033	12	12x12	24.216021
011001111101	02113133111	12	12x12	20.756590
100111001001	00220330313	12	12x12	24.216021
111001100101	02122020200	12	12x12	19.026874
000000100000	02202203033	12	12x12	17.297158
010011000110	00211220200	12	12x12	20.756590
011101010011	00033331311	12	12x12	15.567442
111101110011	03033121312	12	12x12	24.216021
001101011010	03331113130	12	12x12	19.026874
101110100010	03020302033	12	12x12	15.567442
011011111100	02112122131	12	12x12	22.486306
110110111010	00200313130	12	12x12	19.026874
000000100001	02122222220	12	12x12	15.567442
010000001010	00020303111	12	12x12	19.026874
111000001100	00330000022	12	12x12	17.297158
011011111100	02033113313	12	12x12	22.486306
000000001111	02020031313	12	12x12	19.026874
001010001110	03113031121	12	12x12	22.486306
100001101101	00331211303	12	12x12	22.486306
110000101110	03333033000	12	12x12	17.297158
110000111110	02122212000	12	12x12	19.026874
001010001010	03302202111	12	12x12	22.486306
100111101111	02033131213	12	12x12	22.486306
111011001111	00220330203	12	12x12	20.756590
010110100011	03312121130	12	12x12	20.756590
000011101111	02112220022	12	12x12	20.756590
100111100110	00211200003	12	12x12	20.756590
100100111100	00031130331	12	12x12	20.756590
001010110011	02221130313	12	12x12	20.756590
100001101010	00200031130	12	12x12	24.216021
000110110110	00313112220	12	12x12	20.756590
110111000101	02202222220	12	12x12	15.567442
000010110001	02113303020	12	12x12	24.216021
011010011000	00313030222	12	12x12	19.026874
111000000011	02033333313	12	12x12	19.026874
001011011100	00211133130	12	12x12	22.486306
111110010000	00020200313	12	12x12	20.756590
111010111011	03112200003	12	12x12	20.756590
101101001110	02002121311	12	12x12	20.756590
011111010011	03130333122	12	12x12	22.486306
011111010111	03022213121	12	12x12	20.756590
110001100010	02200022203	12	12x12	19.026874
001101000101	02022030202	12	12x12	17.297158
100110001111	03313112020	12	12x12	22.486306
111101101101	03113312133	12	12x12	20.756590
000001010110	03000020302	12	12x12	20.756590
001100100100	02112020302	12	12x12	24.216021
011111100010	00211221113	12	12x12	20.756590
010001000000	02212122003	12	12x12	20.756590
000111000011	03022222211	12	12x12	17.297158
100100000110	03330003330	12	12x12	17.297158
011111111001	02113303130	12	12x12	25.945737
101101100010	03030333313	12	12x12	17.297158
011011010000	03031121120	12	12x12	20.756590
110101111011	02211313030	12	12x12	20.756590
010100111001	03312121133	12	12x12	19.026874
100001110111	03111221200	12	12x12	24.216021
100000111100	02030311112	12	12x12	19.026874
111101110011	00000202033	12	12x12	15.567442
011101111111	03020331130	12	12x12	24.216021
110011001100	03113033112	12	12x12	20.756590
001000100010	02030221113	12	12x12	20.756590
101000010101	03112131212	12	12x12	19.026874
011111000001	02113121131	12	12x12	19.026874
110000111011	02113122020	12	12x12	24.216021
001110010001	03020203020	12	12x12	17.297158
110010001111	03311313002	12	12x12	22.486306
000011000001	02122133311	12	12x12	22.486306
001011111101	03300203330	12	12x12	20.756590
000110111001	00333111113	12	12x12	15.567442
011100101110	03313030222	12	12x12	20.756590
111110010100	02000212020	12	12x12	19.026874
110000010001	02121200212	12	12x12	19.026874
000000100011	02111313121	12	12x12	19.026874
100100001111	00331300222	12	12x12	20.756590
111000000000	03031121133	12	12x12	20.756590
101001101001	03112220022	12	12x12	22.486306
000010011111	02003130030	12	12x12	22.486306
110111110010	03112121220	12	12x12	20.756590
011101111010	03113130002	12	12x12	20.756590
000100010101	02020033330	12	12x12	17.297158
100001001100	00202111221	12	12x12	19.026874
011101110100	03303313302	12	12x12	19.026874
000001101011	00313033333	12	12x12	17.297158
100010011010	03022120212	12	12x12	20.756590
100101101101	03331330020	12	12x12	22.486306
100101111100	03130313121	12	12x12	20.756590
010100001000	02211111130	12	12x12	17.297158
111101101110	03002002033	12	12x12	20.756590
101110011110	00221311333	12	12x12	22.486306
111110000000	03113000022	12	12x12	22.486306
111001101110	02221331221	12	12x12	22.486306
000110000101	00302003131	12	12x12	19.026874
101100111111	00020333022	12	12x12	19.026874
110111101000	03002022222	12	12x12	19.026874
111011011110	03313031303	12	12x12	17.297158
000111111110	03022203333	12	12x12	19.026874
001011011010	03030311211	12	12x12	17.297158
111000011000	02200300330	12	12x12	20.756590
010101101010	00020300003	12	12x12	17.297158
000000000000	02222203302	12	12x12	20.756590
010101111010	02202033331	12	12x12	19.026874
011101001111	02121131213	12	12x12	22.486306
001111010011	00330302000	12	12x12	17.297158
001110000001	02000302021	12	12x12	20.756590
010110111110	02033003331	12	12x12	20.756590
010000000000	00303111311	12	12x12	17.297158
010101100110	02112113030	12	12x12	20.756590
111010101101	03033121311	12	12x12	22.486306
001010010001	02211313311	12	12x12	20.756590
101111110110	03030302212	12	12x12	19.026874
101110101100	02022213121	12	12x12	22.486306
011001011100	03131112122	12	12x12	19.026874
110000110110	03133002000	12	12x12	20.756590
010011011010	02111333003	12	12x12	20.756590
100010011011	03031312120	12	12x12	19.026874
110101100111	02003020221	12	12x12	20.756590
001111100011	00302222213	12	12x12	19.026874
011110100111	00203311133	12	12x12	20.756590
111110000110	00003131313	12	12x12	13.837726
110100110111	02002033130	12	12x12	22.486306
111010101001	03003333112	12	12x12	20.756590
101100111000	00221122030	12	12x12	24.216021
100010110010	02121212003	12	12x12	17.297158
111001010010	03130313122	12	12x12	20.756590
110001111101	02202000203	12	12x12	19.026874
111111100110	02112002220	12	12x12	22.486306
010100101001	03131212113	12	12x12	19.026874
100100111001	00221221122	12	12x12	19.026874
011011000001	00030202121	12	12x12	19.026874
101000001110	00303031300	12	12x12	15.567442
110111000101	02213113312	12	12x12	24.216021
000110101111	03133020220	12	12x12	22.486306
111000011001	02113121313	12	12x12	19.026874
111000111011	02213122222	12	12x12	19.026874
100110011111	03113112133	12	12x12	20.756590
111111001010	03302202112	12	12x12	24.216021
001110011111	03133020203	12	12x12	20.756590
011101001101	00003331130	12	12x12	19.026874
100000001011	02111120021	12	12x12	22.486306
000111000111	00333333131	12	12x12	15.567442
000010100001	00330331211	12	12x12	19.026874
001010101110	02112000202	12	12x12	22.486306
011100011110	03030203302	12	12x12	19.026874
111101111001	02220333311	12	12x12	19.026874
000001110000	02120020033	12	12x12	20.756590
101111111110	03312131330	12	12x12	22.486306
110011011101	02022003133	12	12x12	22.486306
111000010111	00203031113	12	12x12	19.026874
100010000001	02212131213	12	12x12	19.026874
100000110101	02020330311	12	12x12	20.756590
000000100100	00333022221	12	12x12	19.026874
111111001101	02113300333	12	12x12	22.486306
111010011011	00212211211	12	12x12	19.026874
011010010010	00300302221	12	12x12	17.297158
001110001101	02003003111	12	12x12	20.756590
010110110101	02121333003	12	12x12	20.756590
101011110001	00222131122	12	12x12	20.756590
110011010001	02113300331	12	12x12	24.216021
111001000101	00200202111	12	12x12	17.297158
000100101100	03113033000	12	12x12	22.486306
110110110101	00331312131	12	12x12	19.026874
100010100001	03111112131	12	12x12	20.756590
111110111000	00200212002	12	12x12	17.297158
011010001011	02122021211	12	12x12	19.026874
111011110010	02111221112	12	12x12	15.567442
100100011101	03111300033	12	12x12	20.756590
010111011011	02211313122	12	12x12	19.026874
010110100100	00211112112	12	12x12	19.026874
000011110000	02121202212	12	12x12	20.756590
000010110101	00300333313	12	12x12	19.026874
101100100000	03112200212	12	12x12	24.216021
000000100101	03030021200	12	12x12	22.486306
010110101001	00222112133	12	12x12	22.486306
101110010110	00222220211	12	12x12	19.026874
110011110000	02121331222	12	12x12	22.486306
010111110111	02000203333	12	12x12	17.297158
100000010001	00003033131	12	12x12	19.026874
111001000100	02113300302	12	12x12	25.945737
011101010000	00000333122	12	12x12	17.297158
101100011111	02003130313	12	12x12	22.486306
010001111010	00022211111	12	12x12	13.837726
000101100111	00221122112	12	12x12	17.297158
010100111000	03131120211	12	12x12	22.486306
111100000101	03312131121	12	12x12	22.486306
001010011101	03133112220	12	12x12	22.486306
111100000110	02203303003	12	12x12	22.486306
101110000100	02112222200	12	12x12	19.026874
110011010110	02211122133	12	12x12	20.756590
111101110010	00303300302	12	12x12	17.297158
100101010111	02202221331	12	12x12	22.486306
111000111010	02202021222	12	12x12	17.297158
101011011101	03313330220	12	12x12	20.756590
100110011100	00000220333	12	12x12	17.297158
000010111000	03312133000	12	12x12	22.486306
001111000110	00030313331	12	12x12	19.026874
110111001011	00021111111	12	12x12	13.837726
111011001000	00031303112	12	12x12	22.486306
011011100011	03133330002	12	12x12	19.026874
101110100101	00031313111	12	12x12	15.567442
010101010011	02112221333	12	12x12	20.756590
100001100011	00311300022	12	12x12	22.486306
110001101000	03022002111	12	12x12	20.756590
000110111100	00313031312	12	12x12	19.026874
111011010010	03311312211	12	12x12	22.486306
011011101100	02020020002	12	12x12	17.297158
011011110100	02003330022	12	12x12	20.756590
101001010000	03111202122	12	12x12	20.756590
000101000011	02113303020	12	12x12	24.216021
010101110110	00331211312	12	12x12	22.486306
011011110001	03112213312	12	12x12	24.216021
011000101000	00220303312	12	12x12	24.216021
001001001111	00331213133	12	12x12	20.756590
011101111101	02212122030	12	12x12	20.756590
001001111001	00303331112	12	12x12	17.297158
110100001100	03002122022	12	12x12	22.486306
101101011111	02202112203	12	12x12	20.756590
100010001110	02000302033	12	12x12	20.756590
101000110000	02113311222	12	12x12	22.486306
001101001000	00333312113	12	12x12	20.756590
001110010110	02211120200	12	12x12	19.026874
000010011000	00003111111	12	12x12	13.837726
001010010110	03113031133	12	12x12	17.297158
100011111000	03131333330	12	12x12	15.567442
011001100110	03031300222	12	12x12	20.756590
000011001100	02111303111	12	12x12	20.756590
010000110100	03112220300	12	12x12	22.486306
010011000001	02122030330	12	12x12	22.486306
000111110011	00031113030	12	12x12	19.026874
110001101110	02213131111	12	12x12	17.297158
110000010000	02121331112	12	12x12	20.756590
100101110000	00020200222	12	12x12	17.297158
010011010110	03113311312	12	12x12	20.756590
011010000011	02003130311	12	12x12	24.216021
110011001100	00331213113	12	12x12	24.216021
111100101010	03022020302	12	12x12	20.756590
000000110000	00222112113	12	12x12	19.026874
011000101001	02120000313	12	12x12	20.756590
001010011001	00202020030	12	12x12	17.297158
111101111010	00313130020	12	12x12	22.486306
111000110001	00222222131	12	12x12	17.297158
110001011100	00002221311	12	12x12	17.297158
000001000110	00211111311	12	12x12	19.026874
100101111001	03330203300	12	12x12	20.756590
011000101011	00220021200	12	12x12	19.026874
000100010110	03330330202	12	12x12	19.026874
100111010001	00313000202	12	12x12	22.486306
101000100100	03331221121	12	12x12	20.756590
111110110010	02121202111	12	12x12	19.026874
110100000000	02020303333	12	12x12	15.567442
011001111001	03020331131	12	12x12	25.945737
010001011001	02002121200	12	12x12	19.026874
100011110110	02113333000	12	12x12	19.026874
101011001100	00302030222	12	12x12	17.297158
000111110001	02121200033	12	12x12	19.026874
110010110010	00311112020	12	12x12	19.026874
000000101110	03111220021	12	12x12	24.216021
000101001010	02220033312	12	12x12	20.756590
111100000110	00031311211	12	12x12	19.026874
011101010001	00021121121	12	12x12	17.297158
001010010011	02033030221	12	12x12	22.486306
000100100100	02030022213	12	12x12	24.216021
011101011100	00313003030	12	12x12	19.026874
001110111010	02120030222	12	12x12	22.486306
101011001111	03112220221	12	12x12	22.486306
100001011010	03330031112	12	12x12	19.026874
110011000011	00333122113	12	12x12	22.486306
101110001101	03002222211	12	12x12	19.026874
001111011110	03113122212	12	12x12	22.486306
000100001000	00030313303	12	12x12	19.026874
011100111011	00031313033	12	12x12	17.297158
111111111011	00331330203	12	12x12	22.486306
011111010110	00303031121	12	12x12	19.026874
100001100111	02211122030	12	12x12	22.486306
100110000110	03300000222	12	12x12	15.567442
111001001110	03002022131	12	12x12	22.486306
111000010010	02033313002	12	12x12	22.486306
000100010011	03030000020	12	12x12	17.297158
111101001100	00211211330	12	12x12	20.756590
111100101011	00313330311	12	12x12	20.756590
000011010011	02111200000	12	12x12	19.026874
110100011010	03333002222	12	12x12	15.567442
011010110011	02033333131	12	12x12	19.026874
010011110100	02122120021	12	12x12	20.756590
101001101000	02122002002	12	12x12	20.756590
001001100111	03033121330	12	12x12	24.216021
000001001001	03030311211	12	12x12	17.297158
101010000111	02111331313	12	12x12	20.756590
100000111100	02003131312	12	12x12	20.756590
011001111011	00311112203	12	12x12	20.756590
101000100101	03333002120	12	12x12	20.756590
010000001010	02211333003	12	12x12	20.756590
111010101100	03133333000	12	12x12	17.297158
110010111110	02120022033	12	12x12	22.486306
101101001110	02002122131	12	12x12	24.216021
000100011010	00020203020	12	12x12	17.297158
011111110001	02121200303	12	12x12	20.756590
111010110100	03022200302	12	12x12	19.026874
101101011100	03033311330	12	12x12	20.756590
011110000111	03020302033	12	12x12	15.567442
010010101100	03312121313	12	12x12	19.026874
001001100011	02211312133	12	12x12	22.486306
100001000000	00003311131	12	12x12	19.026874
000001101010	03111202021	12	12x12	20.756590
001100111110	00033331221	12	12x12	19.026874
011011000110	02212202220	12	12x12	19.026874
110010011111	03133311311	12	12x12	19.026874
111100111111	00300031311	12	12x12	17.297158
011000110101	00022022131	12	12x12	20.756590
000101010101	00220212003	12	12x12	22.486306
100101110011	02120021111	12	12x12	19.026874
111110110110	02122121113	12	12x12	19.026874
000001011001	03020212212	12	12x12	20.756590
011010111110	02033113302	12	12x12	24.216021
111110001011	00021222113	12	12x12	20.756590
000000011111	00022131222	12	12x12	20.756590
001000011001	00211112020	12	12x12	17.297158
101001000001	00202021111	12	12x12	13.837726
011111010101	02213113111	12	12x12	17.297158
000000010111	03020021200	12	12x12	22.486306
101001000100	02112222200	12	12x12	19.026874
001100010110	00311131333	12	12x12	19.026874
101011001111	00203002022	12	12x12	17.297158
000100011110	03311221120	12	12x12	20.756590
101011110110	02030000212	12	12x12	22.486306
111011010101	00033030313	12	12x12	19.026874
100111111110	02113330203	12	12x12	24.216021
001010000100	03002121120	12	12x12	24.216021
010110111010	03302220302	12	12x12	22.486306
110111011101	03000003022	12	12x12	20.756590
101101110001	03330003022	12	12x12	20.756590
000000101000	02221311331	12	12x12	22.486306
000001011110	03022030200	12	12x12	19.026874
100110000110	02022131213	12	12x12	24.216021
000011001011	02113313331	12	12x12	22.486306
011100100100	00002122002	12	12x12	19.026874
010101010111	03313002220	12	12x12	22.486306
111010101111	00022131121	12	12x12	22.486306
111000100111	00002221313	12	12x12	17.297158
010001011001	00221312111	12	12x12	22.486306
101101101011	00031130030	12	12x12	19.026874
101110001101	02022131312	12	12x12	20.756590
111110011011	02121121213	12	12x12	17.297158
000100010101	03130022003	12	12x12	24.216021
110111011100	00003302221	12	12x12	19.026874
111011000111	02020020333	12	12x12	19.026874
001110000000	00031113033	12	12x12	19.026874
100011111110	00203000002	12	12x12	17.297158
001001010100	00002111122	12	12x12	17.297158
010001101001	02121212211	12	12x12	15.567442
001000010001	00003130302	12	12x12	19.026874
101001000001	03002211113	12	12x12	20.756590
110011110001	00302021112	12	12x12	19.026874
001011100100	00313131312	12	12x12	15.567442
000010101011	03133020220	12	12x12	22.486306
011111110100	00021211112	12	12x12	17.297158
101100011011	03022121122	12	12x12	22.486306
101011011110	02003333311	12	12x12	19.026874
101001010001	03020003113	12	12x12	22.486306
101101101000	02203300333	12	12x12	19.026874
011011110101	03112202212	12	12x12	24.216021
010000100011	00333331222	12	12x12	17.297158
101001010001	00000302030	12	12x12	15.567442
100101110100	03031312213	12	12x12	22.486306
000101001010	02111113330	12	12x12	17.297158
110110111001	03330313302	12	12x12	20.756590
000101100000	00022021111	12	12x12	19.026874
110110100111	03033121130	12	12x12	24.216021
111101001101	03113000331	12	12x12	22.486306
000101110000	03330030221	12	12x12	22.486306
001110011010	02212213121	12	12x12	17.297158
011000111011	03020333302	12	12x12	19.026874
010000100101	02111312133	12	12x12	20.756590
111100011011	02111222030	12	12x12	22.486306
101100110110	03312113111	12	12x12	20.756590
101110010111	00303331212	12	12x12	19.026874
110111111110	02113121113	12	12x12	20.756590
110011100000	03020003113	12	12x12	22.486306
101100001010	02120022131	12	12x12	22.486306
101101111100	00203311303	12	12x12	20.756590
101110010110	03300031131	12	12x12	22.486306
111101001010	03330021200	12	12x12	22.486306
111100001111	00221311312	12	12x12	22.486306
111010001110	03303113122	12	12x12	24.216021
000100100011	03312122120	12	12x12	22.486306
011001100010	03330222222	12	12x12	15.567442
010010100001	03311300313	12	12x12	22.486306
111000100010	03300003302	12	12x12	19.026874
010111011111	02030222131	12	12x12	20.756590
110111110001	02203331111	12	12x12	19.026874
010111100000	00203313330	12	12x12	20.756590
010011011011	00033330311	12	12x12	19.026874
011011001000	03111213112	12	12x12	20.756590
011111110000	03022121200	12	12x12	20.756590
111010000110	03022022030	12	12x12	20.756590
111110111011	02002200021	12	12x12	20.756590
001001110000	03300300031	12	12x12	19.026874
100001001110	02200020003	12	12x12	17.297158
011101000000	03303112133	12	12x12	22.486306
001111100010	02002213122	12	12x12	25.945737
011011101100	03020302211	12	12x12	20.756590
110000101110	02033022221	12	12x12	20.756590
101100011110	03130020212	12	12x12	24.216021
010100101100	02033002203	12	12x12	20.756590
110011000101	00211133000	12	12x12	19.026874
101100100001	02212122022	12	12x12	17.297158
000110111111	00212111113	12	12x12	17.297158
111011111001	00002213112	12	12x12	20.756590
011101100000	03000330222	12	12x12	20.756590
010100010011	02120033000	12	12x12	22.486306
010110001111	02211202212	12	12x12	19.026874
001000001100	02222222131	12	12x12	15.567442
100010110001	03130333122	12	12x12	22.486306
100000010100	02113300313	12	12x12	24.216021
101000101011	02020212113	12	12x12	17.297158
111000000100	03033130331	12	12x12	17.297158
111110011001	02202222021	12	12x12	19.026874
000010010001	02212022113	12	12x12	20.756590
110101100010	00311300022	12	12x12	22.486306
001011011100	00003133303	12	12x12	20.756590
111000011000	02021131120	12	12x12	20.756590
111111100000	03130311300	12	12x12	20.756590
100010011100	03312133003	12	12x12	24.216021
000111011110	02022021113	12	12x12	19.026874
010111100110	03000021221	12	12x12	22.486306
101100101100	00300300212	12	12x12	17.297158
011001000100	02121212133	12	12x12	15.567442
001010100010	00003333113	12	12x12	15.567442
000010010110	02020221202	12	12x12	19.026874
110110110100	00003133000	12	12x12	17.297158
001011111011	00022131121	12	12x12	22.486306
001010011010	02112020033	12	12x12	22.486306
111011111110	03333131213	12	12x12	19.026874
111011010110	02213111200	12	12x12	22.486306
100100101010	00200020331	12	12x12	19.026874
110100001010	00021120212	12	12x12	19.026874
111011100110	03300222211	12	12x12	19.026874
001000111110	00020002211	12	12x12	17.297158
000010111111	03000022222	12	12x12	15.567442
000010110010	03111120020	12	12x12	20.756590
100110000111	03111113033	12	12x12	17.297158
010110000001	02111333313	12	12x12	20.756590
111110011011	03333311330	12	12x12	17.297158
011100010111	00222021122	12	12x12	20.756590
010010011101	02033133111	12	12x12	20.756590
011101010110	02030203002	12	12x12	17.297158
011011001100	00020330220	12	12x12	22.486306
000101111001	02222111300	12	12x12	17.297158
011101000101	00020202120	12	12x12	17.297158
011010110001	03130003130	12	12x12	20.756590
101111101101	02113122112	12	12x12	19.026874
101101100110	00003313303	12	12x12	19.026874
010011111100	00300222131	12	12x12	19.026874
101111001010	03113003111	12	12x12	19.026874
000100110010	03022112112	12	12x12	22.486306
111010111000	03112121121	12	12x12	20.756590
011011010100	02003300030	12	12x12	20.756590
111000010000	02030200313	12	12x12	20.756590
010101001011	00202030300	12	12x12	13.837726
010001111011	00020333333	12	12x12	15.567442
101010110010	00222120003	12	12x12	20.756590
000000011111	00031111220	12	12x12	19.026874
111000001001	00313121333	12	12x12	20.756590
100011111000	00300200300	12	12x12	13.837726
110010111001	02202202121	12	12x12	17.297158
100110011000	00303112131	12	12x12	20.756590
101110110100	03130311212	12	12x12	24.216021
010000100010	02222212131	12	12x12	17.297158
100101000000	03333033311	12	12x12	17.297158
010000000101	03333000331	12	12x12	17.297158
100001001110	02111200000	12	12x12	19.026874
010110101101	02212003020	12	12x12	22.486306
011101110111	00211211131	12	12x12	22.486306
101111010111	00333121213	12	12x12	19.026874
000001000100	00211113121	12	12x12	22.486306
101101011010	02213131222	12	12x12	19.026874
111010000101	03000021112	12	12x12	20.756590
001110010110	03313133111	12	12x12	19.026874
101101011010	03300313112	12	12x12	20.756590
011001001011	02112213112	12	12x12	20.756590
100011111010	02113131122	12	12x12	19.026874
110101110111	02203300002	12	12x12	20.756590
111101111001	00002212203	12	12x12	19.026874
110010111001	03033331121	12	12x12	20.756590
111100110100	00203333333	12	12x12	13.837726
001011110110	00331300203	12	12x12	22.486306
001001011101	02021120200	12	12x12	17.297158
010101000000	03313030021	12	12x12	24.216021
111111110010	02122220300	12	12x12	20.756590
000111110110	00313111111	12	12x12	15.567442
000010011110	00031313130	12	12x12	15.567442
011101000000	02112022003	12	12x12	24.216021
001101011011	03130311120	12	12x12	22.486306
110011000101	02000003333	12	12x12	15.567442
011001111110	03033033112	12	12x12	17.297158
010100111101	02030221221	12	12x12	22.486306
001101100101	00303131311	12	12x12	13.837726
101011100100	02120030021	12	12x12	22.486306
100111101011	03112113030	12	12x12	20.756590
101111001100	03113031131	12	12x12	17.297158
001011001110	00033030203	12	12x12	20.756590
111011100111	03313122212	12	12x12	20.756590
000111010000	03020330331	12	12x12	17.297158
101111011010	02213133311	12	12x12	19.026874
011001100011	00030313312	12	12x12	20.756590
000011101011	02113122213	12	12x12	22.486306
110100110011	00002211213	12	12x12	20.756590
001111111111	00000003020	12	12x12	15.567442
101110000110	03112113033	12	12x12	20.756590
101011001100	00022022131	12	12x12	20.756590
111111111101	02200303002	12	12x12	20.756590
101010101111	03313030313	12	12x12	20.756590
101010010011	02020221213	12	12x12	19.026874
001001010001	00311330200	12	12x12	22.486306
101011110011	02113113000	12	12x12	20.756590
010110101101	03130022033	12	12x12	24.216021
000001000100	03330020303	12	12x12	20.756590
101101011110	03113000021	12	12x12	22.486306
011001110111	00302211111	12	12x12	17.297158
000010010001	03130022003	12	12x12	24.216021
101110001111	02003022221	12	12x12	20.756590
001110110111	03111311131	12	12x12	15.567442
000111101011	02113130000	12	12x12	20.756590
010000011100	02221312133	12	12x12	20.756590
110101010110	03113112022	12	12x12	20.756590
110010010110	02211333333	12	12x12	15.567442
001110111010	03131133002	12	12x12	22.486306
111110010100	02030030033	12	12x12	17.297158
100000110011	00313303312	12	12x12	20.756590
100100100101	02211311202	12	12x12	20.756590
010001101001	00220211331	12	12x12	22.486306
101011011100	02212113133	12	12x12	20.756590
011011010011	02033133020	12	12x12	20.756590
100010100111	00000300002	12	12x12	12.108011
111010010000	03113112021	12	12x12	22.486306
110100011001	03112202200	12	12x12	20.756590
000001000110	03131213121	12	12x12	17.297158
110001100111	00203313031	12	12x12	22.486306
001101101001	00020000211	12	12x12	17.297158
001010111000	03311113303	12	12x12	20.756590
101111001110	00211122030	12	12x12	22.486306
000010111101	02200030331	12	12x12	20.756590
000100011011	03311330031	12	12x12	22.486306
101101101000	03311211133	12	12x12	19.026874
110101001110	03030003003	12	12x12	17.297158
011001101001	03002030022	12	12x12	17.297158
111011100110	03112222033	12	12x12	20.756590
001011101011	00031130000	12	12x12	17.297158
011011011100	03130313000	12	12x12	19.026874
110001110100	00203020030	12	12x12	19.026874
110101100001	00302033133	12	12x12	20.756590
001101100111	02002112131	12	12x12	24.216021
000011111110	00220021212	12	12x12	17.297158
100101110000	02202022220	12	12x12	17.297158
010001101110	00202120212	12	12x12	15.567442
001001110100	03312112221	12	12x12	22.486306
111100001011	00020330200	12	12x12	19.026874
001011110000	03022020302	12	12x12	20.756590
010000011010	00333000003	12	12x12	15.567442
101101100110	02222221113	12	12x12	13.837726
111100010101	00002111112	12	12x12	15.567442
110100111100	02002030021	12	12x12	20.756590
001010100010	00220200330	12	12x12	20.756590
111000101000	02112000031	12	12x12	22.486306
010111100011	03313112222	12	12x12	19.026874
101111000100	00220202111	12	12x12	17.297158
000010000100	00222213130	12	12x12	19.026874
010001111101	03022021211	12	12x12	20.756590
110111011111	02112022200	12	12x12	20.756590
000011000110	00031111222	12	12x12	17.297158
101000101100	03130333131	12	12x12	19.026874
010000000111	03112200212	12	12x12	24.216021
000000010110	03002203302	12	12x12	24.216021
110111010001	03331121130	12	12x12	20.756590
001010011010	03000222113	12	12x12	20.756590
111011100110	02113333020	12	12x12	20.756590
000101011100	00331131212	12	12x12	22.486306
110000000001	03111130033	12	12x12	20.756590
111001100100	02021131130	12	12x12	20.756590
010011111000	03000300202	12	12x12	19.026874
111010000010	00200003030	12	12x12	17.297158
111010110101	00021122030	12	12x12	24.216021
011100000010	00221120020	12	12x12	19.026874
111111011000	00203300212	12	12x12	20.756590
000100100011	02122213333	12	12x12	19.026874
110000000011	00202220220	12	12x12	17.297158
011110111111	03313312222	12	12x12	17.297158
111110101100	02003022112	12	12x12	24.216021
101101000111	03331303131	12	12x12	17.297158
001011000111	02220212121	12	12x12	17.297158
010111001100	02221212113	12	12x12	17.297158
000010001111	00203022000	12	12x12	19.026874
110101110000	00313312113	12	12x12	24.216021
001010101001	00220333331	12	12x12	19.026874
000111011010	03331313302	12	12x12	19.026874
100001110011	02213121222	12	12x12	20.756590
001101010001	02121111121	12	12x12	19.026874
011101001010	02020222033	12	12x12	17.297158
001011101110	03020303130	12	12x12	20.756590
001101000110	00222200212	12	12x12	19.026874
110010110011	03000200031	12	12x12	20.756590
100000110110	02212020000	12	12x12	19.026874
010111111001	02213131311	12	12x12	15.567442
000111101111	00311111221	12	12x12	19.026874
001101100101	03311113000	12	12x12	19.026874
011001101001	00311331122	12	12x12	20.756590
001010010000	00333112021	12	12x12	22.486306
111011010010	00031303112	12	12x12	22.486306
011110011110	02120033303	12	12x12	24.216021
000101010111	00003131211	12	12x12	17.297158
001010100101	03302221220	12	12x12	20.756590
010101101111	00000212202	12	12x12	19.026874
101101111101	00303131300	12	12x12	17.297158
000101100010	00212121333	12	12x12	17.297158
000111111110	02121202000	12	12x12	17.297158
011011110011	00212200033	12	12x12	22.486306
010110100110	02203020331	12	12x12	24.216021
000000111110	02120222003	12	12x12	22.486306
110110101001	02112000211	12	12x12	19.026874
110111010110	03031312213	12	12x12	22.486306
110010100100	03113000313	12	12x12	20.756590
111011100010	00031312112	12	12x12	20.756590
110011111111	00031111113	12	12x12	15.567442
101001001011	03303031130	12	12x12	22.486306
000111111011	02213113130	12	12x12	22.486306
001001001110	03003333112	12	12x12	20.756590
100111000001	03002003131	12	12x12	22.486306
000011000110	00330303311	12	12x12	19.026874
101110010011	02113300000	12	12x12	19.026874
100111000100	00003302221	12	12x12	19.026874
101001101111	02111213330	12	12x12	20.756590
101001111010	03131112021	12	12x12	22.486306
101101010000	03112111300	12	12x12	22.486306
001100011010	03112221202	12	12x12	24.216021
111011110001	00000021211	12	12x12	13.837726
010111100110	03333331313	12	12x12	13.837726
001100001101	03311121220	12	12x12	20.756590
110000101101	03111112113	12	12x12	19.026874
001111101000	00211213333	12	12x12	20.756590
100001011010	03303030331	12	12x12	17.297158
111100110001	02200313311	12	12x12	22.486306
000100101110	02020031313	12	12x12	19.026874
110100111101	00002112211	12	12x12	17.297158
101110101001	00031111213	12	12x12	20.756590
001000001110	00000302222	12	12x12	15.567442
110110000011	03031330202	12	12x12	20.756590
111100111011	02122200313	12	12x12	22.486306
110010101001	02121311202	12	12x12	22.486306
000101100110	02122122200	12	12x12	17.297158
010110010001	03002211200	12	12x12	24.216021
000010011110	00211113331	12	12x12	19.026874
000110111101	00330222033	12	12x12	19.026874
101011011111	03300222222	12	12x12	15.567442
110001101001	02020212221	12	12x12	17.297158
100111011101	03112220200	12	12x12	20.756590
111101001010	02212122203	12	12x12	20.756590
111111111001	03311120211	12	12x12	20.756590
001101010011	02221131213	12	12x12	22.486306
011101011001	02213112113	12	12x12	22.486306
111000000000	02122021202	12	12x12	19.026874
001000010111	02221311313	12	12x12	19.026874
001000001011	00021122003	12	12x12	20.756590
100000101010	03031300220	12	12x12	22.486306
100000001000	00022021131	12	12x12	24.216021
100000101101	03131213130	12	12x12	20.756590
110100011101	00222030021	12	12x12	20.756590
001010111011	03022122030	12	12x12	20.756590
110011001100	02113112202	12	12x12	24.216021
111001111010	03330333112	12	12x12	17.297158
001111010000	03133020200	12	12x12	19.026874
110000101110	00212022221	12	12x12	19.026874
011000111001	00000022002	12	12x12	15.567442
111100101111	03330203002	12	12x12	20.756590
100011001100	00331213122	12	12x12	22.486306
111011111001	00000002111	12	12x12	13.837726
010110111111	02112022002	12	12x12	24.216021
001110010010	00311122203	12	12x12	20.756590
110011100110	00212122121	12	12x12	17.297158
001011100010	00302033331	12	12x12	19.026874
101001010011	02021222212	12	12x12	20.756590
010010001000	00211111113	12	12x12	15.567442
000110011001	02203330222	12	12x12	19.026874
100111001100	02030303131	12	12x12	17.297158
000111001011	03030221212	12	12x12	19.026874
001100100100	00220202021	12	12x12	15.567442
100100010101	03130330002	12	12x12	22.486306
011101001001	02121130311	12	12x12	22.486306
100011110011	00300313030	12	12x12	17.297158
000111100101	02000212203	12	12x12	22.486306
010000110101	03112122030	12	12x12	20.756590
010100010101	00203003031	12	12x12	19.026874
001110000010	00221202113	12	12x12	22.486306
011100100110	03331213130	12	12x12	20.756590
100110100100	00212022211	12	12x12	19.026874
111101000100	03333121221	12	12x12	19.026874
000010110110	02121211133	12	12x12	17.297158
011101111010	03130020221	12	12x12	24.216021
011100101100	02112200303	12	12x12	24.216021
110101101010	03133031122	12	12x12	22.486306
111000011110	00000311300	12	12x12	19.026874
100011101000	02113121312	12	12x12	20.756590
111110010011	02003030313	12	12x12	20.756590
001011011110	02222131130	12	12x12	20.756590
101000100111	00211113331	12	12x12	19.026874
001001111000	00311313331	12	12x12	20.756590
010000111100	03113000200	12	12x12	24.216021
001110000100	02121222033	12	12x12	20.756590
010010000011	02120202000	12	12x12	17.297158
110110010110	00030030333	12	12x12	13.837726
011101011100	03113033331	12	12x12	19.026874
110101000100	03022111131	12	12x12	20.756590
001110001011	02033302000	12	12x12	19.026874
111000001011	03133112220	12	12x12	22.486306
100010001101	03020302222	12	12x12	17.297158
010000001011	02122200030	12	12x12	22.486306
101111000111	03331221312	12	12x12	20.756590
101101110101	00000221121	12	12x12	19.026874
100110111000	00311313111	12	12x12	19.026874
101011001011	03333122211	12	12x12	19.026874
111100011000	00022131121	12	12x12	22.486306
111010000011	03033312213	12	12x12	24.216021
110001000011	02213122113	12	12x12	22.486306
101001010010	00031113113	12	12x12	19.026874
100010000000	00200220000	12	12x12	17.297158
000110111111	00300303302	12	12x12	17.297158
101110111001	02213112133	12	12x12	20.756590
101000000100	03303022122	12	12x12	20.756590
001001100011	03112200211	12	12x12	24.216021
010000000111	02121222033	12	12x12	20.756590
010101000111	00202113121	12	12x12	20.756590
000011101010	03113303030	12	12x12	20.756590
110000010111	03000211212	12	12x12	22.486306
000001101101	03002030221	12	12x12	22.486306
101101110010	00202212121	12	12x12	17.297158
011111101011	03031330000	12	12x12	19.026874
000110010011	02212120211	12	12x12	19.026874
001101111011	02202022022	12	12x12	15.567442
000011101110	02000220333	12	12x12	20.756590
010110101011	03300222021	12	12x12	22.486306
000010011100	02111130031	12	12x12	22.486306
000111000000	03112133003	12	12x12	24.216021
110000100010	00002020030	12	12x12	19.026874
101010000011	02030203303	12	12x12	19.026874
000100011000	03312131222	12	12x12	22.486306
011010100001	03312133000	12	12x12	22.486306
110111111110	02200020211	12	12x12	20.756590
000100100101	00022222112	12	12x12	15.567442
101001011001	02221113113	12	12x12	19.026874
101100010001	03033131120	12	12x12	24.216021
010101001101	00021111111	12	12x12	13.837726
100111111111	03333122112	12	12x12	19.026874
101110110011	02113300002	12	12x12	20.756590
000111000101	02122111333	12	12x12	20.756590
100010001101	03033121211	12	12x12	19.026874
010110111101	03113112202	12	12x12	22.486306
001110000100	03312133121	12	12x12	19.026874
101101111100	03033312121	12	12x12	19.026874
000101111000	03031133133	12	12x12	19.026874
100110100111	03031330200	12	12x12	20.756590
000010100111	00000222211	12	12x12	13.837726
001111111111	00211113121	12	12x12	22.486306
111000010110	00033121311	12	12x12	20.756590
110001010110	00220303022	12	12x12	19.026874
011100001110	02033303333	12	12x12	15.567442
010111100101	02000211221	12	12x12	20.756590
010110101100	00222120222	12	12x12	15.567442
111101100110	02033311330	12	12x12	22.486306
111000111101	00222120003	12	12x12	20.756590
001111000100	02120030202	12	12x12	22.486306
100011100000	02203302203	12	12x12	20.756590
101110111010	02222002002	12	12x12	17.297158
010111000001	02213131212	12	12x12	19.026874
110000001011	03311111220	12	12x12	17.297158
101110101000	03002121200	12	12x12	22.486306
001100011000	02003131313	12	12x12	19.026874
011001010001	00211113330	12	12x12	17.297158
001111100101	00212022113	12	12x12	22.486306
010011011111	03303020333	12	12x12	19.026874
110000100000	03331312122	12	12x12	17.297158
101100110001	02211213300	12	12x12	24.216021
011110010010	02113112211	12	12x12	19.026874
101111001010	00331113130	12	12x12	19.026874
000010011010	03022021131	12	12x12	25.945737
010011011110	02200212020	12	12x12	20.756590
101000100101	00302212021	12	12x12	22.486306
111111110001	03022213122	12	12x12	20.756590
001000100100	03020303111	12	12x12	19.026874
001010011001	00003331130	12	12x12	19.026874
000000100110	03300031311	12	12x12	19.026874
011110001010	02030200331	12	12x12	20.756590
001000110011	02111311313	12	12x12	19.026874
110101010100	02113333313	12	12x12	20.756590
111100100010	03022020212	12	12x12	20.756590
011100100100	03330200302	12	12x12	20.756590
110001100011	00033302220	12	12x12	19.026874
000001101010	00003130311	12	12x12	19.026874
000101101101	02020331303	12	12x12	20.756590
100000101000	03303022120	12	12x12	22.486306
000011000110	02111303031	12	12x12	20.756590
111011010111	00203022211	12	12x12	20.756590
010000110000	00211113033	12	12x12	19.026874
010010111001	00002030002	12	12x12	15.567442
101110101111	03000333312	12	12x12	20.756590
101010100111	00202121113	12	12x12	17.297158
101010001110	03022120020	12	12x12	22.486306
000110100101	00303300221	12	12x12	19.026874
001000110101	00330202211	12	12x12	22.486306
101000010011	00031113111	12	12x12	15.567442
100000110011	00212000031	12	12x12	20.756590
010101100010	03022021131	12	12x12	25.945737
000110010110	00031130033	12	12x12	19.026874
000110101001	03311121331	12	12x12	20.756590
100100001000	00031113031	12	12x12	20.756590
000010101100	00220333131	12	12x12	22.486306
000011110001	00300331311	12	12x12	19.026874
110100111111	03131312112	12	12x12	19.026874
001001111101	02112131122	12	12x12	20.756590
001111110101	03030331122	12	12x12	19.026874
101010010010	00331112120	12	12x12	20.756590
011000110000	03312122202	12	12x12	22.486306
011010110011	02213131111	12	12x12	17.297158
111011000001	03030022211	12	12x12	19.026874
111110011010	02221331311	12	12x12	19.026874
111010111001	00212112021	12	12x12	20.756590
000110111100	00303331113	12	12x12	17.297158
110010111011	02030333333	12	12x12	15.567442
010100101101	03133031333	12	12x12	15.567442
000111101011	03313312222	12	12x12	17.297158
000001101111	00211220200	12	12x12	20.756590
111111100111	02113130331	12	12x12	24.216021
010111011100	02030313300	12	12x12	20.756590
101010011111	00033300311	12	12x12	19.026874
111110000111	00212213312	12	12x12	24.216021
010111001101	00020033133	12	12x12	17.297158
011111101111	03333313333	12	12x12	13.837726
110011100100	00200031311	12	12x12	19.026874
111010110110	03311221311	12	12x12	20.756590
101010011101	03111130000	12	12x12	19.026874
110101101110	00031312131	12	12x12	19.026874
011101010110	00033303033	12	12x12	15.567442
111011001111	03312122112	12	12x12	22.486306
101101010110	00003111300	12	12x12	19.026874
111110100010	02021222121	12	12x12	17.297158
001001001110	02220022113	12	12x12	19.026874
010011110111	02111111330	12	12x12	17.297158
010000010011	02122213112	12	12x12	22.486306
000010111100	03003111112	12	12x12	19.026874
010011011101	03130022000	12	12x12	22.486306
101110100000	02222220022	12	12x12	13.837726
110110010010	00031331212	12	12x12	20.756590
000101111011	02120212021	12	12x12	17.297158
100000100000	02111111300	12	12x12	17.297158
110000100100	03130311222	12	12x12	22.486306
100110000000	03133113033	12	12x12	22.486306
110100001100	03112211211	12	12x12	20.756590
110010001111	03331311202	12	12x12	20.756590
001010000111	03112131312	12	12x12	20.756590
100100011001	02022131130	12	12x12	24.216021
110110011110	03000000030	12	12x12	17.297158
110010000111	02202000211	12	12x12	20.756590
100001001110	00220022120	12	12x12	19.026874
001101011011	00331213333	12	12x12	20.756590
110000111011	02111221333	12	12x12	20.756590
111010000011	03112122000	12	12x12	22.486306
000001010010	03111112020	12	12x12	19.026874
111011011101	02121312221	12	12x12	20.756590
111001110011	03000303302	12	12x12	19.026874
101111010000	02222112213	12	12x12	19.026874
110010001011	03312131300	12	12x12	22.486306
111000100110	00302003130	12	12x12	20.756590
011011010011	00331330002	12	12x12	19.026874
011111010111	03302222121	12	12x12	20.756590
010010011101	03113121313	12	12x12	19.026874
000001000111	03033331213	12	12x12	20.756590
011011000110	03302203331	12	12x12	22.486306
111000010010	00302222111	12	12x12	17.297158
111100000111	00021220303	12	12x12	20.756590
101111011010	03113122133	12	12x12	22.486306
110101000000	00333000022	12	12x12	17.297158
111111100100	03133030203	12	12x12	24.216021
001001011011	00033313130	12	12x12	17.297158
010101100001	03111311112	12	12x12	17.297158
000100010011	03312133003	12	12x12	24.216021
001010000000	03113122133	12	12x12	22.486306
100011101101	02003031331	12	12x12	24.216021
100101110001	02030331120	12	12x12	24.216021
110000101111	02113121213	12	12x12	20.756590
100001101100	03030203331	12	12x12	19.026874
000110010110	00311303002	12	12x12	20.756590
110011101010	00000302033	12	12x12	17.297158
000010011000	00200212022	12	12x12	17.297158
110010010000	03022022120	12	12x12	22.486306
011011101100	00211120000	12	12x12	19.026874
110000100111	00022121330	12	12x12	20.756590
010001000000	02033131212	12	12x12	20.756590
110110001000	03020220302	12	12x12	19.026874
111000100010	03333133130	12	12x12	17.297158
000001101101	00333330020	12	12x12	19.026874
110001001010	02221220030	12	12x12	22.486306
100011001100	03130302222	12	12x12	19.026874
010011010100	02113312221	12	12x12	22.486306
010111001001	02222222212	12	12x12	13.837726
001001111101	02121220302	12	12x12	20.756590
011100100010	03302203302	12	12x12	20.756590
110001110100	00302203000	12	12x12	19.026874
111100011111	02202200211	12	12x12	20.756590
000011011110	03133000212	12	12x12	22.486306
111011010101	03020221312	12	12x12	24.216021
101101101001	02002203030	12	12x12	19.026874
000101101011	00200021112	12	12x12	19.026874
101001001011	02021202221	12	12x12	17.297158
100110111110	00000002202	12	12x12	15.567442
010101110100	02121121113	12	12x12	19.026874
100000001011	02020203313	12	12x12	19.026874
011100100100	00331311220	12	12x12	20.756590
100101110010	03000212122	12	12x12	19.026874
100011000100	00220022120	12	12x12	19.026874
100110100011	03331121212	12	12x12	17.297158
001111011000	02002220033	12	12x12	19.026874
100011000110	02213131211	12	12x12	19.026874
001010010000	02202211120	12	12x12	20.756590
101010100110	00331113000	12	12x12	19.026874
000011000000	02211312212	12	12x12	20.756590
111001001110	03000313333	12	12x12	19.026874
001001100101	02211133300	12	12x12	19.026874
101100011101	02221312200	12	12x12	22.486306
110010110111	00033020303	12	12x12	20.756590
110010011000	02203030302	12	12x12	17.297158
000101000001	02122213133	12	12x12	19.026874
100111111100	00033030003	12	12x12	17.297158
100110110110	03112222222	12	12x12	15.567442
101001010110	00003330002	12	12x12	15.567442
101000100111	00021122222	12	12x12	17.297158
010000110011	03313331112	12	12x12	19.026874
110111111000	03303031330	12	12x12	19.026874
000011101110	00211111300	12	12x12	17.297158
010001011000	02002120221	12	12x12	20.756590
001100011111	00030311331	12	12x12	19.026874
010011001110	00333131222	12	12x12	19.026874
011101011000	00311312213	12	12x12	24.216021
110110110000	00311300020	12	12x12	24.216021
101001011011	02212211111	12	12x12	15.567442
111100101011	03000333112	12	12x12	20.756590
111010000011	00203033020	12	12x12	19.026874
100100001111	00021112133	12	12x12	20.756590
011001110101	02202033331	12	12x12	19.026874
000101111000	03302002120	12	12x12	24.216021
000100100011	00311122220	12	12x12	17.297158
010001101010	00211122113	12	12x12	19.026874
001110101000	00003302221	12	12x12	19.026874
110011010010	02002222221	12	12x12	17.297158
111101110001	03112133000	12	12x12	22.486306
101011001100	00222113312	12	12x12	22.486306
011010101011	03302220003	12	12x12	20.756590
001001010111	02211311131	12	12x12	19.026874
110011001010	02111312111	12	12x12	17.297158
010011110110	00333022221	12	12x12	19.026874
000111101110	00003033313	12	12x12	19.026874
011101100110	00313003030	12	12x12	19.026874
011111001101	00000022213	12	12x12	15.567442
000110001110	03130313122	12	12x12	20.756590
000111101000	00200211131	12	12x12	20.756590
001100000000	02121313333	12	12x12	17.297158
000000110111	03000211222	12	12x12	22.486306
110011011010	03312133033	12	12x12	22.486306
100110000010	02221331333	12	12x12	17.297158
001000010110	02212122212	12	12x12	17.297158
100000111010	00212221313	12	12x12	20.756590
000000111010	03112113312	12	12x12	22.486306
000010011110	03312133122	12	12x12	19.026874
100010010101	02033003303	12	12x12	19.026874
000000110100	02020031303	12	12x12	22.486306
111000110011	00333312112	12	12x12	20.756590
010111000000	00020020211	12	12x12	17.297158
101100000010	03003312131	12	12x12	25.945737
000110110100	00030203302	12	12x12	19.026874
010011001001	03313033313	12	12x12	19.026874
001010111001	02020030313	12	12x12	20.756590
001100101110	00311121221	12	12x12	22.486306
011011011111	00333133302	12	12x12	19.026874
010110010010	02022000221	12	12x12	19.026874
101001010011	03333122212	12	12x12	19.026874
010000100010	02111330333	12	12x12	19.026874
000100001000	02122113033	12	12x12	24.216021
010011010101	02220333020	12	12x12	20.756590
100001100100	02222000031	12	12x12	17.297158
101101100100	03033303002	12	12x12	17.297158
111011001011	02033133311	12	12x12	20.756590
110110111011	02113112022	12	12x12	20.756590
111000111100	02211113121	12	12x12	20.756590
010000000001	00211111200	12	12x12	17.297158
010110111001	02120220203	12	12x12	22.486306
111100110100	00330333113	12	12x12	19.026874
100111100001	03303020003	12	12x12	20.756590
110010000101	00002120021	12	12x12	19.026874
110010110100	03333121212	12	12x12	15.567442
001000000111	00212120030	12	12x12	22.486306
001111111011	00333313130	12	12x12	17.297158
111111010110	02030031133	12	12x12	24.216021
110000100110	02022121221	12	12x12	20.756590
101001110011	00220031303	12	12x12	24.216021
101001111011	02122022111	12	12x12	20.756590
011100100011	02212222022	12	12x12	19.026874
001011111110	02121220212	12	12x12	19.026874
110011011111	02212222200	12	12x12	17.297158
110100101001	00203311112	12	12x12	19.026874
111110110000	02113122000	12	12x12	22.486306
100011100000	02030221222	12	12x12	20.756590
010100010010	02212222213	12	12x12	17.297158
100100010111	00300212003	12	12x12	22.486306
111010101110	02021131121	12	12x12	22.486306
110010101000	00000330220	12	12x12	19.026874
100000001000	00313030220	12	12x12	20.756590
001100101000	00020030002	12	12x12	15.567442
110001010100	02211333133	12	12x12	20.756590
110010111111	00303300022	12	12x12	19.026874
011010001010	03312121131	12	12x12	20.756590
100100110001	03300212002	12	12x12	22.486306
000010000100	00030311211	12	12x12	19.026874
000010011011	02121130313	12	12x12	22.486306
111001000101	02120202122	12	12x12	19.026874
001101101100	02122020203	12	12x12	20.756590
011011111101	02211331112	12	12x12	20.756590
110100110100	00220000002	12	12x12	13.837726
001010010100	03112131121	12	12x12	19.026874
010011100001	00212121312	12	12x12	19.026874
010010010111	03113312111	12	12x12	19.026874
110000001111	02122003300	12	12x12	24.216021
011100110111	03000031133	12	12x12	22.486306
011100110111	02021111131	12	12x12	19.026874
100100110000	00221112122	12	12x12	19.026874
000011000101	00221311202	12	12x12	22.486306
100101010110	02221121213	12	12x12	19.026874
011110010111	00313111122	12	12x12	19.026874
001101001111	02212021133	12	12x12	24.216021
001000010011	03130313333	12	12x12	17.297158
100000111110	00220300303	12	12x12	20.756590
001000110000	00030002212	12	12x12	19.026874
001000011011	03111211330	12	12x12	20.756590
010110010001	00300212111	12	12x12	19.026874
111110100011	02002222131	12	12x12	22.486306
001101111100	00000333303	12	12x12	15.567442
000010100101	03112200211	12	12x12	24.216021
100001101010	00212222131	12	12x12	22.486306
011100111010	02122222030	12	12x12	20.756590
000110011010	03133000020	12	12x12	22.486306
000111111110	00020031331	12	12x12	20.756590
010111001000	00031333030	12	12x12	20.756590
111100001111	03112122220	12	12x12	20.756590
100111101101	02112133303	12	12x12	24.216021
110011000000	00200030331	12	12x12	20.756590
110111111110	00203020203	12	12x12	17.297158
001110100111	03033121213	12	12x12	20.756590
111111001011	00211200000	12	12x12	19.026874
110110010101	00211121200	12	12x12	20.756590
001100011001	02212121220	12	12x12	17.297158
111110000010	00302030313	12	12x12	19.026874
110100111111	02222211331	12	12x12	17.297158
110000001111	00203311311	12	12x12	20.756590
000101101011	00222221331	12	12x12	19.026874
101011100011	03130311222	12	12x12	22.486306
011001111101	00220330331	12	12x12	20.756590
001101011101	00302022112	12	12x12	20.756590
001110011011	03113131222	12	12x12	19.026874
010000100100	02220003313	12	12x12	20.756590
101000111110	03302221212	12	12x12	20.756590
011001000010	00002221220	12	12x12	17.297158
001001110111	03033313302	12	12x12	20.756590
000000010100	02212020211	12	12x12	20.756590
101100110101	00000021202	12	12x12	17.297158
010110110011	02120003020	12	12x12	20.756590
111110110010	02033133312	12	12x12	20.756590
010000001001	03130020300	12	12x12	20.756590
100010000000	03311300002	12	12x12	20.756590
101100110010	00221122021	12	12x12	22.486306
000001101111	03113333130	12	12x12	20.756590
111110001101	03020000003	12	12x12	17.297158
100101111001	03111211333	12	12x12	19.026874
011011111100	02121133030	12	12x12	22.486306
011110011011	00002213111	12	12x12	19.026874
001100111100	00222111222	12	12x12	17.297158
111010111010	00030330330	12	12x12	15.567442
011100011100	00221312200	12	12x12	24.216021
111001100101	00302202220	12	12x12	19.026874
111110101001	03112202221	12	12x12	22.486306
101100111100	00030000200	12	12x12	17.297158
011110011110	03311312200	12	12x12	24.216021
111011010100	03022200313	12	12x12	20.756590
011101011000	00313302003	12	12x12	20.756590
111110111110	02021211330	12	12x12	20.756590
111100110010	02120222111	12	12x12	20.756590
100101101101	00333330000	12	12x12	13.837726
010011011110	02003131303	12	12x12	22.486306
110111110000	02111202112	12	12x12	19.026874
111010100011	02113112211	12	12x12	19.026874
111110110000	00203022120	12	12x12	22.486306
010100110111	00020212020	12	12x12	15.567442
100001100010	02030000220	12	12x12	19.026874
000110101100	03111112002	12	12x12	20.756590
101101000101	00311303002	12	12x12	20.756590
001101011000	02022002220	12	12x12	19.026874
001000110010	02220303130	12	12x12	20.756590
101100111111	02120211331	12	12x12	24.216021
101110011000	00311333033	12	12x12	20.756590
110111110111	03022222000	12	12x12	17.297158
001010011100	03300020211	12	12x12	20.756590
111000000011	02002000022	12	12x12	15.567442
101111110111	02030020212	12	12x12	22.486306
100111010111	03331211122	12	12x12	19.026874
011010011010	03330203030	12	12x12	19.026874
000110101001	00212213113	12	12x12	24.216021
011101010001	02212121213	12	12x12	15.567442
100100100001	02000300002	12	12x12	19.026874
011001110110	02220330220	12	12x12	22.486306
111000110011	02030220000	12	12x12	19.026874
101010001100	00331211220	12	12x12	24.216021
000101001101	03131213122	12	12x12	19.026874
101000011010	03302200202	12	12x12	22.486306
111000101000	02111133130	12	12x12	22.486306
111010100000	03302022211	12	12x12	20.756590
110100010101	02112131211	12	12x12	19.026874
010001110000	00330200203	12	12x12	20.756590
001110111010	03111122000	12	12x12	19.026874
100011100100	03003002120	12	12x12	20.756590
011111111110	02003300313	12	12x12	22.486306
001010011100	00331213122	12	12x12	22.486306
011101101000	00212221133	12	12x12	22.486306
001000011010	02030031300	12	12x12	22.486306
110011001010	00003131330	12	12x12	17.297158
111010100000	02202121111	12	12x12	19.026874
111110110110	02030300300	12	12x12	17.297158
111011100000	00200222033	12	12x12	19.026874
111001011011	00333112203	12	12x12	22.486306
010000111011	03312133000	12	12x12	22.486306
000100001011	00021202222	12	12x12	19.026874
000110000011	00002020021	12	12x12	17.297158
100011111001	00313130002	12	12x12	19.026874
010110011110	03312112113	12	12x12	19.026874
101111001110	02033312133	12	12x12	20.756590
110100100110	03130022221	12	12x12	20.756590
101011100010	02022213313	12	12x12	22.486306
111100100100	03331221312	12	12x12	20.756590
000000010101	02033113302	12	12x12	24.216021
110101001001	02212202203	12	12x12	19.026874
010110101001	02222133312	12	12x12	20.756590
111101111010	02021211313	12	12x12	20.756590
111111001001	00021122111	12	12x12	17.297158
010100011111	02033133133	12	12x12	17.297158
000101010111	00302030030	12	12x12	17.297158
010010100111	02113133313	12	12x12	20.756590
110001110001	03020200331	12	12x12	20.756590
100101111001	00203022033	12	12x12	19.026874
011100010111	03312133112	12	12x12	22.486306
111011101011	02113300000	12	12x12	19.026874
101111111000	03113303130	12	12x12	24.216021
110001011101	03020302022	12	12x12	15.567442
110110001001	02021111330	12	12x12	19.026874
110001100001	00000000212	12	12x12	13.837726
101001001111	03331221112	12	12x12	19.026874
010100010001	00003111333	12	12x12	17.297158
001101010111	02112020031	12	12x12	24.216021
011000001100	02211312131	12	12x12	20.756590
010000000110	03111113333	12	12x12	15.567442
001010001000	02203303303	12	12x12	19.026874
110001111100	00033002120	12	12x12	22.486306
100000011111	00303131331	12	12x12	17.297158
111110011011	00211131122	12	12x12	20.756590
001111011000	00002222203	12	12x12	15.567442
100110000111	03333113330	12	12x12	17.297158
101000100010	00303312121	12	12x12	19.026874
111011110000	03303111112	12	12x12	19.026874
001110001100	03112202020	12	12x12	20.756590
101100100110	00003303113	12	12x12	20.756590
101111101010	02213111300	12	12x12	22.486306
110101111000	00030333312	12	12x12	19.026874
101110000101	03033331333	12	12x12	17.297158
111100001001	00330222211	12	12x12	20.756590
000001000011	00302003131	12	12x12	19.026874
010010111010	03130313000	12	12x12	19.026874
000110100110	03300212220	12	12x12	22.486306
010010010010	03111311220	12	12x12	20.756590
110111101000	03022111121	12	12x12	22.486306
001110110010	02021131130	12	12x12	20.756590
110010001010	00211220020	12	12x12	22.486306
101111001100	03133030203	12	12x12	24.216021
000110000000	03302030200	12	12x12	19.026874
010100000101	03022120020	12	12x12	22.486306
011111100000	03111111200	12	12x12	17.297158
101110111000	00033002122	12	12x12	20.756590
010011001100	03112200203	12	12x12	25.945737
001001011101	00031313121	12	12x12	17.297158
010110010000	00020300020	12	12x12	15.567442
000110101000	00331312113	12	12x12	22.486306
000011001101	00212120000	12	12x12	17.297158
110000001110	00302000031	12	12x12	19.026874
101011011101	03002220022	12	12x12	19.026874
110001001011	00303303330	12	12x12	17.297158
101000101111	02120211133	12	12x12	22.486306
110000011011	00220222222	12	12x12	13.837726
111111100100	03033121211	12	12x12	19.026874
100110000110	00333302220	12	12x12	19.026874
000111001110	02113303003	12	12x12	24.216021
011100001000	02120022212	12	12x12	20.756590
001011110111	03330313111	12	12x12	19.026874
000110101010	00000211221	12	12x12	17.297158
001001011000	00311300303	12	12x12	20.756590
001011100001	03113122222	12	12x12	19.026874
000000110100	02212220200	12	12x12	19.026874
000000101001	02212000221	12	12x12	19.026874
100001010110	02033333312	12	12x12	17.297158
011001110110	02000211200	12	12x12	20.756590
111011110110	02220212111	12	12x12	19.026874
001001101100	02112220203	12	12x12	22.486306
010101011101	00203031331	12	12x12	20.756590
010110001110	02213122122	12	12x12	19.026874
000110001110	00030002030	12	12x12	17.297158
010110110110	02111222220	12	12x12	17.297158
000011000101	03022033033	12	12x12	19.026874
111111100000	02122203031	12	12x12	22.486306
001010010001	00313121313	12	12x12	19.026874
000111101000	03133333002	12	12x12	19.026874
100011011010	03311213300	12	12x12	22.486306
111101001100	02003020031	12	12x12	19.026874
110101100101	03312131222	12	12x12	22.486306
100100010101	02030222122	12	12x12	22.486306
111010110101	02211121213	12	12x12	19.026874
111000101111	03331333111	12	12x12	15.567442
001010001001	03113330202	12	12x12	22.486306
111101100101	03331213112	12	12x12	22.486306
100101100100	00002222131	12	12x12	17.297158
011111101110	00313312113	12	12x12	24.216021
111100101110	03033302203	12	12x12	22.486306
111001001101	00000202111	12	12x12	15.567442
111000100001	03313122111	12	12x12	20.756590
100110001100	00200200303	12	12x12	15.567442
111110110011	02220303313	12	12x12	22.486306
000110000010	00331333312	12	12x12	19.026874
000000101000	02113130313	12	12x12	20.756590
100000001111	03112133122	12	12x12	22.486306
110000100101	02212133130	12	12x12	22.486306
000101010001	03112211122	12	12x12	19.026874
110010001101	00211221333	12	12x12	20.756590
011000001010	02022122213	12	12x12	20.756590
010011110111	00200020333	12	12x12	17.297158
100100011100	03300202113	12	12x12	22.486306
000010110111	03311303112	12	12x12	22.486306
000111101110	00211122020	12	12x12	20.756590
011101001011	02112002120	12	12x12	22.486306
000111000000	00303313002	12	12x12	22.486306
110000001111	00021213111	12	12x12	19.026874
011001100111	02120033022	12	12x12	24.216021
110010110100	02121113003	12	12x12	22.486306
011000011100	03002121212	12	12x12	19.026874
101110001011	00221220212	12	12x12	19.026874
111110010001	03302202222	12	12x12	19.026874
101110000111	02212120222	12	12x12	17.297158
010111001101	03302202020	12	12x12	19.026874
000111011011	00212020002	12	12x12	19.026874
010110010101	00222221213	12	12x12	17.297158
000101001000	03331213121	12	12x12	19.026874
101110101001	03331221222	12	12x12	17.297158
011101110111	03330203002	12	12x12	20.756590
001001000001	00331313131	12	12x12	15.567442
010110100011	00313333312	12	12x12	20.756590
100101101010	02112133030	12	12x12	24.216021
101001011101	00031300220	12	12x12	22.486306
110101010010	00222213313	12	12x12	20.756590
101111010110	00003313111	12	12x12	17.297158
001001111100	02221331221	12	12x12	22.486306
011011110111	02212133313	12	12x12	20.756590
001110101100	03330222000	12	12x12	19.026874
000010110111	02112002202	12	12x12	24.216021
100010011011	03333002122	12	12x12	19.026874
010011110101	02000031333	12	12x12	20.756590
001010011110	03003030313	12	12x12	19.026874
000110001110	03300212002	12	12x12	22.486306
111010101001	00311300022	12	12x12	22.486306
111100011000	03112212000	12	12x12	24.216021
100101001000	00033022021	12	12x12	22.486306
111011000011	03000211221	12	12x12	22.486306
100011110010	03113333300	12	12x12	19.026874
000001010010	03111211303	12	12x12	20.756590
011100110111	02112211212	12	12x12	19.026874
101010010111	03003111300	12	12x12	19.026874
001100000010	03303113330	12	12x12	19.026874
101110101010	02022220030	12	12x12	20.756590
011110101001	03130331303	12	12x12	19.026874
111001000001	03111202002	12	12x12	22.486306
111000110000	00033311120	12	12x12	19.026874
000001000101	00020033131	12	12x12	19.026874
110011000010	02020302003	12	12x12	19.026874
111110011111	03330020020	12	12x12	17.297158
001011111101	02122122120	12	12x12	17.297158
011011010100	00211200033	12	12x12	22.486306
000000110001	02211130333	12	12x12	19.026874
000110110010	03333331131	12	12x12	17.297158
101111101100	03330000021	12	12x12	17.297158
111101010110	00211133000	12	12x12	19.026874
110000010111	03033030311	12	12x12	17.297158
101001011000	00313033312	12	12x12	20.756590
010111110111	03311113300	12	12x12	19.026874
110000101100	00211131120	12	12x12	22.486306
010100010010	03312131220	12	12x12	24.216021
010000011011	03020203031	12	12x12	19.026874
000101111010	02030313030	12	12x12	19.026874
101111111110	03002122030	12	12x12	22.486306
100000001101	02122113331	12	12x12	22.486306
110101110101	02211120002	12	12x12	20.756590
011000110011	03333330311	12	12x12	17.297158
111010100100	02111303030	12	12x12	19.026874
111101110100	02221211113	12	12x12	17.297158
111010111001	02120200212	12	12x12	20.756590
011011101110	00300222113	12	12x12	19.026874
000110000011	03312113130	12	12x12	24.216021
010101101001	03112213130	12	12x12	22.486306
010100011000	03330022033	12	12x12	20.756590
110100110010	02020331303	12	12x12	20.756590
101101110000	03002120222	12	12x12	24.216021
111110011010	00003111331	12	12x12	19.026874
011000001001	00302203033	12	12x12	19.026874
100110101101	03303111330	12	12x12	19.026874
011000011100	03313302020	12	12x12	19.026874
000101110111	02202003022	12	12x12	20.756590
001011101111	03113311202	12	12x12	20.756590
011101010101	02112002111	12	12x12	19.026874
101010010000	03300331303	12	12x12	19.026874
001011000100	02221331212	12	12x12	20.756590
111110011111	02222131311	12	12x12	15.567442
001010000011	03112221113	12	12x12	20.756590
111010111110	00313030202	12	12x12	19.026874
110101111000	00003111312	12	12x12	19.026874
100010111011	02002022002	12	12x12	17.297158
010011010000	03111112222	12	12x12	15.567442
110101010101	02202221120	12	12x12	22.486306
011010010110	03130313330	12	12x12	19.026874
110101101000	02113330302	12	12x12	22.486306
100000100001	02213112122	12	12x12	22.486306
001110010100	02021200333	12	12x12	20.756590
011000011000	00031111303	12	12x12	19.026874
001111001001	03033331222	12	12x12	19.026874
111000101000	00000302030	12	12x12	15.567442
011001101110	00302002213	12	12x12	22.486306
010100111000	02113113130	12	12x12	20.756590
000100011000	03112122203	12	12x12	22.486306
100101000010	03033121312	12	12x12	24.216021
010001011110	03000030002	12	12x12	17.297158
101011011010	02200031313	12	12x12	19.026874
000011110110	03022111131	12	12x12	20.756590
001111101001	03130313331	12	12x12	19.026874
011110100010	03311111220	12	12x12	17.297158
101111011010	00311121130	12	12x12	22.486306
111111101100	00300003131	12	12x12	17.297158
110101100101	00221202112	12	12x12	20.756590
001100010011	00220303131	12	12x12	20.756590
100011101101	02200022021	12	12x12	20.756590
000111100000	02120030203	12	12x12	24.216021
101001111000	00002033111	12	12x12	19.026874
001010111001	00003131211	12	12x12	17.297158
101001010011	03300221212	12	12x12	20.756590
011000111001	03303130333	12	12x12	19.026874
000011000110	03302202112	12	12x12	24.216021
100001001010	03300203311	12	12x12	20.756590
111110010010	02122020300	12	12x12	22.486306
001101111000	00033331331	12	12x12	17.297158
110101111110	02002122203	12	12x12	20.756590
110100101110	02121121312	12	12x12	22.486306
101010111101	00311130033	12	12x12	19.026874
000010100000	00222021131	12	12x12	22.486306
001110110100	03131211202	12	12x12	22.486306
100010011001	02200330331	12	12x12	20.756590
001101011101	03131113121	12	12x12	20.756590
000101001100	03020003113	12	12x12	22.486306
110011100111	03003113303	12	12x12	22.486306
101100100110	03303313112	12	12x12	20.756590
110011011001	02120003331	12	12x12	20.756590
001101110011	02113121113	12	12x12	20.756590
010010011101	02000003020	12	12x12	19.026874
110110110001	03033002033	12	12x12	20.756590
010010111010	02030311331	12	12x12	20.756590
011110101001	02211131331	12	12x12	20.756590
110000010000	00003313031	12	12x12	20.756590
101110011010	03030022030	12	12x12	20.756590
101000010110	02022020200	12	12x12	15.567442
001110101111	02021131213	12	12x12	22.486306
000101011010	03002203031	12	12x12	22.486306
010000100000	00212020303	12	12x12	19.026874
110010010111	02033131303	12	12x12	20.756590
000001110001	00220221313	12	12x12	19.026874
100001010010	02113121202	12	12x12	22.486306
101010110110	03311122200	12	12x12	19.026874
111111111111	03111112000	12	12x12	19.026874
000111011100	00333111211	12	12x12	19.026874
010100011110	00002002002	12	12x12	13.837726
011010000010	00000331211	12	12x12	17.297158
100111001110	00022220302	12	12x12	19.026874
000010000110	00030220333	12	12x12	20.756590
110001100011	03131131122	12	12x12	19.026874
001110100000	00220303130	12	12x12	22.486306
110001110001	03130333131	12	12x12	19.026874
101110110101	02120212002	12	12x12	20.756590
110101111100	00202111311	12	12x12	19.026874
000011001010	00031333111	12	12x12	19.026874
001001011000	00221121211	12	12x12	19.026874
100011001111	03130000221	12	12x12	20.756590
000101101001	02030222030	12	12x12	17.297158
111001101100	02030331111	12	12x12	19.026874
000110001101	02033111312	12	12x12	22.486306
001100110011	00031113131	12	12x12	17.297158
111011101111	00331213122	12	12x12	22.486306
011111001110	00302211200	12	12x12	22.486306
101001101010	02122030330	12	12x12	22.486306
010011110111	02111312222	12	12x12	20.756590
110110111001	00200313311	12	12x12	20.756590
100010010111	02222131111	12	12x12	17.297158
000001010000	02120030221	12	12x12	24.216021
100100100100	00331311331	12	12x12	19.026874
011101110011	02212022222	12	12x12	17.297158
010101011100	02112211113	12	12x12	19.026874
010010100010	02033330220	12	12x12	20.756590
000010101001	00330222111	12	12x12	20.756590
001001110000	03002121121	12	12x12	24.216021
010011101001	02002002121	12	12x12	17.297158
100101001111	03130030002	12	12x12	19.026874
101000110000	03331300311	12	12x12	20.756590
110011100111	02112133113	12	12x12	22.486306
011000001000	03331131112	12	12x12	19.026874
010000001100	00212120212	12	12x12	17.297158
110010000110	00333312213	12	12x12	22.486306
011100011111	02203330330	12	12x12	20.756590
001000001010	03031333302	12	12x12	20.756590
110110010100	02021131131	12	12x12	19.026874
100010111000	03111330333	12	12x12	19.026874
001110101000	00022131221	12	12x12	20.756590
101101100001	00220220031	12	12x12	20.756590
110000110001	03311212222	12	12x12	19.026874
001000000111	03000200021	12	12x12	19.026874
100101101010	00313121313	12	12x12	19.026874
100001010100	02020303020	12	12x12	17.297158
001000010001	02211112113	12	12x12	19.026874
000010000011	02111130333	12	12x12	19.026874
110101010111	03000021202	12	12x12	22.486306
010000011100	03111133033	12	12x12	19.026874
111011101000	03313000021	12	12x12	20.756590
111011010101	02200313330	12	12x12	22.486306
101010011101	03312111200	12	12x12	22.486306
101110101001	00211122213	12	12x12	22.486306
011101011000	02122113130	12	12x12	24.216021
001001100110	00313131120	12	12x12	20.756590
011101010110	02202112222	12	12x12	19.026874
100111001011	00221202000	12	12x12	19.026874
111111011100	00022120002	12	12x12	19.026874
111100111101	02033313122	12	12x12	20.756590
110110010000	03130303002	12	12x12	19.026874
001000010100	00000222022	12	12x12	15.567442
001000101000	02113111333	12	12x12	20.756590
111110111110	00212202033	12	12x12	22.486306
001011010001	02111213300	12	12x12	22.486306
101101010110	00002022200	12	12x12	15.567442
011111101101	02113130311	12	12x12	22.486306
001100100010	02211113312	12	12x12	20.756590
000100110111	00200030002	12	12x12	17.297158
100010110111	03113302030	12	12x12	24.216021
000101110101	00311300311	12	12x12	17.297158
101110011111	02122131333	12	12x12	20.756590
001000001001	00311333002	12	12x12	20.756590
010101101100	00031133312	12	12x12	20.756590
000000010000	03133302202	12	12x12	24.216021
011010101111	00220031300	12	12x12	24.216021
100110001010	02211331330	12	12x12	20.756590
001111001100	03300202000	12	12x12	19.026874
111101110011	02112133030	12	12x12	24.216021
000001011010	00021111130	12	12x12	19.026874
011011010100	02211122122	12	12x12	17.297158
011000101001	02213122133	12	12x12	19.026874
101001111110	02113311121	12	12x12	22.486306
010101011010	02122020212	12	12x12	19.026874
001010101001	00021111113	12	12x12	15.567442
010011000011	02212002122	12	12x12	20.756590
011101001000	02112220021	12	12x12	20.756590
101010101111	00302200212	12	12x12	20.756590
001100100001	03030000212	12	12x12	19.026874
010001101100	02033311211	12	12x12	19.026874
101101011110	00221312200	12	12x12	24.216021
011000011111	00031131133	12	12x12	17.297158
101110010001	03022120033	12	12x12	22.486306
101100001010	00033311122	12	12x12	17.297158
100110101000	00200220303	12	12x12	19.026874
101010001011	00311130311	12	12x12	17.297158
010000110101	02113131111	12	12x12	19.026874
010101010010	02000313033	12	12x12	22.486306
000010010110	00200020212	12	12x12	19.026874
110001101010	00033333122	12	12x12	17.297158
000100011111	00022222213	12	12x12	15.567442
011111001011	00203313033	12	12x12	19.026874
111001110000	03302221120	12	12x12	24.216021
010011001000	00002030031	12	12x12	20.756590
000001111111	00222202222	12	12x12	12.108011
001011111101	00022033002	12	12x12	20.756590
100111000100	02030220021	12	12x12	20.756590
111111010100	02203003113	12	12x12	24.216021
000110011110	00030020030	12	12x12	17.297158
001110010010	03020330300	12	12x12	17.297158
001000010111	02212200333	12	12x12	19.026874
010111000011	03020330220	12	12x12	20.756590
110001110000	03111202220	12	12x12	20.756590
111101011101	03112121212	12	12x12	17.297158
111000000001	00030031133	12	12x12	19.026874
010110111011	02030002112	12	12x12	22.486306
011101001001	03300031111	12	12x12	19.026874
011010101101	00003311121	12	12x12	19.026874
111010100111	00331211303	12	12x12	22.486306
011111011111	02003020211	12	12x12	22.486306
100011001110	03330222022	12	12x12	19.026874
110111100100	03002221112	12	12x12	20.756590
111001100011	00331121120	12	12x12	20.756590
001111001110	02022000311	12	12x12	22.486306
000001101101	02033302020	12	12x12	19.026874
011000100110	00221312200	12	12x12	24.216021
110110000011	00313000303	12	12x12	19.026874
000110000100	00021211113	12	12x12	17.297158
010101111001	02112203022	12	12x12	24.216021
101011010010	03111111121	12	12x12	17.297158
011101010000	02120020333	12	12x12	22.486306
000111100000	00311333303	12	12x12	20.756590
111110100111	00212131333	12	12x12	19.026874
010000100000	02120203333	12	12x12	19.026874
100111110100	03311113312	12	12x12	19.026874
001100110111	03300212211	12	12x12	22.486306
000011110001	00031131121	12	12x12	20.756590
111001110110	00000200203	12	12x12	15.567442
011101001011	02120221313	12	12x12	22.486306
101010010010	03313030002	12	12x12	20.756590
011110011101	00313121211	12	12x12	17.297158
001110001111	00333313133	12	12x12	15.567442
011110101101	02002121221	12	12x12	20.756590
110111010001	02200203022	12	12x12	20.756590
100011111110	03020211220	12	12x12	22.486306
001011000001	00311311220	12	12x12	20.756590
111001111001	00211222203	12	12x12	20.756590
000001000001	00002120000	12	12x12	17.297158
000001001000	00313303112	12	12x12	20.756590
111001010011	00211112022	12	12x12	17.297158
000101000010	02121331221	12	12x12	24.216021
100101110110	00221312133	12	12x12	22.486306
110110100101	03002221122	12	12x12	22.486306
011001000111	03300221212	12	12x12	20.756590
110010100101	03312131213	12	12x12	20.756590
001110000101	02203022030	12	12x12	17.297158
010011110000	03031121312	12	12x12	22.486306
010111110000	02021221122	12	12x12	20.756590
011010011010	00211120022	12	12x12	19.026874
011000100101	00000002203	12	12x12	15.567442
111101000101	02203303131	12	12x12	22.486306
000110101000	00313112211	12	12x12	22.486306
001010110100	02030311312	12	12x12	22.486306
000000100010	02022203300	12	12x12	20.756590
100110110111	00211113330	12	12x12	17.297158
000000000101	02222222131	12	12x12	15.567442
101001011101	03133333302	12	12x12	19.026874
111111011101	00203302202	12	12x12	20.756590
111010100001	00202220021	12	12x12	19.026874
001001110110	03033330313	12	12x12	20.756590
101100100001	02003302020	12	12x12	20.756590
010001101010	02122212022	12	12x12	19.026874
010011010101	02222221113	12	12x12	13.837726
000010011001	03111112133	12	12x12	20.756590
010101111100	03130331111	12	12x12	20.756590
101001111001	02203330030	12	12x12	20.756590
100000100100	03130022211	12	12x12	22.486306
110111000000	03113033022	12	12x12	24.216021
100001111100	03130002202	12	12x12	24.216021
010010101100	00033111213	12	12x12	20.756590
101100001010	03113312133	12	12x12	20.756590
110100010010	00300020202	12	12x12	17.297158
101000001111	03113033031	12	12x12	20.756590
011000000010	03022213122	12	12x12	20.756590
100011001001	02213133121	12	12x12	22.486306
111000100100	03312133303	12	12x12	24.216021
100100001110	02113133302	12	12x12	22.486306
100110010111	02033003312	12	12x12	22.486306
101000000111	02211221202	12	12x12	20.756590
001110111010	03313302033	12	12x12	20.756590
110111111001	02022211122	12	12x12	19.026874
111001001100	03131312212	12	12x12	19.026874
000010110000	03130022212	12	12x12	24.216021
110001111100	00211131312	12	12x12	20.756590
001001010100	02033330331	12	12x12	19.026874
100110101001	00331330302	12	12x12	20.756590
101110110110	00021111121	12	12x12	19.026874
100010101011	00333130311	12	12x12	19.026874
100100111100	02021122200	12	12x12	19.026874
010001001101	03020303130	12	12x12	20.756590
000111010110	03000003031	12	12x12	19.026874
110011001110	03020302003	12	12x12	17.297158
011111010111	00331331122	12	12x12	20.756590
101011101110	03313300002	12	12x12	17.297158
000000000010	03000203002	12	12x12	19.026874
001111010001	00031130002	12	12x12	19.026874
111100100110	03031112222	12	12x12	17.297158
000100010111	03113311131	12	12x12	19.026874
001110101001	02003003313	12	12x12	24.216021
110010000001	02111303300	12	12x12	20.756590
111010010001	00211211212	12	12x12	17.297158
001011101111	00020211312	12	12x12	20.756590
000110110001	02033031300	12	12x12	22.486306
101011111011	03311333121	12	12x12	19.026874
111111110010	02030200202	12	12x12	17.297158
011101000110	00021111113	12	12x12	15.567442
111110110111	02111200203	12	12x12	22.486306
110110000100	03020330222	12	12x12	19.026874
111000101110	00313131212	12	12x12	17.297158
011011110001	00212213121	12	12x12	20.756590
001000100101	02221121213	12	12x12	19.026874
100001010000	00313331313	12	12x12	19.026874
111101000011	00311121213	12	12x12	20.756590
000111001101	03131300302	12	12x12	20.756590
010101011101	02030030221	12	12x12	22.486306
101110111010	03112113311	12	12x12	19.026874
010101000001	03130031131	12	12x12	20.756590
001011111101	02030200211	12	12x12	20.756590
011010010000	02111122003	12	12x12	20.756590
000011011100	00030221122	12	12x12	22.486306
110101000001	03033022212	12	12x12	22.486306
111010011010	03131221202	12	12x12	22.486306
001111111100	03302021202	12	12x12	20.756590
001110101001	00300222222	12	12x12	13.837726
110101111110	03303303022	12	12x12	19.026874
100011111101	03033121212	12	12x12	19.026874
110010010011	02000300330	12	12x12	20.756590
110010010111	00211211111	12	12x12	17.297158
011000001110	00031130302	12	12x12	22.486306
000010100100	02033312112	12	12x12	20.756590
100010100110	02120030300	12	12x12	20.756590
001110101011	00221211202	12	12x12	20.756590
001010000101	03112131112	12	12x12	20.756590
010011101000	00330311333	12	12x12	20.756590
100111101010	03030002030	12	12x12	19.026874
110100001100	00220000212	12	12x12	19.026874
100000110110	02121311311	12	12x12	17.297158
111110110011	03311111212	12	12x12	17.297158
001100100100	02202213111	12	12x12	20.756590
001011101111	03020222133	12	12x12	20.756590
000101100101	00330333312	12	12x12	19.026874
110111110000	00003131211	12	12x12	17.297158
010110101011	02222121131	12	12x12	20.756590
000100110001	03312122120	12	12x12	22.486306
111000110100	03022222202	12	12x12	19.026874
011101000101	02022003133	12	12x12	22.486306
000001111010	02030202212	12	12x12	20.756590
001001000111	00202000303	12	12x12	17.297158
000011100001	00000021213	12	12x12	15.567442
010100000011	02120002000	12	12x12	17.297158
100110001000	00020300022	12	12x12	15.567442
101010110110	00221311330	12	12x12	24.216021
000001010000	02200330220	12	12x12	20.756590
101000110000	02022111300	12	12x12	20.756590
001110011110	02211312213	12	12x12	20.756590
110001000111	03130031133	12	12x12	20.756590
110011001110	03131121311	12	12x12	19.026874
111101110000	00200020020	12	12x12	17.297158
001011101000	02111131120	12	12x12	22.486306
001000100101	00202113122	12	12x12	20.756590
100010100010	00211221111	12	12x12	19.026874
001001011101	03111211221	12	12x12	20.756590
000001110001	00020031330	12	12x12	20.756590
000111111101	00002033022	12	12x12	19.026874
011100010110	03131300203	12	12x12	20.756590
110000101111	03111311121	12	12x12	19.026874
010111011011	03300203030	12	12x12	20.756590
001101101111	03330002122	12	12x12	19.026874
110011100101	03000333022	12	12x12	20.756590
010011111111	00022131211	12	12x12	20.756590
010000100111	02220200303	12	12x12	20.756590
100001101101	00211111222	12	12x12	17.297158
101110111101	00212203020	12	12x12	20.756590
110100001001	00203313033	12	12x12	19.026874
101011111111	02111111333	12	12x12	15.567442
101010100010	02000300222	12	12x12	19.026874
100100011111	03302021220	12	12x12	22.486306
100100100101	00303033330	12	12x12	13.837726
101010010110	00313111220	12	12x12	20.756590
011100100100	00220003311	12	12x12	20.756590
101100000001	03033020202	12	12x12	17.297158
110001100011	03002121220	12	12x12	22.486306
010101001001	03302030302	12	12x12	20.756590
110001100111	00330200003	12	12x12	19.026874
000000111111	00330020302	12	12x12	22.486306
100100000101	03311222200	12	12x12	19.026874
100011100111	03022121130	12	12x12	20.756590
000001101111	00333333311	12	12x12	13.837726
011100101000	02222211330	12	12x12	17.297158
110100101110	00211202030	12	12x12	22.486306
000111101011	03331313122	12	12x12	17.297158
111111010010	00003313331	12	12x12	17.297158
101010111010	00222111311	12	12x12	19.026874
110110000111	00221111300	12	12x12	19.026874
100100011110	00021112002	12	12x12	19.026874
010100001000	00033302033	12	12x12	19.026874
011110011111	00313112222	12	12x12	19.026874
010111010011	00211211211	12	12x12	15.567442
001010000000	00022121211	12	12x12	15.567442
111001111101	00211133122	12	12x12	22.486306
101001000000	00021111113	12	12x12	15.567442
110100110111	02213121130	12	12x12	24.216021
011010000000	00302033111	12	12x12	20.756590
110011101001	02000022111	12	12x12	19.026874
011100101001	00211111312	12	12x12	20.756590
010010011010	00211112021	12	12x12	19.026874
101000101001	03133033030	12	12x12	19.026874
100100111101	03131221113	12	12x12	20.756590
001000010110	00211200211	12	12x12	17.297158
010101000110	03303113133	12	12x12	19.026874
010101001001	02200300311	12	12x12	20.756590
000011100101	02113311300	12	12x12	22.486306
111100101111	02020300333	12	12x12	19.026874
001111100111	00331312122	12	12x12	19.026874
011111110001	02003133131	12	12x12	22.486306
011000110000	00220000033	12	12x12	17.297158
010101111111	03112220302	12	12x12	24.216021
100111001011	03313003030	12	12x12	20.756590
011101000011	03302033131	12	12x12	22.486306
000001001010	02122120002	12	12x12	20.756590
001010111101	02212133122	12	12x12	20.756590
010110110101	02111222220	12	12x12	17.297158
101100101000	03133031111	12	12x12	19.026874
000000100000	02211311111	12	12x12	17.297158
101001100100	03002222112	12	12x12	20.756590
110001011111	00000030200	12	12x12	15.567442
100101010100	03313121312	12	12x12	19.026874
100100100111	00311331221	12	12x12	22.486306
000010000011	00311121331	12	12x12	22.486306
010111110111	00211211222	12	12x12	19.026874
011110101001	00313312213	12	12x12	24.216021
010100110000	00330311221	12	12x12	22.486306
001011001110	00220022113	12	12x12	19.026874
100001111111	03112222211	12	12x12	19.026874
101011100001	00000313121	12	12x12	17.297158
001000110110	02203022020	12	12x12	19.026874
100011010010	02213121330	12	12x12	24.216021
111111000000	02120200212	12	12x12	20.756590
110111010101	00211202120	12	12x12	20.756590
100000011110	02200212222	12	12x12	19.026874
101110111100	00202112000	12	12x12	19.026874
001111001101	00200333002	12	12x12	19.026874
100001001010	00211200030	12	12x12	24.216021
001011011100	02033130031	12	12x12	22.486306
010011011000	03331212213	12	12x12	20.756590
011101011101	02113130000	12	12x12	20.756590
011111101110	02122030220	12	12x12	22.486306
001100100001	00302211120	12	12x12	22.486306
010100011110	00303313311	12	12x12	17.297158
110010110011	02212131213	12	12x12	19.026874
110100010111	03112111111	12	12x12	17.297158
101110111000	02030203302	12	12x12	19.026874
011100101110	00222121331	12	12x12	20.756590
111100001001	00302003031	12	12x12	19.026874
011110111110	00021222221	12	12x12	17.297158
101100010110	00303020021	12	12x12	19.026874
101110001010	03312121331	12	12x12	20.756590
100011100111	00311330200	12	12x12	22.486306
111110100110	02121333033	12	12x12	20.756590
101101110101	02113330313	12	12x12	24.216021
100110111101	02203333333	12	12x12	15.567442
110011111101	02000222221	12	12x12	17.297158
010100100000	00333111220	12	12x12	19.026874
010110111010	03000211212	12	12x12	22.486306
011100001010	00020222121	12	12x12	19.026874
000000000110	02003131112	12	12x12	22.486306
001111101110	00022212113	12	12x12	19.026874
101011010010	03000212203	12	12x12	24.216021
010100011110	03112220300	12	12x12	22.486306
111101011111	03020330031	12	12x12	20.756590
111010001001	00030300031	12	12x12	17.297158
110110100110	02111303003	12	12x12	22.486306
101011001111	00030033303	12	12x12	15.567442
111010110001	00200303302	12	12x12	19.026874
001011011000	02213113031	12	12x12	24.216021
100011000111	03300200330	12	12x12	20.756590
000100010011	03133020202	12	12x12	19.026874
110100001111	02003003313	12	12x12	24.216021
100100101110	02112000333	12	12x12	22.486306
101100001011	02033131331	12	12x12	22.486306
001100101100	00003312131	12	12x12	20.756590
001011000001	02003130331	12	12x12	25.945737
000001110111	00003331221	12	12x12	19.026874
110101010011	00031300333	12	12x12	19.026874
010111000001	02122213313	12	12x12	22.486306
000010110000	00200000303	12	12x12	17.297158
111100101111	00311122000	12	12x12	19.026874
101101100111	02003131112	12	12x12	22.486306
111011100100	00331311130	12	12x12	19.026874
000010100110	03113000203	12	12x12	25.945737
000010101000	00313031112	12	12x12	20.756590
010011101011	00021202111	12	12x12	20.756590
110111011110	02022213133	12	12x12	19.026874
101000100000	03333113302	12	12x12	20.756590
101010001111	03330031330	12	12x12	19.026874
110110111000	03113131312	12	12x12	17.297158
100111011011	00203331120	12	12x12	22.486306
111011010101	02120033302	12	12x12	24.216021
001110101011	00022122030	12	12x12	20.756590
000000011110	03002203303	12	12x12	22.486306
101101000110	03331330313	12	12x12	19.026874
001001101100	03130031113	12	12x12	20.756590
011101100001	02030200331	12	12x12	20.756590
010010001101	03003130313	12	12x12	19.026874
111101001000	03303131333	12	12x12	17.297158
101000110001	00221122030	12	12x12	24.216021
010000100010	03313130000	12	12x12	17.297158
000101001101	03030222111	12	12x12	17.297158
001101111111	02202211202	12	12x12	20.756590
011111000011	03131111200	12	12x12	19.026874
011100110000	00022022131	12	12x12	20.756590
010110011110	00220203313	12	12x12	22.486306
000101000001	00030031300	12	12x12	17.297158
010101110000	03003111111	12	12x12	17.297158
010000010110	02033131121	12	12x12	22.486306
001110110100	03133003312	12	12x12	24.216021
101010100001	00022000302	12	12x12	20.756590
101101011011	00200211213	12	12x12	20.756590
100000111011	02002212113	12	12x12	24.216021
010000001110	03113031111	12	12x12	19.026874
010111100101	03020330003	12	12x12	19.026874
011111011000	00203022213	12	12x12	20.756590
101011100011	03131300030	12	12x12	19.026874
110001100111	03112133000	12	12x12	22.486306
001000000001	03111112002	12	12x12	20.756590
101010111110	02220022000	12	12x12	17.297158
010101000100	02113130302	12	12x12	20.756590
100110010001	00302203030	12	12x12	19.026874
011101110100	02113331222	12	12x12	22.486306
000001001111	03030221220	12	12x12	19.026874
001000100011	00033022033	12	12x12	20.756590
100100111110	00331303113	12	12x12	20.756590
000011100101	02033111331	12	12x12	22.486306
011110101110	00221312220	12	12x12	22.486306
011100000100	03020303022	12	12x12	17.297158
011001110101	02111331313	12	12x12	20.756590
001100010000	03133311312	12	12x12	22.486306
110001101100	00212021111	12	12x12	19.026874
000011101001	03313031121	12	12x12	25.945737
100111101100	03131221202	12	12x12	22.486306
100111000101	02222112133	12	12x12	20.756590
010101000000	00313030002	12	12x12	19.026874
010111001110	03113331221	12	12x12	22.486306
110010010001	03131313302	12	12x12	17.297158
010000000000	03302200022	12	12x12	20.756590
001011001000	02000033133	12	12x12	19.026874
011100100010	02020020220	12	12x12	17.297158
101001000101	00313031122	12	12x12	22.486306
011101010001	00033113333	12	12x12	17.297158
010000100011	00303020330	12	12x12	19.026874
010010101000	00203033111	12	12x12	19.026874
011110110100	00221111222	12	12x12	17.297158
101010010011	02111130031	12	12x12	22.486306
011001011101	02113122021	12	12x12	24.216021
100101101010	02113112131	12	12x12	20.756590
111101010011	03330033030	12	12x12	19.026874
100011010110	00202021220	12	12x12	17.297158
110101101101	03111221331	12	12x12	24.216021
101010101010	00003303033	12	12x12	15.567442
110101110101	02003130311	12	12x12	24.216021
100010011101	00311303312	12	12x12	22.486306
111111010011	03020330031	12	12x12	20.756590
101110110111	02030303111	12	12x12	17.297158
110111111011	00211111133	12	12x12	17.297158
110010101011	03131221112	12	12x12	19.026874
010111000111	02211222221	12	12x12	15.567442
010100111110	03312131222	12	12x12	22.486306
101100010111	02122221312	12	12x12	22.486306
001000011010	02120020302	12	12x12	24.216021
000101000100	02030200212	12	12x12	20.756590
010111010011	00331303331	12	12x12	19.026874
001111000001	02030221221	12	12x12	22.486306
011100111011	02030330313	12	12x12	22.486306
100111101011	03113303022	12	12x12	24.216021
000001111011	03130030021	12	12x12	22.486306
110000100010	00002003002	12	12x12	17.297158
010011010110	00003111111	12	12x12	13.837726
100001010100	02121331222	12	12x12	22.486306
011111010010	00313130303	12	12x12	17.297158
101110011111	03111111130	12	12x12	17.297158
011010101111	02221211213	12	12x12	19.026874
101010011101	03033022003	12	12x12	20.756590
001011000110	03111300302	12	12x12	22.486306
011100001101	03312131211	12	12x12	19.026874
110111011111	00311121200	12	12x12	20.756590
011001011010	03112133302	12	12x12	24.216021
000100010011	02120202003	12	12x12	19.026874
110011110011	02121333300	12	12x12	19.026874
000001010110	02000303112	12	12x12	22.486306
010000100110	00200031312	12	12x12	20.756590
100011001110	03130311131	12	12x12	20.756590
110010111011	03133000022	12	12x12	20.756590
011011001111	03002203030	12	12x12	20.756590
011111011110	03300031111	12	12x12	19.026874
101110010100	00330303020	12	12x12	17.297158
010110110000	03130313302	12	12x12	20.756590
011110011000	03112213331	12	12x12	22.486306
101111001100	03302200313	12	12x12	24.216021
000110001001	03022112203	12	12x12	24.216021
111100011000	00000033303	12	12x12	15.567442
101111001101	00222113312	12	12x12	22.486306
111111101101	03113003312	12	12x12	24.216021
101101000101	02122131211	12	12x12	20.756590
001000101000	02111330331	12	12x12	20.756590
110101001001	00220221313	12	12x12	19.026874
000001001101	00202122200	12	12x12	17.297158
101000011111	02121213130	12	12x12	17.297158
111101100110	00311112200	12	12x12	19.026874
101001101111	02203003031	12	12x12	22.486306
100111111111	00333111212	12	12x12	19.026874
111001011111	00211113312	12	12x12	22.486306
110111011011	02033331221	12	12x12	20.756590
111101100010	00303312113	12	12x12	22.486306
110101001100	00211213331	12	12x12	22.486306
010001001011	02111121122	12	12x12	17.297158
010010101111	03111122112	12	12x12	20.756590
110001110100	03113302033	12	12x12	24.216021
001010001101	00313303331	12	12x12	19.026874
110101000000	00313003033	12	12x12	19.026874
010111010001	02112000003	12	12x12	20.756590
011111001011	00033003030	12	12x12	17.297158
010001111111	03303311222	12	12x12	19.026874
011101101101	03020302033	12	12x12	15.567442
100011110101	00220303131	12	12x12	20.756590
010111010000	00030302021	12	12x12	17.297158
100001010111	03020020203	12	12x12	20.756590
110010011111	02222212113	12	12x12	17.297158
010011001100	02213121333	12	12x12	22.486306
001000011101	03133000002	12	12x12	19.026874
001000111111	02220203313	12	12x12	22.486306
101101011110	02021112002	12	12x12	20.756590
110010100111	03111221202	12	12x12	24.216021
000101000010	03302221120	12	12x12	24.216021
011110100111	02020302030	12	12x12	15.567442
100110110100	00003302033	12	12x12	19.026874
001111111011	00020022122	12	12x12	17.297158
010101110001	03111202220	12	12x12	20.756590
000110011010	02121311330	12	12x12	22.486306
011001110011	03111112202	12	12x12	20.756590
011000100000	00033130022	12	12x12	20.756590
111101100111	00222020000	12	12x12	15.567442
110111100000	00212203030	12	12x12	20.756590
100100110011	02020030311	12	12x12	20.756590
001011101110	03300021212	12	12x12	19.026874
111110011110	02120221213	12	12x12	22.486306
111010111010	03113303131	12	12x12	22.486306
010011000100	00021221312	12	12x12	22.486306
111000011101	03313030222	12	12x12	20.756590
000111011110	03313122220	12	12x12	19.026874
010000000100	03003033303	12	12x12	19.026874
101011000011	03311312211	12	12x12	22.486306
011101010100	00200333331	12	12x12	15.567442
010001010000	02122030300	12	12x12	19.026874
110111000000	00020302221	12	12x12	20.756590
011010101010	02120212021	12	12x12	17.297158
000001110111	03002122022	12	12x12	22.486306
010100101101	03133333303	12	12x12	19.026874
101111011111	00033030020	12	12x12	20.756590
110110100000	03002212113	12	12x12	24.216021
000111100110	00200331133	12	12x12	20.756590
111101011100	02122020211	12	12x12	19.026874
011001011101	02113333302	12	12x12	20.756590
100001011011	02112221131	12	12x12	22.486306
011001010001	02221312122	12	12x12	19.026874
010110101000	02121120000	12	12x12	19.026874
010001100011	00220221131	12	12x12	20.756590
010011000001	00311330330	12	12x12	20.756590
001000010000	02113130303	12	12x12	20.756590
110100011100	00211213122	12	12x12	22.486306
000101111110	00022221202	12	12x12	19.026874
111010011001	03312122002	12	12x12	22.486306
001100000111	03303333020	12	12x12	19.026874
001100001110	02111121333	12	12x12	20.756590
101010110011	03311131212	12	12x12	20.756590
100111101110	02211111202	12	12x12	17.297158
100101011101	02120220222	12	12x12	17.297158
000100110010	03033022022	12	12x12	19.026874
101100011011	02222220303	12	12x12	15.567442
001100010101	00202120211	12	12x12	17.297158
000101111110	03300303020	12	12x12	20.756590
001101011001	03112202222	12	12x12	20.756590
010110101010	03022111333	12	12x12	19.026874
001110011100	00222021111	12	12x12	17.297158
100111000101	00030302033	12	12x12	17.297158
101101101100	03003300002	12	12x12	19.026874
011100100100	00203333133	12	12x12	19.026874
111111100011	03111121212	12	12x12	17.297158
000000010100	00030020212	12	12x12	19.026874
000001011001	02212133121	12	12x12	20.756590
101111000110	03333312213	12	12x12	20.756590
100111011001	02113131221	12	12x12	20.756590
000111000001	00222211130	12	12x12	19.026874
110010010100	03003000203	12	12x12	20.756590
110010001111	02003022220	12	12x12	20.756590
010101101101	03303312112	12	12x12	22.486306
111001011001	03312113031	12	12x12	24.216021
000000110011	02033003303	12	12x12	19.026874
100110011111	02113331222	12	12x12	22.486306
000111011110	03311331213	12	12x12	20.756590
100010100111	03130020030	12	12x12	24.216021
010110011101	00212021212	12	12x12	17.297158
110001001001	00211220302	12	12x12	24.216021
011101100000	03033312113	12	12x12	22.486306
001100100111	02030220021	12	12x12	20.756590
100101011001	03022122222	12	12x12	19.026874
010011111111	03313121112	12	12x12	20.756590
100100100110	03300021213	12	12x12	20.756590
111101001011	02112213333	12	12x12	19.026874
001011110011	00330000021	12	12x12	19.026874
101011110001	03130313112	12	12x12	19.026874
010001001000	02120221222	12	12x12	19.026874
111011110000	03020333111	12	12x12	20.756590
101111111010	02122121122	12	12x12	19.026874
100100111100	00212220330	12	12x12	24.216021
001110010011	02113131211	12	12x12	19.026874
110000010000	03003020300	12	12x12	17.297158
011000110110	02203331131	12	12x12	24.216021
001110101101	00302202203	12	12x12	19.026874
100110110001	03331121333	12	12x12	19.026874
011110001100	00000031303	12	12x12	17.297158
010011011010	02022113312	12	12x12	24.216021
111001101011	00021112200	12	12x12	19.026874
101100110100	02120020200	12	12x12	19.026874
000111110011	00331133003	12	12x12	20.756590
000101100101	03311300003	12	12x12	20.756590
101010010001	00203022112	12	12x12	22.486306
100111010001	02111303031	12	12x12	20.756590
001010010011	02000212203	12	12x12	22.486306
000010000101	02221220303	12	12x12	20.756590
111101011111	02021200002	12	12x12	19.026874
001100100000	00222211303	12	12x12	19.026874
010010000100	00313313113	12	12x12	20.756590
001101110111	02213111112	12	12x12	19.026874
101010100100	00003331303	12	12x12	19.026874
001100100111	00211211130	12	12x12	22.486306
010010111110	02000302202	12	12x12	20.756590
010001110100	03020202000	12	12x12	15.567442
011111000001	00330220300	12	12x12	20.756590
110110010010	02030221113	12	12x12	20.756590
010110111011	03112120220	12	12x12	24.216021
010111100100	02211333000	12	12x12	19.026874
101000011001	02002111213	12	12x12	22.486306
110100100001	00311111220	12	12x12	17.297158
001001101000	03020033111	12	12x12	22.486306
000011101011	00212211222	12	12x12	20.756590
001001000000	00203333313	12	12x12	19.026874
111110111101	00211113031	12	12x12	20.756590
011010011000	00203311112	12	12x12	19.026874
000000100011	03022033313	12	12x12	24.216021
111011110000	03302220330	12	12x12	20.756590
110000011010	02202121313	12	12x12	20.756590
101001001010	02212111333	12	12x12	19.026874
000111001100	03331130003	12	12x12	20.756590
101101100110	00333312122	12	12x12	17.297158
000010001011	00033002221	12	12x12	19.026874
110000111011	03020212131	12	12x12	20.756590
000111111010	02121200212	12	12x12	19.026874
100110101001	00303022003	12	12x12	19.026874
101111110011	00022220221	12	12x12	17.297158
110100010100	03020302203	12	12x12	19.026874
101010010001	02033303311	12	12x12	20.756590
010010010001	02221130311	12	12x12	20.756590
000111010100	03311300313	12	12x12	22.486306
001010000000	00000003111	12	12x12	13.837726
101110100111	03113133020	12	12x12	22.486306
010011001110	03311130311	12	12x12	20.756590
111110000001	00330033003	12	12x12	13.837726
011111001011	00220303133	12	12x12	20.756590
110100110111	02222221212	12	12x12	13.837726
101011111111	03331212120	12	12x12	17.297158
001011110110	03022020333	12	12x12	20.756590
100101101111	00022033333	12	12x12	17.297158
100111111001	02120212002	12	12x12	20.756590
001110010000	00000033121	12	12x12	17.297158
011100001100	00212003300	12	12x12	24.216021
110010010110	03030221222	12	12x12	17.297158
101110100100	02111202030	12	12x12	22.486306
011010101110	03112133303	12	12x12	24.216021
100011011110	02112020030	12	12x12	24.216021
001111100100	00222212022	12	12x12	17.297158
010101011000	02002030311	12	12x12	20.756590
100010001101	00313031133	12	12x12	20.756590
111011000011	03130020330	12	12x12	24.216021
101101100110	02002033333	12	12x12	17.297158
101100011000	03313300002	12	12x12	17.297158
000001111011	00031113313	12	12x12	19.026874
010010110101	02222131113	12	12x12	19.026874
000011110110	03313121131	12	12x12	20.756590
100010100111	03031133333	12	12x12	17.297158
110000101110	03022200333	12	12x12	19.026874
101101111000	02211202203	12	12x12	22.486306
001001101111	02212002221	12	12x12	19.026874
000010111100	02120000330	12	12x12	20.756590
010110001110	00330300003	12	12x12	17.297158
011100101100	02202120200	12	12x12	19.026874
111010001011	02120020003	12	12x12	19.026874
100010101011	03331333031	12	12x12	19.026874
010000010011	02033130030	12	12x12	22.486306
010011111110	03131212113	12	12x12	19.026874
100101001100	03311221202	12	12x12	24.216021
000101010011	00002213122	12	12x12	20.756590
011100110110	02203031331	12	12x12	22.486306
010111011010	00313330302	12	12x12	20.756590
000100101000	02020020211	12	12x12	17.297158
010111011010	02203031300	12	12x12	20.756590
001011111011	02020333111	12	12x12	17.297158
000000000000	03113331111	12	12x12	17.297158
001101110111	02033133002	12	12x12	20.756590
101000101100	02220333020	12	12x12	20.756590
001001011011	02213131313	12	12x12	15.567442
010001111101	03311222000	12	12x12	19.026874
110111101111	03033311211	12	12x12	19.026874
101110011100	03033022030	12	12x12	20.756590
100111111010	00211200221	12	12x12	20.756590
001110011011	00221221113	12	12x12	19.026874
011101110011	03303000311	12	12x12	20.756590
111111000000	03111220211	12	12x12	24.216021
110010011000	02120002221	12	12x12	19.026874
010101000110	02212120022	12	12x12	19.026874
110100111000	03333312113	12	12x12	19.026874
000010111111	02020221133	12	12x12	19.026874
001010110110	02120211311	12	12x12	22.486306
111001010100	03022022111	12	12x12	19.026874
101001110010	00222220202	12	12x12	15.567442
001010101011	00221312221	12	12x12	20.756590
110100010000	00211121312	12	12x12	22.486306
001010011010	02000221211	12	12x12	20.756590
111100111000	03003333313	12	12x12	20.756590
110101010110	03112131112	12	12x12	20.756590
111100101000	00033330303	12	12x12	15.567442
110010001101	00202122003	12	12x12	19.026874
010000101101	00313031333	12	12x12	17.297158
001000110000	02220212120	12	12x12	19.026874
100111101010	03113121200	12	12x12	22.486306
001010011100	00333022002	12	12x12	20.756590
101100111110	03312133130	12	12x12	22.486306
111111000010	00303111300	12	12x12	19.026874
100011011110	02000202213	12	12x12	20.756590
110100110101	00211220031	12	12x12	24.216021
010000101101	03133000333	12	12x12	20.756590
000001100111	03302203303	12	12x12	20.756590
001011100101	02220031333	12	12x12	20.756590
110011000011	02000302033	12	12x12	20.756590
101111101100	02220302020	12	12x12	19.026874
001110110001	03112202120	12	12x12	25.945737
101110011101	02113300022	12	12x12	22.486306
101001011000	02020202022	12	12x12	10.378295
001011111111	02121331112	12	12x12	20.756590
101110010011	03030203333	12	12x12	17.297158
101100010100	02113333122	12	12x12	20.756590
110110100100	02121120000	12	12x12	19.026874
101111110100	02113313112	12	12x12	22.486306
001110000100	02121220300	12	12x12	19.026874
110010000001	02220302212	12	12x12	22.486306
100000011100	03002121111	12	12x12	20.756590
011011000101	00212131330	12	12x12	20.756590
011101111101	03022121312	12	12x12	22.486306
000100111001	00033133031	12	12x12	20.756590
010010001001	03002222131	12	12x12	20.756590
001100010100	02033312131	12	12x12	20.756590
000000010101	02122122030	12	12x12	20.756590
101101010011	02211311213	12	12x12	22.486306
001001011100	03133130022	12	12x12	22.486306
011010001110	02213133112	12	12x12	22.486306
010011001010	03313333022	12	12x12	20.756590
001010011010	00003130311	12	12x12	19.026874
011001011101	03111313030	12	12x12	19.026874
001001001111	00222213311	12	12x12	20.756590
100100101000	03111122113	12	12x12	20.756590
100000100110	03133121222	12	12x12	20.756590
011111011100	02113112021	12	12x12	22.486306
111001101011	00031113121	12	12x12	20.756590
000110011111	00002213122	12	12x12	20.756590
010010000001	00303020020	12	12x12	17.297158
101011001101	03002212120	12	12x12	22.486306
100100001011	02033313000	12	12x12	22.486306
100100000100	02120220303	12	12x12	22.486306
000101110100	03112221333	12	12x12	22.486306
010010110010	00211121200	12	12x12	20.756590
111011101001	02221133122	12	12x12	20.756590
110100001001	03312131111	12	12x12	20.756590
011010010101	00222212213	12	12x12	19.026874
000100011111	02212022213	12	12x12	20.756590
100000011011	02033312133	12	12x12	20.756590
001101101000	00302000333	12	12x12	19.026874
001000001100	03303003111	12	12x12	20.756590
011010100000	00311333112	12	12x12	20.756590
101001101001	02113113122	12	12x12	20.756590
100011111010	02120203302	12	12x12	24.216021
111101011000	03112200203	12	12x12	25.945737
101001011011	03002033002	12	12x12	19.026874
010011001110	02020033133	12	12x12	19.026874
100100110010	00002111111	12	12x12	13.837726
010100110000	00211221121	12	12x12	19.026874
100111011010	03133130031	12	12x12	20.756590
000100000101	03331221213	12	12x12	20.756590
110010011011	03331120211	12	12x12	20.756590
000010110100	03330313030	12	12x12	17.297158
000000101100	02033113131	12	12x12	22.486306
000110000100	00022203000	12	12x12	17.297158
101010011101	00030311211	12	12x12	19.026874
100011000110	02002221121	12	12x12	24.216021
100111010011	00331331303	12	12x12	19.026874
011010000100	00203300331	12	12x12	19.026874
110010101000	00202213121	12	12x12	22.486306
111001110101	03130000002	12	12x12	17.297158
111010110010	03111333122	12	12x12	22.486306
011101011101	02111121221	12	12x12	20.756590
011001001110	00203033313	12	12x12	20.756590
011000110000	02111213131	12	12x12	19.026874
110000110101	02020022033	12	12x12	20.756590
010001100101	02120203333	12	12x12	19.026874
111111101001	03311122030	12	12x12	20.756590
110110110111	00212221220	12	12x12	19.026874
000011010110	02202022213	12	12x12	20.756590
010110111110	02003130002	12	12x12	24.216021
010111110011	02211333030	12	12x12	20.756590
000111110110	02113111122	12	12x12	20.756590
110101110010	02121211303	12	12x12	19.026874
100000111011	02203020211	12	12x12	22.486306
001010110010	00031133033	12	12x12	20.756590
011000011100	03022000212	12	12x12	22.486306
110010111010	00221122202	12	12x12	20.756590
100100001001	03000022213	12	12x12	20.756590
100111100010	02122003302	12	12x12	25.945737
110001010010	00311130313	12	12x12	17.297158
001110011110	02003311300	12	12x12	24.216021
100100100101	03302203033	12	12x12	20.756590
001000101010	02222203330	12	12x12	17.297158
011100101010	00033022033	12	12x12	20.756590
000100100111	00021111330	12	12x12	19.026874
110001011000	02200313002	12	12x12	24.216021
011000100110	00333122113	12	12x12	22.486306
011010001001	03031131312	12	12x12	19.026874
101101100000	00212221202	12	12x12	20.756590
001101010010	02213131220	12	12x12	20.756590
000010111011	02222200331	12	12x12	17.297158
101000100100	02120200003	12	12x12	19.026874
110110111110	02030303312	12	12x12	20.756590
010010001001	02000212112	12	12x12	20.756590
000101000101	03112202021	12	12x12	22.486306
010000100100	02030203020	12	12x12	13.837726
100100001110	02120003033	12	12x12	20.756590
100100011101	02111131331	12	12x12	20.756590
110010101101	00333331211	12	12x12	17.297158
000100001000	03002122020	12	12x12	24.216021
001100010110	00021111133	12	12x12	17.297158
011000100111	00031333331	12	12x12	17.297158
001000111101	00222213130	12	12x12	19.026874
010000110000	00221131112	12	12x12	20.756590
100011001111	02020302211	12	12x12	20.756590
000000111111	03111120021	12	12x12	22.486306
010101111100	02003311131	12	12x12	24.216021
100110110100	03112200222	12	12x12	22.486306
100111101110	03022120221	12	12x12	20.756590
000110110101	03313121311	12	12x12	17.297158
011001101110	03330020020	12	12x12	17.297158
101011110110	03003030031	12	12x12	19.026874
100111100001	03002120221	12	12x12	25.945737
001011101100	03112222022	12	12x12	20.756590
110111110110	02221331312	12	12x12	20.756590
001100011110	00331300333	12	12x12	17.297158
101011110100	03130002200	12	12x12	22.486306
001011001001	02000313302	12	12x12	24.216021
000001000110	02122021220	12	12x12	17.297158
111010100100	03022220333	12	12x12	19.026874
100001000110	00203311112	12	12x12	19.026874
111001111101	03112112202	12	12x12	22.486306
000100000001	00212211303	12	12x12	24.216021
011001000010	02220030300	12	12x12	17.297158
000001000011	02120000311	12	12x12	20.756590
101000001110	00302003311	12	12x12	20.756590
100011100101	03302221221	12	12x12	22.486306
000010100110	00033031122	12	12x12	22.486306
101101101110	02033030303	12	12x12	17.297158
110110111101	00313303033	12	12x12	19.026874
111111111101	00031111212	12	12x12	19.026874
010110010111	02202022111	12	12x12	19.026874
010000010101	03131300202	12	12x12	20.756590
000000100101	03112211303	12	12x12	24.216021
100010111110	02120200300	12	12x12	20.756590
101011001100	02113133020	12	12x12	20.756590
010001011010	02220000021	12	12x12	17.297158
001100001110	02113330200	12	12x12	22.486306
000110111110	03312133312	12	12x12	19.026874
101100010110	00302030221	12	12x12	19.026874
001010101001	02200003020	12	12x12	19.026874
111000011010	03112133333	12	12x12	19.026874
010100110001	03112222213	12	12x12	20.756590
010011001100	03033111222	12	12x12	19.026874
010010001000	00222122022	12	12x12	17.297158
101111000110	00031312111	12	12x12	19.026874
101101001001	02030022003	12	12x12	20.756590
011001101101	03112212203	12	12x12	22.486306
000000100111	00311303033	12	12x12	19.026874
011010010100	02033131303	12	12x12	20.756590
001001011100	03131113031	12	12x12	20.756590
111110101111	00211213312	12	12x12	24.216021
001011010001	03112111121	12	12x12	20.756590
000101001010	00031312133	12	12x12	19.026874
011001010011	02022131313	12	12x12	19.026874
111110010101	02122030302	12	12x12	20.756590
010111110011	03031133000	12	12x12	19.026874
100111100101	03033331212	12	12x12	19.026874
101101000000	00021122003	12	12x12	20.756590
000111110010	03003031121	12	12x12	24.216021
000100100100	02111311213	12	12x12	20.756590
101110001010	00020330222	12	12x12	20.756590
010100000011	00021111202	12	12x12	19.026874
010110110010	02120202030	12	12x12	19.026874
010011010100	00313313030	12	12x12	20.756590
100100101110	00002203031	12	12x12	19.026874
100111000100	02211112000	12	12x12	19.026874
001011001110	02030020211	12	12x12	22.486306
110110100000	00331312121	12	12x12	19.026874
000001011001	03133020031	12	12x12	24.216021
110101001110	00211113330	12	12x12	17.297158
011111010000	02113122203	12	12x12	24.216021
100101010110	00031130303	12	12x12	20.756590
100000001100	03030003311	12	12x12	19.026874
100101110110	00002112222	12	12x12	17.297158
001010100111	00002111113	12	12x12	15.567442
010011111001	00212131330	12	12x12	20.756590
100000000001	00311122222	12	12x12	17.297158
001001011111	03022111221	12	12x12	22.486306
011011110011	02021222021	12	12x12	19.026874
000010101001	00222213313	12	12x12	20.756590
000111000011	03330002020	12	12x12	17.297158
001110111110	00311112113	12	12x12	20.756590
011010000010	03330222022	12	12x12	19.026874
011000011101	02002211133	12	12x12	22.486306
100001101011	03112200221	12	12x12	24.216021
001110000110	03002211211	12	12x12	22.486306
101101101101	02211112020	12	12x12	17.297158
100011011011	00302033300	12	12x12	19.026874
001111110101	02200313033	12	12x12	22.486306
110111101101	03300331213	12	12x12	22.486306
001011100110	00203033112	12	12x12	20.756590
001011100011	00212212113	12	12x12	20.756590
110000110100	03022111220	12	12x12	22.486306
001110001111	00031311330	12	12x12	20.756590
001000001110	03312111213	12	12x12	20.756590
011010000001	03130020212	12	12x12	24.216021
011111010001	02022033031	12	12x12	22.486306
101110001100	00333313003	12	12x12	20.756590
101001000011	02212022202	12	12x12	19.026874
110011100001	03130031130	12	12x12	22.486306
011101000110	03312133113	12	12x12	20.756590
011111110000	00031130031	12	12x12	19.026874
101111110110	02212222120	12	12x12	19.026874
000110101000	02120221130	12	12x12	25.945737
010100111011	02203302200	12	12x12	20.756590
101100010100	03111131111	12	12x12	13.837726
000010101111	02111330331	12	12x12	20.756590
101111111010	00021221312	12	12x12	22.486306
011101001000	02111133312	12	12x12	20.756590
110101011111	03300202113	12	12x12	22.486306
111011000101	00030033131	12	12x12	19.026874
000101001100	03030330222	12	12x12	17.297158
011000010011	02111200020	12	12x12	20.756590
110010101011	00333133130	12	12x12	17.297158
010101101110	02002111112	12	12x12	19.026874
100111100101	00221111333	12	12x12	17.297158
011001000101	00021111330	12	12x12	19.026874
000001001101	02113312113	12	12x12	19.026874
000010101111	02203300212	12	12x12	24.216021
111101100110	00331213303	12	12x12	24.216021
111011111111	03000331300	12	12x12	20.756590
011000011101	03022022222	12	12x12	17.297158
010001000100	03302221121	12	12x12	24.216021
000100101110	03303022203	12	12x12	20.756590
010000010101	02113333311	12	12x12	19.026874
000100001111	00031300000	12	12x12	17.297158
000001011000	00020033130	12	12x12	20.756590
001101011000	03302030000	12	12x12	19.026874
000000100100	03331313002	12	12x12	19.026874
100100011010	03131221311	12	12x12	20.756590
000100100101	00030002213	12	12x12	19.026874
000010010010	03003302221	12	12x12	20.756590
101111110010	03300200300	12	12x12	19.026874
111110000110	02030302212	12	12x12	22.486306
101111101101	02112120030	12	12x12	24.216021
011101000000	03130022221	12	12x12	20.756590
010001010100	03330031131	12	12x12	20.756590
100110011110	00313113000	12	12x12	20.756590
101111110010	03111300030	12	12x12	20.756590
101111011010	03020211202	12	12x12	22.486306
110100111000	00211120000	12	12x12	19.026874
011110010110	00222203020	12	12x12	19.026874
100110001011	03302003133	12	12x12	22.486306
110001000110	03312133031	12	12x12	24.216021
010111010100	03312121112	12	12x12	19.026874
010101101111	03111222112	12	12x12	20.756590
101011000000	00331213330	12	12x12	22.486306
100001110010	02122030003	12	12x12	22.486306
110001000110	00222112213	12	12x12	20.756590
100001111111	03313122220	12	12x12	19.026874
100001001101	03300200022	12	12x12	19.026874
110011011100	03003130022	12	12x12	20.756590
001100100011	00311122112	12	12x12	22.486306
000000111001	02211200000	12	12x12	19.026874
001110100001	02200031133	12	12x12	22.486306
100110000110	02212000003	12	12x12	19.026874
111101001001	02121202030	12	12x12	19.026874
100110101111	03300022121	12	12x12	20.756590
011001111111	02111331212	12	12x12	20.756590
100010010111	03311300300	12	12x12	19.026874
001101011000	00311303131	12	12x12	19.026874
010101010010	03131113031	12	12x12	20.756590
110111110001	02000033020	12	12x12	20.756590
100001101001	03000333331	12	12x12	17.297158
001011011011	03312131311	12	12x12	19.026874
010111001100	02030221220	12	12x12	20.756590
011001100011	03111122113	12	12x12	20.756590
001000100100	03331113030	12	12x12	17.297158
101000101111	00303331330	12	12x12	19.026874
010101010000	02002122131	12	12x12	24.216021
101010010010	00003133112	12	12x12	20.756590
100001110101	02002021211	12	12x12	19.026874
100111101111	00202112203	12	12x12	20.756590
011100100111	00003113311	12	12x12	17.297158
011001100101	03111213122	12	12x12	20.756590
110000100110	00333113133	12	12x12	19.026874
010001000000	00031131211	12	12x12	20.756590
000111001011	03300220330	12	12x12	20.756590
110001000111	02120212202	12	12x12	20.756590
100101001110	00033022033	12	12x12	20.756590
110001000110	02122020220	12	12x12	20.756590
101010011001	03030022030	12	12x12	20.756590
000000000111	03030311211	12	12x12	17.297158
001100001100	00313111333	12	12x12	19.026874
001011010101	00313330313	12	12x12	19.026874
101001011111	00333130333	12	12x12	15.567442
000001110101	00330030221	12	12x12	22.486306
000000001111	00300212020	12	12x12	20.756590
110110011100	03030333111	12	12x12	15.567442
000010111001	03331311220	12	12x12	20.756590
101101001010	02202212022	12	12x12	17.297158
110101100010	03313000220	12	12x12	22.486306
000010100111	03133300033	12	12x12	20.756590
100111001100	00033333311	12	12x12	13.837726
010000110101	02033000222	12	12x12	19.026874
111110000011	02121113003	12	12x12	22.486306
111100010100	03333311221	12	12x12	17.297158
101101100001	02113333122	12	12x12	20.756590
100011110101	03112220212	12	12x12	24.216021
110111001001	02113130333	12	12x12	22.486306
011100000101	00311121312	12	12x12	22.486306
110101100111	00333122131	12	12x12	22.486306
000101011111	02120220030	12	12x12	25.945737
011111001100	00033311220	12	12x12	19.026874
100001010101	00311331131	12	12x12	19.026874
110101110100	03111213131	12	12x12	19.026874
000011011111	03300030200	12	12x12	20.756590
011000011111	03331303112	12	12x12	22.486306
011011011000	03130020212	12	12x12	24.216021
000110100000	00212221331	12	12x12	22.486306
111100001010	02111121200	12	12x12	20.756590
110000100100	00003111113	12	12x12	15.567442
100000010111	02122022120	12	12x12	20.756590
100110011001	03031121113	12	12x12	20.756590
001101011110	03022120222	12	12x12	19.026874
110111001001	03113313002	12	12x12	24.216021
011000000001	00222021120	12	12x12	20.756590
011000010101	00000211200	12	12x12	19.026874
111011100001	02211311113	12	12x12	19.026874
101101111111	02211202022	12	12x12	19.026874
101111001001	03311313003	12	12x12	22.486306
110111011101	02113300002	12	12x12	20.756590
001101011100	02213133003	12	12x12	22.486306
011001100010	02220003031	12	12x12	19.026874
010010110000	02002212003	12	12x12	20.756590
100100111111	03311221111	12	12x12	19.026874
110011101111	00203020221	12	12x12	17.297158
000000101010	00203000212	12	12x12	20.756590
011111110101	03113330220	12	12x12	24.216021
000101100010	03112211133	12	12x12	22.486306
100000101000	03133113030	12	12x12	22.486306
111000011101	00021111200	12	12x12	17.297158
111110111110	03331212213	12	12x12	20.756590
010011110000	02000313003	12	12x12	24.216021
100101101001	03020022220	12	12x12	20.756590
100000011111	00020030002	12	12x12	15.567442
101111111100	02112020003	12	12x12	20.756590
000010100101	02200200303	12	12x12	20.756590
011100010011	00222133112	12	12x12	22.486306
011000000010	02033111311	12	12x12	22.486306
001000110011	03330222003	12	12x12	20.756590
101111111100	02030202021	12	12x12	17.297158
110101010000	03112222122	12	12x12	20.756590
001010101010	03020300212	12	12x12	20.756590
010001110100	02112222133	12	12x12	20.756590
011001000001	03031121311	12	12x12	19.026874
000001101100	00021220211	12	12x12	19.026874
001011001111	00220333000	12	12x12	20.756590
110011011001	02030222211	12	12x12	20.756590
110101010000	02120020331	12	12x12	24.216021
010001110100	02112020220	12	12x12	22.486306
100101101110	00002022202	12	12x12	15.567442
111111110101	03003300020	12	12x12	22.486306
100000011010	00002221222	12	12x12	13.837726
011000000011	00002221120	12	12x12	19.026874
010111011000	02221200302	12	12x12	22.486306
100101010000	00003002003	12	12x12	17.297158
101001101101	00311121312	12	12x12	22.486306
100001101010	03130330311	12	12x12	20.756590
010011101011	00000031113	12	12x12	15.567442
011101111011	03111202221	12	12x12	20.756590
010000110010	03333030022	12	12x12	19.026874
101101000111	03130330030	12	12x12	22.486306
111110011001	00033111111	12	12x12	13.837726
111010000010	00211220031	12	12x12	24.216021
111111000000	00033302222	12	12x12	17.297158
111001100001	00021122200	12	12x12	19.026874
001010110100	02220333022	12	12x12	20.756590
010010110011	00333003331	12	12x12	15.567442
010001100111	03031112122	12	12x12	19.026874
001111100110	02211202003	12	12x12	20.756590
010000111000	00220033300	12	12x12	20.756590
001011001100	03002211121	12	12x12	24.216021
101101011001	02212111303	12	12x12	20.756590
100101000100	03331121121	12	12x12	17.297158
001100000100	03000211220	12	12x12	24.216021
000011111001	03031312211	12	12x12	20.756590
001111010110	00031311303	12	12x12	20.756590
010011001001	00203311312	12	12x12	24.216021
101110101101	03131330302	12	12x12	20.756590
010111111100	00300331213	12	12x12	22.486306
000000100010	02033300212	12	12x12	20.756590
000011000100	02120200200	12	12x12	19.026874
001101000001	00031303131	12	12x12	17.297158
101010011100	00020000030	12	12x12	17.297158
000010110110	02221131213	12	12x12	22.486306
001111110000	02222202213	12	12x12	19.026874
011111011011	00331113000	12	12x12	19.026874
001010010011	02213131212	12	12x12	19.026874
001000011010	03313122211	12	12x12	20.756590
001011111100	00330333333	12	12x12	13.837726
010101010110	00000311111	12	12x12	13.837726
100001011100	02000221111	12	12x12	19.026874
101000110110	00003131303	12	12x12	17.297158
110111101100	03130000002	12	12x12	17.297158
100011001100	00311111312	12	12x12	20.756590
011000010111	03020331331	12	12x12	22.486306
001101010111	00212212220	12	12x12	19.026874
100011101101	02222022112	12	12x12	19.026874
011101000110	03131300022	12	12x12	19.026874
100001000001	00030003311	12	12x12	17.297158
011100011100	02121121220	12	12x12	19.026874
000111101100	00211220302	12	12x12	24.216021
101011100101	00033333122	12	12x12	17.297158
010110110010	02120033000	12	12x12	22.486306
110010011100	02200333111	12	12x12	19.026874
011010011100	02033302220	12	12x12	20.756590
011000100100	00333121121	12	12x12	20.756590
010000110010	02000200221	12	12x12	19.026874
011000110101	02213113302	12	12x12	24.216021
000100100001	03030200002	12	12x12	17.297158
010110000111	00311121221	12	12x12	22.486306
100011111010	03033022212	12	12x12	22.486306
011100111001	03031131312	12	12x12	19.026874
000011001110	00311121312	12	12x12	22.486306
100011010110	02200221213	12	12x12	20.756590
000101000110	03303022200	12	12x12	20.756590
001100010110	00031130000	12	12x12	17.297158
001101011110	00331303311	12	12x12	17.297158
000010001000	00333331131	12	12x12	19.026874
010100010110	02000212000	12	12x12	17.297158
011001011011	00330222033	12	12x12	19.026874
110011110111	02120211221	12	12x12	22.486306
110010111101	03331331122	12	12x12	20.756590
000001111100	00333000302	12	12x12	19.026874
111011010101	00031113312	12	12x12	20.756590
001100001111	00311331121	12	12x12	22.486306
001011011000	03330331113	12	12x12	19.026874
101101101111	02121221221	12	12x12	17.297158
111100000101	00200033031	12	12x12	22.486306
011101111100	03330022221	12	12x12	17.297158
010010000110	02203003031	12	12x12	22.486306
010000000100	00300020330	12	12x12	22.486306
011101100001	00203311313	12	12x12	22.486306
101110111011	00203002200	12	12x12	19.026874
011000100001	03112202120	12	12x12	25.945737
001111110001	02003333033	12	12x12	20.756590
010001001011	03020302003	12	12x12	17.297158
001111010011	02002122133	12	12x12	24.216021
110000101000	00212111202	12	12x12	20.756590
110101001001	02220303331	12	12x12	19.026874
100010011110	02111122003	12	12x12	20.756590
101101111001	02213133330	12	12x12	19.026874
111010011011	03311312200	12	12x12	24.216021
101110001101	02022120020	12	12x12	20.756590
110100110100	00000331112	12	12x12	15.567442
001110001001	00033031303	12	12x12	19.026874
010011001010	03312121313	12	12x12	19.026874
101001111110	00313111220	12	12x12	20.756590
111000110010	00200220330	12	12x12	20.756590
101101100111	02211200021	12	12x12	22.486306
001101000011	03330220022	12	12x12	19.026874
001011011010	03112212200	12	12x12	22.486306
010000010100	02121213113	12	12x12	19.026874
110011000011	02002211311	12	12x12	22.486306
101000111000	02200313302	12	12x12	24.216021
111111001001	02203303033	12	12x12	19.026874
001110001111	02120003130	12	12x12	24.216021
011101100110	02120212213	12	12x12	20.756590
111111110011	03302033302	12	12x12	19.026874
101000101111	02021111331	12	12x12	19.026874
100001001001	02222033022	12	12x12	20.756590
000100110110	02113330203	12	12x12	24.216021
101110100110	03333303303	12	12x12	15.567442
000101000100	00021202000	12	12x12	19.026874
100111100101	03022122203	12	12x12	20.756590
111010110101	00202113112	12	12x12	19.026874
111001100011	03313030330	12	12x12	19.026874
010101011111	02021122213	12	12x12	20.756590
011010011001	03330203020	12	12x12	19.026874
100101011001	02022131112	12	12x12	22.486306
000010011000	02020302203	12	12x12	19.026874
111011001111	03020000311	12	12x12	22.486306
011110110001	02030200212	12	12x12	20.756590
100010101100	00211122000	12	12x12	19.026874
010111111000	00212200203	12	12x12	22.486306
111001011001	00220000031	12	12x12	19.026874
010000001001	02000000220	12	12x12	17.297158
011000110100	02022221130	12	12x12	20.756590
001111000010	00002213121	12	12x12	20.756590
010110010000	03113121213	12	12x12	20.756590
000001110011	02112221202	12	12x12	22.486306
101111110101	00220202203	12	12x12	19.026874
110011011010	00331211312	12	12x12	22.486306
010100000100	02112131300	12	12x12	22.486306
001000111100	02000311313	12	12x12	22.486306
110101000011	02212020303	12	12x12	20.756590
010010000100	00003111331	12	12x12	19.026874
111011001000	02033333331	12	12x12	15.567442
001000100100	03133302200	12	12x12	24.216021
011001110111	02213131221	12	12x12	20.756590
000101110111	03033330003	12	12x12	17.297158
111110000110	02030000212	12	12x12	22.486306
000001000101	03130030221	12	12x12	24.216021
100011001100	02120033331	12	12x12	20.756590
011001001011	03020330003	12	12x12	19.026874
100110000000	03111111312	12	12x12	19.026874
100100110010	03300331313	12	12x12	19.026874
010001010000	00020300021	12	12x12	17.297158
100100100110	02222133313	12	12x12	19.026874
110101101110	03302222131	12	12x12	20.756590
000001101011	00021111111	12	12x12	13.837726
101111000001	03300212200	12	12x12	22.486306
010101010101	03300002222	12	12x12	15.567442
011100100100	02021112200	12	12x12	17.297158
100011111101	02221313330	12	12x12	19.026874
111110000011	00003111312	12	12x12	19.026874
110111100011	03112202030	12	12x12	24.216021
101000100111	03000022033	12	12x12	20.756590
111111110100	03311331130	12	12x12	17.297158
111011101000	03111112020	12	12x12	19.026874
100011010010	00311312213	12	12x12	24.216021
100010110001	03130302202	12	12x12	22.486306
111001101111	02120030222	12	12x12	22.486306
111001110101	02211133121	12	12x12	20.756590
110001101001	03002220030	12	12x12	20.756590
011100100110	03331122111	12	12x12	19.026874
111100111011	00211222200	12	12x12	19.026874
100000111100	00212003331	12	12x12	20.756590
010000011001	03033311112	12	12x12	17.297158
011111110001	02221331311	12	12x12	19.026874
011110010011	02221331312	12	12x12	20.756590
110010010010	02033131131	12	12x12	22.486306
100001110100	00220300212	12	12x12	20.756590
111001111110	03333020021	12	12x12	20.756590
101000100100	03111330303	12	12x12	20.756590
010001100001	03133131222	12	12x12	20.756590
001110011111	03133112112	12	12x12	22.486306
110101100101	03112213131	12	12x12	20.756590
010011101001	02000211113	12	12x12	19.026874
110101100010	03112200033	12	12x12	22.486306
000111101101	03133131220	12	12x12	22.486306
100111010100	03312121130	12	12x12	20.756590
011010000101	03022202113	12	12x12	22.486306
100111110001	02033130311	12	12x12	22.486306
110101000000	03130031312	12	12x12	20.756590
101110001100	00021211311	12	12x12	19.026874
001100100101	03312111300	12	12x12	22.486306
110101111000	02030313300	12	12x12	20.756590
001100010100	03131333122	12	12x12	19.026874
001100001110	03113112121	12	12x12	19.026874
010111010110	03113330002	12	12x12	20.756590
100001111101	00220022120	12	12x12	19.026874
100011011110	02213111112	12	12x12	19.026874
010001111100	03113121130	12	12x12	22.486306
100010110110	03112133133	12	12x12	20.756590
101000000010	03312121333	12	12x12	19.026874
011110100101	00033330000	12	12x12	13.837726
110000101101	02030003111	12	12x12	20.756590
101000111100	02112133113	12	12x12	22.486306
011100011100	00330021220	12	12x12	24.216021
011110000111	00330031112	12	12x12	19.026874
011011011100	00303030313	12	12x12	13.837726
100000011011	03111333113	12	12x12	19.026874
100010101010	00031113030	12	12x12	19.026874
110011100011	02033312133	12	12x12	20.756590
100100110100	03113313300	12	12x12	20.756590
010011010011	03312131220	12	12x12	24.216021
010010100001	03331211303	12	12x12	22.486306
110100011110	03030302003	12	12x12	17.297158
100001111000	03003033121	12	12x12	22.486306
001110000011	03112200022	12	12x12	22.486306
001001001110	02033003030	12	12x12	20.756590
000101010011	02111333030	12	12x12	20.756590
111000011001	00000022033	12	12x12	17.297158
110100111111	02033111222	12	12x12	19.026874
111000000110	00021213122	12	12x12	19.026874
110011010110	03313031122	12	12x12	24.216021
101010001101	03020221130	12	12x12	24.216021
101110110111	02221131120	12	12x12	20.756590
101010110001	00222033002	12	12x12	20.756590
110000010010	02020200331	12	12x12	17.297158
110101101100	03302030331	12	12x12	20.756590
001100010101	00222212002	12	12x12	20.756590
010100101010	02122121312	12	12x12	22.486306
011001011101	00030033033	12	12x12	13.837726
111011011010	00003313330	12	12x12	17.297158
010000000100	00212021213	12	12x12	19.026874
110011000010	02213131113	12	12x12	19.026874
000111110000	02221312213	12	12x12	20.756590
101011101001	03020031311	12	12x12	20.756590
011011000000	02111303111	12	12x12	20.756590
000111100100	00021111333	12	12x12	17.297158
001110010010	00200313111	12	12x12	19.026874
010000100101	00022111300	12	12x12	19.026874
001101111001	02121221312	12	12x12	20.756590
001010000110	03113003133	12	12x12	22.486306
110011011100	03130311122	12	12x12	22.486306
010011101100	02111112021	12	12x12	19.026874
001100100010	00302033003	12	12x12	19.026874
000011010000	00020203300	12	12x12	19.026874
011010101000	03113030002	12	12x12	20.756590
001110011110	03331211112	12	12x12	19.026874
111001110101	03112113121	12	12x12	20.756590
000000001101	00030333111	12	12x12	17.297158
100010111001	02202122021	12	12x12	17.297158
110101010100	03302200300	12	12x12	22.486306
101000011000	00203311112	12	12x12	19.026874
001111011000	00311333113	12	12x12	20.756590
011010111101	02030030333	12	12x12	19.026874
101000100011	03311221311	12	12x12	20.756590
011111101110	00333121330	12	12x12	22.486306
001010111101	03133300212	12	12x12	22.486306
111110001111	02113133330	12	12x12	20.756590
100111110000	03130031330	12	12x12	20.756590
111011111010	02222000021	12	12x12	17.297158
001011101011	00300222122	12	12x12	19.026874
011110111100	02113121133	12	12x12	19.026874
100111000011	00303130020	12	12x12	22.486306
100110000000	03022222211	12	12x12	17.297158
110001111111	03302030221	12	12x12	24.216021
100010110000	00033311331	12	12x12	19.026874
001111101101	02200222131	12	12x12	22.486306
011100100011	03130003113	12	12x12	22.486306
101110101011	00033302021	12	12x12	19.026874
100111101011	00022033022	12	12x12	20.756590
000100101111	00211133330	12	12x12	17.297158
111000100010	02033131211	12	12x12	20.756590
100101111010	00302002221	12	12x12	19.026874
110101010100	03020022033	12	12x12	20.756590
011101001100	02200002112	12	12x12	20.756590
011111010101	00211200003	12	12x12	20.756590
010000101101	00313111202	12	12x12	20.756590
101000101001	00030331212	12	12x12	20.756590
011011111001	00033131220	12	12x12	20.756590
100000000100	02202213133	12	12x12	19.026874
011011100111	02121220302	12	12x12	20.756590
110101110110	00211112131	12	12x12	22.486306
110011110011	00003330022	12	12x12	17.297158
101010100100	03111303003	12	12x12	20.756590
110110001000	03003030022	12	12x12	19.026874
001001011001	02221133113	12	12x12	19.026874
111100011011	02022203333	12	12x12	17.297158
111011111001	02222122212	12	12x12	15.567442
010001000011	02113131121	12	12x12	20.756590
001010000111	02111303000	12	12x12	20.756590
100100001110	00033121130	12	12x12	22.486306
111000011110	02030222121	12	12x12	22.486306
011110101100	00200302212	12	12x12	22.486306
110111001000	02030222022	12	12x12	19.026874
011110001100	00003130333	12	12x12	19.026874
101111110001	02021131220	12	12x12	22.486306
000110100110	00031113000	12	12x12	17.297158
110010010000	02120200211	12	12x12	20.756590
100011000101	03330333112	12	12x12	17.297158
000110111111	03031303130	12	12x12	15.567442
010000101000	03113330220	12	12x12	24.216021
101011100110	00311300330	12	12x12	20.756590
010001011000	00211111112	12	12x12	15.567442
101001010001	02033313312	12	12x12	20.756590
110101001000	02030021211	12	12x12	20.756590
111011101000	02003133303	12	12x12	25.945737
101011111000	02033030300	12	12x12	17.297158
000110011110	02033131333	12	12x12	20.756590
001000010000	00222120203	12	12x12	19.026874
100101110010	02000022213	12	12x12	20.756590
100010011010	02220000000	12	12x12	12.108011
100010010001	02213121313	12	12x12	19.026874
110011010011	03031111221	12	12x12	19.026874
111110001111	03112122030	12	12x12	20.756590
000010010111	00333022021	12	12x12	22.486306
010010110110	00000033133	12	12x12	13.837726
111100110110	03000200303	12	12x12	20.756590
001000001110	03111211220	12	12x12	22.486306
101101000110	00003131213	12	12x12	19.026874
101110010111	00202002212	12	12x12	20.756590
110011011100	03313311122	12	12x12	19.026874
111111101111	00033111122	12	12x12	17.297158
000111100101	00331300021	12	12x12	22.486306
011110001111	03020200003	12	12x12	17.297158
100010111010	03000002122	12	12x12	19.026874
001011100100	00020211121	12	12x12	19.026874
110110001100	03020300200	12	12x12	17.297158
001001101011	03311333022	12	12x12	22.486306
101011011001	03030200211	12	12x12	20.756590
000100110000	02120003133	12	12x12	22.486306
010001111000	02112120200	12	12x12	19.026874
101100111011	03303333313	12	12x12	19.026874
011010100000	03003131212	12	12x12	20.756590
010100101010	03331213113	12	12x12	22.486306
000111000001	00300020031	12	12x12	19.026874
111010110100	03111311202	12	12x12	20.756590
111011110101	00022203303	12	12x12	20.756590
010111110000	02121202002	12	12x12	19.026874
011110100101	02003020303	12	12x12	19.026874
001010001111	00333130031	12	12x12	19.026874
100111010010	00303302221	12	12x12	19.026874
010100011010	02122030031	12	12x12	24.216021
000010001001	00002220303	12	12x12	17.297158
010010001000	03313031312	12	12x12	20.756590
100101000001	00333033031	12	12x12	17.297158
000011100010	00220211331	12	12x12	22.486306
010010111110	00020002003	12	12x12	13.837726
011001010110	00221311312	12	12x12	22.486306
001111010001	03031112213	12	12x12	22.486306
111011001111	02111311330	12	12x12	22.486306
000110100000	03300331131	12	12x12	22.486306
000000101111	02111202020	12	12x12	19.026874
100000111010	02111130302	12	12x12	20.756590
010100010001	00212213130	12	12x12	22.486306
010000010110	00021111133	12	12x12	17.297158
100010100111	02033330203	12	12x12	19.026874
100011110111	03311112213	12	12x12	20.756590
101110100111	00022131120	12	12x12	22.486306
101000100001	03303333131	12	12x12	19.026874
111110111011	02111121221	12	12x12	20.756590
110101101000	02122120202	12	12x12	19.026874
111000000101	00220330022	12	12x12	19.026874
000000000101	02211222203	12	12x12	20.756590
110101110100	00311333002	12	12x12	20.756590
011110110110	03000220022	12	12x12	20.756590
011111001010	00211113033	12	12x12	19.026874
000101000111	02113300300	12	12x12	22.486306
000010010111	02113111202	12	12x12	22.486306
000000010010	02022120033	12	12x12	22.486306
111110110011	03002000313	12	12x12	22.486306
010100000001	03300330222	12	12x12	17.297158
100001011010	03311112212	12	12x12	20.756590
010111111110	03112133333	12	12x12	19.026874
011111000011	00000021200	12	12x12	17.297158
011000101110	02203031300	12	12x12	20.756590
100010000000	00033121313	12	12x12	20.756590
001000111001	03030331121	12	12x12	20.756590
111101011101	02033300212	12	12x12	20.756590
001101000011	03331221312	12	12x12	20.756590
010111110000	00003312131	12	12x12	20.756590
110101011010	02212222220	12	12x12	15.567442
010011001011	00020212220	12	12x12	19.026874
001001010010	03333113111	12	12x12	15.567442
101100100100	03020331330	12	12x12	20.756590
100101111011	02122030300	12	12x12	19.026874
111101001000	00211202221	12	12x12	20.756590
110111111011	02222003020	12	12x12	19.026874
110000100011	00020330222	12	12x12	20.756590
110010011101	02113121330	12	12x12	24.216021
110000001111	02021131330	12	12x12	22.486306
010100000010	00303022003	12	12x12	19.026874
101110001111	02120222221	12	12x12	19.026874
110110000010	03000311112	12	12x12	19.026874
110101000100	00221221333	12	12x12	19.026874
111000010010	00211111121	12	12x12	19.026874
000011011000	02021121120	12	12x12	19.026874
011010011100	00331211311	12	12x12	20.756590
011110100010	03133112131	12	12x12	22.486306
111100110110	02120203333	12	12x12	19.026874
010011001011	03302030220	12	12x12	24.216021
001110010001	00313333311	12	12x12	19.026874
110000110101	02112131213	12	12x12	20.756590
110111100001	03330200031	12	12x12	20.756590
010010010011	02000200303	12	12x12	19.026874
111000000011	00313000212	12	12x12	20.756590
001111110010	03003002121	12	12x12	19.026874
000111011111	02113122111	12	12x12	19.026874
111010001011	00211112221	12	12x12	19.026874
110001100010	03313312212	12	12x12	20.756590
011101010001	00212120020	12	12x12	19.026874
010010101011	03131221313	12	12x12	19.026874
111001011110	03133111111	12	12x12	17.297158
001000001010	00021112222	12	12x12	17.297158
011110101000	02033312131	12	12x12	20.756590
100011000000	00033311112	12	12x12	15.567442
011110110010	03130313113	12	12x12	19.026874
000110000010	02202113312	12	12x12	25.945737
101100101100	03331221331	12	12x12	22.486306
000001111010	02020003033	12	12x12	17.297158
001010100111	03000033022	12	12x12	20.756590
111001001011	03000311112	12	12x12	19.026874
010000001001	00211131121	12	12x12	22.486306
110110001100	03313031111	12	12x12	20.756590
000111100111	00022221211	12	12x12	15.567442
000100001011	00021112220	12	12x12	19.026874
001001111001	02122022003	12	12x12	22.486306
101100010011	00202120000	12	12x12	17.297158
000101011010	00030220022	12	12x12	17.297158
100111001011	02212121311	12	12x12	17.297158
001011010001	00021112121	12	12x12	17.297158
101000110010	00021222133	12	12x12	20.756590
101011011100	03003111300	12	12x12	19.026874
100001100101	00333033031	12	12x12	17.297158
001001010000	00330300333	12	12x12	17.297158
111011010000	03130002120	12	12x12	24.216021
001000110010	02111213330	12	12x12	20.756590
110101110100	03331121200	12	12x12	20.756590
001101111101	03333303330	12	12x12	15.567442
111011010111	00330302202	12	12x12	20.756590
001011101010	02030020300	12	12x12	15.567442
110110011110	03311311303	12	12x12	20.756590
110010010101	00313002200	12	12x12	24.216021
001000101010	03330311133	12	12x12	20.756590
011010101110	03333303312	12	12x12	19.026874
111011100111	03002002203	12	12x12	22.486306
000111111111	02202211313	12	12x12	20.756590
011010000111	03112120211	12	12x12	22.486306
001111001000	03000222121	12	12x12	20.756590
111011001110	02120203302	12	12x12	24.216021
111110111111	02211120202	12	12x12	19.026874
010101000000	00022112002	12	12x12	19.026874
001101001010	00031131121	12	12x12	20.756590
101111011110	02000221311	12	12x12	22.486306
000110111101	02202213133	12	12x12	19.026874
111101110111	00003020303	12	12x12	15.567442
110000011110	00003333022	12	12x12	17.297158
110111010000	03111133033	12	12x12	19.026874
010101010101	00000222211	12	12x12	13.837726
001000000111	03003111300	12	12x12	19.026874
101000100011	02003302222	12	12x12	22.486306
001101100111	02213131212	12	12x12	19.026874
100001001011	03131120212	12	12x12	22.486306
101111100111	03031313033	12	12x12	17.297158
111011111101	03003031130	12	12x12	22.486306
100000010111	02002030331	12	12x12	20.756590
100000000000	00030221211	12	12x12	20.756590
011011111010	00300022213	12	12x12	20.756590
110101001011	02022112021	12	12x12	20.756590
110001101111	03312112020	12	12x12	22.486306
011111010000	03020330003	12	12x12	19.026874
111011010110	02113300000	12	12x12	19.026874
001000010100	00311311111	12	12x12	17.297158
011010010000	02221331213	12	12x12	20.756590
111011010000	03000330311	12	12x12	20.756590
011000001000	02030311311	12	12x12	19.026874
100001111010	02113113333	12	12x12	19.026874
001000011101	02113121222	12	12x12	20.756590
100001110101	00211131213	12	12x12	22.486306
010100000001	00330313330	12	12x12	20.756590
000000111100	00033311221	12	12x12	19.026874
111100100101	02002030221	12	12x12	22.486306
010000000100	02121202120	12	12x12	19.026874
100000110010	02121331300	12	12x12	22.486306
101010000100	00302211202	12	12x12	20.756590
001100000111	02111333111	12	12x12	19.026874
010011100100	00222202021	12	12x12	17.297158
010101101111	02122121333	12	12x12	20.756590
000110110100	02213122220	12	12x12	20.756590
110000001110	00333133030	12	12x12	19.026874
101001111101	02000211111	12	12x12	17.297158
101101110001	02202003333	12	12x12	19.026874
011010010100	02122113031	12	12x12	25.945737
110011111011	03130022002	12	12x12	22.486306
000011010101	03313133113	12	12x12	19.026874
010110100000	00203002213	12	12x12	22.486306
101010111001	00000303113	12	12x12	17.297158
010001000000	00313033112	12	12x12	22.486306
101010011000	00020300031	12	12x12	19.026874
100000100001	03111312220	12	12x12	20.756590
111110000101	02120030022	12	12x12	22.486306
011101110001	03131111213	12	12x12	20.756590
001101001011	02111130033	12	12x12	20.756590
101110111101	02113313003	12	12x12	25.945737
110110100010	03112200221	12	12x12	24.216021
101101010101	03112220211	12	12x12	24.216021
001100010111	00203031303	12	12x12	19.026874
111001110011	00211213130	12	12x12	22.486306
111000010101	03111112113	12	12x12	19.026874
011011000010	03111120202	12	12x12	19.026874
001111001101	03111202120	12	12x12	22.486306
101000101001	00331300020	12	12x12	22.486306
010100010001	00330330020	12	12x12	20.756590
111011001110	02202211120	12	12x12	20.756590
011010111000	00000200330	12	12x12	17.297158
000010110101	00211222030	12	12x12	22.486306
001110101111	00021111202	12	12x12	19.026874
110111110101	03302020300	12	12x12	19.026874
011111110110	00331112222	12	12x12	17.297158
100010100111	02121222113	12	12x12	19.026874
101001111000	02000222212	12	12x12	20.756590
000000100001	00200222120	12	12x12	20.756590
101000011011	03112111313	12	12x12	20.756590
001011010010	00203033022	12	12x12	19.026874
010101101011	00222113312	12	12x12	22.486306
010110111010	03003331112	12	12x12	20.756590
101000010100	03031130303	12	12x12	17.297158
101011010011	02122113312	12	12x12	25.945737
011000100101	02111330331	12	12x12	20.756590
011000011100	03130030002	12	12x12	19.026874
101101011011	00311313122	12	12x12	20.756590
010001001101	02122203020	12	12x12	22.486306
100000001010	02113300333	12	12x12	22.486306
100000000111	02121213312	12	12x12	20.756590
010011100110	03313333313	12	12x12	17.297158
010111010101	02121211111	12	12x12	13.837726
110000111001	02122211121	12	12x12	20.756590
010110101111	03003302030	12	12x12	20.756590
000110101111	00002222113	12	12x12	15.567442
011001100000	02121313331	12	12x12	19.026874
100110000000	03303022221	12	12x12	19.026874
010010110100	03133002002	12	12x12	22.486306
111000011001	02120033303	12	12x12	24.216021
011010100111	03002022022	12	12x12	19.026874
000011100010	03000330033	12	12x12	17.297158
000110010110	02120021113	12	12x12	20.756590
011001001011	00221213112	12	12x12	22.486306
110110110000	02212120221	12	12x12	19.026874
000111110010	02213121331	12	12x12	24.216021
001000001010	00222221331	12	12x12	19.026874
110111110001	02021222121	12	12x12	17.297158
010011001101	02030333111	12	12x12	19.026874
000011010101	03313122131	12	12x12	20.756590
100000101100	02220202022	12	12x12	13.837726
100111101111	03112213130	12	12x12	22.486306
