ID	OPC	CUSPS
1	66.75	6
2	19.25	1
3	25.5	1
5	21.75	1
6	43.375	4
7	18.75	1
8	71.5	3
9	97.0	3
10	80.25	2
11	51.375	3
12	45.125	2
14	189.625	4
15	48.75	4
16	28.875	1
17	21.125	1
18	33.375	4
20	87.0	2
21	35.25	1
22	100.125	1
23	97.25	5
24	22.75	2
25	42.75	3
26	29.75	3
27	27.25	1
28	38.25	3
29	28.375	1
30	26.0	3
31	16.125	1
32	74.5	4
33	77.125	5
34	79.875	3
35	47.25	3
36	46.625	4
37	218.5	1
38	41.625	3
39	40.0	3
40	18.5	1
41	25.0	2
42	71.75	5
43	21.75	1
44	45.875	1
45	37.75	1
46	39.875	1
47	59.875	3
48	30.25	2
49	70.625	1
50	32.375	2
51	61.625	4
52	86.75	5
53	28.5	1
54	53.75	1
55	63.75	3
56	41.375	3
57	21.25	3
58	45.25	3
59	114.0	5
61	34.25	3
62	17.625	1
63	55.5	3
64	40.125	3
65	53.75	2
66	79.0	1
67	49.0	5
69	19.0	1
70	130.5	2
71	20.625	3
72	75.375	4
73	85.375	1
74	18.0	1
75	33.25	3
76	80.375	4
77	30.0	2
78	46.625	4
80	20.75	2
81	39.5	1
82	84.25	5
83	20.125	2
84	27.25	1
85	24.125	3
86	78.0	5
87	39.5	5
88	27.25	1
89	77.75	1
90	45.25	5
91	50.375	3
92	69.125	6
93	47.25	3
94	42.875	3
95	29.5	1
96	139.5	2
97	24.25	1
98	26.0	2
99	85.75	3
100	29.75	3
101	94.5	1
102	61.0	3
103	67.25	1
104	56.75	5
105	138.0	1
106	137.625	1
107	20.5	3
108	25.0	1
110	332.0	1
112	38.0	3
113	57.375	5
114	25.0	3
115	20.5	2
116	20.5	1
117	132.375	1
119	56.0	3
120	23.25	2
121	78.25	4
122	31.0	2
123	241.125	4
124	58.625	4
125	58.125	5
126	47.0	3
127	27.0	1
128	41.0	1
129	56.375	2
130	38.0	3
131	29.25	1
132	50.0	1
134	41.625	2
135	32.375	4
136	103.0	3
137	61.75	4
138	70.5	6
139	41.375	3
141	49.5	2
142	84.25	3
143	33.875	4
144	37.125	4
145	28.875	1
146	95.75	1
147	28.125	3
148	38.0	3
149	130.0	3
150	26.125	3
151	27.125	2
153	33.0	1
154	51.5	4
155	33.875	3
156	19.75	1
157	53.0	1
158	113.125	4
160	95.625	5
161	66.75	3
162	22.75	1
163	20.25	1
164	90.125	6
165	71.625	2
166	34.125	4
167	72.5	1
168	19.25	1
169	41.25	3
170	25.25	1
171	29.375	1
172	38.875	3
173	24.0	3
174	21.625	3
175	72.5	5
176	70.25	3
177	20.5	1
178	167.25	2
179	22.25	2
180	123.625	1
181	21.5	3
182	19.0	1
184	60.0	1
185	64.125	3
186	85.625	6
187	105.0	5
188	217.125	10
189	49.625	3
190	32.25	1
191	43.5	1
192	185.25	5
193	82.25	4
194	55.25	5
195	166.25	2
196	44.25	2
197	43.25	1
198	316.625	1
200	185.5	5
201	42.5	3
202	153.125	6
203	306.0	1
204	21.5	1
205	46.0	1
206	29.25	2
207	31.25	3
208	69.0	3
209	19.625	1
210	29.5	2
211	146.875	1
212	17.0	3
213	28.0	3
214	54.875	3
215	70.875	4
216	37.25	3
217	22.375	2
218	59.875	3
219	38.125	2
220	17.25	1
221	27.625	1
222	54.25	4
223	96.875	7
224	45.125	5
225	157.0	4
226	35.0	3
227	43.25	3
228	20.75	3
229	99.25	4
230	66.0	1
232	62.25	3
233	24.75	1
234	90.375	3
235	41.25	3
236	124.0	6
237	34.75	3
238	50.0	4
239	84.875	3
240	59.5	3
241	83.0	3
242	109.0	3
243	24.125	2
244	61.25	5
245	188.75	2
246	68.375	3
247	165.75	1
248	239.5	1
249	59.25	4
250	28.5	2
251	19.75	3
252	179.75	3
253	36.5	4
254	51.25	4
255	64.875	3
256	92.25	5
257	19.875	1
258	76.0	3
259	43.25	4
260	41.375	3
261	49.625	4
262	37.25	3
263	21.25	2
264	20.0	2
265	59.75	3
266	27.625	3
267	23.375	2
268	37.0	1
269	52.625	4
270	60.75	1
271	37.25	3
272	31.375	4
273	41.25	3
274	24.75	3
275	54.25	5
276	63.125	4
277	30.25	2
278	28.625	1
279	40.25	4
280	30.25	1
281	77.5	5
282	65.0	1
283	52.875	5
284	46.0	3
285	21.875	1
286	14.5	1
287	210.75	3
288	25.5	2
289	22.75	1
290	107.5	2
291	77.0	5
292	72.75	3
293	20.0	1
294	33.625	2
295	23.25	2
296	74.125	6
297	62.25	5
298	29.25	1
299	40.0	4
300	61.5	3
301	206.5	2
302	270.5	3
303	104.875	5
304	54.25	4
305	144.25	3
306	36.375	3
307	18.75	1
308	53.0	5
309	33.75	3
310	70.25	1
311	90.875	1
312	30.375	3
313	82.625	3
314	36.0	4
315	221.375	5
316	25.5	2
317	26.75	2
319	41.375	1
320	45.875	3
321	36.375	1
322	38.75	3
323	47.875	3
324	26.25	2
325	45.25	4
326	42.75	3
327	22.25	3
328	57.875	3
329	24.5	3
330	71.75	4
331	18.25	1
332	39.5	3
334	20.75	1
335	144.5	5
336	28.5	3
337	163.75	5
338	32.25	2
339	73.0	3
340	31.25	1
342	38.75	1
343	38.75	2
344	68.5	2
345	128.0	6
346	19.25	1
347	37.875	4
348	42.25	4
349	82.0	1
350	24.5	2
351	31.125	3
352	25.75	2
353	31.0	4
354	54.25	4
355	187.25	1
356	41.0	3
358	46.25	3
359	16.0	1
360	58.0	2
361	21.0	1
362	30.375	3
363	37.875	3
364	37.0	3
365	46.625	3
366	68.25	4
367	52.5	3
368	76.5	5
369	75.625	3
370	65.25	3
371	159.625	3
372	69.0	2
373	21.0	1
374	40.125	3
375	51.125	1
376	41.0	3
377	115.875	3
378	31.75	3
379	41.25	3
380	22.5	2
381	130.5	3
382	114.5	3
383	64.125	4
384	20.125	2
385	68.75	1
386	31.0	3
387	17.25	1
388	35.875	2
389	136.625	4
390	35.375	4
391	59.25	4
392	153.75	3
393	44.75	3
394	33.5	2
395	58.5	1
396	26.25	1
397	148.0	2
398	58.125	3
399	20.125	3
400	30.5	2
401	33.25	1
402	34.375	3
403	51.875	3
404	38.5	4
405	55.5	1
406	62.75	3
407	26.0	1
408	25.0	1
409	21.0	1
410	51.0	1
411	39.75	3
412	61.75	3
413	104.125	2
414	156.25	1
415	30.0	2
416	39.25	5
417	21.875	3
418	21.75	3
419	52.25	5
420	92.25	1
421	16.0	2
422	28.25	1
423	39.75	4
424	87.0	5
425	40.25	3
426	34.375	3
427	71.25	2
428	109.125	3
429	59.875	1
430	145.125	3
432	84.5	4
433	39.5	3
434	104.5	5
435	50.375	3
436	32.625	1
437	18.5	2
438	30.75	3
439	22.75	1
440	24.375	2
441	34.125	2
442	44.375	3
443	21.375	1
444	84.75	1
445	25.375	3
446	55.375	1
447	76.75	4
448	121.75	5
449	99.25	3
450	20.75	3
452	183.375	7
453	35.0	1
454	81.875	3
455	55.25	1
456	116.75	4
457	50.375	2
458	38.0	3
460	64.25	3
461	51.75	3
462	40.0	1
463	86.25	3
464	66.0	1
465	37.875	3
466	26.75	1
467	51.5	4
468	51.0	5
470	64.375	3
471	24.0	3
472	85.875	5
473	59.375	1
474	35.5	3
475	52.25	5
476	68.0	4
477	69.875	1
478	47.25	3
479	48.5	3
480	37.125	3
481	61.625	4
482	30.125	3
483	46.125	1
484	25.5	3
485	124.5	4
486	131.75	5
487	34.75	3
488	75.125	3
489	39.125	3
490	73.25	4
491	248.375	5
492	56.75	3
493	50.0	3
494	41.75	5
495	27.875	2
496	19.25	1
497	28.375	3
498	35.625	4
499	35.25	3
500	24.0	3
501	22.625	1
502	63.0	4
503	83.5	4
504	19.5	1
505	168.75	5
506	30.125	3
507	37.125	3
508	146.625	5
509	30.75	2
510	44.125	5
511	195.5	6
512	31.0	2
513	28.25	4
514	19.625	1
515	90.5	5
516	66.0	2
517	43.75	4
519	80.375	5
520	40.25	3
521	46.625	4
523	19.75	1
524	20.375	3
525	33.375	3
526	141.875	4
527	42.25	4
528	114.0	1
529	21.0	1
530	156.25	3
531	47.25	4
532	56.5	3
533	72.5	4
534	19.0	3
535	63.375	4
536	61.25	1
537	68.5	1
538	57.75	4
539	21.625	3
540	26.625	1
541	42.25	3
542	16.875	2
543	177.5	3
544	37.625	3
545	48.25	4
546	45.625	3
547	78.75	3
548	74.125	4
550	21.375	1
551	32.125	3
552	27.5	3
553	211.125	5
554	16.75	1
555	93.375	4
556	29.25	1
557	59.25	3
558	30.625	2
559	38.375	3
560	44.0	3
561	29.375	3
562	38.0	3
563	34.375	3
564	31.0	2
565	18.75	1
566	61.375	3
567	30.875	3
568	23.75	2
569	222.375	2
570	40.625	3
571	60.875	3
572	32.5	3
573	74.625	4
574	21.375	2
575	22.625	2
576	55.5	4
577	140.5	1
578	67.75	3
579	49.75	3
580	30.75	2
581	136.5	5
582	45.875	3
583	38.25	1
584	57.375	4
585	46.25	3
586	22.25	1
587	127.0	5
588	22.0	3
589	114.0	6
590	50.0	3
591	160.0	5
592	39.375	1
594	29.0	3
596	23.875	1
597	242.625	5
598	72.625	5
599	35.0	4
600	45.125	4
601	50.25	3
602	163.25	5
604	32.5	3
605	63.25	3
607	73.25	3
608	33.625	3
609	34.5	3
610	198.5	1
611	42.0	2
612	60.75	4
613	48.0	2
614	69.125	4
615	37.0	2
616	75.5	1
617	75.0	3
618	103.875	5
619	20.25	3
620	29.5	2
621	102.25	3
622	46.75	2
623	29.5	1
624	30.875	1
625	17.0	2
626	43.25	4
627	86.5	3
628	25.0	2
629	107.75	2
630	51.875	3
631	29.5	2
632	33.0	2
633	23.625	3
634	28.25	3
635	21.25	3
636	21.75	3
637	21.25	3
638	17.0	1
639	39.5	2
640	33.0	3
641	106.375	5
643	44.25	3
644	22.75	2
645	51.25	1
646	43.0	3
648	81.5	4
649	21.125	1
650	64.25	4
651	79.875	4
652	38.375	3
653	47.375	4
655	35.125	2
656	29.75	1
657	58.0	4
658	67.5	4
659	34.75	3
660	48.75	1
661	48.0	4
662	24.0	1
663	56.0	3
664	79.375	3
665	70.5	4
666	30.375	3
667	101.25	3
668	64.75	5
669	23.375	1
670	28.75	2
671	86.125	5
672	31.25	3
673	70.5	3
674	104.25	5
675	105.5	1
676	72.125	4
677	110.625	2
678	22.0	3
679	47.375	2
680	65.5	4
681	124.5	1
682	145.125	3
683	74.125	5
684	20.75	1
685	30.0	4
686	37.0	3
687	117.125	5
688	47.75	3
689	60.375	4
690	22.0	3
691	94.125	5
692	34.75	1
693	134.875	4
694	55.875	2
695	22.5	3
696	28.875	3
697	105.75	5
698	27.75	1
699	32.5	3
700	48.375	5
701	79.125	5
703	27.75	3
704	43.375	1
705	22.125	1
706	29.25	1
707	65.875	2
708	167.875	2
709	123.75	2
710	32.875	4
711	25.375	1
712	28.25	1
713	16.75	1
714	22.25	3
715	155.25	3
716	58.25	3
717	30.125	2
718	249.625	3
719	24.375	1
720	59.25	3
721	174.125	2
722	115.5	3
724	51.875	4
725	38.0	1
726	78.375	3
727	192.875	1
728	29.875	3
729	19.25	1
730	28.125	1
731	34.0	3
733	70.0	7
734	35.0	3
735	63.75	2
736	19.25	1
737	21.0	2
738	26.375	3
739	27.25	2
740	22.0	2
741	22.375	3
742	202.75	3
743	44.125	3
744	158.875	3
745	97.875	2
746	65.5	1
747	41.125	2
748	49.625	3
749	33.75	2
750	36.5	4
751	34.875	1
752	18.0	1
753	33.25	1
754	124.125	3
755	23.625	3
756	26.75	2
757	21.0	3
758	117.5	7
759	30.25	3
760	164.625	6
761	51.125	3
762	85.625	5
763	31.75	2
764	28.0	3
765	74.5	4
766	354.25	3
767	134.0	1
768	146.875	4
769	80.75	3
770	32.25	2
771	31.5	3
772	37.75	4
773	52.0	6
774	49.375	3
775	42.5	4
776	54.125	4
777	38.25	3
778	22.0	3
779	61.25	5
780	59.5	2
781	27.375	2
782	63.75	1
783	31.125	3
784	86.0	4
785	65.25	4
786	71.75	1
787	21.25	1
788	18.75	1
789	40.125	3
790	91.75	1
791	139.75	5
792	109.0	2
793	27.75	3
796	32.25	3
797	135.875	1
798	25.75	3
799	24.25	3
800	18.0	1
801	52.75	3
802	29.875	3
803	54.875	4
804	20.875	3
805	36.375	1
806	57.25	3
807	62.0	2
808	46.0	3
809	115.875	3
810	88.5	1
811	30.25	3
812	57.0	1
813	186.75	2
814	51.0	2
815	148.0	1
816	158.625	6
817	38.625	3
818	22.75	1
819	170.25	1
820	19.0	1
821	22.25	3
822	65.375	5
823	20.5	1
824	31.625	1
825	67.875	3
826	83.25	6
828	28.75	2
829	20.75	1
830	20.75	1
831	50.0	3
832	111.5	3
833	39.75	5
836	18.0	1
837	24.0	2
838	24.25	1
839	21.5	1
840	39.0	2
841	54.25	3
843	50.25	4
844	68.375	5
845	34.375	3
846	340.75	1
847	24.375	1
848	44.5	2
849	85.5	4
850	33.75	3
852	52.0	5
853	126.375	3
854	63.375	3
855	35.875	1
856	62.5	4
857	43.25	1
858	37.75	3
859	110.875	4
860	47.625	3
861	52.5	3
862	33.5	3
863	31.25	3
864	44.75	3
865	29.0	3
866	77.125	5
867	29.5	2
868	93.0	4
869	28.375	3
870	98.0	6
871	61.375	1
872	114.75	3
873	85.625	1
874	109.625	4
875	34.0	1
876	97.5	2
877	22.625	3
878	48.75	3
879	23.75	1
880	60.25	1
881	46.5	1
882	44.625	4
883	83.375	4
884	20.25	1
885	21.5	1
886	141.375	1
887	21.5	1
888	39.5	1
889	26.75	3
890	30.625	2
891	28.0	1
892	20.5	1
893	18.25	3
894	39.125	3
895	86.625	3
896	64.625	4
897	53.25	1
898	49.625	2
899	25.875	1
900	26.25	2
901	34.875	3
902	16.5	1
903	38.25	3
904	39.375	3
905	56.25	4
906	21.0	1
907	37.625	3
908	50.375	3
909	31.25	1
910	85.375	6
911	41.75	3
912	31.0	2
913	60.625	5
914	72.75	3
915	98.5	3
916	32.5	1
917	69.625	2
918	28.0	2
920	60.0	1
921	19.5	1
922	21.875	1
923	59.0	4
924	18.5	1
925	76.25	3
926	40.625	4
927	32.25	3
928	29.875	1
929	30.0	2
930	46.875	3
931	35.125	4
932	68.5	4
933	44.875	3
934	71.75	1
935	34.25	4
936	36.625	3
937	111.5	3
938	136.5	5
939	45.0	3
940	18.0	3
941	17.25	1
942	26.75	3
943	29.75	3
944	140.5	6
945	34.875	1
946	19.75	1
947	111.75	3
948	55.25	3
949	55.375	3
950	19.75	2
951	20.0	3
952	47.5	1
953	40.0	3
954	57.0	3
955	47.75	3
956	93.625	1
957	84.0	1
958	116.25	1
959	33.875	3
960	287.875	1
961	188.625	2
962	30.0	2
963	42.375	4
964	37.75	3
965	50.875	4
966	141.5	1
967	57.5	2
968	21.25	1
969	24.625	2
971	21.0	1
972	33.0	3
973	103.0	4
974	27.75	3
975	35.25	3
976	72.0	2
977	21.5	1
978	22.25	2
979	27.875	1
980	73.5	5
981	25.0	1
982	47.375	4
983	57.75	3
984	52.125	3
985	34.25	1
986	24.0	3
987	47.375	3
988	55.75	2
989	30.375	3
990	19.25	2
991	20.875	3
992	33.125	3
993	98.75	4
994	22.75	1
996	28.0	1
997	47.25	1
999	114.5	3
1001	52.75	4
1002	18.75	1
1003	71.125	3
1004	76.625	5
1005	44.25	3
1006	102.375	6
1007	75.0	4
1008	16.25	1
1009	19.625	2
1010	198.625	6
1011	40.375	2
1012	23.5	3
1013	199.0	1
1014	55.75	3
1016	60.25	4
1017	31.25	3
1018	47.75	4
1019	53.75	3
1020	86.75	3
1021	16.0	1
1022	35.25	1
1023	47.75	3
1024	82.0	3
1025	233.375	1
1026	116.0	4
1027	34.75	3
1028	17.75	1
1029	49.5	2
1031	73.625	6
1032	105.0	4
1033	67.25	2
1035	25.0	3
1036	197.75	3
1037	24.5	1
1038	24.375	3
1039	71.875	5
1040	77.125	2
1041	26.75	2
1042	48.25	2
1043	26.5	1
1044	52.75	3
1045	17.5	1
1046	92.375	3
1047	28.75	1
1048	69.75	3
1049	30.125	2
1050	183.125	4
1051	23.25	2
1052	52.875	4
1053	63.875	4
1054	95.25	5
1055	64.625	3
1056	63.375	4
1057	22.25	1
1058	70.875	4
1059	37.0	4
1060	31.25	4
1061	45.375	3
1062	40.25	3
1063	157.5	3
1064	92.125	5
1065	42.625	4
1066	61.75	4
1068	42.5	3
1069	56.625	3
1070	61.0	3
1071	49.0	1
1072	50.125	5
1073	115.25	1
1074	50.5	1
1075	33.25	4
1076	33.0	3
1077	17.25	1
1078	30.75	3
1079	61.375	3
1080	23.25	3
1081	18.75	1
1082	65.75	4
1083	40.25	3
1084	102.0	3
1086	34.5	2
1087	194.5	2
1088	24.375	1
1090	39.125	2
1091	91.25	5
1092	78.625	3
1093	33.25	3
1094	89.75	7
1095	58.375	4
1096	57.0	3
1097	36.0	4
1098	241.25	1
1099	43.625	3
1100	176.0	1
1101	127.0	3
1102	30.0	3
1103	72.625	6
1104	55.0	4
1105	29.0	2
1106	36.25	1
1107	79.75	4
1109	60.875	4
1110	27.875	2
1111	138.0	3
1112	135.25	1
1113	90.25	3
1114	22.0	1
1115	30.875	3
1116	49.125	3
1117	67.875	1
1118	33.875	3
1119	69.0	4
1120	30.75	2
1121	16.0	1
1122	49.25	4
1123	54.25	1
1124	38.75	2
1125	85.125	2
1126	43.375	3
1127	103.0	5
1128	43.875	3
1129	53.125	5
1130	20.0	1
1131	29.25	2
1132	122.125	4
1133	47.125	5
1134	18.5	2
1135	47.5	3
1136	74.75	5
1138	130.625	1
1139	90.625	5
1140	41.5	3
1141	33.375	3
1143	21.375	1
1144	41.875	3
1145	31.875	2
1146	42.25	2
1147	47.125	3
1148	84.375	5
1149	24.75	1
1151	66.75	3
1152	30.875	2
1153	22.5	2
1154	33.375	3
1156	117.75	2
1157	44.0	1
1159	61.75	4
1160	34.875	3
1161	130.25	5
1162	33.25	3
1163	57.375	4
1164	52.5	3
1165	21.75	2
1166	30.0	3
1167	102.25	4
1168	51.625	4
1169	102.375	1
1170	68.0	4
1171	70.5	5
1172	58.25	4
1173	21.75	1
1174	18.25	1
1176	166.0	5
1177	27.25	1
1178	31.0	3
1179	19.25	1
1180	33.625	2
1181	47.0	1
1182	73.625	4
1183	63.125	3
1184	36.0	3
1185	65.375	4
1186	117.625	2
1187	28.5	1
1188	133.875	5
1189	91.75	4
1191	74.5	4
1192	24.125	1
1193	313.125	5
1195	57.75	4
1196	34.75	3
1197	102.5	1
1198	43.5	2
1199	22.5	3
1200	61.875	3
1201	29.0	2
1202	54.75	1
1203	118.0	6
1204	39.875	3
1205	58.875	4
1206	51.125	4
1207	45.875	1
1208	27.25	1
1209	21.5	3
1210	37.625	3
1211	66.625	4
1212	139.0	5
1213	38.25	2
1214	58.0	1
1215	51.5	5
1216	32.75	2
1217	54.0	5
1218	21.75	1
1219	29.0	1
1220	45.75	3
1221	29.25	2
1222	164.875	2
1223	91.625	3
1224	104.5	3
1225	110.5	5
1226	25.0	1
1227	100.625	4
1228	24.125	2
1229	103.5	5
1230	117.5	3
1231	38.875	5
1232	135.875	2
1233	46.25	4
1234	40.125	3
1236	49.625	3
1237	58.875	3
1238	44.5	3
1239	66.875	4
1240	31.5	3
1242	45.875	3
1243	51.875	5
1245	46.625	5
1246	41.75	3
1247	23.75	1
1248	30.75	3
1249	55.375	3
1250	37.25	2
1251	75.5	5
1255	37.5	3
1256	36.0	3
1257	45.625	3
1258	57.75	3
1259	43.0	3
1260	256.375	1
1261	20.625	1
1262	23.5	1
1263	92.625	1
1264	86.0	6
1265	28.125	2
1266	50.75	3
1267	53.75	3
1268	146.625	1
1269	61.125	5
1270	37.375	3
1271	84.25	3
1272	34.0	3
1273	216.75	1
1274	96.0	2
1275	38.25	3
1276	24.25	2
1277	32.125	3
1278	152.0	1
1279	60.375	3
1280	15.25	2
1281	25.75	2
1282	213.375	1
1283	22.125	1
1284	20.25	1
1285	33.25	3
1286	57.125	4
1287	18.25	1
1288	24.5	1
1289	24.75	1
1290	103.75	3
1291	154.75	4
1292	45.0	3
1294	34.25	3
1295	56.125	3
1296	39.375	3
1297	60.25	4
1298	34.375	3
1299	188.75	4
1300	39.0	3
1301	67.25	3
1302	21.5	3
1303	27.875	1
1304	39.0	3
1305	19.5	1
1306	73.25	2
1307	42.625	3
1308	171.875	2
1309	43.5	3
1310	101.5	1
1311	30.0	2
1312	50.25	1
1313	43.5	3
1314	39.0	3
1315	27.25	4
1316	87.25	2
1317	88.25	3
1318	28.75	2
1319	26.0	2
1320	19.25	2
1321	25.5	3
1322	37.625	3
1323	59.25	3
1324	77.0	4
1325	19.75	1
1326	35.25	3
1327	58.0	4
1328	43.375	3
1329	34.5	1
1330	24.0	3
1331	37.5	3
1333	47.875	2
1335	54.0	4
1336	64.875	3
1337	42.5	3
1338	209.75	3
1339	54.25	5
1340	97.375	4
1341	77.5	2
1342	94.25	3
1343	74.75	1
1344	45.75	2
1345	31.875	4
1346	64.625	3
1347	74.125	4
1348	29.75	3
1349	31.5	1
1350	183.75	2
1351	36.75	3
1353	186.625	5
1354	20.0	1
1355	85.625	5
1356	37.75	3
1358	54.75	3
1359	283.0	1
1360	63.125	5
1361	69.5	3
1362	65.0	1
1364	19.5	1
1365	82.875	2
1366	50.875	4
1367	47.5	3
1368	61.25	5
1369	33.875	3
1370	25.5	4
1371	56.25	5
1372	27.5	1
1373	44.125	3
1374	69.25	4
1375	18.0	1
1376	57.75	4
1377	68.75	4
1378	34.75	3
1379	32.0	1
1381	39.625	4
1382	59.125	4
1383	127.5	3
1384	68.0	2
1385	59.875	4
1386	171.75	4
1387	46.0	4
1388	125.875	2
1389	46.875	3
1390	151.125	1
1391	17.5	1
1392	40.5	1
1393	47.875	3
1394	56.5	3
1395	18.75	1
1396	157.75	1
1397	19.0	3
1398	21.25	3
1399	67.5	4
1400	81.5	4
1401	238.0	2
1402	43.625	4
1403	22.0	1
1404	260.25	4
1405	76.0	6
1406	47.875	5
1407	18.5	1
1408	21.625	1
1409	29.0	2
1410	68.25	4
1411	133.875	3
1412	66.25	5
1413	207.0	1
1414	67.375	6
1415	25.125	1
1416	23.25	1
1417	48.25	4
1418	29.75	3
1419	116.625	3
1420	24.5	1
1421	30.875	3
1422	64.375	4
1423	29.125	3
1424	30.0	3
1425	88.5	4
1426	39.75	3
1427	24.0	2
1428	134.875	5
1429	98.5	6
1430	40.25	2
1431	44.75	3
1432	22.5	1
1433	200.75	2
1434	114.375	5
1435	28.0	3
1436	75.5	5
1437	48.0	4
1438	52.5	5
1439	58.5	5
1440	59.75	4
1441	37.25	3
1442	40.125	3
1443	41.5	3
1444	44.75	1
1445	43.25	2
1446	43.375	1
1447	21.5	1
1448	60.75	4
1449	31.5	3
1450	18.0	1
1451	21.625	3
1452	147.125	1
1453	27.625	3
1454	76.25	3
1455	49.625	3
1456	29.25	2
1457	28.0	1
1458	61.75	4
1459	28.875	2
1460	78.75	4
1461	109.5	5
1462	114.0	5
1463	28.0	3
1464	25.375	1
1465	37.0	3
1466	62.75	2
1467	36.5	1
1468	41.0	3
1469	15.75	1
1470	17.5	1
1471	44.0	3
1472	55.625	1
1473	27.125	1
1474	35.0	3
1475	28.875	2
1476	36.25	5
1477	28.0	3
1478	58.25	3
1480	49.625	3
1481	17.5	1
1482	23.0	3
1484	33.125	3
1485	43.5	4
1486	29.5	2
1487	29.875	3
1488	283.5	6
1489	18.5	2
1490	48.75	1
1491	163.0	2
1492	24.375	3
1493	225.125	5
1495	64.5	1
1496	94.875	3
1497	36.0	2
1498	24.25	1
1499	109.125	1
1500	26.75	3
1501	110.0	5
1502	33.25	1
1503	96.375	4
1504	61.5	4
1505	97.875	3
1506	104.125	6
1507	28.375	2
1508	46.25	3
1509	78.25	4
1510	29.25	3
1511	130.0	3
1512	47.25	1
1513	127.5	4
1514	35.75	1
1515	52.5	3
1516	21.375	1
1517	27.0	1
1518	36.75	2
1521	86.25	3
1522	165.0	2
1523	114.75	6
1525	39.125	3
1526	26.5	3
1527	50.5	4
1528	72.25	3
1530	34.0	3
1531	26.75	2
1532	31.875	3
1533	22.0	3
1534	15.375	1
1535	107.125	4
1536	29.5	2
1537	19.5	1
1538	23.0	2
1539	177.0	1
1540	28.5	3
1541	17.75	1
1542	45.75	3
1543	41.0	3
1544	87.875	5
1545	26.25	3
1546	35.125	2
1547	34.875	3
1548	65.625	4
1549	34.5	3
1550	76.375	3
1551	18.25	1
1552	47.5	3
1553	19.5	3
1554	57.0	4
1555	30.75	2
1556	59.5	1
1557	17.0	1
1558	67.625	6
1559	29.75	2
1560	39.875	3
1561	57.125	3
1562	41.75	3
1563	82.25	5
1564	32.375	2
1565	75.75	1
1566	59.375	3
1567	74.125	1
1568	139.375	5
1569	46.0	1
1570	23.75	3
1571	40.5	3
1572	35.25	3
1573	69.75	6
1574	47.75	3
1575	39.75	3
1576	69.75	3
1577	44.125	3
1578	96.125	4
1579	47.625	3
1580	27.25	3
1581	39.375	3
1582	40.5	1
1583	27.0	1
1584	19.0	1
1585	18.0	1
1586	67.25	4
1587	89.875	2
1588	66.75	5
1589	21.75	1
1590	160.0	3
1591	25.375	1
1592	87.75	3
1593	44.75	1
1594	43.125	3
1595	24.875	3
1596	26.0	2
1598	131.125	6
1599	23.25	3
1600	79.5	5
1601	55.25	4
1602	38.875	4
1603	32.75	3
1604	30.5	3
1605	91.875	3
1606	55.25	4
1607	33.25	3
1608	66.875	4
1609	93.375	5
1610	68.125	5
1611	31.75	3
1612	30.75	2
1613	38.5	3
1614	29.0	3
1615	75.375	4
1616	21.5	1
1617	66.75	5
1618	19.0	1
1619	85.75	3
1621	25.75	3
1622	26.5	1
1623	45.75	3
1624	43.25	4
1625	28.25	3
1626	61.25	4
1627	18.5	2
1628	39.5	3
1629	70.75	3
1630	31.75	3
1631	21.0	1
1632	41.625	4
1633	31.25	3
1634	36.0	3
1635	25.125	3
1636	51.125	3
1637	30.0	3
1638	136.875	4
1639	53.875	1
1640	37.0	5
1641	28.5	1
1642	34.5	4
1643	40.75	3
1644	38.25	1
1645	83.75	3
1646	110.375	3
1647	19.5	1
1648	68.25	3
1649	40.0	3
1650	37.0	3
1651	158.125	3
1652	75.25	5
1653	17.75	1
1654	24.25	3
1655	18.25	1
1656	202.375	3
1657	50.5	3
1658	29.25	3
1659	40.875	3
1660	54.0	3
1661	42.0	2
1662	39.75	3
1663	33.0	3
1664	29.25	3
1665	147.125	2
1666	44.625	3
1667	63.625	3
1668	42.75	4
1669	29.625	3
1670	18.0	1
1671	25.5	1
1673	86.5	4
1674	35.875	4
1675	20.25	1
1676	23.5	3
1677	22.375	3
1678	29.75	2
1679	85.75	3
1680	60.75	5
1681	53.375	3
1682	31.5	1
1683	82.625	4
1684	77.375	3
1685	78.125	4
1686	22.75	1
1687	31.625	2
1688	51.875	3
1689	103.5	4
1690	61.125	5
1691	336.25	3
1692	25.625	2
1693	37.0	3
1694	37.125	3
1695	41.125	2
1696	90.375	3
1697	15.75	1
1698	50.5	1
1699	67.375	2
1700	43.75	1
1701	39.125	3
1702	127.75	4
1703	169.625	4
1704	105.125	3
1705	140.875	1
1706	64.125	3
1707	49.5	4
1708	111.75	1
1709	23.75	3
1710	31.0	3
1711	51.75	3
1712	48.375	3
1713	33.0	2
1714	63.625	4
1715	33.75	3
1716	47.625	3
1717	29.25	3
1718	164.875	1
1719	37.5	4
1720	67.5	4
1721	181.875	1
1722	51.75	1
1723	18.25	1
1724	18.5	1
1725	23.25	1
1726	32.875	3
1728	27.0	3
1729	27.25	1
1730	76.125	4
1731	41.5	3
1732	47.5	1
1733	46.25	4
1734	60.0	5
1735	29.25	2
1736	73.5	5
1737	62.625	4
1738	31.0	2
1739	44.375	3
1740	29.625	3
1741	61.75	3
1742	73.625	3
1743	140.75	1
1744	21.5	1
1745	25.0	2
1746	34.0	3
1747	80.875	2
1748	21.125	1
1749	166.5	2
1750	59.75	3
1751	23.25	2
1752	41.75	4
1753	23.125	1
1754	105.125	7
1755	23.75	1
1756	65.375	4
1757	178.875	3
1758	19.5	1
1760	25.25	1
1761	50.5	2
1762	56.5	2
1763	18.0	1
1764	61.0	1
1765	41.0	3
1766	22.125	3
1767	64.0	4
1768	18.5	1
1769	41.5	3
1770	24.375	3
1771	103.375	1
1772	33.5	3
1773	19.0	2
1774	33.25	3
1775	29.0	1
1776	31.875	3
1777	38.5	2
1778	30.25	3
1780	30.375	2
1781	24.5	3
1782	21.5	3
1783	21.75	1
1784	33.75	1
1785	68.5	3
1786	23.125	1
1787	34.5	4
1788	224.25	2
1789	19.0	2
1790	46.0	3
1791	82.25	5
1792	244.875	5
1793	50.625	4
1794	65.75	3
1795	90.125	1
1796	162.875	7
1797	54.75	3
1798	76.375	3
1799	42.875	4
1800	79.875	4
1801	41.5	4
1802	42.375	3
1803	71.0	4
1804	152.0	2
1805	65.25	1
1806	19.75	3
1807	32.75	2
1808	44.125	1
1809	20.5	1
1810	145.875	7
1811	33.0	3
1812	60.625	1
1813	62.375	5
1814	79.5	5
1815	35.75	1
1816	60.125	5
1817	41.5	3
1818	196.25	1
1819	65.5	1
1820	29.5	3
1821	39.25	1
1822	29.25	3
1823	49.125	3
1824	52.625	3
1825	71.25	4
1826	71.5	3
1827	48.625	3
1828	35.125	3
1829	40.75	1
1830	36.0	2
1831	20.25	1
1832	48.5	3
1833	46.25	3
1835	19.0	1
1836	38.125	3
1837	22.25	1
1838	64.625	1
1839	24.125	2
1840	30.0	3
1841	80.875	3
1842	118.625	4
1844	35.5	2
1845	44.875	3
1846	49.5	3
1847	120.0	1
1848	117.75	6
1849	28.75	3
1850	48.25	3
1851	71.875	5
1852	86.0	4
1853	41.875	3
1854	178.5	3
1855	41.125	3
1856	19.25	1
1857	20.75	3
1858	61.375	4
1859	25.0	1
1860	26.875	3
1861	75.0	4
1862	43.5	4
1863	43.75	2
1864	27.5	3
1865	33.625	3
1866	44.75	3
1867	61.875	5
1868	72.75	3
1869	34.75	2
1871	32.5	3
1872	49.25	1
1873	27.875	1
1874	38.75	3
1875	18.125	1
1876	22.75	1
1877	36.5	2
1878	22.5	3
1879	88.25	1
1880	35.625	3
1881	30.5	2
1883	28.25	1
1884	161.875	6
1885	83.75	5
1886	27.875	3
1887	73.75	4
1888	72.25	3
1889	31.0	3
1890	21.5	3
1892	121.25	3
1893	19.75	1
1894	113.625	2
1895	75.875	3
1896	150.5	5
1897	36.125	3
1898	124.5	1
1899	148.5	5
1900	34.25	3
1901	69.125	4
1902	192.875	3
1903	25.25	3
1904	158.125	4
1905	178.625	5
1906	35.75	2
1907	106.5	2
1908	20.125	1
1909	125.75	3
1910	19.5	1
1911	56.5	3
1912	21.0	3
1913	29.125	1
1914	91.125	3
1915	104.75	3
1916	37.375	4
1917	123.75	7
1918	22.5	1
1919	50.5	3
1920	99.75	2
1921	90.0	3
1922	23.75	3
1923	37.0	3
1924	39.5	2
1925	48.625	3
1926	36.125	3
1927	66.75	1
1928	34.0	3
1930	33.25	3
1931	32.875	3
1932	108.75	3
1933	215.25	1
1934	31.625	2
1935	62.625	5
1936	51.875	4
1937	96.625	7
1938	51.875	3
1939	57.0	3
1940	39.5	3
1941	31.375	3
1942	117.75	5
1943	66.375	1
1944	19.25	1
1945	43.0	4
1946	39.75	3
1948	27.25	2
1949	77.0	1
1950	48.25	5
1951	47.0	4
1952	23.75	3
1953	60.0	3
1954	38.625	3
1955	32.25	3
1956	51.0	3
1957	88.75	4
1958	35.875	2
1959	24.125	1
1960	35.875	3
1961	68.75	3
1962	46.625	1
1963	62.0	3
1964	15.0	1
1965	40.875	3
1966	89.75	3
1967	19.75	1
1968	142.375	1
1969	22.25	1
1970	28.25	1
1971	37.375	2
1972	158.25	1
1974	23.75	2
1975	54.625	3
1976	18.75	1
1977	46.625	5
1978	161.125	2
1979	39.25	4
1980	59.375	4
1981	30.75	3
1982	37.75	2
1983	30.125	3
1984	54.5	2
1985	188.25	1
1986	44.5	3
1987	199.0	6
1988	38.125	1
1989	111.0	1
1990	21.5	3
1991	55.25	3
1992	30.75	3
1993	38.125	1
1994	150.5	3
1995	43.25	4
1996	236.875	4
1997	62.75	1
1998	57.125	3
1999	54.375	4
2000	28.25	1
2001	39.875	3
2002	27.625	1
2003	26.75	2
2004	133.0	4
2005	26.0	3
2006	20.75	3
2007	104.75	3
2008	41.375	3
2010	138.5	3
2011	45.75	4
2012	22.375	1
2013	78.625	5
2014	49.375	3
2015	23.5	1
2016	17.375	1
2017	112.5	3
2018	68.125	3
2019	108.625	2
2021	52.375	1
2022	70.0	2
2023	21.5	1
2024	79.125	5
2025	30.125	2
2026	25.25	1
2027	44.5	3
2028	54.125	3
2029	37.25	3
2030	46.0	3
2031	55.5	3
2032	44.75	3
2033	106.75	3
2034	23.0	1
2035	35.75	3
2036	37.5	1
2037	160.125	4
2038	39.625	3
2039	28.75	1
2040	32.25	3
2042	37.75	3
2043	63.875	1
2044	40.875	4
2045	75.75	3
2046	36.75	4
2047	46.5	2
2048	25.0	3
2049	31.0	3
2050	207.375	1
2051	42.25	3
2052	68.875	4
2053	43.0	3
2054	21.0	3
2055	29.25	3
2056	145.375	3
2058	45.5	1
2059	34.75	3
2060	158.125	8
2061	62.25	5
2062	41.25	3
2063	35.25	2
2064	182.5	1
2065	55.625	4
2067	19.0	1
2068	20.25	2
2069	96.625	3
2070	20.0	1
2071	35.75	3
2072	40.0	3
2073	44.25	3
2074	64.125	5
2075	26.75	1
2076	33.0	2
2077	39.5	3
2078	21.0	1
2079	81.0	5
2080	38.5	3
2082	69.25	3
2083	22.5	3
2084	33.5	3
2085	33.25	2
2086	59.375	4
2087	50.375	1
2088	65.375	5
2089	100.0	5
2090	61.5	3
2091	77.75	4
2092	38.5	5
2093	35.125	2
2094	84.5	1
2095	37.125	4
2096	37.0	3
2097	55.25	1
2098	186.25	5
2099	46.75	5
2100	34.5	4
2102	52.5	3
2104	48.75	4
2105	29.5	3
2106	86.125	4
2107	121.0	5
2108	42.5	1
2109	24.125	1
2110	107.0	3
2111	17.0	1
2112	101.25	6
2113	29.0	3
2114	53.75	3
2115	88.75	7
2116	29.625	2
2117	58.75	3
2118	68.875	3
2119	23.0	1
2120	51.125	4
2121	50.5	5
2122	30.75	2
2123	28.0	1
2124	63.625	4
2125	27.75	1
2126	31.75	2
2127	16.5	1
2128	120.75	1
2129	41.0	3
2130	31.75	3
2132	40.625	3
2133	35.375	3
2134	26.75	3
2135	35.25	3
2136	48.0	4
2137	84.625	4
2138	34.125	3
2139	72.875	4
2140	21.75	1
2141	21.5	2
2142	25.125	2
2143	142.25	5
2144	29.0	3
2145	44.625	4
2146	70.75	4
2147	319.75	3
2148	39.0	1
2149	72.0	1
2150	120.625	3
2151	19.875	3
2152	22.125	3
2153	125.0	3
2154	162.875	5
2155	125.125	5
2156	27.5	3
2157	101.0	2
2158	36.625	3
2159	22.375	2
2160	65.5	3
2161	59.875	3
2163	102.125	1
2164	36.875	3
2165	46.0	3
2166	199.5	1
2167	100.625	3
2168	27.75	1
2169	49.75	3
2170	45.0	3
2171	21.25	1
2172	118.625	1
2173	81.625	4
2174	61.875	2
2175	128.125	1
2176	73.875	1
2177	83.125	6
2178	136.75	4
2179	36.25	3
2180	97.25	4
2181	72.25	1
2182	62.625	4
2183	28.25	3
2184	19.0	2
2185	77.875	5
2186	29.875	1
2187	19.75	3
2188	29.25	3
2189	19.5	1
2190	32.75	3
2191	24.25	3
2192	66.25	3
2193	28.0	3
2195	72.75	4
2196	60.75	3
2198	78.875	5
2199	66.375	3
2200	45.75	3
2201	172.75	5
2202	80.375	5
2203	60.5	3
2204	40.75	1
2205	157.375	3
2206	73.125	4
2207	53.75	3
2208	95.75	3
2209	46.375	2
2210	63.625	3
2211	59.625	2
2212	21.75	2
2213	25.25	1
2214	45.125	3
2215	108.0	2
2216	40.375	3
2217	103.25	3
2218	38.0	1
2219	177.375	3
2220	25.0	3
2221	58.625	5
2222	52.75	3
2223	120.125	1
2224	17.125	1
2225	22.0	3
2226	52.5	2
2227	20.25	1
2228	23.875	3
2229	89.0	3
2230	27.0	1
2232	119.375	5
2233	19.0	1
2234	76.5	4
2235	57.25	5
2236	29.75	5
2237	39.0	3
2238	24.625	1
2239	18.0	2
2240	79.375	2
2241	25.75	2
2242	76.0	6
2244	21.25	3
2245	45.0	5
2246	40.5	4
2247	66.0	3
2248	31.5	3
2249	45.875	3
2250	78.25	4
2251	31.375	3
2252	65.5	4
2253	39.0	3
2254	51.5	3
2255	51.0	1
2256	61.5	1
2257	30.125	1
2258	88.75	4
2259	50.875	3
2260	51.125	3
2261	14.0	1
2262	84.375	1
2263	207.875	1
2264	102.0	4
2265	159.75	5
2266	111.25	3
2267	31.5	2
2268	20.0	1
2269	148.0	1
2270	68.875	4
2271	38.25	2
2272	50.75	4
2273	38.625	4
2274	61.0	3
2275	25.75	3
2276	20.75	1
2277	318.0	3
2279	67.25	5
2280	104.375	3
2281	58.5	1
2282	30.75	1
2283	104.0	6
2284	66.875	4
2285	64.5	1
2286	46.375	1
2287	29.5	3
2288	38.75	1
2289	114.125	4
2290	167.375	7
2291	36.5	3
2292	124.5	1
2293	89.125	2
2294	64.0	2
2295	40.75	1
2296	28.25	1
2298	29.375	3
2299	27.0	3
2300	75.75	3
2301	69.0	5
2302	35.75	3
2303	158.375	3
2304	17.5	1
2306	29.75	3
2307	76.25	5
2308	46.5	4
2309	126.625	4
2310	55.625	3
2311	38.5	3
2312	39.375	1
2313	17.0	1
2314	62.125	5
2315	233.75	2
2316	54.625	4
2317	20.5	2
2318	146.75	2
2319	26.75	3
2320	131.25	5
2321	31.5	3
2322	41.625	3
2323	31.75	2
2324	37.25	3
2325	33.125	3
2326	24.625	1
2327	29.25	1
2328	38.5	2
2329	43.75	4
2330	23.625	2
2331	28.625	3
2333	38.25	2
2335	41.875	3
2336	30.875	3
2337	93.125	2
2338	71.25	5
2339	36.0	3
2340	30.875	2
2341	34.0	3
2342	27.75	3
2343	26.5	3
2344	52.25	1
2345	223.75	3
2346	60.25	1
2347	23.5	1
2348	19.625	1
2349	32.5	5
2350	40.25	3
2351	60.75	1
2352	76.0	4
2353	33.125	3
2354	126.625	2
2355	146.625	3
2356	69.875	5
2357	34.625	3
2358	40.75	3
2359	69.375	3
2360	78.125	5
2361	74.0	5
2362	39.75	5
2363	98.75	4
2364	21.0	2
2365	24.0	1
2366	33.625	3
2367	35.25	3
2368	37.75	4
2369	31.125	1
2370	30.5	3
2371	67.875	5
2373	34.75	2
2374	49.25	3
2375	24.625	3
2376	54.25	3
2377	35.25	2
2378	25.25	1
2379	63.75	3
2380	54.0	3
2381	68.75	4
2382	165.75	5
2383	39.375	4
2384	25.125	3
2386	18.5	1
2387	58.375	3
2388	56.125	2
2389	80.25	3
2390	56.5	2
2391	37.25	3
2392	44.5	1
2393	50.25	3
2394	39.5	4
2395	20.0	3
2396	83.625	3
2397	79.375	1
2398	40.75	3
2399	16.0	3
2400	55.0	3
2401	55.25	4
2402	37.5	2
2404	82.25	4
2405	39.625	4
2406	35.75	1
2407	26.375	3
2408	30.375	3
2409	38.5	3
2410	67.75	1
2411	18.875	1
2412	40.5	3
2413	25.0	3
2414	48.75	3
2415	68.375	5
2416	42.625	4
2417	38.375	3
2418	35.875	3
2419	77.375	4
2420	54.375	2
2421	72.75	1
2422	17.75	2
2423	32.625	2
2424	24.75	3
2425	46.75	5
2426	46.375	3
2427	47.75	5
2430	116.5	1
2431	34.25	1
2432	24.75	1
2433	51.75	3
2434	33.375	3
2435	60.25	4
2436	19.5	1
2437	46.25	3
2438	62.5	4
2439	19.375	1
2440	111.5	5
2441	27.375	3
2442	55.0	4
2443	38.0	2
2444	23.75	1
2445	21.875	1
2447	58.75	3
2448	31.75	1
2449	42.625	4
2450	55.75	3
2451	21.75	1
2452	20.375	2
2453	152.0	1
2454	28.625	2
2455	22.125	1
2456	64.875	3
2457	79.25	1
2458	21.0	3
2459	64.625	1
2460	62.375	4
2461	56.5	2
2462	167.0	5
2464	38.5	4
2465	67.75	3
2466	105.625	3
2467	172.125	6
2468	76.25	4
2469	46.625	2
2470	69.875	1
2471	156.0	2
2472	28.75	3
2473	41.375	3
2474	44.75	3
2475	24.25	1
2476	26.5	1
2477	47.5	4
2478	27.5	3
2479	45.875	3
2480	32.5	2
2481	95.625	5
2482	50.375	3
2483	38.875	3
2485	18.25	1
2486	18.875	1
2487	27.5	1
2488	94.625	7
2489	30.0	4
2490	28.0	2
2491	17.125	3
2492	224.0	2
2493	185.0	5
2494	68.75	1
2495	47.25	2
2497	25.75	1
2498	32.125	2
2500	24.75	1
2501	24.0	2
2502	53.625	1
2503	110.625	2
2504	229.75	3
2505	44.75	3
2506	20.75	1
2507	40.0	3
2508	55.25	6
2509	54.625	1
2510	20.0	1
2511	42.75	3
2512	41.125	3
2513	28.375	1
2514	152.0	7
2515	45.0	2
2516	22.25	1
2517	105.0	5
2518	63.25	3
2519	27.0	1
2520	58.75	3
2521	43.0	5
2522	184.75	1
2523	88.875	4
2524	84.25	4
2525	13.5	1
2526	30.25	1
2527	45.625	3
2528	36.25	4
2529	98.625	2
2531	74.0	4
2534	23.75	2
2535	37.625	4
2536	31.125	2
2537	26.5	2
2538	33.0	3
2539	96.0	4
2540	75.0	3
2541	62.875	4
2542	94.5	6
2544	74.0	6
2545	22.25	3
2546	44.125	4
2547	39.0	2
2548	74.125	4
2549	141.0	5
2550	42.625	1
2551	27.0	2
2552	48.875	3
2553	20.5	1
2554	99.625	1
2555	26.5	2
2556	69.75	3
2557	51.625	3
2558	48.375	2
2559	17.75	1
2560	27.75	2
2561	59.25	3
2562	26.25	3
2563	34.125	2
2564	31.5	1
2565	38.25	1
2566	34.25	2
2567	165.625	3
2568	122.75	4
2569	31.25	3
2570	42.375	4
2571	58.625	3
2572	35.75	3
2573	27.0	2
2574	20.75	1
2575	43.125	3
2576	69.25	3
2577	60.75	3
2578	153.625	4
2579	48.5	3
2580	81.125	6
2581	71.5	4
2582	19.375	1
2583	30.25	3
2584	44.625	2
2585	31.5	1
2586	71.25	2
2587	33.0	2
2589	90.875	4
2590	26.75	3
2591	86.25	5
2592	31.5	4
2593	46.0	4
2594	22.25	2
2595	17.25	2
2596	118.375	5
2597	49.75	3
2598	18.75	2
2599	23.25	2
2600	58.0	3
2601	14.5	2
2602	140.25	5
2603	71.375	1
2605	87.75	5
2606	44.75	1
2607	76.5	5
2608	83.625	4
2609	50.25	3
2610	118.625	4
2611	62.625	2
2612	37.75	3
2613	79.875	3
2614	35.375	3
2615	19.5	1
2616	81.5	4
2617	22.875	1
2618	42.75	3
2619	23.75	1
2620	59.75	3
2622	93.125	4
2623	22.25	3
2624	33.75	2
2625	51.375	3
2626	71.625	3
2627	64.0	5
2628	28.25	3
2629	72.75	5
2630	31.0	3
2631	108.0	6
2632	44.0	3
2633	27.875	1
2634	74.625	4
2635	41.25	2
2636	32.0	1
2637	24.75	3
2638	18.5	1
2639	27.875	2
2640	49.125	5
2641	28.0	3
2642	82.25	4
2643	35.875	3
2644	39.5	4
2645	59.125	3
2646	93.875	4
2647	39.125	3
2648	24.875	1
2650	26.0	3
2651	236.875	5
2652	70.0	4
2653	16.5	1
2654	45.375	4
2655	48.25	3
2656	59.875	4
2657	21.75	3
2658	87.875	2
2659	196.25	2
2660	41.0	3
2661	53.25	4
2662	22.75	1
2663	160.25	4
2664	58.875	2
2665	108.25	3
2666	21.75	2
2667	52.75	1
2668	104.125	3
2669	21.75	1
2670	117.125	5
2671	28.625	1
2673	47.25	3
2674	30.625	2
2675	60.25	2
2676	171.25	1
2677	52.5	3
2678	43.0	3
2679	26.5	3
2680	24.0	1
2681	32.0	3
2682	121.375	5
2683	32.5	3
2684	103.625	4
2685	19.75	3
2686	30.0	3
2687	21.0	2
2688	76.625	3
2689	109.375	4
2690	23.125	1
2692	35.25	1
2693	32.0	1
2694	32.5	3
2695	59.625	4
2696	77.125	3
2697	349.25	1
2698	76.75	1
2699	167.375	1
2700	26.375	2
2701	34.25	3
2702	60.25	4
2703	114.25	3
2704	30.0	3
2705	25.625	2
2706	41.75	3
2708	98.25	1
2709	28.0	1
2710	95.5	5
2711	33.125	3
2712	33.125	3
2713	99.875	5
2715	329.25	3
2716	46.125	3
2717	61.0	1
2718	20.75	3
2719	25.0	1
2720	44.75	3
2721	87.875	3
2722	47.5	3
2723	63.625	3
2724	164.75	3
2725	20.75	2
2726	56.875	1
2727	59.75	4
2728	28.75	3
2729	21.375	1
2730	116.125	4
2731	35.5	2
2732	23.25	1
2733	92.5	1
2734	32.375	3
2735	52.125	3
2736	81.75	3
2737	40.375	3
2738	53.25	3
2739	38.25	2
2740	40.375	3
2741	275.25	1
2742	76.25	4
2743	80.5	2
2744	90.625	1
2745	20.125	1
2746	100.375	4
2747	178.5	5
2748	30.25	3
2749	64.375	3
2750	28.25	3
2751	54.5	4
2752	21.875	1
2753	47.875	1
2754	30.625	3
2755	22.125	1
2756	50.0	3
2757	56.625	3
2758	64.0	3
2759	137.0	3
2760	20.25	1
2761	26.0	2
2762	87.5	2
2764	58.125	4
2765	30.75	3
2766	155.75	5
2767	31.875	2
2768	56.125	2
2769	17.5	2
2770	28.875	3
2771	49.0	1
2772	37.25	3
2773	19.625	3
2774	31.25	2
2775	60.5	3
2776	34.5	3
2777	46.375	3
2778	92.75	5
2779	78.625	3
2780	260.25	2
2781	47.5	3
2783	36.5	3
2784	23.25	1
2785	53.25	1
2786	47.375	3
2787	65.0	3
2789	76.625	4
2790	30.75	2
2791	33.375	2
2793	45.875	5
2794	60.875	3
2795	55.375	3
2796	28.75	1
2797	62.25	3
2798	48.0	3
2799	36.25	3
2800	29.5	3
2801	61.0	5
2802	115.25	3
2804	137.0	4
2805	43.625	1
2806	27.125	1
2807	39.125	5
2808	20.75	3
2809	44.0	3
2810	54.25	1
2811	73.25	3
2812	19.75	1
2813	37.75	3
2814	51.5	1
2815	26.375	3
2816	42.0	3
2817	57.375	4
2818	36.0	3
2819	86.625	5
2820	39.0	3
2821	34.0	3
2822	22.75	3
2823	43.125	4
2824	57.125	1
2825	29.0	3
2826	21.75	1
2827	59.125	5
2828	94.125	5
2829	19.0	1
2830	36.375	3
2831	47.125	4
2832	158.375	3
2833	22.375	3
2834	49.25	5
2835	21.25	3
2836	91.75	4
2837	37.5	1
2838	62.5	3
2839	121.0	6
2840	23.25	1
2841	63.0	3
2842	38.875	3
2843	75.375	4
2844	30.0	3
2845	78.625	5
2846	81.125	2
2847	69.75	5
2848	44.625	3
2849	38.125	2
2850	47.0	1
2851	57.0	3
2852	22.875	2
2853	29.0	3
2854	34.5	1
2857	23.25	1
2858	22.25	3
2859	30.75	2
2861	39.0	3
2862	66.0	5
2863	19.375	2
2864	99.5	4
2865	33.75	3
2866	67.75	1
2867	28.75	2
2868	33.125	2
2869	36.875	3
2870	20.5	1
2871	54.0	3
2872	146.25	5
2873	39.25	3
2874	23.0	3
2875	76.875	4
2876	50.75	3
2877	61.5	7
2878	71.625	5
2880	30.0	3
2881	36.5	3
2882	172.5	5
2883	76.5	4
2884	39.25	3
2885	112.0	3
2886	18.75	1
2887	92.875	7
2888	110.875	1
2889	31.875	4
2890	38.875	3
2891	35.875	3
2892	63.5	3
2893	65.25	3
2894	121.125	5
2895	65.5	3
2896	106.75	3
2897	169.25	5
2898	134.0	3
2899	41.5	3
2900	21.375	3
2901	19.25	3
2902	22.125	1
2903	46.25	3
2904	24.75	1
2905	35.25	3
2906	24.0	3
2907	38.5	3
2908	41.5	1
2909	53.25	2
2910	65.625	4
2911	16.25	1
2912	26.25	1
2913	28.875	2
2914	26.25	3
2915	48.5	4
2916	34.5	3
2917	34.0	2
2919	38.875	3
2920	95.0	4
2921	35.5	3
2922	29.0	3
2923	69.75	5
2924	82.25	4
2925	88.75	2
2926	16.5	1
2927	79.125	1
2928	30.75	3
2929	21.875	1
2930	20.0	1
2931	38.875	4
2932	44.5	3
2933	70.75	7
2934	49.25	4
2935	68.0	1
2936	75.5	5
2937	88.625	2
2938	72.625	4
2939	67.25	5
2940	73.0	1
2941	18.75	1
2942	22.625	1
2943	26.75	3
2944	114.75	3
2945	98.0	3
2946	20.25	1
2947	83.0	5
2948	25.25	2
2949	21.5	2
2950	112.375	4
2951	21.75	1
2952	33.5	3
2953	54.625	3
2954	26.875	2
2955	100.25	4
2956	17.25	1
2957	49.75	5
2958	66.5	1
2959	112.875	6
2960	35.75	3
2961	19.5	1
2962	30.0	1
2963	39.375	3
2964	70.25	5
2965	32.75	3
2966	30.25	3
2967	37.25	2
2968	36.0	4
2969	62.375	3
2970	109.5	4
2971	47.25	3
2972	125.75	2
2973	139.25	3
2974	37.75	1
2975	91.375	3
2976	69.875	5
2977	46.125	3
2978	28.0	3
2979	42.25	2
2980	39.625	4
2981	39.375	4
2982	44.375	2
2983	61.25	1
2984	19.75	1
2985	21.25	2
2986	34.25	3
2987	23.375	2
2988	123.5	5
2989	35.375	1
2990	47.5	1
2991	66.25	3
2992	68.125	5
2993	26.0	2
2994	168.875	4
2995	55.5	3
2996	60.5	2
2997	18.25	1
2998	71.5	5
2999	158.25	3
3000	17.25	1
3001	18.25	1
3002	35.0	3
3003	22.25	1
3004	106.125	5
3005	36.125	3
3006	80.0	4
3007	114.625	2
3008	70.875	3
3009	49.25	4
3010	66.5	2
3011	68.25	5
3012	121.5	2
3013	45.125	3
3014	73.125	4
3015	108.75	3
3016	57.875	5
3017	39.375	2
3018	204.625	3
3019	31.375	3
3020	52.5	2
3021	30.5	3
3022	64.625	3
3023	86.375	1
3024	65.125	4
3025	48.125	1
3026	50.625	4
3027	51.25	1
3028	193.0	1
3029	55.375	1
3030	18.75	2
3031	34.25	4
3032	49.0	3
3033	42.25	3
3034	27.0	2
3035	52.75	1
3036	91.125	3
3037	93.125	2
3038	38.0	3
3039	29.125	3
3040	34.0	2
3041	38.5	4
3042	23.75	3
3044	58.375	3
3045	50.875	1
3046	22.375	2
3047	24.5	2
3048	34.75	3
3049	51.75	3
3050	47.0	3
3051	39.125	4
3053	124.25	3
3054	75.25	1
3055	38.875	3
3056	71.625	1
3057	19.5	1
3058	63.5	3
3059	131.25	3
3060	47.75	3
3061	43.25	3
3062	30.25	2
3063	25.25	3
3064	42.25	3
3065	54.0	5
3066	150.5	5
3067	36.5	3
3068	16.875	1
3069	40.0	1
3070	81.75	4
3072	35.625	2
3074	101.75	4
3075	29.5	2
3076	28.5	3
3077	46.0	3
3078	34.375	4
3079	102.875	3
3080	36.875	2
3081	47.75	3
3082	17.5	1
3083	43.125	3
3084	193.0	1
3085	73.125	3
3086	89.625	6
3087	16.75	1
3088	142.25	1
3089	81.0	4
3090	29.0	3
3091	24.875	2
3092	45.75	3
3093	48.5	4
3094	69.0	4
3095	26.25	1
3096	59.25	4
3097	40.875	3
3098	85.625	3
3099	33.375	3
3100	118.25	5
3101	81.875	1
3102	41.875	3
3103	31.75	2
3104	80.5	2
3105	68.375	3
3106	85.875	5
3107	45.0	4
3108	76.375	2
3109	27.0	1
3110	27.25	1
3111	22.75	3
3112	60.25	3
3113	39.875	3
3114	72.5	1
3115	38.875	2
3116	31.125	2
3117	54.125	2
3118	26.0	2
3119	24.25	1
3120	89.375	5
3121	50.75	1
3122	23.5	3
3123	129.5	3
3125	132.125	4
3126	28.0	1
3127	257.375	3
3128	50.875	2
3129	98.75	6
3130	20.0	1
3131	33.375	4
3132	70.25	4
3133	36.125	4
3134	31.25	2
3135	28.5	3
3136	76.5	1
3137	32.25	3
3138	141.75	7
3139	55.75	2
3140	109.5	5
3141	45.125	2
3142	49.5	2
3143	31.875	3
3144	38.625	2
3145	25.5	3
3146	27.75	1
3148	89.75	3
3149	38.0	3
3150	20.5	1
3151	48.75	4
3152	100.25	2
3153	66.75	3
3154	61.75	1
3155	33.25	1
3156	33.875	1
3157	34.375	1
3158	146.5	2
3159	16.0	1
3160	71.0	2
3161	57.75	1
3162	51.625	4
3163	28.0	2
3164	70.5	5
3165	27.5	2
3166	73.25	5
3167	230.125	1
3168	37.5	2
3169	150.625	4
3170	50.75	3
3171	60.875	3
3172	36.875	3
3173	84.375	2
3174	40.5	5
3175	33.75	1
3176	42.75	2
3177	67.375	6
3178	175.0	1
3179	20.25	2
3180	66.25	3
3181	54.625	3
3182	35.0	1
3183	65.125	2
3184	132.75	4
3185	110.125	6
3186	39.0	1
3187	19.75	2
3188	20.75	3
3189	43.125	3
3190	33.0	3
3191	35.875	1
3192	48.875	4
3193	112.375	7
3194	22.25	1
3195	68.75	4
3196	46.25	3
3197	67.0	1
3198	42.5	3
3199	25.5	3
3200	18.75	1
3201	55.75	5
3202	45.25	4
3203	23.125	2
3204	52.125	3
3205	53.75	4
3207	76.125	5
3208	84.625	4
3209	67.625	4
3210	86.25	4
3212	45.875	3
3213	26.75	2
3214	90.25	5
3215	156.0	4
3216	71.875	4
3217	29.0	3
3218	25.625	1
3219	21.5	3
3220	73.0	3
3221	40.375	1
3222	24.0	3
3223	102.25	3
3224	23.25	1
3225	18.5	1
3226	47.375	3
3227	25.875	3
3228	94.375	4
3229	38.25	3
3230	25.75	2
3231	19.25	1
3232	25.375	3
3233	98.0	2
3234	67.75	5
3235	47.5	1
3236	35.0	3
3237	32.5	3
3238	164.25	1
3240	21.0	1
3241	74.25	5
3242	204.75	2
3243	172.625	3
3245	93.0	6
3246	28.0	1
3247	114.75	3
3248	23.75	1
3249	86.625	2
3250	31.75	2
3251	112.0	5
3252	20.25	1
3253	22.25	1
3254	99.125	3
3255	35.375	3
3256	25.0	2
3257	21.75	2
3258	97.5	3
3259	26.875	1
3260	37.5	3
3261	61.75	3
3262	71.625	4
3263	39.5	4
3264	44.5	3
3265	184.125	4
3266	68.625	5
3267	42.375	3
3268	27.75	2
3269	40.75	3
3270	136.0	2
3271	105.0	4
3272	26.5	2
3273	35.875	3
3274	27.0	3
3276	85.125	4
3277	27.75	3
3278	100.75	5
3279	37.75	3
3280	36.0	2
3281	59.25	3
3282	111.125	6
3283	37.25	3
3284	37.0	2
3285	52.75	3
3286	139.75	3
3287	22.875	1
3289	44.5	3
3291	120.375	2
3292	47.875	4
3293	38.0	3
3294	170.25	6
3295	20.5	1
3296	54.25	3
3297	30.875	1
3298	26.0	2
3299	23.75	3
3300	17.0	1
3302	26.5	2
3303	29.5	3
3304	26.0	1
3305	22.0	1
3306	47.25	3
3307	39.5	3
3308	216.75	1
3309	309.25	1
3310	21.75	3
3311	170.875	5
3312	76.125	3
3314	88.75	4
3315	50.5	4
3316	37.875	1
3317	32.75	2
3318	61.625	1
3319	31.875	2
3320	27.875	3
3321	75.5	3
3322	26.625	3
3323	49.875	4
3324	38.375	4
3325	123.5	5
3326	20.5	2
3327	50.875	4
3328	57.25	4
3329	35.25	3
3330	34.5	1
3331	27.25	3
3332	136.625	3
3333	19.625	1
3334	30.875	2
3335	81.625	3
3336	100.75	5
3337	31.0	3
3338	25.125	1
3339	19.25	3
3340	85.25	3
3341	21.375	3
3342	37.25	1
3343	72.125	4
3344	52.875	3
3345	16.75	1
3346	41.25	4
3347	74.875	6
3348	37.375	3
3349	21.5	1
3350	25.0	1
3351	26.875	3
3352	27.125	1
3353	69.25	5
3354	101.125	4
3355	34.875	2
3356	43.25	3
3357	66.375	3
3358	90.5	3
3359	19.875	1
3360	32.875	2
3361	56.25	3
3362	74.375	5
3363	21.75	2
3364	31.0	4
3365	22.5	3
3366	28.5	3
3367	93.5	2
3368	163.875	5
3369	48.0	3
3370	18.0	1
3371	16.625	1
3372	44.75	1
3373	171.125	3
3374	44.0	3
3375	70.75	1
3376	39.25	3
3377	63.5	3
3378	46.375	3
3379	161.125	1
3380	22.5	1
3381	34.25	3
3382	31.0	3
3383	49.625	1
3384	30.25	1
3385	23.75	1
3388	49.5	3
3389	68.75	4
3390	36.25	3
3391	64.25	3
3392	22.0	1
3393	20.75	1
3394	69.125	4
3395	60.0	6
3396	46.75	4
3398	42.625	3
3399	23.5	1
3400	132.375	4
3403	25.0	2
3404	68.875	3
3406	42.875	1
3407	22.25	3
3408	63.125	3
3409	48.25	3
3410	40.0	3
3411	93.25	4
3412	22.125	1
3413	44.125	3
3414	200.75	1
3415	27.375	1
3416	50.875	4
3417	26.375	1
3418	56.125	5
3419	62.25	3
3420	85.875	5
3421	19.75	1
3422	29.625	1
3423	50.25	3
3424	53.625	3
3425	34.25	2
3426	21.375	3
3428	42.75	4
3429	45.875	3
3430	74.5	3
3431	47.875	3
3432	191.75	2
3433	61.625	4
3434	47.5	5
3435	76.0	4
3436	61.75	2
3437	44.0	2
3438	22.75	3
3439	22.0	3
3440	20.25	1
3441	145.75	3
3442	292.0	2
3443	37.0	3
3444	76.5	6
3446	43.5	3
3447	72.875	2
3448	27.5	2
3450	42.375	2
3451	83.5	5
3452	59.5	3
3453	65.375	2
3454	151.5	5
3455	192.0	1
3456	43.625	3
3457	30.75	3
3458	37.5	2
3459	31.5	3
3460	34.75	5
3461	67.25	3
3462	58.625	4
3463	54.625	1
3464	34.5	3
3466	20.25	3
3467	86.0	3
3468	42.0	1
3469	89.125	4
3470	72.125	3
3471	37.75	3
3472	45.75	4
3473	19.25	1
3474	85.25	2
3475	39.25	3
3476	22.75	1
3477	60.5	5
3478	86.75	3
3479	33.5	1
3480	48.75	4
3481	95.5	3
3482	42.75	5
3483	48.25	2
3485	75.375	3
3486	39.375	4
3489	41.25	5
3490	31.625	3
3491	28.0	1
3492	45.875	3
3493	30.25	1
3494	34.125	3
3495	200.125	1
3496	40.125	3
3497	67.25	3
3498	56.625	5
3499	52.0	4
3500	107.0	1
3501	83.0	3
3502	115.75	2
3503	86.625	5
3504	74.25	5
3505	29.0	2
3506	113.0	1
3507	23.75	1
3508	96.25	3
3509	69.125	1
3510	29.25	3
3511	92.375	3
3512	46.5	2
3513	55.875	3
3514	44.25	1
3515	82.125	3
3516	46.125	4
3518	79.25	5
3519	139.0	4
3520	142.375	5
3521	34.625	2
3522	25.0	3
3523	119.5	3
3524	17.0	1
3525	44.875	1
3526	87.875	3
3527	109.875	5
3528	122.5	5
3529	40.125	3
3530	42.125	1
3531	27.625	2
3532	90.625	6
3533	51.25	4
3534	35.5	3
3535	173.375	1
3536	32.875	2
3537	107.875	5
3538	28.25	2
3539	24.25	1
3540	49.625	3
3541	131.125	2
3542	58.875	5
3543	19.5	1
3544	27.5	2
3545	27.125	3
3546	73.875	5
3547	29.25	3
3548	42.25	3
3550	104.375	3
3551	29.625	4
3552	75.875	5
3553	80.5	1
3554	25.0	3
3555	124.0	3
3556	47.625	3
3557	23.0	3
3558	37.75	4
3559	79.25	5
3560	27.25	1
3561	58.125	1
3562	25.0	1
3563	35.875	3
3565	22.25	3
3566	55.5	1
3567	16.25	2
3568	137.375	7
3569	22.5	1
3570	39.0	1
3571	55.625	1
3572	19.5	1
3573	65.875	3
3574	30.5	2
3575	89.0	4
3576	88.375	4
3577	138.625	3
3578	80.75	1
3579	94.25	4
3580	24.25	3
3581	31.875	3
3582	29.75	3
3583	40.625	3
3584	20.0	1
3585	76.75	6
3586	66.875	4
3587	54.875	3
3588	74.875	6
3589	51.375	3
3590	34.125	3
3591	67.0	6
3592	19.375	1
3593	36.75	3
3594	20.625	1
3595	69.0	4
3596	51.75	3
3597	23.125	2
3599	32.25	3
3600	21.25	3
3602	15.0	1
3603	29.0	1
3604	34.25	4
3605	60.625	1
3606	60.25	3
3607	67.75	4
3608	119.0	4
3609	17.5	2
3610	77.75	2
3611	158.625	1
3612	41.0	3
3613	63.25	4
3614	20.25	1
3615	23.75	3
3616	25.25	3
3617	142.375	3
3618	60.0	4
3619	39.5	4
3620	83.5	4
3621	16.75	1
3622	17.75	3
3623	61.25	2
3624	107.875	5
3625	38.375	4
3626	55.0	2
3627	86.375	5
3628	39.875	4
3629	39.625	3
3630	33.5	1
3631	79.0	5
3632	64.625	6
3633	38.625	2
3634	21.375	3
3635	109.0	5
3636	100.25	3
3637	166.5	2
3638	33.0	2
3639	72.25	5
3640	34.75	4
3641	40.125	3
3642	53.625	3
3644	22.25	1
3645	124.375	3
3646	87.75	3
3647	19.0	3
3648	28.5	3
3649	32.75	2
3650	29.0	2
3651	165.5	3
3652	18.75	1
3653	61.75	3
3654	27.25	2
3655	65.5	6
3656	49.75	3
3658	191.375	2
3659	21.75	2
3660	35.0	5
3661	46.5	3
3662	45.0	2
3663	27.0	3
3664	85.125	4
3665	87.875	7
3666	31.0	3
3667	30.0	3
3668	37.25	3
3669	68.375	3
3670	32.5	3
3671	20.5	1
3672	37.0	3
3673	35.75	3
3674	44.5	3
3675	46.5	3
3676	63.75	3
3677	85.0	3
3678	73.375	1
3679	34.25	1
3680	38.875	3
3681	25.5	3
3682	27.75	1
3683	54.5	4
3684	19.75	1
3685	149.125	2
3686	158.5	2
3687	39.125	2
3688	43.625	3
3689	32.0	1
3690	38.0	3
3691	17.75	1
3692	42.0	3
3693	37.5	4
3694	36.375	3
3695	22.5	1
3696	67.75	3
3697	112.75	4
3698	51.25	1
3699	55.375	3
3700	128.625	5
3701	160.125	2
3702	33.0	4
3703	53.625	3
3704	69.875	2
3705	72.75	5
3706	38.5	3
3707	35.5	4
3708	26.0	3
3709	59.625	3
3710	187.0	4
3711	38.375	3
3712	20.0	1
3713	72.125	3
3714	180.5	3
3715	46.125	3
3716	18.75	1
3717	51.5	3
3718	77.375	4
3719	54.75	5
3720	229.5	1
3721	41.5	2
3722	19.75	1
3724	74.75	3
3725	86.375	5
3726	229.5	1
3727	21.375	2
3728	79.875	6
3729	37.875	3
3730	40.5	3
3731	54.5	3
3732	59.5	5
3733	82.875	1
3734	41.375	2
3735	66.5	4
3737	41.75	3
3738	26.25	3
3740	30.25	2
3741	20.25	2
3742	30.625	2
3743	74.875	2
3744	19.5	1
3747	47.75	3
3748	19.0	1
3749	40.75	2
3750	18.25	1
3751	43.75	2
3752	27.25	3
3753	19.0	1
3754	22.25	1
3755	50.25	3
3756	24.5	2
3757	43.375	3
3758	270.0	1
3759	121.0	5
3760	23.25	3
3761	55.625	3
3762	35.25	3
3763	38.125	3
3764	57.0	1
3765	79.75	1
3766	36.75	4
3767	69.75	2
3768	48.125	5
3769	36.125	3
3770	37.5	3
3771	34.125	3
3772	18.0	2
3773	267.875	1
3774	23.25	3
3775	31.75	3
3776	20.25	1
3777	82.75	2
3778	18.75	1
3779	29.0	3
3780	211.25	1
3781	100.25	3
3782	36.25	4
3783	52.25	4
3784	34.75	1
3785	40.0	3
3786	27.75	1
3787	31.125	3
3788	42.125	4
3789	32.5	3
3791	47.875	3
3792	126.125	5
3793	72.25	6
3794	164.75	1
3795	23.875	1
3796	56.375	3
3797	38.25	1
3798	38.5	1
3799	60.25	3
3800	41.75	2
3801	35.625	3
3802	63.125	3
3803	42.5	3
3804	34.75	3
3805	37.25	4
3806	22.125	2
3807	22.0	1
3808	62.625	2
3809	16.5	1
3810	20.5	1
3811	39.5	4
3812	64.75	4
3813	34.5	4
3814	72.375	4
3815	52.25	4
3816	24.25	1
3817	50.625	5
3818	28.125	1
3819	18.0	1
3820	38.875	5
3821	226.0	4
3822	41.375	3
3823	53.0	5
3824	131.0	5
3825	28.0	2
3826	18.375	1
3827	62.0	4
3829	142.0	1
3830	70.75	3
3831	37.25	2
3832	78.25	5
3833	96.5	4
3834	41.375	5
3835	70.0	3
3836	54.625	3
3837	57.25	3
3838	21.5	3
3839	62.125	4
3840	27.75	1
3841	77.75	5
3842	61.0	2
3843	54.125	4
3844	24.625	1
3845	52.75	3
3847	17.5	1
3848	34.5	3
3850	43.625	2
3851	95.375	6
3852	59.5	3
3853	38.125	3
3854	24.25	3
3855	97.75	4
3856	20.25	1
3857	39.5	3
3858	70.0	3
3859	56.75	1
3860	29.125	1
3862	27.375	3
3863	46.125	3
3864	39.25	3
3865	62.375	1
3866	40.75	4
3867	28.0	3
3868	47.75	4
3869	20.0	3
3870	69.125	4
3871	165.375	3
3872	81.375	6
3873	22.75	2
3874	168.375	3
3875	158.875	2
3876	54.375	1
3877	28.25	3
3878	55.25	3
3879	45.875	2
3880	40.625	4
3881	24.5	2
3882	30.875	1
3883	21.25	1
3884	49.25	4
3885	22.625	1
3886	29.75	2
3887	93.375	7
3888	95.125	5
3889	27.75	3
3890	42.5	2
3891	42.625	4
3892	166.0	3
3893	31.0	2
3894	46.0	2
3895	125.875	4
3896	27.375	2
3897	46.25	3
3898	15.5	1
3899	47.5	3
3900	21.375	1
3901	13.0	1
3902	20.5	1
3903	252.125	1
3904	42.0	3
3905	61.5	4
3906	77.375	6
3907	71.875	5
3908	107.125	4
3909	30.0	3
3910	33.375	1
3911	32.0	1
3912	42.875	4
3913	23.25	2
3914	77.125	4
3915	70.75	1
3916	23.0	3
3917	75.25	1
3918	118.875	7
3919	31.375	3
3920	64.75	5
3921	43.0	3
3922	28.75	4
3923	23.625	1
3924	109.25	1
3925	117.375	3
3926	43.5	3
3927	52.125	3
3928	113.0	5
3929	63.5	3
3930	34.5	2
3931	25.0	2
3932	149.0	7
3933	35.25	1
3934	39.875	3
3935	26.0	3
3936	54.25	2
3937	55.875	4
3938	128.25	3
3939	42.0	4
3940	32.125	4
3941	48.125	3
3942	30.75	3
3944	21.75	1
3945	60.0	3
3946	307.75	8
3947	34.75	2
3948	111.25	5
3949	38.25	2
3950	32.0	2
3951	39.0	3
3952	77.125	3
3953	35.0	3
3954	20.25	1
3955	48.625	3
3956	109.25	1
3957	22.5	1
3958	36.5	3
3959	57.0	4
3960	16.25	1
3961	65.25	3
3962	94.25	5
3963	33.875	3
3964	37.25	3
3965	36.25	3
3967	38.625	2
3969	26.5	1
3970	21.25	1
3971	19.75	1
3972	39.25	4
3973	50.75	4
3975	76.5	4
3976	168.125	5
3977	19.0	1
3978	23.5	1
3979	22.75	1
3980	20.0	1
3981	57.0	3
3982	88.5	4
3983	43.125	2
3984	52.5	3
3985	33.125	3
3986	259.125	5
3987	27.75	1
3988	35.25	2
3989	144.75	5
3990	48.125	4
3991	78.0	3
3992	175.0	3
3993	65.0	3
3994	33.875	3
3995	27.375	2
3996	30.5	2
3997	126.875	5
3998	55.25	1
4000	25.5	3
4001	18.75	1
4002	38.25	2
4003	73.5	1
4004	36.125	3
4005	71.125	3
4006	58.125	3
4007	17.75	1
4008	49.75	3
4009	23.75	1
4010	64.875	5
4011	54.5	3
4012	57.625	5
4013	120.25	6
4014	19.75	2
4015	25.0	3
4016	78.875	4
4017	21.0	1
4018	45.25	5
4019	46.0	1
4020	33.75	5
4021	46.5	3
4022	146.125	5
4023	32.25	3
4024	55.75	2
4025	48.75	3
4026	21.75	1
4027	19.0	1
4028	38.125	3
4029	23.125	1
4030	135.75	3
4031	37.625	3
4032	35.625	3
4033	51.0	3
4034	141.0	3
4035	35.25	4
4036	162.25	1
4037	32.625	3
4039	119.25	2
4040	85.5	5
4041	65.125	4
4042	30.375	1
4043	25.0	1
4044	61.375	4
4045	27.75	3
4046	80.875	4
4047	56.25	4
4048	91.5	5
4050	51.375	3
4051	136.5	3
4052	73.25	2
4053	42.25	3
4054	80.0	5
4056	85.375	5
4057	48.25	2
4058	104.75	7
4059	45.0	3
4060	37.5	3
4061	233.5	3
4062	20.0	1
4063	42.5	5
4064	36.5	2
4065	33.5	3
4066	178.75	2
4067	78.0	3
4068	20.25	1
4069	244.125	1
4070	81.625	1
4071	17.5	3
4072	24.25	3
4073	58.375	1
4074	40.75	3
4075	62.375	4
4076	57.0	1
4077	47.375	3
4078	44.125	2
4079	18.0	1
4080	44.5	4
4081	23.75	1
4082	36.75	1
4083	39.5	3
4084	36.375	4
4085	45.75	1
4086	19.625	1
4087	71.25	1
4088	48.5	1
4089	47.375	3
4090	69.25	5
4091	97.625	5
4092	133.75	1
4093	29.5	1
4094	90.875	5
4095	21.375	1
4096	77.625	3
4097	50.875	3
4098	18.5	1
4099	30.0	3
4100	54.5	3
4101	84.625	7
4102	24.25	2
4103	45.125	3
4104	81.75	1
4105	110.75	5
4106	39.25	2
4107	74.0	3
4108	71.5	1
4109	23.5	2
4110	40.875	3
4111	36.125	4
4112	38.25	3
4113	21.5	2
4114	38.375	2
4115	18.5	1
4116	84.25	3
4117	19.75	1
4118	30.25	3
4119	20.125	1
4120	64.75	3
4121	73.25	4
4122	75.25	1
4123	28.375	2
4124	63.0	1
4125	227.0	1
4126	65.0	2
4127	55.125	3
4129	20.625	3
4130	93.5	2
4131	50.625	4
4132	41.75	2
4133	118.5	1
4134	27.125	3
4135	29.125	3
4136	32.375	3
4137	43.25	4
4138	71.625	5
4139	47.5	3
4140	39.125	3
4141	181.375	4
4142	70.5	3
4143	61.625	1
4144	118.75	3
4145	54.25	3
4146	32.25	3
4147	60.75	3
4148	72.75	5
4149	51.25	5
4150	62.125	4
4152	44.875	3
4153	82.0	2
4154	32.0	3
4155	34.875	3
4156	38.625	3
4157	20.25	1
4158	61.125	3
4159	19.5	1
4160	53.75	2
4161	45.375	2
4162	108.625	5
4163	96.0	2
4164	26.75	2
4165	62.875	2
4166	158.25	1
4168	87.625	5
4169	24.25	2
4170	86.0	4
4171	77.625	5
4172	107.5	1
4173	56.125	4
4175	49.875	3
4176	21.75	1
4177	22.25	2
4178	165.625	3
4179	93.0	2
4180	173.125	3
4181	74.75	2
4182	57.375	5
4183	122.125	4
4184	245.625	1
4185	40.0	2
4186	93.0	7
4187	22.75	2
4188	24.375	1
4189	21.75	1
4190	71.875	4
4191	49.75	3
4192	38.625	2
4193	51.0	3
4194	235.625	3
4195	22.25	2
4196	82.875	3
4197	78.25	3
4198	138.5	3
4200	29.25	3
4201	138.0	4
4202	32.75	2
4203	26.375	3
4204	53.0	5
4205	76.0	3
4206	65.5	1
4207	71.0	3
4208	163.25	2
4209	33.0	3
4210	93.375	3
4211	39.0	3
4212	72.375	1
4213	19.5	1
4214	92.875	3
4216	148.5	5
4217	48.25	3
4218	22.5	1
4219	57.375	2
4220	63.125	4
4222	62.0	5
4223	23.625	3
4224	22.25	2
4225	35.0	3
4226	21.0	3
4227	26.75	3
4228	33.625	3
4229	168.5	1
4230	44.25	3
4232	50.625	3
4233	84.75	2
4234	56.375	4
4235	21.0	1
4236	69.125	4
4238	41.625	3
4239	61.625	4
4240	43.875	4
4241	28.375	1
4242	45.75	3
4243	103.0	2
4244	45.375	4
4245	28.75	3
4247	48.0	3
4248	37.75	4
4249	45.75	1
4250	44.5	3
4251	65.375	5
4252	15.0	1
4253	55.25	2
4254	27.375	2
4255	91.75	2
4256	49.5	4
4257	31.5	3
4258	29.5	2
4259	22.125	3
4260	50.25	2
4261	51.0	2
4262	85.75	4
4263	52.5	3
4264	64.375	3
4265	32.625	3
4266	57.25	4
4267	21.75	1
4268	38.0	3
4269	39.25	3
4270	74.25	6
4271	57.75	4
4272	89.75	5
4273	63.5	3
4274	29.5	2
4275	209.0	2
4276	180.875	3
4277	48.125	4
4278	100.875	3
4279	26.0	3
4280	23.5	1
4281	58.0	1
4282	40.25	3
4283	19.0	1
4284	48.125	3
4286	20.5	1
4287	27.75	1
4288	52.5	4
4289	28.0	1
4290	72.25	3
4291	26.0	2
4293	64.875	3
4294	65.75	5
4295	70.5	3
4296	161.25	5
4297	64.375	5
4298	63.375	5
4299	184.5	2
4300	45.0	3
4301	43.625	3
4302	35.25	3
4303	32.75	3
4304	63.125	3
4305	50.75	3
4306	66.125	3
4307	41.125	5
4308	23.25	3
4309	28.5	3
4310	99.125	4
4311	29.0	3
4312	21.0	1
4313	40.375	2
4314	91.375	1
4315	41.5	3
4316	56.875	3
4317	153.375	5
4318	54.0	3
4319	106.25	5
4320	15.25	1
4321	22.75	3
4322	22.0	1
4323	40.125	3
4324	64.625	3
4325	76.625	1
4326	100.875	6
4327	91.25	5
4328	51.0	1
4329	38.5	3
4330	135.25	9
4331	81.5	6
4332	67.875	5
4333	34.875	3
4334	32.125	3
4335	47.25	1
4336	80.75	3
4337	88.125	4
4338	199.75	3
4339	65.625	3
4340	32.5	3
4341	57.0	4
4342	61.75	3
4343	81.25	6
4344	73.0	4
4345	34.875	2
4346	40.375	3
4348	33.25	4
4349	18.625	3
4350	28.125	3
4351	79.75	3
4352	39.0	1
4353	76.5	4
4354	34.0	3
4355	31.25	2
4356	50.125	4
4357	35.125	3
4358	72.75	4
4359	23.5	1
4360	56.25	3
4361	20.25	1
4362	64.125	5
4363	45.25	3
4364	48.375	4
4365	39.625	3
4366	19.0	3
4367	46.0	3
4368	36.75	3
4369	38.75	4
4370	40.375	3
4371	78.5	5
4372	54.5	1
4374	33.75	3
4375	32.75	3
4376	34.375	1
4377	66.125	4
4378	20.5	1
4379	71.875	3
4380	26.75	3
4381	18.75	1
4382	48.375	3
4383	74.375	1
4384	18.25	1
4385	138.0	1
4386	26.25	3
4389	21.0	1
4390	113.875	6
4391	48.0	3
4392	194.75	2
4393	37.0	3
4394	72.0	2
4395	63.625	6
4396	26.75	3
4397	20.0	1
4398	33.75	4
4399	29.25	2
4401	50.0	3
4402	22.75	1
4403	19.25	1
4404	20.5	3
4405	48.25	1
4406	38.875	1
4407	23.375	1
4408	22.125	1
4409	14.0	1
4410	30.0	3
4411	116.625	1
4412	88.0	3
4413	119.375	4
4415	55.25	5
4416	24.5	1
4417	58.375	3
4418	65.125	3
4419	70.375	4
4420	39.25	3
4421	71.0	2
4422	62.5	5
4423	89.75	3
4424	27.5	2
4425	39.875	2
4426	17.75	1
4427	29.0	3
4428	157.25	5
4429	18.25	1
4430	27.0	1
4431	21.125	1
4432	37.75	3
4433	125.625	3
4434	42.125	5
4435	49.0	4
4436	51.0	4
4437	22.25	2
4438	20.875	1
4439	71.0	7
4440	22.0	1
4441	22.5	1
4442	105.0	3
4443	128.625	3
4444	59.625	5
4445	157.0	1
4446	63.0	7
4447	59.0	4
4448	23.0	1
4449	17.5	3
4450	83.75	1
4451	26.5	3
4452	47.375	2
4453	84.625	3
4454	101.875	3
4455	56.0	4
4456	20.75	1
4457	24.0	1
4458	26.125	1
4459	90.375	3
4460	86.25	1
4461	80.5	6
4462	30.125	2
4463	42.25	1
4464	37.625	3
4465	76.75	4
4466	73.25	4
4467	161.375	4
4468	232.625	1
4469	29.0	1
4470	68.25	6
4471	89.25	3
4472	31.25	3
4473	18.5	3
4474	32.5	3
4475	57.125	1
4476	75.75	3
4478	25.75	3
4479	19.5	1
4480	129.25	5
4481	28.25	3
4482	89.875	3
4483	76.375	5
4484	138.5	5
4485	38.875	4
4486	22.75	3
4487	37.0	3
4488	19.75	1
4489	28.375	3
4490	161.25	5
4491	52.625	1
4492	71.375	5
4493	44.875	4
4496	33.5	3
4497	60.0	1
4498	100.75	4
4499	24.75	1
4500	93.5	4
4501	102.25	3
4502	16.25	1
4503	32.25	1
4504	23.0	3
4505	66.25	3
4506	48.625	3
4508	181.375	4
4509	43.5	4
4510	39.125	3
4511	50.25	5
4512	29.75	1
4513	60.125	5
4514	65.25	1
4515	92.625	3
4516	56.75	1
4517	52.5	3
4518	86.875	3
4519	26.375	2
4520	15.0	2
4521	51.125	5
4523	31.75	3
4524	42.25	4
4525	48.75	1
4526	25.25	3
4527	37.75	3
4528	39.375	3
4530	60.75	3
4531	48.875	1
4532	46.75	3
4533	65.25	4
4535	23.75	1
4536	77.375	4
4537	53.0	3
4538	61.75	1
4539	99.75	2
4540	58.375	4
4541	153.625	5
4542	43.625	3
4543	184.125	3
4544	68.5	1
4545	20.0	1
4546	138.0	3
4547	66.375	5
4548	31.25	3
4549	40.5	2
4550	27.0	1
4551	107.875	3
4552	73.25	5
4553	49.625	3
4554	174.25	3
4558	229.0	4
4559	54.875	3
4560	50.0	4
4561	27.0	3
4562	37.625	1
4563	58.125	3
4564	33.375	3
4565	132.25	3
4566	77.375	4
4568	74.25	4
4569	27.5	1
4570	42.875	3
4572	28.875	1
4573	211.75	7
4574	21.0	1
4575	60.75	1
4576	34.0	4
4577	68.5	4
4578	38.5	3
4579	23.0	1
4580	23.125	2
4581	234.0	1
4582	22.0	3
4583	18.25	1
4585	23.25	2
4586	20.0	1
4587	122.25	5
4588	92.75	1
4589	71.75	4
4591	40.5	2
4593	78.25	3
4594	46.75	3
4595	22.375	2
4596	16.25	2
4597	161.75	1
4598	62.75	4
4599	117.25	7
4600	35.0	3
4601	16.375	1
4602	26.5	3
4603	37.0	4
4604	72.625	3
4605	32.75	3
4607	226.625	1
4608	55.125	3
4609	25.75	1
4610	92.5	4
4611	42.0	2
4612	97.5	4
4613	39.5	3
4614	119.125	2
4615	18.0	2
4616	23.5	1
4617	29.25	2
4618	37.5	2
4619	93.0	4
4620	26.5	1
4621	21.5	3
4623	27.75	3
4625	25.75	1
4626	163.75	1
4627	29.875	3
4628	288.5	1
4629	80.125	1
4630	68.25	3
4631	53.0	1
4632	50.375	3
4633	27.0	1
4634	30.25	3
4635	129.25	3
4636	46.625	2
4637	109.25	4
4638	118.75	4
4639	21.25	3
4640	21.0	1
4641	18.25	1
4642	47.25	1
4643	29.625	1
4644	38.875	2
4645	112.125	4
4646	57.25	3
4647	63.0	6
4648	19.25	1
4649	68.125	2
4650	18.5	1
4651	40.625	4
4652	52.125	4
4653	32.75	4
4654	30.875	3
4655	190.25	2
4656	47.375	2
4657	101.375	6
4659	29.25	3
4660	52.75	3
4661	26.0	3
4662	17.75	1
4663	67.25	1
4664	19.0	2
4665	46.0	1
4666	36.875	3
4667	20.5	1
4668	45.25	3
4669	30.0	3
4670	38.125	3
4671	17.75	1
4672	27.25	2
4673	26.0	3
4674	104.5	3
4675	57.5	4
4676	67.375	3
4678	22.5	2
4679	47.0	3
4680	39.625	4
4681	48.0	1
4682	247.125	2
4683	18.625	1
4684	17.875	2
4685	192.75	2
4686	25.5	3
4687	47.0	1
4688	22.25	1
4689	72.0	3
4690	38.75	3
4691	44.375	3
4692	78.25	4
4693	92.25	4
4694	21.25	1
4695	67.75	4
4696	20.875	1
4697	29.625	3
4698	39.25	3
4699	38.5	3
4701	38.0	3
4702	66.5	2
4703	39.125	3
4705	33.75	3
4706	65.75	5
4707	87.125	1
4708	19.75	1
4709	20.0	2
4710	352.25	1
4711	29.25	3
4712	56.0	3
4713	38.5	3
4714	20.25	1
4715	28.875	1
4716	30.25	1
4717	172.75	1
4718	82.5	1
4719	27.75	3
4720	45.75	4
4721	141.0	5
4722	68.25	4
4723	50.75	1
4724	180.25	5
4725	80.0	4
4726	85.25	4
4727	71.25	1
4728	26.25	3
4729	29.375	3
4730	19.0	1
4731	45.5	5
4733	29.375	2
4734	37.375	5
4736	28.75	3
4737	18.25	1
4738	19.75	1
4739	33.25	3
4740	28.5	1
4741	84.75	1
4742	30.5	3
4743	16.25	1
4744	53.625	2
4745	33.625	2
4746	109.375	5
4747	38.375	3
4748	41.375	3
4749	132.5	3
4750	18.5	1
4751	19.5	1
4752	59.25	4
4753	67.25	3
4754	47.875	4
4755	109.0	1
4756	41.5	3
4757	21.875	1
4758	44.5	3
4759	113.75	2
4760	86.5	4
4761	36.875	4
4762	48.875	5
4763	52.25	3
4764	32.375	2
4765	35.5	3
4766	56.25	3
4767	24.0	1
4768	38.5	3
4769	121.625	3
4770	57.875	1
4771	35.375	2
4772	29.75	3
4773	84.75	2
4774	46.75	4
4775	15.75	1
4776	155.0	3
4777	41.0	3
4778	19.75	2
4779	21.25	1
4780	144.625	4
4781	63.625	4
4782	46.125	4
4783	20.75	2
4784	45.0	5
4785	72.25	4
4786	24.75	3
4787	22.875	3
4788	25.125	1
4789	97.5	4
4791	29.25	3
4792	21.5	3
4793	45.5	2
4794	282.5	3
4795	39.75	1
4796	61.25	3
4797	159.0	1
4798	53.75	3
4799	34.25	1
4800	109.5	6
4801	152.75	3
4802	68.25	1
4803	49.5	3
4804	131.875	3
4805	240.125	1
4806	85.625	3
4807	17.5	1
4808	26.0	2
4809	66.75	1
4810	23.0	3
4811	44.0	2
4812	23.5	3
4813	67.25	1
4814	50.5	3
4815	28.875	1
4816	20.75	3
4818	38.875	3
4819	74.75	1
4820	26.5	3
4821	88.5	3
4822	28.25	2
4823	59.625	3
4824	48.25	3
4825	30.75	3
4826	26.25	2
4827	29.125	1
4828	215.25	2
4829	15.0	1
4830	21.25	1
4831	32.5	3
4832	26.0	2
4833	131.5	1
4834	21.375	1
4835	31.5	3
4837	17.125	1
4838	20.375	2
4839	50.625	3
4840	16.75	2
4841	23.375	3
4842	24.75	1
4843	51.625	4
4844	28.625	2
4845	67.25	1
4846	38.75	3
4847	69.0	3
4848	95.125	5
4850	32.75	3
4851	186.75	3
4852	206.0	1
4854	108.875	4
4855	67.0	3
4856	74.125	5
4857	114.75	4
4858	41.625	4
4859	31.625	3
4860	28.25	1
4861	34.875	4
4862	52.75	3
4863	28.75	3
4864	37.5	3
4865	103.375	3
4867	34.75	1
4868	34.125	3
4869	96.875	5
4870	39.375	3
4871	95.375	3
4872	50.625	3
4873	18.25	1
4875	50.5	3
4876	28.75	1
4877	39.5	5
4878	20.0	1
4880	74.5	4
4881	20.0	1
4882	173.875	1
4883	26.75	2
4884	21.0	2
4885	69.625	3
4887	29.25	2
4888	28.125	1
4889	31.25	2
4890	48.875	1
4891	78.75	4
4892	18.5	1
4893	294.0	1
4894	45.375	2
4895	180.875	1
4896	20.75	2
4897	93.125	1
4899	21.875	1
4900	54.75	3
4901	45.125	3
4902	31.125	3
4903	51.625	3
4904	18.5	1
4905	46.25	3
4906	18.75	2
4907	27.0	1
4908	31.25	2
4909	22.75	1
4911	55.125	3
4912	47.0	3
4913	29.5	1
4914	83.0	5
4915	36.125	3
4916	19.5	1
4917	25.75	3
4918	67.0	2
4919	85.5	4
4920	117.75	6
4921	226.25	1
4922	25.5	1
4923	126.625	7
4924	32.625	2
4925	31.25	3
4926	21.75	1
4927	32.25	4
4928	50.375	3
4929	43.0	3
4930	39.0	3
4931	51.0	3
4933	77.25	4
4934	39.0	3
4935	45.25	4
4936	155.625	1
4937	125.5	1
4938	22.5	3
4939	107.75	3
4940	60.0	3
4941	77.25	4
4942	45.375	3
4943	37.875	3
4944	27.75	2
4945	87.875	4
4946	155.0	2
4947	30.75	3
4948	81.625	3
4949	377.5	3
4950	74.5	3
4951	192.875	5
4952	106.375	3
4953	21.875	2
4954	48.75	3
4955	56.5	3
4956	16.5	1
4957	23.0	1
4958	24.0	1
4959	58.375	3
4960	32.5	3
4961	24.25	2
4962	36.75	3
4963	17.5	1
4964	28.5	5
4966	76.375	3
4967	50.75	1
4968	24.75	3
4969	34.0	3
4970	25.0	1
4971	19.75	3
4972	61.5	3
4973	72.5	5
4974	131.875	3
4975	119.5	2
4976	74.25	4
4977	30.0	3
4978	105.25	4
4979	39.0	4
4980	40.75	3
4981	27.5	3
4982	100.875	4
4983	72.25	2
4984	74.0	1
4985	81.75	6
4986	156.625	4
4988	21.5	3
4989	37.75	2
4990	24.75	3
4991	34.25	2
4992	20.0	1
4993	73.125	4
4994	22.625	2
4995	37.125	3
4996	33.75	1
4997	60.875	3
4998	64.625	3
4999	32.125	3
5000	54.25	5
5001	75.125	1
5002	30.75	2
5003	51.375	2
5004	34.375	3
5005	132.625	3
5006	145.625	6
5007	78.5	4
5008	74.375	3
5009	202.375	5
5010	65.25	6
5011	18.0	1
5013	32.0	2
5014	54.75	1
5015	54.625	2
5016	36.5	2
5017	32.75	3
5018	28.5	3
5019	35.0	2
5020	115.875	3
5021	32.125	3
5022	69.625	3
5023	19.0	1
5024	50.125	2
5025	40.0	3
5026	50.625	4
5027	21.0	1
5028	30.75	3
5029	31.0	4
5030	25.625	3
5031	64.5	2
5032	63.125	1
5033	100.0	2
5034	36.25	4
5036	18.125	1
5037	30.625	3
5038	32.0	3
5039	32.75	3
5041	23.5	3
5042	65.75	3
5043	133.375	1
5044	82.75	4
5045	65.5	5
5046	84.5	2
5047	19.0	1
5049	130.625	7
5050	50.25	3
5051	95.0	3
5052	67.5	3
5053	133.25	6
5054	16.5	2
5055	54.125	1
5056	180.125	1
5057	19.25	1
5058	40.875	3
5059	99.875	5
5060	25.375	1
5061	40.25	4
5063	23.25	2
5064	38.25	4
5065	43.5	1
5066	69.625	5
5067	18.5	1
5068	127.75	5
5069	72.0	4
5070	94.875	4
5071	55.75	4
5072	27.75	1
5073	55.25	4
5074	55.5	3
5075	38.25	3
5076	95.0	3
5077	96.0	5
5078	39.125	4
5079	44.5	3
5080	110.25	1
5081	76.25	6
5082	110.375	3
5083	60.0	1
5084	29.25	3
5085	29.375	3
5086	22.75	2
5087	99.5	6
5088	51.0	3
5089	45.5	2
5090	117.125	3
5091	21.375	2
5092	27.875	1
5093	60.25	6
5094	51.625	3
5095	38.5	4
5096	38.75	3
5097	37.875	3
5098	29.0	3
5099	74.625	2
5100	128.375	3
5101	34.5	2
5102	258.75	1
5103	37.25	3
5104	172.75	5
5105	18.5	2
5106	33.375	2
5107	25.0	3
5109	23.0	1
5110	104.25	4
5111	19.0	1
5112	40.625	3
5114	101.5	3
5115	21.25	2
5116	73.25	3
5117	36.75	3
5118	35.25	3
5119	83.125	3
5120	28.0	1
5121	37.625	3
5122	63.25	3
5123	44.625	1
5124	56.0	3
5125	42.25	2
5126	65.5	4
5127	138.5	5
5128	36.375	3
5129	158.125	3
5130	61.5	3
5131	23.0	1
5132	21.25	1
5133	71.625	4
5134	87.5	5
5135	17.75	1
5136	29.5	1
5137	87.0	1
5138	46.25	2
5139	150.875	4
5140	52.375	4
5141	22.5	1
5142	65.25	5
5143	70.25	4
5144	190.375	1
5145	182.75	2
5146	67.375	3
5147	25.0	3
5148	37.0	2
5149	146.625	2
5150	56.5	1
5151	27.5	1
5152	45.5	4
5153	60.0	3
5154	50.125	3
5155	186.125	3
5156	151.125	5
5157	51.625	3
5158	74.25	1
5159	22.0	2
5160	29.875	2
5161	62.375	5
5162	34.5	3
5163	52.125	3
5164	102.75	6
5165	30.25	3
5166	130.75	1
5167	60.25	3
5168	139.625	1
5169	28.375	2
5170	206.625	1
5171	31.0	3
5172	66.5	5
5173	192.5	3
5174	39.0	3
5175	73.75	5
5177	35.25	2
5178	26.0	3
5179	51.5	3
5180	107.75	4
5181	40.25	3
5182	64.5	4
5183	34.5	2
5184	79.0	1
5185	21.0	3
5186	42.5	1
5187	155.0	2
5188	34.25	3
5189	75.375	1
5190	127.125	5
5191	166.0	6
5192	211.0	2
5193	39.25	3
5194	25.5	2
5195	60.25	3
5196	55.75	1
5197	83.625	4
5198	41.5	3
5199	135.875	3
5200	34.125	3
5201	37.125	3
5202	59.375	1
5203	36.625	2
5204	29.25	1
5205	31.625	3
5206	37.875	3
5207	80.75	3
5208	31.875	3
5209	96.75	3
5210	35.5	4
5211	24.25	1
5212	32.25	3
5213	45.75	1
5214	55.375	1
5215	21.875	3
5216	63.5	3
5217	30.375	2
5218	44.25	1
5219	28.625	1
5220	49.25	3
5221	40.375	3
5222	65.125	3
5223	192.625	5
5224	30.0	1
5225	44.875	3
5226	56.25	4
5227	32.375	3
5228	96.5	3
5229	26.75	3
5230	54.5	1
5231	67.75	4
5232	33.625	3
5233	96.5	1
5234	111.125	3
5235	26.5	1
5236	22.75	2
5237	39.75	2
5238	29.25	3
5239	47.875	3
5240	164.25	5
5241	30.75	2
5242	40.125	3
5243	38.75	3
5244	28.25	1
5246	42.875	4
5247	99.75	3
5248	104.125	6
5249	38.5	3
5250	54.75	5
5251	32.375	1
5252	43.75	3
5253	52.25	1
5254	288.75	1
5255	38.375	2
5256	26.625	1
5257	34.625	3
5258	53.0	3
5260	82.875	3
5261	33.0	3
5262	32.125	3
5263	28.125	1
5264	47.25	1
5265	172.25	5
5267	94.625	7
5268	18.5	1
5269	70.625	5
5270	83.75	4
5271	80.25	3
5272	41.125	2
5273	24.875	2
5274	39.5	3
5275	77.0	2
5276	17.25	1
5277	23.0	1
5278	72.125	4
5279	45.0	4
5280	121.625	3
5281	46.0	3
5282	28.75	3
5283	57.75	3
5284	62.5	3
5285	36.75	2
5286	64.25	1
5287	20.0	3
5289	121.125	2
5290	30.0	3
5291	66.125	5
5292	152.875	1
5293	103.75	4
5294	38.25	2
5295	23.25	3
5296	25.25	1
5297	81.75	1
5298	31.125	3
5299	31.25	4
5300	35.625	3
5301	49.75	4
5302	40.875	5
5303	21.625	2
5304	22.0	3
5305	33.375	2
5306	51.375	1
5307	35.875	1
5308	45.25	4
5309	31.25	1
5310	180.0	1
5311	45.25	3
5312	103.0	5
5313	32.875	3
5314	34.375	3
5315	19.5	1
5316	28.75	1
5317	117.375	7
5318	98.0	4
5319	55.0	1
5320	26.875	1
5321	17.5	1
5322	28.5	3
5323	73.0	3
5324	31.75	3
5325	109.5	4
5327	49.25	1
5328	38.5	1
5329	47.875	3
5330	38.25	2
5331	47.625	4
5332	56.25	2
5333	59.25	4
5334	193.0	1
5335	30.75	3
5336	89.875	5
5337	36.5	3
5338	29.0	3
5339	30.5	2
5340	79.25	4
5342	83.875	5
5343	44.875	3
5344	67.625	1
5345	145.0	3
5346	50.375	5
5347	30.375	1
5348	27.25	1
5349	19.5	1
5350	28.0	3
5351	74.5	5
5352	78.75	5
5353	59.375	1
5354	39.75	5
5355	37.75	4
5356	35.625	2
5357	30.0	3
5359	108.125	3
5360	19.25	1
5361	42.5	5
5363	44.25	1
5364	33.625	2
5365	31.5	4
5366	43.25	1
5367	206.5	1
5368	60.5	5
5369	39.875	3
5370	37.5	3
5371	40.125	2
5372	41.0	1
5373	53.5	3
5374	45.875	4
5375	51.875	5
5376	35.0	3
5377	46.75	3
5378	55.25	4
5379	36.375	3
5380	38.25	1
5381	45.75	3
5382	56.5	3
5383	35.125	2
5384	36.0	1
5385	39.25	3
5386	22.75	3
5387	42.0	2
5388	19.25	1
5389	82.75	2
5390	39.75	3
5391	43.375	3
5392	37.75	3
5393	75.875	2
5394	20.625	3
5395	38.0	3
5396	58.75	2
5397	19.125	1
5398	31.0	3
5399	19.75	1
5400	44.625	3
5401	278.5	2
5402	94.75	6
5403	21.0	1
5404	36.75	3
5405	49.25	3
5407	43.25	3
5408	23.625	1
5409	49.375	3
5410	22.5	3
5411	34.25	2
5412	18.5	1
5413	29.5	3
5414	47.875	4
5415	81.75	5
5416	29.875	3
5417	81.875	1
5418	18.75	1
5419	170.0	1
5420	53.75	4
5421	44.625	4
5422	28.0	2
5423	49.25	2
5424	82.25	5
5425	22.625	1
5426	24.5	1
5427	32.375	3
5428	26.25	1
5429	58.125	4
5430	50.375	3
5431	163.625	3
5432	153.875	5
5433	22.75	2
5434	44.0	3
5435	39.625	2
5436	40.125	1
5437	81.25	5
5438	81.375	3
5439	44.5	3
5440	73.75	4
5441	117.0	1
5442	145.75	3
5443	68.75	4
5444	40.25	3
5446	31.5	3
5447	77.25	4
5448	51.5	4
5449	59.75	3
5450	36.875	2
5451	65.0	4
5452	56.125	3
5453	87.75	3
5454	19.25	1
5455	18.0	1
5456	23.25	3
5457	31.25	1
5458	34.75	3
5460	55.625	3
5461	61.5	5
5462	53.125	1
5464	45.75	3
5465	23.0	1
5466	264.875	2
5467	207.375	3
5468	75.25	3
5469	52.375	1
5470	176.375	5
5471	21.0	1
5472	53.75	4
5473	80.0	3
5474	31.0	3
5475	100.25	5
5476	29.0	2
5477	51.625	3
5478	31.75	3
5479	152.75	6
5480	34.0	2
5481	20.0	1
5482	77.0	3
5483	237.0	1
5484	63.25	2
5485	63.25	4
5486	49.75	4
5487	39.75	1
5488	33.75	4
5489	35.625	2
5490	47.5	5
5492	129.125	2
5493	50.125	4
5494	82.75	4
5495	43.125	3
5496	46.75	4
5497	19.75	2
5498	19.625	1
5499	157.625	3
5500	37.0	3
5501	59.5	3
5502	37.75	4
5503	43.75	4
5504	36.5	3
5505	107.125	5
5506	35.625	2
5507	21.25	3
5508	60.375	4
5509	31.0	1
5510	63.625	3
5511	16.5	1
5512	23.75	1
5513	16.0	1
5514	24.75	1
5515	61.25	4
5516	40.875	3
5517	118.0	4
5518	41.625	3
5519	57.0	5
5520	22.25	1
5521	21.25	1
5522	123.875	2
5523	53.625	4
5524	70.625	3
5525	27.125	3
5526	21.625	1
5527	28.0	3
5528	55.625	3
5529	77.875	4
5530	25.125	1
5531	89.375	6
5532	59.625	2
5533	143.25	5
5535	75.375	4
5536	35.75	1
5538	55.75	5
5539	100.125	3
5540	40.5	3
5541	127.75	3
5542	93.25	4
5543	20.25	1
5544	62.625	2
5545	71.0	2
5546	103.125	4
5547	26.0	3
5548	107.875	2
5549	18.25	2
5550	180.625	1
5551	41.75	2
5552	29.25	2
5553	31.625	3
5554	77.25	5
5555	29.0	2
5556	36.25	3
5557	73.25	4
5559	61.375	3
5560	22.75	2
5561	31.25	3
5562	57.5	2
5563	109.5	7
5564	52.25	2
5565	34.875	1
5566	79.0	3
5567	29.0	3
5568	19.5	3
5569	37.5	5
5570	30.5	3
5571	32.375	2
5572	22.5	3
5573	25.75	1
5574	35.625	3
5575	22.875	1
5576	36.75	5
5578	31.0	1
5579	122.75	5
5580	100.75	4
5582	44.5	3
5583	62.125	2
5584	135.25	3
5585	64.625	5
5586	73.75	4
5587	217.5	3
5588	53.0	3
5589	68.5	4
5590	59.5	2
5591	49.5	4
5593	63.0	4
5594	29.0	2
5595	45.5	3
5596	130.375	4
5597	48.5	4
5598	47.25	1
5599	48.5	3
5600	216.25	5
5601	57.875	4
5602	96.25	5
5603	172.5	4
5604	70.75	3
5605	19.375	2
5606	38.25	3
5607	34.375	3
5608	70.5	1
5609	21.625	1
5610	19.625	2
5611	45.75	3
5612	37.0	3
5613	194.875	4
5614	59.0	3
5615	25.5	1
5616	40.75	3
5617	77.0	6
5618	38.0	1
5619	58.875	5
5620	87.625	1
5621	17.625	1
5622	50.125	3
5623	43.5	3
5624	99.25	2
5625	27.25	1
5626	65.5	1
5627	54.875	3
5628	75.625	4
5630	17.75	1
5631	48.0	2
5632	70.5	3
5633	81.25	3
5634	141.875	3
5635	91.875	6
5636	43.875	3
5637	36.125	2
5638	22.75	3
5639	24.0	3
5640	52.875	5
5641	42.25	1
5642	30.25	1
5643	33.0	2
5644	220.25	1
5646	96.125	3
5647	20.125	1
5648	184.0	5
5649	19.0	1
5651	96.0	5
5652	30.25	2
5653	18.5	1
5654	128.875	2
5655	44.0	3
5656	29.0	2
5657	30.5	3
5658	101.375	2
5659	30.0	1
5660	23.0	3
5661	27.875	1
5662	39.75	3
5663	185.5	6
5664	39.75	3
5666	36.25	2
5667	16.25	2
5669	22.75	2
5670	118.75	4
5672	22.75	3
5673	36.0	1
5675	20.875	3
5676	23.75	1
5677	64.75	1
5678	40.625	3
5679	55.625	2
5680	29.5	3
5681	20.0	2
5682	67.125	6
5683	20.5	1
5684	38.875	2
5685	18.0	1
5686	87.75	3
5687	34.625	3
5688	95.75	4
5689	40.5	3
5690	27.25	3
5691	40.125	3
5692	162.0	1
5693	37.5	1
5694	94.25	2
5695	158.625	2
5696	62.25	1
5697	25.125	1
5698	121.25	3
5699	153.125	7
5700	23.0	1
5701	28.125	1
5702	59.625	3
5703	34.0	1
5704	115.125	2
5705	50.25	1
5706	34.0	3
5707	49.875	3
5708	26.375	3
5709	180.375	5
5710	59.375	3
5711	21.25	2
5712	173.0	3
5714	65.0	4
5715	139.125	3
5716	25.375	1
5717	186.375	2
5718	262.125	1
5719	38.375	3
5720	52.75	4
5721	55.875	3
5722	34.375	1
5723	27.125	3
5724	28.25	3
5725	69.625	4
5726	79.625	6
5727	33.75	3
5728	46.75	3
5729	121.5	3
5730	24.25	1
5731	61.5	3
5732	97.125	1
5733	119.25	5
5734	42.25	1
5735	27.75	3
5736	48.0	3
5737	116.375	2
5738	47.5	3
5739	55.25	3
5740	22.625	2
5742	77.5	3
5743	202.0	3
5744	29.75	3
5745	55.125	4
5746	64.375	1
5747	65.5	2
5748	18.5	1
5749	31.875	3
5751	18.75	1
5752	119.25	1
5754	25.5	3
5755	46.75	2
5756	32.0	2
5757	35.375	1
5758	94.0	6
5759	21.0	1
5760	23.25	3
5761	73.375	3
5762	30.0	3
5763	54.5	5
5764	36.375	3
5765	113.5	6
5766	118.0	2
5767	36.75	2
5768	28.125	1
5769	36.25	3
5770	122.5	3
5771	197.125	3
5772	49.875	3
5773	35.5	1
5774	19.0	1
5775	26.0	3
5776	86.875	5
5779	58.0	1
5780	86.5	5
5781	146.375	4
5782	17.25	1
5783	126.25	1
5784	29.25	2
5785	139.625	2
5786	24.5	1
5787	17.5	1
5788	117.125	1
5789	54.75	1
5790	17.0	1
5792	80.5	3
5793	63.875	2
5794	51.375	4
5795	110.125	3
5796	17.0	1
5797	42.125	3
5798	32.75	1
5799	41.5	3
5800	117.625	4
5801	134.125	5
5802	24.25	3
5803	58.0	5
5804	121.0	3
5805	65.25	3
5806	39.25	3
5807	77.5	4
5808	48.25	4
5809	31.875	2
5810	43.25	3
5811	19.0	1
5812	38.75	3
5813	33.25	3
5814	29.75	1
5815	21.75	2
5816	80.5	1
5817	55.75	2
5819	30.0	3
5820	25.75	3
5821	90.375	4
5822	21.0	3
5823	26.625	3
5824	42.0	2
5825	28.5	3
5826	19.25	2
5827	32.5	1
5828	50.75	3
5829	99.0	4
5830	27.25	1
5831	36.875	1
5832	29.0	3
5833	66.625	4
5834	30.625	3
5835	82.875	5
5836	241.0	1
5837	57.625	3
5838	19.5	1
5839	28.75	2
5840	79.25	5
5842	44.875	3
5844	27.75	1
5845	17.5	1
5846	140.5	5
5848	54.75	3
5849	30.5	2
5850	37.25	3
5851	86.0	1
5852	32.125	2
5853	41.125	3
5854	22.625	2
5855	38.75	1
5856	28.25	1
5857	64.25	5
5858	19.0	3
5859	61.5	3
5860	38.5	3
5861	25.0	3
5862	28.75	3
5864	232.125	5
5865	162.75	3
5866	107.0	5
5867	109.125	4
5868	39.125	3
5869	24.0	3
5870	41.75	5
5871	53.875	4
5872	29.0	3
5873	116.5	5
5874	20.5	1
5875	34.0	2
5876	47.5	4
5877	51.625	3
5878	59.625	1
5879	44.75	4
5881	47.75	3
5882	168.875	5
5883	42.125	3
5884	21.375	1
5885	22.75	2
5886	18.5	1
5887	71.75	1
5888	252.875	2
5889	30.25	3
5890	81.125	4
5891	30.25	3
5892	54.75	3
5893	74.0	4
5894	163.125	6
5895	22.5	2
5896	24.0	3
5897	57.25	1
5902	61.75	5
5903	34.75	3
5904	40.75	5
5905	20.0	1
5906	73.75	5
5907	20.125	1
5908	43.25	1
5909	56.875	3
5910	25.75	1
5911	89.125	4
5912	78.125	1
5913	85.625	5
5915	45.125	3
5916	59.125	3
5917	60.0	3
5918	179.875	1
5919	33.125	2
5920	26.75	3
5921	196.375	4
5922	48.375	2
5923	189.125	5
5924	95.0	4
5925	64.25	7
5926	24.75	1
5927	24.25	3
5928	27.5	3
5929	23.75	1
5930	92.0	3
5931	49.25	3
5932	53.25	3
5934	73.25	4
5935	168.5	5
5936	66.5	6
5938	66.0	3
5939	32.0	2
5940	125.0	2
5941	385.75	1
5942	21.25	1
5943	88.375	4
5944	25.25	1
5945	20.75	1
5946	57.25	4
5947	74.25	3
5948	37.5	3
5949	68.5	3
5950	42.125	3
5951	31.75	3
5952	91.625	5
5953	20.25	1
5954	112.25	1
5956	39.5	5
5957	49.0	4
5958	18.75	1
5959	133.75	1
5960	25.0	3
5961	126.25	2
5962	28.625	1
5963	28.875	2
5965	25.625	1
5966	24.0	2
5968	80.25	5
5969	38.375	3
5970	93.625	4
5971	26.5	3
5973	47.375	3
5974	17.25	2
5975	18.0	1
5976	36.375	1
5978	42.25	2
5979	30.875	2
5980	35.25	1
5981	31.125	3
5982	30.875	1
5983	41.75	4
5984	24.75	1
5985	42.75	3
5986	14.75	1
5987	144.5	3
5988	34.0	3
5989	53.875	2
5990	21.125	2
5991	111.125	4
5992	70.25	3
5993	65.75	3
5994	32.25	1
5995	49.875	1
5996	17.0	1
5997	20.5	1
5998	56.25	3
5999	66.875	4
6000	42.125	3
6001	56.5	3
6002	57.75	3
6003	43.375	3
6004	94.5	5
6005	66.75	3
6006	30.0	3
6007	55.25	2
6008	59.375	3
6009	39.0	4
6010	92.625	3
6011	38.75	4
6012	209.5	1
6013	41.125	5
6014	27.625	2
6015	64.25	3
6016	80.5	3
6017	30.25	3
6018	19.25	2
6019	65.75	6
6020	37.25	1
6021	42.5	3
6022	52.5	1
6023	22.25	2
6024	99.875	1
6025	27.75	1
6026	145.5	3
6027	123.375	5
6028	98.5	5
6029	36.5	4
6030	22.625	1
6032	18.25	1
6033	20.75	2
6034	255.0	1
6035	31.75	2
6037	24.25	1
6038	37.0	2
6039	27.125	1
6040	111.125	4
6041	59.875	4
6042	317.625	3
6043	94.875	5
6044	30.0	3
6045	22.25	1
6046	72.875	5
6047	107.375	4
6048	32.0	3
6049	76.875	5
6050	31.25	2
6051	95.75	1
6052	105.5	5
6053	31.75	3
6054	141.75	3
6055	17.75	1
6056	59.875	4
6057	69.625	3
6058	29.25	1
6059	34.75	3
6060	42.25	3
6061	76.5	5
6062	26.0	3
6063	31.5	3
6064	132.25	6
6065	27.875	3
6066	35.875	3
6067	75.5	2
6068	24.0	1
6069	52.125	5
6070	39.625	4
6071	118.625	6
6072	25.0	1
6073	51.5	5
6075	52.125	3
6076	104.875	4
6077	64.5	3
6078	73.5	5
6079	37.5	3
6080	20.25	1
6081	18.25	2
6082	49.125	3
6083	32.375	4
6084	82.75	4
6085	20.25	1
6086	68.25	5
6087	37.75	3
6088	55.25	3
6089	47.25	3
6090	28.0	1
6091	85.375	6
6092	106.375	3
6093	92.75	2
6094	79.125	3
6095	96.0	4
6096	97.5	5
6097	63.0	3
6098	31.5	3
6099	26.0	1
6100	68.125	3
6101	30.25	3
6102	27.625	2
6103	64.0	6
6104	94.625	5
6105	38.125	3
6106	83.875	4
6107	56.75	3
6108	25.0	3
6109	50.75	5
6110	31.0	1
6111	24.5	3
6112	28.0	3
6113	66.375	3
6114	29.5	3
6115	58.0	4
6116	44.0	2
6117	24.875	2
6118	97.75	1
6119	68.625	4
6120	61.75	1
6121	27.0	3
6122	21.0	1
6123	43.0	3
6124	56.25	1
6125	127.5	3
6126	221.375	6
6127	79.5	2
6128	93.625	4
6129	25.875	3
6130	35.25	3
6131	35.25	3
6132	43.375	3
6133	42.0	3
6134	22.5	3
6135	21.75	1
6136	17.375	1
6137	39.75	3
6138	21.625	1
6139	56.25	3
6140	52.5	2
6141	68.125	2
6142	34.5	3
6143	67.125	4
6144	19.5	1
6145	17.0	2
6146	27.5	2
6147	39.75	3
6148	24.75	1
6150	60.25	1
6151	72.25	3
6152	54.25	3
6153	74.75	1
6154	101.25	2
6155	55.25	3
6156	252.0	1
6157	28.25	1
6158	79.875	3
6159	27.125	2
6160	25.125	3
6161	144.75	4
6162	58.125	4
6163	128.25	2
6164	107.625	7
6165	64.25	3
6166	171.75	2
6167	34.25	3
6168	84.5	3
6169	25.375	3
6170	53.125	5
6171	55.75	3
6172	144.5	6
6173	20.0	2
6174	73.125	3
6175	46.875	3
6176	34.5	4
6177	64.0	1
6178	37.0	3
6179	97.5	5
6180	40.25	4
6181	61.375	2
6182	38.75	3
6183	50.625	3
6184	84.0	3
6185	49.5	1
6186	57.5	3
6187	26.0	2
6188	19.5	1
6189	124.0	2
6190	30.0	2
6192	144.75	3
6193	194.0	1
6194	76.625	5
6195	36.0	3
6196	49.125	2
6198	179.0	1
6199	159.75	3
6200	32.0	1
6201	90.75	3
6202	55.125	3
6203	41.5	3
6204	39.25	1
6205	44.25	3
6206	68.375	1
6207	63.75	5
6208	49.25	4
6210	22.25	1
6211	173.625	5
6212	20.25	1
6213	90.0	4
6214	16.75	1
6215	27.75	4
6216	35.0	3
6217	119.625	4
6218	69.25	4
6219	28.75	2
6220	28.0	3
6221	60.75	1
6222	49.875	3
6223	34.625	3
6224	47.875	3
6225	70.75	3
6226	93.625	5
6227	49.75	1
6228	31.25	1
6230	27.5	1
6231	29.0	3
6232	17.5	1
6233	46.5	4
6234	40.5	5
6236	70.0	4
6237	105.0	5
6238	235.5	1
6239	79.625	3
6240	62.375	4
6241	77.25	6
6242	33.25	3
6243	37.0	3
6244	81.125	2
6245	27.375	2
6246	59.5	4
6247	113.625	3
6248	112.625	3
6249	213.875	3
6250	72.25	1
6251	22.625	2
6252	67.625	2
6253	153.875	1
6254	38.75	3
6255	87.25	2
6256	39.25	3
6257	78.25	5
6258	64.0	3
6259	49.125	2
6260	23.125	2
6261	40.25	3
6262	20.5	1
6263	39.375	4
6264	30.75	3
6265	63.625	4
6266	54.75	5
6267	19.0	1
6268	23.75	1
6269	28.5	1
6270	19.875	2
6271	35.5	1
6272	73.5	6
6274	111.5	5
6275	118.25	4
6276	35.5	3
6277	37.875	3
6278	85.5	5
6279	54.5	2
6280	22.0	3
6281	181.5	1
6282	143.75	1
6283	16.0	3
6284	49.875	3
6286	24.125	1
6287	48.5	1
6288	43.5	3
6289	65.625	5
6290	67.75	5
6291	68.25	3
6292	97.625	4
6293	101.75	5
6294	28.0	1
6295	27.375	3
6296	41.25	3
6297	39.375	3
6298	45.625	3
6299	19.125	2
6300	81.25	4
6301	20.5	3
6302	201.5	3
6303	19.75	1
6304	21.25	2
6305	36.0	2
6306	28.25	1
6307	30.75	2
6309	218.5	2
6310	50.0	2
6311	37.25	3
6312	66.75	5
6314	19.75	1
6315	28.5	3
6316	21.5	1
6317	22.75	1
6318	27.75	2
6319	66.875	4
6320	53.75	2
6322	37.0	3
6323	136.0	5
6324	45.75	3
6325	44.625	5
6326	52.75	4
6327	48.625	3
6328	75.5	2
6329	163.5	2
6330	72.0	4
6331	21.75	2
6332	37.0	1
6333	116.75	4
6334	65.125	4
6335	65.375	4
6336	85.0	4
6337	35.0	3
6338	17.25	1
6339	28.375	3
6341	28.25	3
6342	29.0	3
6343	22.0	3
6344	30.75	3
6345	52.25	4
6347	24.0	1
6348	52.625	3
6349	19.25	3
6350	39.0	2
6351	75.0	1
6352	16.75	1
6353	24.5	3
6354	41.5	3
6355	113.625	2
6356	72.375	3
6357	32.125	3
6358	54.375	4
6359	94.5	4
6360	145.875	1
6361	186.375	4
6362	101.625	4
6364	139.625	6
6365	25.125	3
6366	34.0	3
6367	20.75	3
6368	54.5	4
6369	18.5	1
6370	27.25	2
6371	183.5	1
6372	22.875	3
6373	59.0	3
6374	53.375	5
6375	28.5	1
6377	72.5	5
6378	35.125	3
6379	97.5	1
6380	88.125	2
6381	35.625	2
6382	61.75	1
6383	109.375	1
6384	40.0	4
6385	32.75	3
6386	21.0	1
6387	16.0	1
6389	215.125	6
6390	65.25	4
6391	19.5	1
6392	97.875	3
6393	54.5	4
6394	28.625	3
6395	85.25	2
6397	40.75	3
6398	62.25	1
6399	55.875	3
6400	116.625	4
6401	53.875	3
6402	48.125	3
6403	76.75	5
6404	61.375	3
6405	22.0	1
6406	23.25	3
6407	256.875	5
6408	33.875	1
6409	41.875	4
6410	35.625	4
6412	40.75	3
6413	33.25	2
6414	46.875	5
6415	228.125	1
6416	77.125	4
6418	61.625	3
6419	29.375	1
6421	68.625	3
6422	36.0	4
6424	119.625	4
6425	29.5	3
6426	35.0	1
6427	44.125	2
6428	88.0	3
6430	34.5	3
6431	64.375	2
6432	32.5	2
6433	65.625	3
6434	33.5	3
6435	36.5	3
6436	30.75	2
6437	33.0	3
6438	46.125	5
6439	178.625	2
6440	21.375	1
6441	93.75	5
6442	28.75	1
6443	50.25	3
6444	48.0	3
6445	26.25	3
6447	28.0	1
6448	180.375	2
6449	23.25	3
6450	46.25	3
6451	50.75	3
6452	43.5	1
6453	68.75	1
6454	84.875	6
6455	143.875	5
6456	19.625	1
6457	89.625	1
6458	19.75	1
6459	22.25	3
6460	35.25	2
6461	47.125	4
6462	18.0	1
6463	41.75	3
6464	33.25	1
6465	68.75	3
6466	82.875	3
6468	80.5	1
6469	60.75	5
6470	44.5	3
6471	146.375	3
6472	91.0	2
6473	46.0	1
6474	20.0	1
6475	28.0	3
6476	28.25	2
6477	48.75	4
6478	24.0	3
6479	69.5	1
6480	17.0	1
6481	33.375	3
6482	36.5	2
6483	44.5	3
6484	83.75	6
6485	43.875	3
6486	30.0	4
6487	31.0	3
6488	52.875	3
6489	31.5	1
6490	189.0	3
6491	74.75	3
6492	37.75	3
6493	18.625	2
6494	174.75	1
6495	67.25	3
6496	60.375	3
6497	57.25	5
6498	46.125	3
6499	33.75	1
6500	45.875	3
6501	66.125	3
6502	24.0	3
6503	20.25	1
6504	35.625	3
6505	34.5	3
6506	66.0	4
6507	121.0	5
6508	141.5	5
6509	101.375	4
6510	84.0	4
6511	21.75	1
6512	164.625	1
6513	75.5	4
6514	25.0	1
6515	22.0	1
6516	36.5	3
6517	122.875	2
6518	33.0	1
6519	180.25	2
6520	29.625	3
6521	30.5	3
6522	45.375	3
6523	59.875	3
6524	80.375	3
6525	36.0	2
6526	46.75	3
6527	32.5	3
6528	97.25	4
6529	26.25	3
6530	41.75	4
6531	32.75	2
6532	28.0	1
6533	45.875	2
6534	15.25	1
6535	56.875	3
6536	18.625	1
6537	34.75	3
6538	68.25	1
6539	26.5	3
6540	61.0	3
6541	98.625	2
6542	23.125	1
6543	114.5	3
6544	97.625	3
6545	36.0	2
6546	59.5	5
6547	46.0	1
6548	53.5	3
6549	47.875	5
6550	102.75	4
6551	32.375	3
6552	27.25	1
6553	82.25	4
6554	28.25	3
6555	156.375	1
6556	42.5	3
6557	60.5	4
6558	84.625	3
6559	56.25	5
6560	62.5	4
6561	36.25	3
6562	27.5	3
6563	37.5	3
6564	125.875	1
6565	83.125	1
6566	79.5	3
6567	69.0	1
6568	83.25	5
6569	30.75	3
6570	27.25	3
6571	199.75	1
6572	67.75	3
6573	111.875	3
6574	268.25	4
6575	21.75	1
6576	38.75	3
6577	48.0	3
6578	65.5	1
6579	37.875	5
6580	41.625	2
6581	82.125	3
6582	25.375	2
6583	125.625	5
6584	83.0	1
6585	38.25	1
6586	66.75	4
6587	36.875	3
6588	251.5	2
6589	35.25	3
6590	38.25	3
6591	72.75	1
6592	36.125	2
6593	44.125	4
6594	66.0	3
6595	103.625	7
6596	21.5	2
6597	36.625	3
6598	227.625	5
6599	20.5	3
6600	31.75	3
6601	126.75	4
6603	45.25	2
6604	26.25	3
6605	19.75	1
6606	68.75	4
6608	29.75	1
6609	67.75	7
6610	25.25	2
6611	71.75	1
6612	32.625	5
6613	70.875	4
6614	23.5	1
6615	74.5	5
6616	56.375	4
6617	56.25	1
6618	28.25	2
6619	27.25	3
6620	44.75	1
6621	178.25	1
6622	75.75	5
6623	27.25	1
6624	39.75	3
6625	67.75	1
6626	32.75	2
6627	53.625	2
6628	63.75	1
6629	53.125	3
6630	54.125	4
6631	73.875	3
6632	43.75	2
6633	30.5	1
6634	22.375	3
6635	43.25	2
6636	24.875	3
6637	21.25	2
6638	19.875	1
6639	47.875	3
6640	114.625	1
6641	30.25	2
6642	44.625	4
6643	96.875	3
6644	45.5	3
6645	44.0	5
6646	27.25	3
6647	44.25	4
6648	52.125	3
6649	66.0	1
6650	166.5	5
6651	36.5	3
6652	80.25	1
6653	18.0	1
6654	18.125	1
6655	27.125	3
6656	120.625	4
6657	20.0	2
6658	21.75	1
6659	29.25	3
6660	49.25	4
6661	204.75	1
6662	29.125	3
6663	33.75	3
6664	37.0	3
6665	68.875	3
6666	118.25	3
6667	42.875	2
6668	60.375	3
6669	26.25	3
6670	99.75	2
6671	46.0	1
6672	61.625	5
6673	203.5	7
6674	49.875	1
6675	27.5	2
6676	332.5	1
6677	54.375	2
6678	47.5	3
6679	55.0	2
6680	21.5	2
6681	127.25	5
6682	50.0	3
6683	85.125	4
6684	55.5	1
6685	59.75	3
6686	22.75	1
6687	39.375	3
6688	63.375	1
6689	22.5	2
6690	66.375	3
6691	29.75	3
6693	40.375	1
6694	125.5	2
6695	22.75	3
6696	73.25	5
6697	53.25	4
6698	19.5	1
6699	71.5	4
6700	54.0	3
6701	32.875	3
6702	52.75	4
6703	20.0	1
6704	70.125	3
6705	33.5	2
6706	27.0	3
6707	23.375	3
6708	50.0	1
6709	34.75	3
6710	69.75	5
6711	28.25	1
6712	27.125	3
6713	22.5	2
6714	47.125	5
6715	19.0	1
6716	48.125	4
6717	31.125	3
6718	33.375	3
6719	175.25	3
6720	17.25	1
6721	50.75	3
6722	111.75	5
6723	42.75	3
6724	28.25	3
6725	17.75	1
6726	61.75	3
6727	20.0	1
6728	40.0	2
6729	42.0	3
6730	143.0	2
6731	37.5	3
6732	82.0	4
6733	64.125	5
6734	60.875	3
6735	73.125	4
6736	42.25	3
6737	34.625	5
6738	21.625	1
6739	79.75	5
6740	75.625	2
6741	189.625	1
6742	23.875	3
6743	63.75	3
6744	78.875	5
6746	53.75	4
6747	20.25	1
6748	54.625	3
6749	36.375	3
6750	34.625	3
6751	316.0	1
6753	37.875	2
6755	57.125	1
6756	89.125	5
6757	42.875	3
6758	61.625	3
6759	92.75	3
6760	46.125	2
6761	22.875	1
6762	61.625	3
6763	50.875	5
6764	81.625	3
6765	223.0	1
6766	25.0	3
6767	59.0	3
6768	345.375	1
6769	89.5	4
6770	86.25	3
6772	58.125	4
6773	44.625	3
6774	38.0	2
6775	27.0	3
6777	34.0	3
6778	73.0	5
6779	205.375	2
6780	165.125	2
6781	72.5	1
6782	19.25	1
6783	181.25	6
6784	52.0	3
6785	46.875	3
6786	73.0	3
6787	167.75	3
6789	50.0	4
6790	65.5	3
6791	19.75	1
6792	45.0	4
6793	20.625	1
6794	109.5	2
6795	27.0	3
6796	110.75	7
6797	53.375	4
6798	31.0	2
6799	40.0	2
6800	156.625	1
6801	40.125	3
6802	42.0	3
6803	28.75	3
6804	38.75	1
6805	36.125	3
6806	65.25	2
6808	78.875	4
6809	28.25	3
6810	87.5	4
6811	68.125	4
6812	38.0	3
6813	20.75	1
6814	74.25	4
6815	22.625	3
6816	53.75	4
6817	18.5	1
6818	71.75	3
6819	17.375	2
6820	30.25	1
6821	37.625	3
6822	20.75	1
6823	26.5	1
6824	21.0	1
6825	28.25	3
6826	45.125	3
6827	148.625	3
6829	39.75	3
6830	74.5	5
6831	59.25	4
6833	52.25	3
6834	63.625	4
6835	23.875	1
6836	54.5	3
6837	68.5	1
6838	27.625	2
6839	53.75	4
6840	36.0	3
6841	69.375	5
6842	56.375	3
6843	40.125	3
6844	34.125	2
6845	24.625	1
6846	30.25	3
6847	72.125	6
6848	58.625	5
6849	33.25	4
6850	23.75	1
6851	31.0	3
6852	50.125	4
6853	77.0	4
6854	27.25	2
6855	28.375	1
6856	148.125	5
6857	59.0	3
6858	27.5	1
6859	164.125	4
6860	28.125	3
6861	48.5	1
6862	20.625	1
6863	43.5	2
6864	50.5	4
6865	34.0	3
6866	221.0	7
6867	65.625	1
6868	251.5	1
6869	25.5	2
6870	50.125	3
6872	17.125	1
6873	26.75	3
6874	37.375	2
6875	62.875	3
6876	20.0	1
6877	69.75	4
6878	21.375	1
6879	50.625	2
6880	29.25	3
6881	118.625	1
6882	49.0	3
6883	98.5	2
6884	47.25	1
6885	133.375	5
6886	115.0	5
6887	115.5	4
6889	52.25	4
6890	48.875	4
6891	180.375	4
6892	23.0	1
6893	30.5	1
6894	40.625	3
6895	26.25	1
6896	24.25	2
6897	23.25	2
6898	34.25	3
6899	16.0	1
6900	71.125	3
6901	70.5	4
6902	87.125	4
6903	56.0	4
6904	74.5	3
6905	17.0	1
6906	46.25	1
6907	39.5	3
6908	75.0	6
6909	48.125	3
6910	31.25	3
6911	32.75	3
6912	58.0	3
6913	22.75	1
6914	15.25	1
6915	29.5	4
6916	80.25	3
6917	39.75	1
6918	56.0	5
6919	45.0	4
6920	31.75	2
6921	45.0	2
6922	77.125	3
6923	25.375	1
6925	26.0	2
6926	22.5	2
6927	81.625	4
6928	33.0	3
6929	20.75	1
6930	77.25	1
6931	75.25	3
6932	65.625	3
6933	82.5	3
6934	20.25	1
6935	50.25	4
6936	27.0	4
6937	194.0	5
6938	36.25	2
6939	48.75	3
6940	22.125	1
6941	57.375	5
6942	38.375	3
6943	23.0	1
6944	24.5	1
6945	141.0	1
6946	158.25	4
6947	68.75	5
6948	17.0	1
6949	92.25	1
6950	57.0	3
6951	21.5	1
6952	103.625	7
6953	45.125	2
6954	44.125	4
6957	159.25	7
6958	64.5	1
6959	73.125	3
6960	31.0	3
6961	84.75	1
6962	52.125	3
6963	26.875	3
6964	31.0	3
6965	66.0	6
6967	72.25	4
6968	19.875	2
6969	59.375	3
6970	18.75	3
6971	23.5	1
6972	54.125	1
6973	48.375	3
6974	22.25	1
6975	105.375	5
6976	29.75	3
6977	35.0	3
6978	36.75	1
6979	56.0	4
6980	46.75	4
6981	134.75	2
6982	35.25	2
6983	21.0	2
6984	41.5	1
6986	27.75	3
6987	83.875	3
6988	55.0	3
6989	42.0	3
6990	69.0	3
6991	87.375	3
6993	22.75	1
6994	32.875	3
6995	60.0	5
6996	30.25	2
6997	31.75	3
6998	136.625	5
6999	62.25	3
7000	99.625	2
7001	21.75	3
7002	32.625	1
7003	25.0	3
7004	46.75	3
7005	28.875	3
7006	28.25	2
7007	125.0	4
7008	20.75	2
7009	20.875	2
7011	18.25	1
7012	51.5	1
7013	38.5	3
7014	28.625	3
7015	45.75	2
7016	92.5	3
7017	55.125	3
7019	29.125	2
7020	31.25	1
7021	48.5	1
7022	24.25	3
7023	62.5	1
7024	45.125	3
7025	110.0	1
7026	69.25	4
7027	39.5	3
7028	40.875	5
7029	75.125	1
7030	125.25	1
7031	79.5	3
7032	62.0	3
7033	15.5	1
7034	109.0	3
7035	26.0	1
7037	60.875	3
7038	31.25	2
7039	72.75	3
7040	82.5	5
7041	64.375	4
7042	141.5	4
7043	85.0	1
7044	216.375	6
7045	21.0	1
7046	80.5	3
7047	46.875	3
7048	26.75	2
7049	46.5	2
7050	62.0	1
7051	19.0	1
7053	32.25	3
7054	36.0	3
7055	37.125	2
7056	20.0	1
7057	30.0	3
7058	38.5	4
7059	139.5	5
7060	61.625	1
7061	20.5	1
7062	121.5	4
7063	17.0	1
7064	28.75	2
7065	51.25	2
7066	39.75	4
7067	36.5	3
7068	30.5	3
7069	41.125	3
7070	27.125	1
7071	20.125	3
7072	67.375	5
7073	26.5	3
7074	27.875	1
7075	36.5	4
7076	16.5	1
7077	23.875	3
7078	22.0	3
7079	96.375	5
7080	20.5	1
7081	45.375	3
7082	36.875	4
7083	84.75	5
7084	25.5	1
7085	34.875	3
7086	172.0	1
7088	19.25	1
7089	24.375	1
7090	53.25	3
7091	45.0	3
7092	40.875	3
7094	67.25	4
7095	48.875	5
7096	40.5	3
7097	20.0	1
7098	56.5	3
7099	74.875	4
7100	47.5	3
7101	19.375	1
7102	32.125	3
7103	59.625	5
7104	65.0	4
7105	65.875	3
7106	84.5	1
7107	17.5	1
7109	162.625	3
7110	29.0	3
7111	77.25	3
7112	51.0	3
7114	293.625	1
7115	26.5	1
7116	20.75	1
7117	25.75	3
7118	29.25	3
7119	37.875	1
7120	51.875	5
7121	26.0	1
7122	42.625	2
7123	34.75	3
7124	54.25	4
7125	43.125	1
7126	121.5	4
7128	111.75	2
7129	40.0	4
7130	24.0	3
7131	64.875	3
7132	44.875	4
7133	21.5	1
7134	28.25	2
7135	94.375	1
7136	51.625	4
7137	21.5	1
7138	34.5	2
7139	114.0	3
7140	17.5	1
7142	122.625	4
7143	75.5	5
7144	29.5	3
7145	60.875	5
7146	175.875	4
7147	116.75	2
7148	31.75	2
7149	30.75	3
7150	89.125	5
7151	30.75	2
7152	54.25	4
7153	20.0	1
7154	62.0	1
7155	32.625	2
7156	76.0	3
7157	310.375	1
7158	33.75	3
7159	84.5	4
7160	102.75	1
7163	89.375	4
7164	51.5	3
7165	33.875	2
7166	22.875	3
7167	33.5	2
7168	21.5	3
7169	31.375	2
7170	89.75	2
7171	20.0	1
7172	102.25	2
7174	60.75	3
7175	31.625	1
7176	20.5	1
7177	35.5	3
7178	25.75	1
7179	93.625	3
7180	113.25	5
7181	84.625	3
7182	36.375	2
7183	117.125	3
7184	34.125	4
7185	19.5	1
7186	85.75	4
7187	33.0	1
7188	92.25	4
7189	54.25	3
7190	60.375	3
7191	19.25	1
7192	34.5	3
7193	70.375	4
7194	18.0	1
7195	70.0	4
7196	72.5	6
7197	75.125	5
7198	24.125	2
7199	239.75	3
7200	36.375	2
7202	86.375	2
7203	22.375	1
7204	31.5	3
7205	28.25	1
7206	22.25	2
7207	34.0	3
7208	27.5	1
7209	22.125	1
7210	41.0	2
7212	83.875	3
7213	79.625	5
7215	37.875	2
7216	164.375	4
7217	62.375	5
7218	110.5	1
7219	28.5	2
7220	71.5	1
7221	22.5	1
7222	44.75	3
7223	38.25	5
7224	58.375	3
7225	34.0	3
7226	29.625	3
7227	22.0	1
7228	34.125	3
7229	40.625	3
7230	62.75	1
7231	123.625	5
7232	64.5	5
7233	52.375	3
7234	29.25	4
7235	90.5	3
7236	26.0	1
7237	21.0	1
7238	29.0	3
7239	43.375	3
7240	42.5	5
7241	61.0	4
7242	52.5	3
7243	22.0	1
7244	48.875	3
7245	117.0	3
7246	29.625	3
7247	75.375	3
7248	36.25	3
7249	24.75	2
7250	62.25	1
7251	29.0	1
7252	21.75	1
7253	37.875	3
7254	50.75	3
7255	62.0	5
7256	50.125	4
7257	33.0	3
7258	50.0	3
7259	25.0	3
7260	33.875	4
7261	71.25	4
7262	32.25	3
7263	48.625	3
7264	52.625	3
7265	21.25	3
7266	23.125	1
7267	47.25	2
7268	81.25	4
7269	76.5	3
7270	56.25	4
7271	164.25	3
7272	133.25	5
7273	58.125	1
7274	38.0	3
7275	152.375	5
7276	29.625	1
7277	71.125	3
7278	21.25	1
7279	25.25	3
7280	17.5	3
7281	28.875	2
7282	38.25	3
7283	32.25	3
7284	35.875	3
7285	111.5	2
7286	20.5	1
7287	20.75	1
7288	18.5	1
7289	29.5	2
7290	60.625	4
7291	201.75	4
7292	49.625	2
7293	59.25	3
7294	28.5	1
7295	46.25	3
7296	23.375	2
7297	68.25	5
7298	51.625	3
7299	46.25	3
7300	148.0	5
7301	86.0	4
7302	26.0	2
7304	27.25	2
7305	26.375	2
7306	48.75	3
7307	73.375	3
7309	37.5	3
7310	38.375	4
7311	81.5	5
7312	37.875	3
7313	25.5	2
7314	129.75	4
7315	94.25	6
7316	85.5	3
7317	44.0	3
7318	23.375	1
7319	72.0	7
7320	119.5	4
7321	37.5	1
7322	110.75	1
7323	44.875	3
7324	30.25	3
7325	59.0	4
7326	29.25	3
7327	28.25	2
7328	27.25	1
7329	30.25	3
7331	52.75	3
7332	33.25	4
7333	37.75	3
7334	35.75	3
7335	44.75	4
7336	60.25	3
7337	31.625	3
7339	179.5	5
7340	28.75	3
7341	24.75	2
7342	36.25	3
7343	112.875	3
7344	33.25	5
7345	65.0	1
7346	26.25	3
7347	87.625	4
7348	30.5	3
7349	36.75	3
7350	53.125	3
7351	80.375	2
7352	32.25	3
7354	51.375	3
7355	84.875	4
7356	27.25	2
7357	19.0	1
7358	88.625	4
7359	48.75	3
7360	103.375	4
7361	35.375	3
7362	20.75	1
7363	33.5	1
7365	20.75	1
7366	40.5	4
7367	73.875	3
7368	126.375	3
7369	219.5	5
7370	31.25	3
7371	54.875	3
7372	68.5	3
7373	27.0	3
7374	17.25	1
7375	132.75	2
7376	97.5	3
7377	35.0	2
7378	59.0	5
7379	59.25	4
7380	35.875	3
7381	22.25	3
7382	32.125	2
7383	34.5	3
7384	20.75	2
7385	56.875	4
7386	54.625	3
7387	149.5	6
7388	63.75	5
7389	119.0	4
7390	105.25	4
7391	44.0	5
7392	43.5	3
7393	33.375	3
7394	53.75	2
7395	57.25	2
7396	82.75	2
7397	239.75	4
7398	116.0	4
7399	41.125	3
7400	32.25	3
7401	25.875	3
7402	44.625	3
7403	24.25	3
7404	149.375	4
7405	121.375	3
7406	119.5	3
7408	22.5	3
7409	113.875	5
7411	18.75	1
7412	40.0	1
7413	57.0	3
7414	42.25	3
7415	35.5	2
7416	37.0	3
7417	27.5	1
7418	21.5	2
7419	43.75	2
7421	36.125	3
7422	39.25	3
7423	46.125	2
7424	31.25	3
7425	24.5	3
7427	88.0	3
7428	45.75	4
7429	34.625	3
7430	196.75	6
7431	184.0	1
7432	66.25	3
7433	27.75	3
7434	18.0	1
7435	33.25	1
7436	54.125	3
7437	32.875	2
7438	39.5	3
7439	41.25	3
7440	72.625	5
7441	73.125	4
7442	23.0	1
7443	155.625	1
7445	78.25	4
7446	48.875	3
7447	54.25	3
7448	63.75	4
7449	50.375	1
7450	40.0	5
7451	20.5	1
7452	63.625	3
7453	22.0	1
7454	19.375	1
7455	20.5	1
7456	157.5	1
7457	45.375	4
7458	153.375	1
7459	29.75	3
7461	30.25	1
7463	38.875	3
7464	28.0	3
7465	28.125	2
7468	46.875	2
7469	31.875	3
7470	39.875	3
7471	50.5	3
7472	63.625	2
7473	119.0	1
7474	54.125	4
7475	47.875	2
7476	39.125	3
7477	15.0	1
7478	35.75	3
7479	17.5	2
7480	31.875	2
7481	40.5	1
7483	34.125	3
7484	23.25	3
7485	53.0	4
7487	63.125	2
7488	24.25	2
7489	58.375	3
7491	45.625	3
7492	25.25	1
7493	45.0	3
7494	65.0	5
7495	85.75	5
7496	63.375	1
7497	35.75	3
7498	42.75	4
7499	152.625	2
7500	46.25	3
7501	34.25	3
7502	58.0	3
7503	26.875	2
7505	38.25	3
7506	101.25	5
7507	69.25	3
7508	261.0	5
7509	40.375	3
7510	47.875	2
7511	37.75	3
7512	100.5	2
7513	33.375	1
7514	61.625	3
7515	20.25	1
7516	42.75	2
7517	30.0	2
7518	48.625	3
7519	89.25	3
7520	30.875	2
7521	40.5	3
7522	40.625	3
7523	25.75	3
7524	39.5	3
7525	18.75	1
7526	25.75	3
7527	68.75	4
7528	119.125	3
7529	51.25	3
7530	51.25	3
7531	150.625	4
7532	30.75	3
7533	30.625	3
7534	36.625	3
7535	27.0	1
7536	43.0	3
7537	72.375	4
7538	46.375	3
7539	36.75	2
7540	243.25	1
7541	32.25	1
7542	124.25	5
7543	38.75	4
7544	134.75	3
7545	67.75	5
7546	34.125	2
7547	42.125	2
7548	49.125	1
7549	29.375	3
7550	151.875	3
7551	69.5	3
7552	19.25	3
7553	63.0	2
7554	29.125	1
7555	18.75	1
7556	31.25	4
7557	171.875	4
7558	22.25	1
7559	126.375	1
7560	42.375	4
7561	79.25	1
7562	100.375	6
7563	29.5	1
7564	37.5	3
7565	160.0	5
7566	24.25	3
7567	32.0	3
7569	48.0	1
7570	142.875	3
7571	42.25	3
7572	38.25	3
7573	28.375	1
7574	27.75	3
7575	118.25	5
7576	43.0	1
7577	121.75	3
7578	72.0	3
7579	27.5	1
7580	83.5	2
7581	56.125	5
7582	60.5	4
7583	87.0	5
7584	28.5	3
7585	27.0	2
7586	17.5	1
7587	29.25	1
7588	96.625	4
7589	27.875	3
7590	47.5	4
7591	54.0	4
7592	85.125	5
7593	16.75	1
7594	63.75	4
7595	71.375	4
7596	71.625	4
7597	94.375	3
7598	66.125	5
7599	93.0	5
7600	25.5	3
7601	38.75	3
7602	29.25	2
7603	25.0	1
7604	22.5	1
7605	31.25	3
7606	109.125	3
7607	144.125	3
7608	44.375	2
7609	145.0	1
7610	31.625	3
7611	31.75	2
7612	103.625	3
7613	34.25	3
7614	22.0	2
7615	20.25	1
7616	20.25	1
7617	33.625	4
7618	27.0	3
7619	119.5	5
7620	23.625	3
7621	34.0	2
7622	38.875	3
7623	84.5	1
7624	80.5	4
7625	98.625	5
7626	21.0	2
7627	84.625	2
7628	19.0	1
7629	24.25	3
7630	28.5	3
7631	44.625	4
7632	28.25	1
7633	52.375	1
7634	25.5	3
7635	33.5	2
7636	28.25	3
7637	30.75	1
7638	29.875	3
7639	52.25	3
7640	167.0	2
7641	20.0	1
7642	59.5	1
7644	31.875	2
7645	33.75	3
7646	57.375	4
7647	38.0	3
7648	102.375	3
7649	48.75	4
7651	24.0	2
7652	29.75	3
7653	203.5	3
7654	19.5	1
7655	50.625	1
7656	19.25	1
7657	26.375	3
7658	81.5	7
7659	30.25	3
7660	18.5	1
7661	32.625	3
7662	76.625	3
7663	109.625	1
7664	24.0	3
7665	35.375	3
7666	22.125	1
7667	26.125	2
7668	47.5	1
7669	68.875	5
7670	39.5	3
7671	39.0	3
7672	54.625	3
7673	41.25	3
7674	64.75	3
7675	32.0	3
7676	59.0	1
7677	55.125	3
7678	31.75	3
7679	67.125	4
7680	41.5	4
7681	91.75	4
7682	44.125	4
7683	88.0	6
7684	27.25	1
7685	121.25	3
7686	21.75	1
7687	44.0	3
7688	124.75	3
7689	23.5	3
7690	40.625	4
7691	53.375	4
7692	40.5	3
7693	51.5	3
7694	44.5	2
7695	29.5	3
7696	33.875	2
7697	16.75	1
7698	145.625	3
7699	28.875	3
7700	53.875	3
7701	35.875	3
7702	60.0	1
7703	59.25	1
7704	47.625	3
7705	44.5	1
7706	39.75	3
7707	33.625	2
7708	22.875	1
7709	58.75	3
7710	48.875	4
7712	36.125	1
7713	84.0	3
7714	53.75	2
7716	77.75	2
7717	53.75	1
7718	29.25	1
7719	31.625	3
7720	44.375	4
7721	132.75	3
7722	18.75	1
7723	36.75	4
7724	32.75	3
7725	35.0	3
7726	34.5	4
7727	34.5	3
7728	32.0	4
7729	80.0	3
7730	59.75	1
7731	75.0	5
7732	25.0	3
7733	93.625	3
7734	18.25	1
7735	54.125	3
7736	26.5	1
7737	227.75	7
7738	87.125	2
7739	21.5	1
7740	56.125	3
7741	51.75	4
7742	31.0	1
7743	33.125	2
7744	25.75	1
7745	54.75	4
7746	30.5	3
7747	146.75	1
7748	22.25	1
7749	18.5	1
7750	29.5	3
7751	32.625	3
7752	74.625	5
7753	77.625	3
7754	17.625	1
7755	99.875	5
7757	100.375	4
7758	73.25	5
7759	139.375	1
7760	124.375	1
7761	40.0	4
7762	72.5	1
7763	53.125	3
7764	20.75	3
7765	52.125	3
7766	58.75	1
7767	171.625	4
7768	26.5	3
7769	33.75	3
7770	30.5	3
7771	49.125	3
7772	40.875	3
7773	141.125	1
7774	94.875	4
7775	80.625	3
7776	21.25	3
7777	40.625	3
7778	23.0	3
7779	43.125	3
7780	28.75	2
7781	52.5	1
7782	17.25	1
7784	162.5	2
7785	24.5	1
7786	93.25	5
7787	39.625	3
7788	27.5	3
7789	108.375	2
7790	37.25	2
7791	180.75	1
7792	73.25	5
7793	111.875	3
7794	22.75	3
7795	136.125	2
7796	76.0	1
7797	45.25	3
7798	45.375	3
7799	22.25	1
7800	35.5	3
7801	20.25	1
7802	21.75	1
7803	93.375	4
7804	41.0	3
7805	29.5	3
7806	39.0	5
7807	77.25	5
7808	28.75	3
7809	33.25	1
7810	35.625	3
7811	33.75	2
7812	24.5	3
7813	373.25	1
7814	29.375	2
7815	145.5	6
7816	37.25	3
7817	89.625	1
7818	51.375	3
7819	70.875	5
7820	88.875	6
7821	76.75	4
7823	55.125	4
7824	85.625	4
7825	20.125	1
7826	90.25	3
7827	25.75	3
7828	76.5	7
7829	30.25	2
7830	38.25	1
7831	32.25	4
7832	84.875	5
7833	29.625	3
7834	46.375	5
7835	33.25	3
7836	154.875	7
7837	28.625	1
7838	47.375	3
7839	54.125	3
7840	50.0	3
7841	21.25	2
7842	151.125	1
7843	119.75	3
7844	22.75	4
7845	40.0	4
7846	55.0	4
7847	29.0	3
7848	48.875	3
7849	28.75	3
7850	21.5	1
7851	44.625	5
7852	78.875	2
7853	30.75	2
7854	19.75	3
7855	76.0	5
7856	43.0	3
7857	46.625	5
7858	20.125	1
7859	39.25	4
7860	24.75	1
7861	41.875	3
7862	146.5	2
7863	78.0	5
7864	25.125	3
7865	41.125	3
7866	95.75	4
7867	265.5	1
7868	208.25	5
7869	36.25	3
7870	50.375	4
7871	42.625	3
7872	85.75	5
7873	19.75	2
7874	77.125	7
7875	19.75	1
7876	65.125	1
7877	16.875	1
7878	75.5	6
7879	20.625	1
7880	113.25	1
7881	37.25	4
7882	50.625	5
7883	50.375	2
7884	178.75	1
7885	42.0	3
7886	54.5	3
7887	56.5	3
7888	24.375	1
7889	28.5	2
7890	68.75	3
7891	33.0	1
7892	38.625	3
7893	70.25	3
7894	203.5	2
7895	31.75	4
7896	29.875	3
7897	32.375	4
7898	31.0	4
7899	89.25	5
7900	51.75	3
7901	59.125	4
7902	65.25	4
7903	52.875	3
7904	43.25	3
7905	92.0	3
7906	105.125	4
7907	64.0	4
7908	46.5	3
7909	46.625	3
7910	20.0	1
7911	27.75	1
7913	55.0	4
7914	58.125	4
7915	247.0	5
7916	88.125	3
7917	43.0	4
7918	46.0	3
7919	198.75	1
7920	71.5	3
7922	46.0	2
7923	19.75	3
7924	61.0	5
7925	106.125	2
7926	197.625	1
7927	18.125	2
7928	101.5	7
7929	28.5	1
7930	20.75	3
7931	52.25	4
7932	55.375	5
7933	50.25	3
7934	64.25	1
7935	38.125	3
7936	27.25	3
7937	65.125	3
7938	22.5	1
7939	155.0	3
7940	43.875	3
7941	40.5	2
7942	143.5	2
7943	19.25	1
7944	32.625	2
7946	44.875	3
7947	20.75	1
7948	36.75	3
7949	27.25	2
7950	34.0	2
7951	27.25	2
7952	51.75	1
7953	32.0	3
7954	44.125	3
7955	61.375	3
7957	37.875	3
7958	71.375	3
7959	27.5	1
7961	29.25	1
7962	34.75	3
7963	80.875	5
7965	59.75	6
7966	57.25	1
7967	63.0	4
7968	99.75	3
7970	31.125	3
7971	60.75	4
7972	59.5	4
7973	21.5	1
7974	188.75	2
7975	98.25	1
7976	69.0	5
7977	44.0	3
7978	194.25	4
7979	47.25	3
7980	54.625	3
7981	28.375	1
7982	76.125	3
7984	69.375	4
7985	92.5	1
7986	27.5	3
7987	52.625	3
7988	21.875	1
7989	20.25	3
7990	17.5	1
7991	92.25	3
7992	58.25	5
7993	24.25	2
7994	45.75	3
7995	97.875	1
7996	57.375	5
7997	99.375	3
7998	78.125	2
7999	38.25	3
8000	50.875	3
8001	69.5	5
8002	56.25	1
8003	39.0	3
8004	32.25	2
8005	58.5	3
8006	22.75	3
8007	72.0	5
8008	182.875	6
8009	64.875	3
8010	120.875	3
8011	60.625	1
8012	39.75	3
8013	62.625	4
8014	101.0	3
8015	46.25	4
8016	62.5	4
8017	46.875	4
8018	44.0	4
8019	50.5	4
8020	38.5	4
8021	64.25	3
8022	49.75	3
8023	54.625	3
8024	23.5	3
8025	65.875	4
8026	62.0	2
8027	31.125	3
8028	78.75	2
8029	30.75	1
8030	17.0	2
8031	27.625	1
8032	42.0	2
8033	20.375	1
8034	73.625	4
8035	24.0	2
8036	219.5	10
8037	19.25	1
8038	18.75	1
8039	65.125	4
8040	121.5	4
8041	46.25	1
8042	74.375	2
8044	25.625	2
8045	38.25	3
8046	98.25	6
8047	19.5	2
8048	18.625	1
8049	75.0	2
8050	34.75	1
8051	158.125	4
8052	37.0	4
8053	42.0	3
8054	34.25	3
8055	38.25	3
8056	136.0	4
8057	47.75	3
8058	44.5	3
8059	71.75	5
8060	16.75	1
8062	23.75	2
8063	43.0	3
8064	14.25	1
8066	130.125	4
8067	36.375	3
8068	48.75	3
8069	156.75	7
8070	85.0	2
8071	85.625	6
8072	67.25	5
8073	57.125	5
8074	22.75	1
8075	57.375	3
8076	80.875	4
8077	55.125	4
8078	18.5	1
8079	103.25	4
8080	126.5	3
8081	39.75	5
8082	79.0	2
8083	18.0	1
8084	38.0	3
8085	32.625	3
8086	19.0	1
8087	262.625	1
8088	28.5	3
8089	29.0	2
8090	25.5	1
8091	26.5	3
8092	91.125	7
8093	36.125	3
8094	89.875	5
8095	232.0	4
8096	31.875	1
8097	76.0	2
8098	91.25	4
8099	53.875	3
8100	52.875	5
8101	61.5	2
8102	45.0	3
8103	50.5	4
8104	48.625	4
8105	39.875	2
8106	29.5	3
8107	45.625	3
8108	45.125	4
8109	38.25	2
8110	121.625	5
8111	38.375	4
8112	56.5	1
8113	88.875	4
8114	93.375	5
8115	46.125	3
8116	43.375	3
8117	21.875	1
8118	124.75	4
8119	45.125	1
8120	175.75	1
8122	22.25	3
8123	48.0	1
8124	62.75	4
8125	58.25	4
8126	82.25	4
8127	116.75	5
8128	49.875	3
8129	247.125	1
8130	134.0	7
8131	33.375	3
8132	58.125	4
8133	43.625	4
8134	291.5	1
8135	30.25	1
8136	115.5	1
8137	30.625	3
8138	17.625	1
8139	27.25	2
8140	36.625	3
8141	38.0	1
8142	23.0	2
8143	38.875	3
8144	30.0	3
8145	36.375	3
8146	61.375	1
8147	177.75	1
8148	53.5	1
8149	35.75	3
8150	183.0	5
8151	23.375	1
8152	49.625	5
8153	72.0	3
8154	87.875	5
8155	27.375	3
8156	85.5	5
8157	77.875	2
8158	40.5	3
8159	92.25	5
8160	65.375	1
8162	52.125	3
8163	41.0	2
8164	301.25	3
8165	105.5	6
8166	37.375	2
8167	64.375	3
8168	24.5	1
8169	34.5	3
8170	160.625	2
8171	24.625	2
8172	33.75	4
8173	28.75	2
8174	73.75	4
8175	22.25	1
8176	103.625	5
8177	118.25	2
8180	25.0	1
8181	47.0	3
8182	124.75	5
8183	48.5	4
8184	55.25	5
8185	35.0	3
8186	37.5	4
8187	22.75	1
8188	75.25	5
8189	56.625	3
8190	207.25	3
8191	249.5	6
8192	139.25	5
8193	153.0	1
8194	48.375	3
8195	14.75	1
8196	81.25	1
8197	29.5	1
8198	15.0	1
8199	23.25	2
8200	219.875	1
8201	27.0	2
8202	45.625	4
8203	20.5	2
8204	73.25	4
8205	72.125	5
8206	52.25	1
8207	32.625	3
8208	52.625	3
8209	102.5	3
8210	40.625	3
8211	80.125	6
8212	18.75	1
8213	152.0	1
8214	85.375	5
8215	60.375	4
8216	31.125	1
8217	35.875	2
8218	24.25	1
8219	89.0	5
8220	18.5	2
8221	42.375	3
8222	90.5	2
8223	185.5	8
8224	35.625	2
8225	26.625	1
8226	117.625	7
8227	83.75	2
8228	240.625	3
8229	80.5	4
8230	83.125	4
8231	67.25	5
8232	115.25	1
8233	41.0	3
8234	42.125	3
8235	27.0	2
8236	48.625	4
8237	28.75	3
8238	20.5	1
8239	24.5	3
8240	110.875	4
8241	42.125	1
8242	43.875	1
8243	20.5	1
8244	42.125	3
8245	85.0	3
8246	86.5	6
8247	32.5	2
8249	62.25	1
8250	181.375	1
8251	57.625	2
8252	64.25	6
8254	40.25	5
8255	125.75	1
8257	77.0	1
8258	22.75	1
8259	25.0	1
8260	75.375	4
8261	50.25	4
8262	28.25	1
8263	33.5	2
8264	79.75	6
8265	35.25	1
8266	37.25	4
8267	161.0	3
8268	19.5	2
8269	145.5	4
8270	20.0	1
8271	22.0	2
8272	87.625	4
8273	49.375	1
8274	41.0	5
8275	201.875	2
8276	27.75	2
8277	49.125	4
8279	89.875	3
8280	28.5	3
8281	17.75	1
8282	26.25	3
8283	42.625	3
8284	37.75	3
8285	32.375	3
8286	23.25	2
8287	20.25	1
8288	30.25	1
8289	36.5	2
8290	115.625	3
8291	45.75	3
8292	44.25	3
8293	40.0	3
8294	81.5	5
8295	64.125	2
8296	30.75	1
8297	28.375	3
8298	47.625	3
8299	30.875	3
8300	20.5	1
8301	45.75	3
8302	72.0	1
8303	157.125	6
8304	105.5	2
8305	69.875	3
8307	23.125	1
8308	62.25	1
8309	41.875	3
8310	27.375	1
8311	34.0	4
8312	60.875	1
8313	17.25	1
8314	114.625	7
8315	55.875	5
8316	27.625	3
8317	28.75	2
8318	40.5	4
8319	313.0	5
8320	63.125	4
8321	21.625	1
8322	28.375	2
8323	48.25	4
8324	43.25	4
8325	79.0	3
8326	80.75	7
8327	48.625	3
8328	62.25	4
8329	91.5	6
8330	35.375	1
8331	58.625	3
8332	19.0	1
8333	22.5	1
8334	78.625	3
8335	20.5	1
8336	23.0	3
8338	28.25	1
8339	27.5	3
8340	56.0	5
8341	31.125	3
8342	67.5	3
8344	69.625	3
8345	55.0	3
8346	32.75	1
8347	149.125	2
8348	46.0	4
8349	59.75	1
8350	35.25	3
8351	20.0	1
8352	40.875	4
8353	26.25	2
8354	63.5	1
8355	149.375	2
8356	179.25	1
8357	54.25	4
8358	57.0	5
8359	38.625	4
8360	69.0	3
8361	78.5	5
8362	19.75	1
8363	44.125	3
8364	37.375	3
8365	171.875	5
8366	49.75	1
8367	24.375	1
8368	54.125	3
8369	93.75	3
8370	72.625	4
8371	123.0	5
8372	35.0	3
8373	113.0	6
8374	56.625	4
8375	58.25	3
8376	29.25	3
8377	53.75	1
8378	83.875	4
8379	19.25	1
8380	39.0	1
8381	35.375	3
8382	33.5	3
8383	58.75	5
8384	28.25	1
8385	44.625	2
8386	21.375	1
8387	49.5	4
8390	111.75	4
8391	18.0	1
8392	31.375	3
8393	31.0	2
8394	164.125	4
8395	92.75	3
8396	112.25	2
8397	80.0	3
8398	117.125	4
8399	51.375	3
8400	17.5	1
8401	47.125	2
8402	41.25	3
8403	85.375	5
8404	16.875	2
8405	81.25	3
8406	43.5	1
8407	79.625	5
8408	67.625	5
8409	60.75	3
8411	62.375	3
8412	59.125	4
8413	110.75	4
8414	42.875	3
8415	44.5	3
8416	31.125	3
8417	41.75	4
8418	44.25	3
8419	51.5	2
8420	69.0	1
8421	28.125	2
8422	113.0	5
8423	90.5	3
8424	24.5	3
8425	42.125	3
8426	23.5	1
8427	110.75	3
8428	71.25	1
8429	221.375	3
8430	41.75	2
8431	227.375	1
8432	151.125	3
8433	184.5	6
8434	48.25	1
8435	49.5	3
8436	69.5	5
8437	33.75	1
8438	35.375	3
8439	19.25	1
8440	52.25	3
8441	42.75	3
8442	41.25	3
8443	120.625	4
8444	74.875	5
8445	31.0	3
8446	63.0	3
8447	29.5	2
8448	27.5	1
8449	152.375	1
8450	41.75	1
8451	103.0	5
8452	20.625	3
8453	72.125	5
8454	27.125	1
8455	39.25	5
8456	71.25	5
8457	64.0	3
8458	56.25	3
8459	47.625	4
8460	23.75	1
8461	25.0	3
8462	31.75	3
8463	71.25	1
8464	88.875	10
8465	49.0	2
8466	33.0	2
8467	57.375	1
8468	40.75	2
8469	117.0	4
8470	18.5	1
8471	27.875	3
8472	54.75	4
8473	32.25	2
8474	45.625	4
8475	59.5	3
8476	40.625	3
8477	142.125	2
8478	34.875	4
8479	33.75	2
8480	216.0	1
8481	27.0	2
8482	94.0	4
8483	72.875	4
8484	30.5	3
8485	63.25	4
8487	24.25	1
8488	103.25	1
8489	53.25	3
8491	17.25	1
8492	111.625	3
8493	32.25	3
8494	36.5	3
8495	123.25	7
8496	178.0	1
8497	59.0	1
8498	61.375	5
8499	32.5	3
8500	70.25	4
8501	192.0	3
8502	36.0	3
8503	25.25	2
8504	70.25	3
8505	38.0	4
8506	18.0	3
8507	27.75	1
8508	98.625	3
8509	25.375	2
8510	103.5	3
8511	34.0	3
8512	76.5	3
8513	32.75	3
8514	107.0	4
8515	33.25	3
8516	161.375	5
8517	21.5	1
8518	35.25	1
8519	43.75	1
8520	16.75	1
8521	25.0	1
8522	67.75	3
8524	34.125	3
8525	119.0	3
8526	17.5	1
8527	52.125	3
8528	187.375	6
8529	95.875	7
8530	62.125	4
8531	22.25	1
8532	47.0	4
8533	39.875	3
8534	31.125	3
8535	41.125	3
8536	59.625	3
8537	98.0	4
8538	219.375	3
8539	59.125	3
8540	78.5	1
8541	31.25	2
8542	56.75	1
8543	19.75	3
8545	28.5	3
8546	52.25	4
8547	50.875	2
8548	68.875	3
8549	30.0	3
8550	62.0	3
8551	63.125	3
8552	84.125	6
8553	85.25	6
8554	40.75	3
8555	57.75	4
8556	60.125	5
8557	74.0	5
8558	50.5	2
8559	26.0	1
8560	33.5	3
8561	51.25	1
8562	39.75	4
8563	68.125	6
8564	33.375	2
8565	26.0	1
8566	19.5	1
8567	38.5	1
8568	22.75	3
8569	76.0	3
8570	37.5	3
8571	37.25	3
8572	43.5	1
8573	90.0	3
8574	50.5	3
8576	65.5	3
8577	45.75	2
8578	35.875	2
8579	38.5	3
8580	34.25	3
8581	35.125	3
8582	106.125	6
8583	18.0	1
8584	38.125	3
8585	146.25	1
8586	25.0	3
8587	29.875	2
8588	31.75	2
8589	57.25	5
8590	25.0	1
8591	34.125	3
8592	59.0	3
8593	35.5	1
8594	21.0	3
8595	38.25	3
8596	51.75	7
8597	16.0	1
8598	210.125	1
8599	21.5	3
8600	55.875	3
8601	80.25	1
8602	75.875	2
8603	53.625	3
8604	156.25	3
8605	23.125	1
8606	19.5	1
8607	234.125	3
8608	25.25	3
8609	36.75	3
8610	38.125	3
8611	59.25	4
8612	37.125	3
8613	66.75	3
8614	241.75	1
8616	227.625	1
8617	63.75	1
8618	302.875	1
8619	22.5	1
8620	30.625	2
8621	191.75	1
8622	29.0	3
8623	32.0	1
8624	107.375	1
8625	26.125	2
8626	33.5	3
8627	62.125	4
8629	31.625	3
8630	62.75	3
8631	57.5	1
8632	68.625	4
8633	32.75	3
8635	16.75	1
8636	76.25	1
8637	29.25	3
8638	56.125	3
8639	70.125	6
8640	36.25	1
8641	41.0	3
8642	18.0	2
8643	18.875	1
8644	107.625	3
8645	20.5	1
8646	110.625	5
8647	19.5	2
8648	75.0	4
8649	18.5	1
8650	64.0	4
8651	46.625	3
8652	121.5	5
8653	45.625	3
8654	22.0	2
8655	164.5	1
8656	31.75	1
8657	29.0	3
8658	68.0	2
8659	22.25	1
8660	33.25	3
8661	117.75	5
8662	22.25	1
8663	21.75	3
8664	36.25	3
8665	36.25	1
8666	66.375	1
8667	34.75	1
8668	37.5	3
8669	26.75	3
8670	352.25	1
8671	27.625	3
8672	127.25	5
8673	235.875	3
8674	33.0	3
8675	33.5	3
8676	90.875	7
8677	40.625	3
8679	37.0	2
8680	25.0	1
8681	24.375	3
8682	19.25	1
8683	33.75	1
8684	68.25	6
8685	28.75	2
8686	60.75	5
8687	33.75	3
8688	160.875	1
8689	31.0	3
8690	45.0	3
8691	22.375	1
8692	20.5	1
8693	111.0	3
8694	25.0	2
8695	28.25	2
8696	44.375	3
8697	23.375	2
8699	115.0	2
8700	93.25	3
8701	68.375	3
8702	48.375	1
8703	24.0	1
8704	29.0	1
8705	64.875	3
8706	334.25	1
8707	33.0	3
8708	135.5	3
8709	43.25	3
8710	145.375	5
8711	20.375	1
8712	36.25	3
8713	22.0	2
8714	54.625	2
8715	185.0	3
8716	34.25	2
8717	69.5	5
8718	81.375	5
8719	30.25	3
8720	89.125	5
8721	60.75	1
8722	28.5	3
8723	39.75	3
8724	27.75	3
8725	27.0	1
8726	170.5	6
8727	40.0	3
8728	32.25	3
8729	50.0	4
8730	30.0	2
8731	83.625	5
8732	39.5	3
8733	45.0	3
8734	131.375	2
8735	38.25	3
8736	36.25	3
8737	101.25	5
8738	33.125	2
8739	27.5	3
8741	34.25	3
8742	109.125	5
8743	32.125	1
8744	64.0	5
8745	35.5	4
8746	101.75	5
8747	65.25	4
8748	34.5	3
8750	27.25	1
8751	94.75	2
8752	127.5	2
8753	43.0	3
8754	38.5	2
8755	45.75	3
8756	47.75	3
8757	51.875	3
8758	18.875	1
8759	121.625	4
8760	31.0	3
8761	109.75	2
8762	51.0	3
8763	27.875	2
8764	20.125	1
8765	59.375	2
8766	45.875	5
8767	32.5	1
8768	79.75	1
8769	20.25	1
8770	42.25	3
8771	35.75	3
8772	23.5	3
8773	27.25	1
8774	136.125	3
8775	25.5	3
8776	33.125	4
8777	24.75	1
8778	70.25	4
8779	28.75	3
8780	94.625	3
8781	39.75	3
8782	37.875	1
8783	45.0	4
8784	47.5	1
8785	45.875	3
8786	89.375	2
8787	23.125	2
8788	38.75	3
8789	26.25	3
8790	57.25	5
8791	74.875	7
8792	35.125	3
8793	69.125	3
8794	28.125	3
8795	59.375	2
8796	38.875	1
8797	47.0	2
8798	33.75	3
8799	36.25	3
8800	42.875	3
8801	118.0	3
8802	112.75	3
8803	141.0	6
8804	24.875	3
8805	53.875	4
8806	38.125	4
8807	56.375	3
8808	75.125	4
8809	38.375	4
8810	113.875	5
8811	17.5	1
8813	28.25	1
8814	25.0	2
8815	18.5	1
8816	18.0	3
8817	49.5	3
8818	52.75	4
8819	29.5	3
8820	109.625	2
8821	28.625	2
8822	30.5	3
8823	57.75	5
8824	22.0	3
8825	59.625	3
8828	41.625	4
8830	30.25	5
8831	42.25	3
8832	30.0	1
8834	60.5	4
8835	37.75	3
8836	43.125	3
8837	32.0	4
8838	186.125	4
8839	36.5	1
8840	21.75	1
8841	56.875	1
8842	18.0	1
8844	28.625	2
8845	18.5	1
8846	39.5	3
8847	33.375	3
8848	28.375	1
8849	96.75	5
8850	131.75	2
8851	120.375	3
8852	51.375	4
8853	72.375	3
8854	21.5	1
8855	28.5	1
8856	33.25	3
8857	28.75	2
8858	38.375	3
8859	60.875	1
8860	41.125	1
8861	92.875	3
8862	25.375	1
8863	35.625	3
8864	43.5	3
8865	315.375	1
8866	87.5	5
8867	182.0	6
8868	27.5	1
8869	93.625	5
8870	80.0	5
8871	58.125	1
8872	37.25	5
8873	34.0	1
8874	44.0	2
8875	92.125	6
8876	151.25	4
8877	25.0	3
8878	28.5	3
8879	41.5	3
8880	67.75	6
8881	21.875	2
8882	82.25	5
8883	180.75	1
8884	24.0	2
8885	17.5	1
8886	21.5	1
8887	30.125	3
8888	52.375	3
8889	35.25	3
8890	49.125	3
8891	87.25	5
8892	47.875	3
8893	110.125	2
8894	92.625	3
8895	164.375	4
8896	28.875	5
8897	67.0	1
8898	68.5	1
8899	43.25	2
8901	38.875	3
8902	25.0	1
8903	136.125	5
8904	18.75	1
8905	36.875	2
8906	45.5	3
8907	47.25	3
8908	26.25	2
8909	21.5	1
8910	88.125	1
8911	59.5	2
8912	52.125	1
8913	31.375	3
8914	126.75	3
8915	39.75	3
8916	143.125	1
8917	164.0	1
8918	56.125	3
8920	107.0	4
8921	57.5	2
8922	73.75	3
8923	44.875	3
8924	45.0	4
8925	43.25	3
8926	21.75	1
8927	61.75	4
8928	31.5	3
8929	32.0	3
8930	60.75	3
8931	72.0	5
8932	38.875	3
8933	197.25	7
8934	35.25	2
8936	28.25	3
8937	42.75	2
8938	219.125	1
8940	30.0	3
8941	21.5	1
8942	28.125	1
8943	30.0	2
8944	28.0	3
8945	43.25	1
8946	22.75	1
8947	62.375	3
8948	111.375	5
8949	43.0	3
8950	39.375	3
8951	95.0	5
8952	46.25	3
8953	49.375	3
8954	21.75	1
8955	55.25	5
8956	77.125	3
8957	33.625	3
8958	22.25	3
8960	29.375	3
8961	62.625	3
8962	39.25	3
8963	104.5	4
8964	33.125	3
8965	46.0	5
8966	25.75	3
8967	66.625	5
8968	56.25	1
8969	40.25	1
8970	69.25	4
8972	16.25	1
8973	24.125	3
8974	36.25	1
8975	23.25	3
8976	131.25	3
8977	30.75	2
8979	181.875	5
8980	38.75	3
8981	42.5	1
8982	47.75	2
8983	50.875	1
8984	51.0	3
8985	39.125	4
8986	42.5	3
8987	122.5	1
8988	47.5	4
8989	57.625	5
8990	38.5	3
8991	79.375	4
8992	58.125	5
8993	49.5	3
8994	21.375	3
8995	68.0	1
8997	20.5	1
8998	24.25	3
8999	33.25	3
9000	16.5	1
9001	64.5	1
9002	37.125	3
9003	37.375	3
9004	27.0	1
9005	28.75	3
9006	124.375	4
9007	29.75	3
9008	19.625	3
9009	56.875	4
9010	69.125	4
9011	98.625	5
9012	23.5	2
9013	29.625	1
9014	77.125	4
9015	34.5	3
9016	51.0	3
9017	44.25	3
9018	63.0	5
9019	39.625	3
9020	26.75	2
9021	28.75	1
9023	35.25	1
9024	61.125	2
9025	44.5	2
9026	62.375	5
9027	37.875	3
9028	26.625	1
9029	23.75	1
9031	83.375	4
9032	72.0	2
9033	43.25	3
9034	36.25	5
9035	31.625	4
9036	50.5	2
9037	37.25	3
9038	28.875	2
9039	20.5	1
9040	74.0	3
9041	107.625	3
9042	39.375	3
9043	124.0	4
9044	21.75	3
9045	24.5	3
9046	159.375	1
9048	37.25	4
9049	44.25	3
9050	34.75	3
9051	28.5	1
9052	40.25	2
9053	48.5	3
9054	31.0	3
9055	123.75	1
9056	29.5	3
9057	51.75	4
9058	33.75	3
9059	35.25	4
9060	45.125	3
9061	36.5	3
9062	45.875	1
9063	30.75	1
9064	37.0	3
9065	73.75	5
9066	29.75	3
9067	16.5	1
9068	50.375	4
9069	77.125	5
9070	42.25	3
9071	81.25	5
9072	58.5	2
9073	90.5	4
9074	99.75	4
9075	43.125	5
9076	24.625	3
9077	19.25	3
9078	41.0	4
9079	48.375	3
9080	26.75	3
9081	26.75	3
9082	117.625	3
9083	190.25	4
9084	35.0	3
9085	21.0	3
9086	21.75	1
9087	43.125	5
9088	118.75	3
9089	59.5	1
9090	57.625	3
9091	19.25	2
9092	61.75	3
9093	30.75	1
9094	60.5	4
9095	89.375	5
9096	82.5	6
9097	70.75	4
9098	49.125	3
9099	34.5	4
9100	34.5	3
9101	30.75	3
9102	38.375	3
9103	30.375	2
9104	100.75	1
9105	261.875	3
9106	26.0	2
9107	59.75	3
9108	59.875	4
9109	72.0	2
9110	37.25	4
9111	18.5	1
9112	21.5	3
9113	63.75	1
9114	70.25	5
9115	43.0	3
9116	74.5	1
9117	20.0	1
9118	31.75	2
9119	78.5	5
9120	67.625	3
9121	28.0	3
9123	31.375	2
9124	109.0	2
9125	26.625	1
9126	29.0	1
9127	44.0	1
9128	40.25	3
9129	47.75	3
9130	36.25	1
9131	54.75	3
9132	71.625	3
9133	96.75	3
9134	102.5	2
9135	21.0	3
9136	189.875	5
9137	29.5	3
9138	46.875	3
9139	19.75	1
9140	17.75	1
9141	53.75	1
9142	77.875	4
9143	108.25	4
9144	78.125	5
9145	73.5	3
9146	77.0	5
9147	63.125	4
9148	33.75	3
9149	66.25	3
9150	20.875	1
9151	17.0	1
9152	32.25	3
9153	215.0	5
9154	75.375	3
9155	107.375	5
9156	101.5	3
9157	56.375	5
9158	102.375	5
9159	139.0	3
9160	26.875	1
9161	30.625	1
9162	160.25	1
9163	60.125	5
9164	75.875	4
9165	73.125	3
9166	26.875	2
9167	45.375	3
9169	21.0	1
9170	72.0	1
9171	29.75	1
9172	13.75	1
9173	36.875	3
9174	25.0	3
9175	34.0	2
9176	52.625	3
9177	35.5	4
9178	156.625	4
9179	22.375	1
9180	51.375	3
9181	127.125	3
9182	40.25	4
9183	57.25	5
9184	43.25	3
9185	23.25	2
9186	24.125	3
9187	87.25	2
9188	29.875	3
9189	76.125	2
9190	30.5	3
9191	21.5	2
9192	31.625	3
9193	45.25	3
9194	75.5	5
9195	48.75	3
9196	59.125	3
9197	46.0	3
9198	61.5	4
9199	50.125	2
9200	25.5	3
9201	155.875	5
9202	51.625	3
9203	41.5	1
9204	28.0	3
9205	38.75	3
9206	65.125	4
9207	66.75	1
9208	26.5	2
9209	18.0	1
9210	209.25	5
9211	22.0	1
9212	40.625	3
9213	45.0	3
9214	49.5	4
9215	21.0	1
9216	24.25	3
9218	35.5	3
9219	61.625	3
9220	25.25	3
9222	37.875	2
9223	41.125	3
9224	65.125	4
9225	47.25	4
9226	65.25	3
9227	42.625	3
9228	33.0	1
9229	29.875	1
9230	26.25	3
9231	19.75	3
9232	153.375	4
9233	243.0	5
9234	44.0	3
9235	22.25	1
9236	56.375	5
9237	26.5	3
9238	25.5	3
9239	19.0	1
9240	60.0	3
9241	50.5	5
9242	110.25	4
9243	40.0	1
9244	20.625	1
9245	26.5	1
9246	29.375	1
9247	72.5	4
9248	56.125	2
9249	21.25	1
9250	187.0	4
9251	139.5	5
9253	54.75	4
9254	116.0	1
9255	57.75	3
9256	31.0	3
9257	75.625	4
9258	21.375	2
9259	82.25	6
9260	26.375	3
9261	38.875	3
9262	131.75	2
9263	29.0	3
9264	42.5	1
9265	21.75	3
9266	67.625	5
9267	53.375	4
9269	63.875	3
9270	17.5	1
9271	24.375	3
9272	133.625	4
9273	33.625	4
9274	21.25	3
9275	23.25	2
9276	42.25	4
9277	20.75	1
9278	27.625	1
9279	25.25	1
9280	43.125	3
9281	198.125	2
9283	30.25	2
9284	153.75	1
9285	50.25	4
9286	48.0	3
9287	21.0	3
9288	43.5	2
9289	21.25	1
9290	36.875	3
9291	27.875	3
9292	19.75	1
9293	127.0	4
9294	63.0	4
9295	46.5	3
9296	17.0	1
9297	29.5	1
9298	53.75	3
9299	45.125	1
9300	36.25	3
9301	43.0	3
9302	19.25	2
9303	28.375	1
9305	84.875	4
9306	66.625	4
9307	27.75	3
9308	18.5	1
9309	48.875	3
9310	74.625	5
9311	129.125	2
9312	188.0	1
9313	25.75	1
9314	76.375	1
9315	34.0	3
9316	62.0	3
9317	156.875	5
9318	81.25	4
9319	42.0	2
9320	23.5	1
9321	183.375	1
9322	45.125	3
9323	37.75	3
9324	37.5	1
9325	65.125	3
9326	62.625	1
9327	37.125	3
9328	19.25	1
9329	25.25	1
9330	199.375	2
9331	45.125	2
9332	19.75	1
9333	119.5	4
9334	43.625	3
9335	39.75	3
9336	51.75	3
9337	47.375	4
9339	18.0	1
9340	180.5	1
9341	31.5	2
9342	153.375	5
9343	24.25	1
9344	83.25	1
9345	37.375	2
9346	67.875	1
9347	40.0	3
9348	25.75	3
9349	37.0	2
9350	17.5	1
9351	52.25	3
9352	64.375	3
9353	26.0	3
9354	38.25	3
9355	29.25	3
9356	63.25	3
9357	41.625	1
9358	50.0	4
9359	37.375	3
9360	81.25	3
9361	23.625	3
9362	27.0	1
9363	54.75	1
9364	22.5	1
9366	38.5	3
9367	99.125	6
9368	44.375	3
9369	52.0	3
9370	32.0	2
9371	27.25	3
9372	17.75	2
9373	46.5	3
9374	107.375	3
9375	83.75	5
9376	61.5	1
9377	58.875	1
9378	21.75	1
9379	27.625	3
9380	27.75	1
9381	100.75	4
9382	49.125	4
9384	43.5	3
9385	151.5	1
9386	23.875	2
9387	120.5	2
9388	76.375	4
9389	64.25	4
9390	27.0	1
9391	36.125	1
9392	26.25	3
9393	36.0	3
9394	78.875	4
9395	19.0	2
9396	29.0	4
9397	34.75	3
9398	59.75	4
9399	36.75	3
9400	63.125	1
9401	19.0	3
9402	90.25	5
9403	35.5	2
9405	66.875	5
9407	47.875	3
9408	55.25	2
9409	40.0	3
9410	55.5	4
9411	85.875	4
9412	46.5	1
9413	43.25	3
9414	25.375	1
9415	62.875	4
9416	36.125	4
9417	40.75	3
9418	31.5	3
9419	110.625	3
9420	68.0	4
9421	59.5	5
9422	20.25	3
9423	87.375	6
9424	24.0	3
9425	51.875	1
9426	71.25	2
9427	75.375	4
9428	74.625	4
9429	19.25	2
9430	72.375	3
9431	37.0	3
9432	113.25	3
9433	68.125	5
9434	63.625	4
9435	74.875	5
9436	30.5	3
9437	161.625	3
9438	45.875	4
9439	158.875	2
9440	84.125	4
9441	80.25	8
9442	41.75	3
9443	32.5	3
9444	134.625	2
9445	33.125	2
9446	70.75	5
9447	34.0	2
9448	57.625	4
9449	84.75	4
9450	62.75	3
9452	33.875	2
9453	135.0	1
9454	193.375	7
9455	160.0	2
9456	35.5	3
9457	27.5	3
9458	36.0	1
9459	42.125	3
9460	19.5	1
9461	76.5	1
9462	18.0	1
9463	20.25	1
9464	34.5	3
9465	28.5	3
9466	52.0	1
9467	29.0	3
9468	52.0	1
9469	19.75	1
9470	194.75	5
9471	184.75	5
9472	25.25	3
9473	98.375	5
9474	57.5	3
9475	46.75	3
9476	91.0	5
9477	29.5	2
9478	97.625	5
9479	120.125	2
9480	83.375	2
9481	53.625	4
9482	65.875	4
9483	48.625	3
9484	22.75	3
9486	200.125	1
9487	22.125	2
9488	48.375	4
9489	35.25	4
9491	27.75	3
9492	32.0	2
9493	27.75	1
9494	30.5	3
9495	29.5	2
9496	21.75	3
9497	39.625	3
9498	198.375	1
9499	29.125	1
9500	36.5	1
9501	23.75	3
9502	17.25	1
9503	62.25	3
9504	43.625	3
9505	51.25	3
9506	55.25	1
9507	28.375	1
9508	34.25	3
9509	29.625	3
9511	91.625	5
9512	53.875	4
9513	41.5	3
9514	60.75	4
9515	68.25	3
9516	14.25	1
9518	25.5	1
9519	124.625	3
9520	100.25	6
9521	28.0	3
9522	76.5	1
9523	121.5	3
9524	28.75	1
9525	68.125	3
9526	53.75	3
9527	199.625	3
9528	58.625	4
9529	74.625	3
9530	56.875	1
9531	101.0	3
9532	17.5	1
9534	35.25	3
9535	115.75	3
9536	32.0	3
9537	99.125	4
9538	82.625	2
9539	81.5	5
9540	27.25	3
9541	31.75	3
9542	31.75	2
9543	39.875	3
9544	68.125	1
9545	36.125	4
9546	38.5	2
9547	36.0	1
9548	94.625	4
9549	152.375	2
9550	23.5	3
9551	34.75	2
9552	97.25	5
9553	61.625	1
9554	51.75	4
9555	72.5	4
9556	78.375	5
9557	174.375	3
9558	66.875	4
9559	22.875	3
9560	30.25	3
9562	24.75	1
9563	33.5	2
9564	65.25	3
9565	65.375	3
9566	40.75	3
9567	87.125	5
9568	74.375	5
9570	80.125	4
9571	38.25	3
9573	40.5	3
9574	72.0	5
9575	47.0	1
9576	21.0	3
9577	37.5	1
9578	41.5	3
9579	69.375	3
9580	185.75	5
9581	34.5	4
9582	38.75	2
9583	73.625	4
9584	45.5	2
9585	69.375	4
9586	75.75	5
9587	22.0	1
9589	25.125	3
9590	154.375	4
9591	29.75	1
9592	67.875	4
9593	19.75	2
9594	115.25	2
9595	20.25	3
9596	36.875	3
9597	27.375	3
9598	71.5	5
9599	98.0	5
9600	43.5	3
9601	15.5	1
9602	44.25	1
9603	52.0	4
9604	110.125	5
9605	63.375	3
9606	52.625	3
9607	33.75	3
9609	94.25	3
9610	72.25	5
9611	66.25	3
9612	63.75	3
9613	25.0	1
9614	22.0	1
9615	41.0	3
9616	40.125	3
9617	37.75	3
9618	33.25	3
9619	23.75	3
9620	49.75	4
9621	32.875	3
9622	37.625	3
9623	76.0	4
9624	22.0	1
9626	32.75	3
9627	50.75	3
9628	58.5	4
9629	21.25	1
9630	129.75	3
9631	94.0	4
9632	108.375	4
9633	40.875	3
9634	57.875	5
9635	46.75	3
9636	72.125	4
9637	39.625	3
9638	43.875	3
9639	22.125	2
9640	19.75	1
9641	198.5	2
9642	98.875	5
9644	67.75	2
9645	28.25	3
9646	87.875	2
9648	21.375	1
9649	29.75	3
9650	55.75	3
9651	31.375	2
9652	18.0	1
9653	20.375	3
9654	30.875	2
9655	50.0	1
9656	30.625	3
9657	21.5	2
9658	37.5	3
9659	104.25	2
9660	39.5	2
9661	73.125	3
9662	60.75	3
9663	32.75	1
9664	32.125	2
9665	23.75	3
9666	20.0	2
9667	58.25	1
9668	49.625	3
9669	29.375	3
9671	117.625	4
9672	21.5	2
9673	67.5	2
9674	25.5	3
9675	66.125	3
9676	102.5	5
9677	47.0	4
9678	43.25	3
9679	33.25	3
9680	47.125	3
9681	37.5	2
9682	56.375	2
9683	120.625	5
9684	23.25	1
9685	96.5	2
9686	63.625	3
9687	50.75	2
9688	119.0	2
9689	59.5	3
9690	34.0	2
9691	22.0	3
9692	148.5	5
9693	67.75	5
9694	54.5	4
9695	75.0	1
9696	49.125	2
9697	61.75	4
9698	42.125	5
9700	31.5	3
9701	32.125	1
9702	22.75	1
9703	129.75	5
9704	140.0	2
9705	64.875	5
9706	24.75	3
9707	79.0	5
9708	67.0	3
9709	81.25	1
9710	51.375	3
9712	105.25	4
9713	92.25	4
9714	36.375	2
9716	124.5	2
9717	21.0	3
9718	46.625	2
9719	71.25	1
9720	57.5	3
9721	34.875	3
9722	23.0	3
9723	30.375	3
9724	88.25	4
9725	62.0	4
9726	85.25	3
9727	71.0	5
9728	47.875	3
9729	71.5	1
9730	32.0	2
9731	24.0	2
9732	26.5	3
9733	25.0	3
9734	60.75	3
9735	162.25	1
9736	48.5	3
9737	56.0	3
9738	31.375	3
9739	22.0	3
9740	96.375	4
9741	37.875	3
9742	28.375	3
9743	39.75	3
9744	18.75	2
9745	35.75	2
9746	67.25	1
9747	58.0	3
9748	24.375	3
9749	36.5	3
9750	123.75	6
9751	88.0	2
9752	47.75	4
9753	45.5	3
9754	30.25	1
9755	92.0	3
9756	146.0	1
9757	20.75	1
9758	46.25	3
9759	66.25	3
9760	41.5	4
9761	20.25	2
9762	44.125	3
9763	27.75	3
9764	116.0	3
9765	22.75	1
9766	119.875	5
9767	41.875	2
9768	84.125	3
9769	26.5	3
9770	20.25	1
9771	57.375	3
9772	14.0	1
9773	21.75	1
9774	96.25	3
9775	18.0	1
9776	81.5	2
9777	37.5	3
9778	51.75	4
9779	37.875	1
9780	76.0	5
9781	28.125	1
9782	19.0	1
9783	125.75	1
9784	62.125	4
9785	50.0	3
9786	85.625	4
9787	63.0	3
9788	23.0	3
9789	43.0	3
9790	131.5	3
9791	72.5	5
9792	70.375	3
9793	17.25	3
9794	43.125	3
9795	45.625	3
9796	46.5	1
9797	24.75	1
9798	24.75	2
9799	106.5	5
9800	64.875	4
9801	28.125	3
9802	18.5	1
9803	44.0	4
9804	48.25	3
9805	78.125	4
9806	171.75	4
9807	155.0	1
9808	56.25	3
9809	45.75	1
9810	61.875	5
9811	21.375	2
9812	194.625	1
9813	59.25	2
9814	53.875	3
9815	78.5	3
9816	122.25	1
9817	68.0	3
9818	66.75	1
9819	30.75	3
9821	41.375	1
9823	53.5	3
9824	39.125	2
9825	139.625	1
9826	152.75	4
9827	105.25	3
9828	41.75	3
9829	52.25	5
9830	27.5	3
9831	75.625	4
9832	29.875	3
9833	150.5	3
9834	30.75	3
9835	25.375	1
9836	64.25	3
9837	66.5	3
9838	75.625	2
9839	29.125	3
9840	102.125	3
9841	69.0	4
9842	75.0	5
9843	36.25	3
9844	40.0	3
9845	17.25	1
9847	78.875	4
9848	21.0	1
9849	53.375	5
9850	28.25	3
9851	29.25	2
9852	42.25	4
9853	97.5	2
9854	19.25	1
9855	40.625	3
9858	106.75	1
9860	46.875	4
9862	38.25	5
9863	63.625	5
9864	69.125	2
9865	125.25	4
9866	32.75	4
9867	74.25	3
9868	98.75	3
9869	70.875	4
9870	35.75	1
9871	170.5	1
9873	26.0	3
9874	26.5	2
9875	27.625	1
9876	20.0	1
9877	46.625	5
9878	88.125	3
9879	17.5	1
9880	41.25	4
9881	19.0	2
9882	59.25	1
9883	283.25	3
9884	76.75	1
9885	49.75	1
9886	44.75	4
9887	239.0	3
9888	36.375	2
9889	65.0	3
9890	208.75	1
9891	30.375	3
9892	24.5	2
9893	25.0	3
9894	18.375	1
9895	36.5	3
9896	19.75	3
9897	33.875	3
9898	76.375	5
9899	165.5	2
9900	24.375	1
9901	27.75	3
9903	64.625	5
9904	209.25	3
9905	40.625	4
9906	74.5	1
9907	69.0	1
9909	96.375	1
9910	68.875	3
9911	173.0	2
9912	25.375	3
9913	19.875	2
9914	53.25	4
9915	57.125	3
9916	25.875	2
9918	199.375	4
9919	127.75	3
9920	52.25	3
9921	121.0	3
9922	34.0	3
9923	26.5	1
9924	46.5	4
9925	169.75	1
9926	27.75	3
9928	183.5	6
9929	30.75	2
9930	42.875	3
9931	28.25	1
9932	26.5	2
9933	135.25	5
9934	19.5	3
9935	60.375	4
9936	61.0	5
9937	44.5	3
9938	24.75	2
9939	148.5	2
9940	17.5	1
9941	111.25	3
9942	70.125	4
9943	35.0	3
9944	55.75	4
9945	102.75	4
9946	68.75	3
9947	20.0	1
9948	89.0	2
9949	31.875	3
9950	25.75	2
9951	145.125	5
9952	71.75	2
9953	43.75	3
9954	86.625	3
9955	92.5	1
9956	20.5	3
9957	70.625	6
9958	87.625	2
9960	93.875	3
9961	73.0	1
9962	23.875	3
9963	15.625	2
9964	62.125	3
9965	98.625	5
9966	27.75	1
9967	136.5	5
9968	96.875	3
9969	17.5	1
9970	43.875	4
9971	27.5	1
9972	21.75	3
9973	75.125	4
9974	34.0	3
9975	95.75	2
9976	96.25	1
9977	24.25	3
9978	111.125	1
9979	49.0	4
9980	40.0	3
9981	66.0	2
9982	42.75	3
9983	55.75	5
9984	196.375	2
9985	28.25	2
9986	40.0	3
9987	39.625	3
9988	16.5	1
9989	88.375	5
9990	111.25	5
9991	27.25	3
9992	112.5	6
9993	28.625	1
9994	56.125	1
9995	28.875	3
9996	48.75	3
9997	55.125	1
9998	74.75	5
9999	22.25	1
10000	65.0	3
