ID	OPC	CUSPS
1	108.75	6
2	33.875	1
3	23.75	2
5	24.875	1
7	25.25	1
8	121.375	3
9	233.75	8
10	133.75	4
11	64.625	3
12	78.125	3
13	222.625	9
14	361.375	6
15	80.0	6
16	25.125	1
17	22.75	1
18	94.0	5
19	20.25	1
20	101.625	2
21	36.5	1
22	136.25	1
23	221.0	5
24	38.125	2
25	86.25	3
27	32.0	2
28	67.375	5
29	21.875	1
30	35.75	3
31	26.5	1
32	123.625	7
33	147.0	5
34	181.375	6
35	83.625	4
36	64.25	4
37	322.625	1
39	78.5	5
40	25.125	1
41	28.0	2
42	113.0	5
43	17.75	1
44	59.875	1
46	35.125	1
47	66.75	3
48	62.0	4
49	88.75	1
50	50.5	3
51	110.75	5
52	121.625	7
53	26.375	1
54	84.75	1
55	115.125	6
56	48.75	3
57	32.125	3
58	100.75	6
59	263.625	11
60	115.875	4
61	46.5	4
62	22.0	1
63	108.375	4
64	67.0	4
65	62.875	2
66	89.375	1
67	108.125	5
69	25.5	1
70	196.125	2
71	37.625	4
72	152.25	8
73	100.5	1
74	26.375	1
76	138.5	7
77	47.375	3
78	127.5	5
80	22.375	3
81	58.625	1
82	112.375	8
83	42.5	3
84	25.125	1
85	32.375	3
86	131.5	5
87	69.875	5
88	23.0	1
89	86.5	1
90	67.0	5
91	73.5	4
92	150.125	7
93	81.5	5
95	20.0	3
96	228.5	3
97	31.75	1
98	58.25	3
99	144.125	4
100	61.875	5
101	153.125	2
102	110.25	7
103	77.875	1
104	152.25	8
105	217.125	1
106	258.75	1
107	37.5	3
108	28.75	1
110	445.75	1
111	95.75	4
112	82.875	4
113	159.25	7
114	38.875	3
115	21.0	2
116	31.125	3
117	213.0	1
118	181.875	6
119	72.25	5
120	34.125	1
121	104.875	6
122	31.0	3
123	387.625	4
124	93.5	4
125	120.25	7
126	68.625	3
127	32.625	3
128	77.75	4
129	64.625	2
130	52.5	3
131	41.25	3
132	63.25	1
134	61.875	3
135	60.625	4
136	179.375	5
137	116.625	4
138	117.125	7
140	275.25	10
141	112.25	3
142	172.0	7
143	68.75	4
144	89.0	7
145	19.75	1
146	117.625	1
147	47.75	4
148	39.75	3
149	235.75	4
150	29.75	3
151	69.625	4
153	34.375	1
154	121.875	5
155	46.875	3
156	21.5	3
157	71.125	1
159	20.875	2
160	167.875	5
162	32.625	3
163	24.5	1
164	219.625	8
166	76.375	5
167	182.125	5
168	25.0	2
169	71.75	6
170	31.75	1
171	22.25	1
172	81.75	3
173	37.375	3
174	39.5	3
175	187.5	7
176	111.5	3
177	22.25	1
178	265.25	3
179	42.75	3
180	193.125	3
181	40.0	3
182	29.0	1
184	73.25	1
185	108.0	3
186	163.0	7
187	211.125	5
188	390.125	20
189	82.75	3
190	69.125	3
191	176.625	5
192	374.875	13
193	190.375	6
194	111.125	7
195	330.625	4
196	77.375	4
197	50.0	1
198	492.0	1
200	347.25	9
201	55.625	3
202	370.25	9
203	490.875	1
204	21.25	1
206	33.5	3
207	35.25	3
208	142.875	4
209	20.25	1
210	38.75	3
211	177.5	1
212	26.25	2
213	74.875	3
214	75.0	3
215	170.625	5
216	54.25	3
217	20.625	2
218	103.875	5
219	79.25	5
220	24.0	1
221	30.0	3
222	121.5	6
223	189.125	10
224	109.75	9
225	344.0	4
226	87.375	7
228	77.625	3
229	186.625	5
230	73.625	1
231	35.75	4
232	115.5	3
233	21.25	1
234	158.25	3
235	59.875	3
236	268.75	7
237	71.5	5
238	85.0	6
239	183.375	5
240	119.125	4
241	109.125	5
242	201.0	5
243	37.5	3
244	157.5	6
245	245.0	2
246	135.5	3
247	208.25	1
248	328.5	1
249	84.875	6
250	51.375	2
251	41.75	3
252	256.125	4
253	72.5	5
254	107.875	6
255	98.375	6
256	185.75	5
257	18.25	1
258	124.375	7
259	86.0	5
260	91.0	4
261	91.875	6
262	54.0	3
263	28.75	3
264	29.375	1
265	93.125	6
266	36.5	3
267	30.0	1
268	44.5	1
270	75.875	1
272	56.25	4
273	85.0	4
274	85.75	8
275	107.875	11
276	132.25	5
277	33.125	2
278	19.0	1
279	86.75	4
280	43.0	2
281	147.0	5
283	112.75	7
284	65.75	3
285	16.75	1
286	18.5	2
287	420.25	7
288	38.5	2
289	24.25	1
290	204.125	4
291	129.0	5
292	103.5	5
293	23.25	1
294	60.875	3
295	39.125	3
296	121.125	6
297	130.375	7
298	24.5	1
299	85.375	6
300	93.25	6
301	301.375	2
302	509.625	5
303	193.75	10
304	105.5	5
305	190.625	3
306	64.75	4
307	22.0	3
308	116.75	7
309	48.75	3
310	81.5	1
311	191.125	1
312	26.5	3
313	177.0	3
314	89.375	7
315	425.25	9
317	20.75	1
319	39.5	1
320	46.75	3
321	39.75	1
322	45.875	3
323	77.0	5
324	51.375	4
326	49.375	3
327	47.0	3
328	100.0	5
329	32.0	1
330	176.625	6
331	22.5	3
332	82.75	5
333	108.25	5
334	21.625	2
335	347.625	10
336	56.25	3
337	324.0	7
338	55.375	3
339	103.75	5
340	27.5	1
342	75.0	4
343	76.75	4
344	78.0	1
345	279.375	9
346	24.25	2
347	68.0	5
348	89.75	5
349	90.625	1
350	53.75	4
351	58.75	4
352	33.375	3
353	51.125	5
354	156.0	6
355	293.25	1
356	81.5	4
357	116.5	4
358	62.625	3
359	14.75	1
360	123.25	2
361	20.5	1
362	48.5	3
363	69.625	3
364	59.5	3
365	46.875	3
366	152.125	7
367	55.875	3
368	197.0	9
369	165.875	4
370	95.375	5
371	260.75	3
372	118.875	2
373	27.75	1
374	51.0	3
375	97.5	4
376	59.625	3
377	238.125	9
378	31.625	3
379	92.25	3
380	29.375	2
381	341.375	7
382	215.5	6
383	111.75	6
384	26.875	2
385	133.25	2
386	56.75	4
387	20.75	1
388	72.25	3
389	253.625	6
390	55.75	4
391	87.75	5
392	267.875	6
393	83.25	6
394	69.0	3
395	65.25	1
396	37.0	1
397	235.5	3
398	125.875	3
399	38.75	3
400	62.375	5
401	66.0	3
403	79.625	3
404	92.5	5
405	50.0	1
406	100.375	3
407	34.125	2
408	31.25	3
409	31.75	1
410	82.375	3
411	87.5	7
412	99.125	3
413	196.625	2
414	226.0	1
415	52.875	3
416	61.375	5
417	42.5	3
418	29.25	3
419	102.625	7
420	187.5	1
421	18.25	2
422	36.25	1
423	96.75	5
424	194.0	5
425	52.75	3
426	58.25	4
427	96.375	7
428	232.125	6
429	87.0	1
430	235.375	5
431	56.125	3
432	198.0	5
433	112.875	7
434	224.0	7
436	63.75	1
437	27.5	3
438	32.875	3
439	66.75	3
440	38.125	3
441	56.5	5
442	72.875	3
443	19.5	3
444	77.25	1
445	49.0	5
446	85.125	1
447	115.125	7
448	267.875	8
449	165.125	4
450	24.0	3
451	21.0	1
452	397.75	10
453	33.875	1
454	179.25	4
455	59.625	1
456	233.0	7
457	88.0	2
458	69.75	4
459	23.0	2
460	85.125	4
461	65.5	3
462	46.0	1
463	163.875	5
464	67.5	1
465	59.125	3
466	31.625	1
467	98.125	6
468	115.25	9
469	71.875	7
471	33.5	3
472	161.875	6
473	77.5	1
475	132.0	5
476	145.875	5
477	68.125	1
478	145.0	5
479	105.25	4
480	56.25	3
481	152.375	6
482	33.25	3
483	53.75	1
484	44.25	4
485	248.25	7
486	216.25	7
487	53.75	3
488	133.875	3
489	56.125	3
490	189.625	5
491	399.25	9
492	77.75	5
493	83.125	4
494	104.25	6
495	26.25	1
496	23.5	1
497	59.375	3
499	49.125	3
500	35.0	3
501	23.125	1
502	78.375	4
503	127.125	11
504	23.25	3
505	295.0	7
506	49.0	3
507	136.0	5
508	216.625	8
509	85.0	3
510	109.0	6
511	352.75	10
513	55.0	4
514	18.5	1
515	159.875	7
516	99.0	2
517	92.25	5
518	278.5	8
519	114.25	5
520	64.125	4
521	110.25	6
522	44.75	3
523	24.25	1
524	41.0	4
525	32.375	4
526	193.875	6
527	106.125	9
528	203.125	1
529	25.5	1
530	255.125	4
531	95.0	5
532	74.5	5
533	155.5	7
534	38.25	3
535	139.0	5
536	75.75	1
537	88.25	1
538	132.625	5
539	42.0	3
540	20.875	1
541	62.25	4
542	27.25	1
543	358.625	8
544	47.5	3
545	98.125	6
546	129.5	6
547	117.375	7
548	105.875	9
549	145.0	6
550	36.25	2
551	71.75	4
552	42.5	5
553	360.25	7
554	20.25	1
555	207.375	4
556	26.25	3
557	133.75	5
558	43.75	3
559	68.875	4
560	94.875	6
561	70.375	3
563	53.0	4
564	46.625	4
565	33.125	3
566	88.25	3
567	29.25	3
568	41.0	2
569	396.0	3
570	85.5	4
572	50.625	5
573	149.75	7
574	24.5	3
575	31.0	3
576	99.0	6
577	145.5	1
578	127.25	5
579	102.0	5
580	40.875	2
581	321.75	8
583	43.25	1
584	135.875	6
585	59.25	3
586	34.125	1
587	297.25	7
588	33.75	3
589	289.875	8
590	63.875	3
591	282.125	10
592	49.0	1
593	24.25	3
594	32.125	3
595	356.125	3
596	29.75	3
597	474.25	7
598	173.5	5
599	57.25	5
600	90.25	6
601	79.25	3
604	56.75	3
605	102.75	4
607	124.0	4
609	47.5	3
610	286.75	1
611	52.125	2
612	117.375	5
613	82.25	4
614	162.25	8
615	43.375	3
616	182.25	1
617	161.0	5
618	210.125	7
619	27.5	3
620	28.5	3
621	208.0	6
622	80.5	3
623	37.0	1
625	19.375	1
626	91.25	4
627	177.75	3
628	31.125	3
629	183.125	4
631	45.5	4
633	27.75	3
634	46.75	3
635	31.25	3
636	34.25	3
637	34.75	3
638	23.25	1
640	47.0	5
641	219.0	7
642	102.125	6
643	71.0	4
644	32.75	3
645	67.0	1
646	180.125	9
648	201.25	7
649	33.25	3
650	113.875	5
651	87.75	7
652	42.5	3
653	64.375	4
654	142.75	7
656	26.875	1
657	105.625	4
658	100.75	6
659	54.75	3
660	107.875	3
661	85.75	5
662	24.75	1
663	80.375	4
664	146.125	4
665	113.25	4
666	23.5	3
667	202.25	5
668	121.875	6
669	39.625	3
670	30.5	3
671	163.0	7
672	35.5	3
673	156.75	5
674	202.75	7
675	130.0	1
676	126.5	6
677	262.75	4
678	40.25	3
679	67.25	3
680	92.625	4
681	160.75	2
682	274.375	8
683	138.25	7
684	49.875	3
685	68.125	4
686	62.75	4
687	247.75	7
688	77.75	3
689	116.0	4
690	36.875	3
691	216.5	6
692	51.25	1
693	251.375	6
694	143.75	3
695	25.5	3
696	38.25	3
697	186.75	7
698	24.5	1
699	55.375	4
700	107.125	5
701	184.875	5
703	65.625	3
704	62.25	1
705	24.0	1
706	28.0	2
707	88.375	3
708	194.25	2
709	205.25	2
710	63.125	4
711	24.0	1
712	22.25	3
713	19.5	1
714	38.875	3
715	343.75	3
716	82.75	5
717	51.125	2
718	354.5	5
720	92.5	5
721	311.875	4
722	227.25	3
724	99.625	4
725	51.25	1
726	163.375	3
727	263.625	1
728	46.0	3
729	24.5	3
730	19.25	1
731	78.25	5
732	28.125	1
733	137.875	10
734	67.25	3
735	107.75	4
736	23.75	2
737	26.25	2
738	20.25	3
739	48.375	4
740	44.875	3
741	41.0	3
742	349.25	5
743	116.25	7
744	308.625	6
745	132.75	3
746	70.75	1
747	57.375	4
749	33.0	2
750	65.0	7
751	48.25	1
752	19.0	1
753	53.0	2
754	237.625	5
755	104.125	5
756	81.375	3
757	33.0	3
758	142.25	8
759	33.875	3
760	291.125	9
762	148.5	6
764	75.375	4
765	185.75	6
766	542.375	6
767	191.125	1
768	326.5	9
769	193.0	4
770	52.125	4
772	66.0	5
773	92.0	6
774	85.5	4
775	74.5	6
776	120.75	6
777	82.25	4
778	33.75	3
779	124.375	6
780	83.875	3
781	34.125	3
783	37.75	3
784	163.75	4
785	176.625	5
786	77.0	1
787	22.0	3
788	24.75	1
789	87.75	3
790	174.0	2
791	305.875	8
792	208.25	3
793	50.5	3
794	172.0	7
796	68.375	5
797	216.5	3
798	36.5	3
799	39.125	3
800	22.25	1
801	100.125	3
802	59.25	4
803	136.625	5
804	36.75	3
805	45.75	1
806	83.875	3
807	98.75	5
808	80.375	3
809	240.5	8
810	161.375	2
811	55.25	4
812	134.375	3
813	350.0	6
815	158.25	1
816	269.25	9
818	26.25	1
819	376.0	2
820	23.875	1
821	31.5	3
822	111.625	7
823	24.75	1
824	75.875	3
825	94.75	5
826	112.0	8
827	37.375	4
828	52.25	2
829	26.0	3
830	22.375	1
831	144.125	6
832	230.0	5
833	97.5	5
834	194.25	5
835	34.75	2
836	22.75	3
837	17.25	2
838	27.75	1
839	39.875	2
840	92.75	3
841	91.125	3
843	116.75	6
845	83.25	10
846	438.75	1
847	41.25	2
848	61.375	1
849	172.25	6
852	115.75	7
853	222.125	5
854	112.0	7
855	151.375	4
856	100.0	4
857	72.75	3
858	78.875	4
859	208.0	6
860	97.75	5
861	92.375	5
862	52.375	4
863	66.625	4
864	76.75	3
865	40.75	3
866	181.75	9
867	39.125	3
868	160.875	4
870	213.0	5
871	109.75	3
872	186.125	4
873	146.25	3
874	173.125	8
875	60.375	2
876	148.75	3
877	64.5	5
878	82.625	3
879	45.625	1
880	76.0	1
881	79.75	4
882	112.25	8
883	156.125	6
884	24.875	1
885	37.0	1
886	248.125	2
887	30.25	1
888	54.875	3
889	43.5	5
890	73.125	3
891	20.0	1
892	25.5	1
893	24.5	2
894	73.625	4
895	149.5	5
896	104.25	5
897	59.875	1
898	146.75	5
899	24.5	1
901	55.875	3
903	72.0	6
904	72.5	3
905	125.5	4
906	33.0	3
907	64.25	4
908	115.75	6
909	41.375	1
910	181.75	7
911	84.375	4
912	66.875	4
914	187.875	5
915	188.875	5
916	31.75	1
917	81.75	3
918	19.125	2
920	127.125	3
923	121.125	5
924	42.75	3
925	139.75	7
926	104.375	4
928	38.25	1
929	46.25	3
930	61.75	3
931	59.875	4
932	139.375	5
933	94.625	4
934	90.75	1
936	61.375	3
937	194.5	5
938	271.875	7
940	28.25	3
941	22.5	2
942	37.0	3
943	39.25	3
944	294.625	11
945	40.5	3
946	21.75	1
947	285.375	6
948	121.625	6
949	70.25	5
950	23.75	1
951	30.25	3
952	110.625	1
954	97.25	3
955	70.875	3
956	146.375	2
957	133.25	1
958	192.75	3
959	83.25	7
960	497.5	1
961	269.125	2
962	54.125	3
963	99.75	6
964	61.625	4
965	149.875	5
966	197.75	1
967	108.625	4
968	22.0	1
969	30.875	2
971	20.25	1
972	31.75	3
973	241.0	7
974	49.0	3
976	118.25	5
977	21.875	1
979	24.5	2
980	174.25	7
981	19.5	1
982	83.25	5
983	84.5	5
984	88.75	5
985	45.5	3
986	53.875	3
987	91.5	5
988	79.0	3
989	65.75	4
990	39.0	3
991	48.0	3
992	62.625	5
993	185.0	8
994	20.75	1
995	164.25	8
996	18.25	1
997	101.125	3
998	23.875	1
999	238.875	6
1000	402.75	7
1001	127.875	5
1002	20.0	1
1003	112.5	7
1004	148.375	6
1005	72.5	3
1006	257.625	7
1007	151.0	4
1008	21.75	2
1009	32.5	3
1010	425.375	10
1011	59.125	3
1012	50.0	3
1013	259.0	1
1015	123.375	4
1016	143.625	4
1017	51.875	5
1019	83.75	5
1020	205.75	9
1022	28.5	1
1024	147.625	3
1025	299.5	1
1026	218.625	6
1027	54.25	3
1028	26.5	1
1029	58.5	1
1030	192.625	6
1031	205.25	8
1032	199.75	6
1033	79.25	3
1035	28.0	3
1036	344.625	3
1037	27.25	1
1038	46.75	3
1039	116.125	6
1040	181.875	4
1041	33.125	2
1042	71.125	3
1043	33.625	1
1044	119.5	6
1045	28.5	3
1046	171.0	3
1047	49.625	3
1048	143.625	5
1049	46.625	3
1050	377.75	7
1051	25.875	3
1052	64.5	4
1053	86.75	6
1054	192.125	8
1055	118.25	3
1056	151.25	5
1057	23.375	1
1058	151.0	4
1059	120.0	6
1060	73.25	7
1061	73.5	3
1062	90.0	5
1063	263.625	3
1064	190.75	8
1065	96.5	6
1066	103.5	4
1068	74.25	5
1069	80.875	5
1070	104.25	7
1071	63.5	1
1072	118.0	5
1073	136.75	1
1074	94.375	4
1075	75.5	4
1076	78.0	4
1077	25.75	1
1078	51.125	3
1079	96.0	4
1080	41.25	3
1081	23.625	1
1082	104.125	4
1083	97.625	4
1084	209.0	6
1086	80.875	3
1087	277.5	2
1088	25.0	1
1089	161.0	5
1090	70.75	4
1091	162.375	5
1092	157.875	6
1093	42.5	3
1094	167.25	7
1095	114.625	8
1096	79.625	4
1097	74.75	4
1098	327.875	1
1100	180.375	1
1101	230.875	5
1102	35.5	3
1103	150.5	7
1104	142.75	6
1105	48.875	4
1106	42.25	1
1107	161.125	5
1108	138.125	7
1109	164.25	8
1110	21.75	2
1111	205.125	3
1112	273.625	1
1113	232.375	7
1114	24.375	1
1115	39.75	3
1116	82.125	5
1117	74.375	3
1118	71.75	4
1119	127.625	4
1120	60.625	3
1121	16.5	1
1122	127.5	7
1123	63.25	1
1124	49.375	2
1125	209.625	5
1126	93.0	5
1127	195.125	6
1128	71.5	3
1130	19.25	1
1131	47.125	3
1132	237.25	6
1133	92.125	7
1134	30.5	3
1135	71.375	3
1136	138.5	6
1138	299.75	5
1139	201.125	9
1140	89.125	6
1143	17.5	1
1145	58.625	3
1146	86.5	4
1147	98.125	5
1148	155.75	8
1149	18.25	2
1151	119.875	5
1152	44.25	4
1153	40.625	3
1154	62.875	5
1155	129.625	7
1156	159.5	4
1159	169.0	5
1160	45.0	3
1161	268.75	10
1162	65.375	4
1164	75.25	5
1165	26.0	2
1166	55.5	5
1167	185.125	5
1168	108.875	6
1169	136.25	1
1170	131.875	4
1171	155.875	7
1172	98.375	5
1173	21.75	1
1174	23.0	1
1175	81.625	5
1176	258.0	5
1177	55.125	5
1178	53.75	7
1179	28.0	1
1180	36.75	3
1181	71.375	1
1182	140.0	6
1183	154.25	6
1184	49.0	3
1185	87.25	6
1186	196.375	2
1187	18.625	1
1188	239.25	7
1189	179.25	4
1190	159.375	4
1191	111.5	5
1192	26.875	2
1193	460.125	7
1194	20.0	1
1195	89.625	7
1196	64.0	4
1197	163.0	3
1198	51.125	3
1199	20.75	3
1200	142.25	5
1201	60.5	3
1202	66.0	1
1203	271.5	9
1204	45.25	3
1205	100.875	5
1206	63.0	4
1207	54.5	1
1208	36.625	1
1209	40.75	3
1210	115.375	4
1211	113.5	5
1212	328.125	9
1214	66.875	1
1215	123.0	7
1216	71.0	4
1217	141.375	5
1218	25.625	1
1219	19.5	1
1220	67.125	4
1221	41.375	3
1222	252.0	2
1223	163.375	9
1224	187.25	4
1226	28.5	3
1227	205.375	7
1228	49.875	3
1229	223.25	9
1230	170.375	4
1231	54.5	5
1232	185.625	2
1233	65.125	4
1234	73.125	5
1235	206.75	7
1236	73.75	4
1237	145.0	6
1238	52.5	3
1239	91.0	5
1240	70.125	3
1241	232.875	6
1242	96.125	5
1243	86.625	5
1244	162.0	7
1245	101.25	6
1246	79.75	4
1247	25.75	1
1248	65.125	3
1250	91.5	4
1251	106.25	5
1252	151.25	4
1254	109.75	5
1255	75.0	3
1256	48.0	4
1257	48.75	3
1258	82.375	3
1259	48.125	3
1260	480.75	1
1261	18.5	2
1262	22.5	1
1263	118.25	1
1264	135.5	9
1265	26.75	2
1266	60.5	3
1267	106.375	6
1268	246.0	3
1269	156.375	8
1270	72.625	6
1271	127.875	4
1272	75.25	3
1273	297.875	1
1274	153.875	2
1275	68.375	3
1277	80.75	7
1278	234.75	2
1279	175.625	4
1280	21.5	2
1281	55.125	3
1282	291.25	1
1283	24.75	3
1284	22.625	2
1285	56.25	5
1286	110.625	6
1287	29.125	2
1288	21.0	1
1289	25.125	1
1290	120.25	3
1291	358.25	5
1292	83.5	5
1293	335.5	7
1294	73.75	3
1295	105.25	4
1296	69.125	4
1297	132.25	5
1298	51.375	3
1299	327.125	6
1300	54.875	3
1301	86.125	5
1302	46.0	4
1303	24.625	1
1304	63.0	4
1305	27.5	1
1306	82.5	1
1308	296.875	5
1309	93.875	5
1310	129.0	1
1311	27.75	2
1312	57.25	1
1313	161.875	7
1314	70.375	5
1315	68.625	4
1316	105.375	3
1317	161.25	3
1318	21.0	1
1319	34.125	2
1320	27.25	3
1321	47.0	3
1322	89.875	5
1323	90.375	4
1324	183.375	7
1325	25.75	3
1326	91.375	5
1328	73.5	4
1329	116.875	5
1330	37.75	4
1331	47.5	4
1332	102.75	5
1333	67.5	2
1334	154.625	5
1335	125.625	5
1336	82.5	8
1337	88.875	8
1338	312.125	4
1339	137.625	5
1340	200.5	6
1341	140.875	2
1342	178.875	5
1343	80.25	1
1344	104.625	3
1346	114.0	7
1347	169.625	6
1348	55.625	7
1349	42.625	3
1350	362.75	9
1351	78.125	3
1352	213.625	7
1353	317.0	7
1354	24.0	1
1355	193.125	6
1356	84.375	5
1357	494.625	6
1358	122.75	5
1359	404.375	2
1360	92.5	10
1361	170.75	6
1362	71.5	1
1364	24.75	1
1365	156.25	4
1366	120.25	4
1367	108.5	3
1368	102.0	6
1369	74.25	5
1371	120.875	6
1372	24.75	3
1373	101.5	3
1374	124.375	6
1375	22.5	1
1377	160.375	4
1378	103.25	9
1379	28.25	1
1380	212.625	7
1381	75.25	5
1382	122.75	4
1383	238.125	4
1384	123.5	4
1385	155.0	7
1386	320.0	7
1387	88.125	4
1388	180.75	2
1389	80.5	5
1390	184.5	1
1391	22.375	1
1392	65.25	2
1393	107.75	5
1394	96.25	5
1395	24.75	3
1396	245.0	1
1397	46.0	3
1398	34.875	3
1399	81.875	5
1400	145.5	6
1401	412.0	5
1402	80.625	6
1403	21.75	1
1404	478.0	9
1405	127.75	7
1406	102.125	7
1407	21.5	2
1408	29.75	2
1409	35.5	3
1410	126.625	6
1411	196.0	5
1412	112.125	7
1413	251.625	1
1414	107.25	6
1415	42.125	3
1416	27.5	3
1417	133.75	4
1418	52.75	4
1419	225.75	3
1420	54.375	3
1421	27.0	3
1422	145.375	6
1423	38.5	3
1424	33.5	3
1425	171.75	8
1426	57.75	3
1427	32.0	2
1428	278.625	11
1429	184.625	8
1430	106.625	4
1431	68.875	4
1432	20.0	3
1433	355.75	5
1434	306.25	8
1435	50.25	3
1436	109.875	6
1437	67.5	4
1438	138.5	5
1439	139.5	5
1440	114.75	6
1441	91.625	4
1443	87.625	6
1444	92.5	1
1445	76.375	3
1446	60.25	2
1447	20.75	1
1448	105.875	4
1449	59.75	3
1450	24.125	3
1451	36.5	2
1452	193.625	1
1453	37.25	3
1454	175.875	7
1455	60.375	4
1456	40.625	3
1457	43.875	3
1458	70.75	4
1459	33.625	4
1460	185.375	7
1461	175.0	6
1462	258.25	10
1464	23.0	1
1465	36.5	4
1466	87.25	4
1467	42.375	1
1469	21.125	3
1470	25.375	2
1471	99.25	6
1472	81.75	1
1473	23.25	1
1474	42.125	4
1475	38.5	4
1476	86.25	5
1477	55.125	3
1478	91.125	5
1480	77.625	3
1481	21.0	1
1482	37.75	3
1483	131.5	4
1484	50.125	3
1485	93.375	5
1486	44.75	3
1487	65.875	3
1488	521.0	11
1489	32.875	3
1490	61.625	1
1491	251.25	2
1492	50.75	3
1493	477.625	9
1494	163.25	5
1495	65.5	1
1496	150.5	4
1497	64.375	4
1498	27.5	1
1499	227.25	2
1500	62.875	5
1501	220.375	10
1502	30.25	1
1503	187.625	6
1504	109.625	4
1505	196.625	5
1506	162.25	8
1508	78.5	3
1509	107.875	7
1510	75.5	5
1511	253.875	6
1512	68.75	1
1513	188.625	4
1514	87.625	3
1515	85.625	3
1516	18.75	1
1517	20.0	1
1518	80.0	3
1519	113.125	5
1521	182.875	7
1522	292.125	2
1523	240.125	7
1525	72.75	4
1526	75.5	6
1527	66.0	4
1528	123.0	8
1529	32.0	3
1531	30.375	3
1532	48.75	5
1533	41.5	3
1534	18.0	1
1535	180.5	7
1536	34.625	2
1537	27.125	1
1538	31.75	3
1539	262.75	1
1540	44.0	3
1541	26.75	1
1542	91.25	4
1543	41.125	3
1544	162.25	5
1545	39.25	3
1546	61.125	3
1547	60.0	3
1548	118.0	6
1549	53.0	5
1550	117.0	4
1552	51.0	3
1553	35.0	3
1554	105.875	4
1555	44.5	3
1556	142.5	3
1557	33.0	3
1558	114.0	6
1560	50.375	3
1561	94.125	4
1562	54.25	4
1563	140.5	6
1564	52.25	3
1565	83.5	1
1566	106.0	4
1567	103.5	2
1568	191.375	5
1569	55.25	1
1570	32.5	3
1573	156.75	7
1574	62.75	4
1575	49.25	3
1576	120.5	4
1577	62.5	3
1579	113.75	7
1580	41.625	3
1581	64.75	5
1582	54.625	1
1583	40.25	2
1584	19.75	1
1585	25.25	3
1587	159.125	2
1588	153.125	6
1589	26.75	1
1590	316.0	7
1591	24.875	3
1592	194.0	5
1593	81.625	3
1594	83.5	6
1596	41.625	3
1598	326.875	10
1599	30.375	3
1600	116.25	5
1601	98.75	4
1602	63.5	5
1603	37.25	3
1604	74.625	7
1605	172.5	4
1606	169.25	9
1607	54.5	3
1608	114.375	8
1609	164.125	8
1610	120.625	9
1611	80.625	12
1612	53.625	3
1613	44.625	3
1614	43.5	3
1615	110.625	6
1616	22.0	1
1617	111.875	6
1618	20.75	3
1619	185.375	5
1620	166.5	8
1621	53.875	3
1623	93.125	5
1624	98.125	6
1625	54.0	3
1626	109.25	8
1627	24.5	2
1628	63.875	5
1629	95.5	6
1630	58.875	5
1631	28.0	1
1632	89.0	5
1633	45.875	3
1634	87.875	3
1635	19.25	1
1636	118.75	4
1637	32.5	3
1638	253.125	7
1639	106.125	2
1640	80.25	5
1641	48.0	1
1643	113.375	3
1644	65.25	1
1645	145.5	4
1646	231.5	4
1647	22.75	1
1648	186.25	6
1649	55.5	3
1651	276.75	3
1652	154.5	7
1653	23.5	1
1654	29.5	3
1655	27.75	1
1656	329.875	5
1658	58.75	3
1659	81.875	4
1660	104.0	7
1661	57.5	1
1662	53.0	3
1663	55.0	4
1664	69.375	5
1665	265.375	4
1667	125.0	5
1668	99.625	8
1669	76.625	4
1670	34.75	1
1671	26.125	3
1672	22.5	2
1673	179.25	5
1674	61.125	5
1675	28.5	3
1676	36.25	3
1677	54.625	5
1679	130.125	6
1680	152.75	6
1681	147.625	7
1682	27.375	1
1683	118.5	6
1684	145.5	3
1685	141.25	5
1686	20.0	1
1687	55.0	3
1688	110.375	5
1689	198.375	6
1690	113.75	5
1691	586.75	5
1692	49.0	2
1693	85.75	9
1694	78.125	5
1695	59.5	2
1696	212.5	5
1697	18.625	1
1698	62.625	2
1699	139.25	4
1700	63.0	1
1701	68.875	4
1702	284.625	8
1703	262.25	4
1704	190.5	4
1705	257.875	3
1707	80.375	4
1708	206.5	3
1709	43.125	3
1710	61.0	3
1711	81.125	4
1712	112.875	3
1713	71.0	3
1714	141.0	4
1715	68.875	4
1716	72.875	3
1717	28.25	3
1720	131.0	7
1721	228.5	3
1722	85.625	1
1723	27.5	3
1724	26.75	2
1725	32.0	1
1726	39.25	3
1727	21.875	1
1728	73.125	5
1729	20.5	1
1730	125.125	6
1731	99.5	5
1732	58.75	1
1733	94.0	4
1734	124.25	6
1735	50.125	3
1736	140.625	6
1737	129.0	5
1738	47.625	4
1739	56.75	3
1740	23.875	3
1741	80.25	6
1742	100.75	2
1743	298.5	3
1744	22.125	2
1745	54.875	4
1746	56.0	3
1747	146.125	6
1750	123.0	5
1753	20.5	3
1754	233.75	12
1755	23.5	1
1756	160.125	5
1757	271.5	3
1758	23.5	1
1761	87.625	3
1762	130.375	3
1763	21.5	1
1765	80.875	5
1766	37.0	3
1767	98.75	5
1768	27.0	1
1770	33.5	3
1771	204.75	3
1772	51.5	4
1773	26.25	3
1775	20.25	1
1776	37.75	3
1777	56.75	2
1778	64.75	6
1779	177.75	5
1780	22.875	3
1781	35.5	4
1782	29.5	3
1784	34.875	1
1785	145.75	4
1786	28.75	3
1787	87.5	5
1788	391.75	6
1789	30.75	3
1790	83.375	4
1791	200.25	7
1792	441.5	10
1793	84.375	6
1794	106.875	3
1795	120.875	2
1796	328.625	8
1797	99.5	4
1798	165.625	3
1799	61.875	4
1800	128.875	6
1801	95.125	6
1802	105.5	3
1803	159.625	5
1804	305.0	8
1805	73.5	1
1806	45.75	3
1809	24.25	1
1810	263.125	9
1812	113.375	4
1813	104.25	7
1814	226.875	7
1815	51.125	2
1816	145.5	8
1817	53.5	3
1818	310.75	2
1819	72.5	1
1820	56.125	5
1821	47.5	1
1822	27.375	3
1823	95.25	6
1824	112.5	3
1825	136.125	6
1826	112.375	3
1828	71.25	3
1829	53.75	1
1830	66.5	4
1831	24.5	3
1833	90.5	5
1834	252.375	7
1835	18.75	1
1836	92.625	4
1837	32.75	1
1838	83.5	1
1839	38.75	3
1840	30.0	3
1841	94.625	3
1842	202.75	4
1843	161.75	5
1844	50.0	2
1845	58.625	5
1846	53.75	3
1847	198.875	2
1848	230.75	7
1849	34.25	3
1851	170.375	7
1852	148.25	5
1853	66.5	4
1854	221.0	3
1855	47.625	3
1856	21.0	1
1857	46.75	3
1858	136.375	6
1859	19.0	1
1860	33.875	3
1861	143.5	6
1862	101.875	7
1863	67.875	4
1864	46.0	3
1866	71.625	4
1867	105.125	5
1868	155.0	5
1869	25.875	3
1870	145.875	5
1871	53.75	3
1872	58.75	1
1873	18.25	1
1874	76.75	5
1875	32.25	3
1876	33.875	3
1877	67.25	3
1878	31.875	3
1880	42.0	3
1881	20.0	2
1883	25.125	1
1884	283.25	7
1885	213.125	5
1886	35.0	3
1887	190.875	8
1888	156.375	4
1889	73.25	5
1890	37.875	1
1891	129.125	6
1892	258.125	7
1893	20.5	2
1894	217.625	4
1896	307.25	7
1897	73.75	6
1898	225.0	2
1899	268.0	6
1900	79.5	5
1902	358.75	5
1903	22.0	3
1904	350.375	7
1906	43.625	3
1907	226.75	5
1909	229.25	3
1910	24.75	1
1911	81.625	4
1912	27.5	3
1913	50.125	2
1914	147.625	8
1915	218.125	5
1916	92.75	4
1918	21.75	2
1920	202.0	5
1921	222.75	7
1922	33.375	3
1923	79.875	3
1924	99.875	3
1925	66.625	4
1926	74.25	6
1927	73.5	1
1928	66.125	3
1929	177.25	8
1930	68.375	5
1931	74.75	7
1932	332.75	5
1933	297.375	1
1934	75.0	3
1935	91.125	5
1937	208.0	8
1938	128.375	5
1939	116.875	7
1940	80.125	7
1941	57.0	3
1942	235.25	7
1943	80.75	1
1944	21.25	1
1945	85.375	4
1946	85.125	5
1947	83.375	4
1948	48.625	4
1949	140.5	2
1950	74.0	5
1952	39.75	3
1953	152.875	4
1954	49.75	3
1955	44.875	4
1956	115.25	4
1957	199.25	6
1958	52.125	4
1960	49.25	3
1961	135.875	3
1962	66.0	1
1963	58.875	3
1964	27.75	1
1966	144.375	6
1967	30.5	1
1968	358.75	1
1969	21.75	1
1970	58.25	2
1971	48.375	2
1972	225.75	1
1975	90.5	3
1976	22.75	1
1977	95.875	5
1978	340.375	2
1979	90.25	5
1980	156.0	6
1981	50.5	3
1982	46.875	4
1983	116.75	6
1984	77.5	1
1985	367.5	1
1986	72.375	5
1987	371.5	8
1988	101.0	2
1989	213.625	1
1990	58.625	3
1991	120.0	7
1992	49.125	3
1993	50.25	1
1996	409.875	6
1997	65.25	1
1998	143.625	6
1999	127.75	7
2000	20.0	1
2001	43.875	3
2002	27.875	2
2003	29.25	3
2004	223.25	5
2005	55.0	3
2006	27.25	3
2008	58.625	3
2009	24.5	2
2010	260.375	5
2012	20.0	1
2013	148.25	7
2015	30.0	3
2016	25.75	2
2017	141.75	3
2018	164.5	4
2019	137.0	2
2020	207.0	8
2021	44.75	1
2022	110.625	4
2023	21.25	1
2024	150.5	8
2025	64.0	4
2026	38.625	1
2027	62.5	3
2028	103.875	4
2029	95.875	11
2030	58.125	5
2031	82.375	6
2033	202.5	7
2034	24.125	1
2035	55.25	3
2036	60.75	3
2037	329.5	11
2038	76.875	5
2039	21.25	3
2040	56.625	3
2041	22.375	2
2042	88.5	3
2043	77.0	1
2044	81.375	4
2045	156.875	5
2046	80.25	4
2047	83.375	4
2048	62.625	6
2049	28.5	4
2050	256.0	1
2051	78.25	5
2052	110.5	9
2053	90.875	3
2054	28.25	3
2055	58.25	4
2056	258.5	3
2057	213.5	5
2058	87.0	3
2060	294.125	10
2061	128.625	5
2062	86.875	4
2063	50.25	3
2064	253.875	1
2065	109.125	4
2066	269.875	14
2067	23.0	1
2068	24.75	3
2069	204.125	4
2070	22.75	2
2071	63.375	4
2072	105.875	6
2074	138.875	7
2075	20.25	1
2076	41.0	3
2077	58.625	4
2078	52.75	3
2079	176.75	7
2080	78.0	5
2081	143.0	7
2083	27.5	3
2084	66.5	5
2086	122.125	5
2087	113.25	4
2088	175.875	5
2089	225.25	7
2091	160.125	4
2092	82.25	6
2094	129.125	3
2096	95.625	5
2097	60.375	1
2098	346.0	15
2099	89.25	7
2100	69.125	4
2102	103.25	5
2103	147.375	7
2104	79.0	5
2105	44.75	3
2107	280.0	10
2108	61.25	1
2109	37.0	3
2110	201.25	4
2111	29.375	3
2112	164.75	7
2113	62.25	5
2114	111.375	7
2115	162.25	8
2117	97.5	3
2118	147.375	5
2119	24.125	1
2120	83.625	4
2121	108.125	6
2122	48.875	4
2123	31.375	1
2124	133.25	6
2125	44.0	3
2126	67.5	3
2127	30.375	3
2128	268.875	5
2129	82.75	5
2130	43.875	3
2131	110.375	4
2132	92.0	4
2133	39.25	3
2134	64.125	3
2135	48.75	3
2136	98.125	7
2137	136.875	6
2138	59.125	7
2139	152.75	5
2140	40.75	2
2141	25.625	2
2142	20.125	2
2143	232.875	11
2145	85.625	6
2146	94.875	6
2147	463.125	4
2148	70.625	1
2149	83.625	1
2150	221.25	5
2151	30.125	3
2152	28.5	3
2153	166.125	7
2154	324.375	5
2155	206.25	5
2156	44.5	3
2157	148.5	2
2158	74.375	5
2159	40.875	3
2160	112.375	5
2161	107.625	4
2162	90.0	7
2163	129.0	1
2164	66.75	3
2166	303.875	1
2167	231.75	6
2168	19.0	1
2169	89.0	5
2170	66.5	3
2171	25.0	1
2172	169.5	1
2173	134.0	7
2175	207.875	2
2177	147.875	6
2178	239.75	6
2179	62.75	3
2180	178.875	4
2181	85.5	1
2182	114.75	5
2183	60.75	4
2184	66.0	5
2185	191.375	7
2186	23.25	1
2187	37.5	3
2188	63.25	4
2189	30.0	3
2190	62.875	4
2191	33.5	3
2192	116.75	4
2193	61.875	5
2195	169.5	5
2196	88.0	4
2198	170.125	7
2201	316.0	8
2202	134.125	6
2203	106.375	5
2205	202.5	3
2206	131.5	6
2207	113.125	3
2208	204.0	5
2209	74.25	3
2210	128.375	3
2211	118.25	3
2212	32.0	2
2213	33.25	1
2214	78.25	5
2215	224.5	2
2216	97.125	4
2217	207.875	5
2218	51.0	3
2219	315.125	8
2220	45.5	4
2221	135.875	7
2222	74.375	5
2223	233.875	1
2224	30.375	2
2225	34.0	3
2226	80.875	3
2227	21.5	1
2228	33.0	3
2229	150.5	8
2230	21.25	1
2231	202.875	6
2232	255.5	7
2233	25.75	3
2234	209.75	8
2235	137.875	6
2236	57.25	5
2237	58.25	4
2238	29.75	1
2239	40.125	3
2240	137.625	5
2241	18.75	2
2242	176.125	9
2243	112.375	5
2244	37.0	3
2245	142.875	7
2246	72.0	7
2247	107.625	5
2248	47.875	3
2250	119.375	5
2252	169.75	7
2253	51.25	3
2254	95.125	4
2255	65.5	1
2256	95.125	3
2257	32.875	1
2258	234.375	10
2259	89.75	3
2260	93.25	5
2261	18.25	2
2262	118.25	1
2263	278.0	1
2264	216.25	7
2265	257.625	5
2266	257.875	5
2268	22.75	1
2269	190.625	1
2270	145.625	5
2271	68.5	4
2272	105.875	5
2273	83.25	5
2274	140.875	6
2275	30.75	3
2276	32.75	1
2277	616.75	6
2278	209.25	5
2279	136.375	5
2280	151.625	3
2281	114.125	2
2283	226.25	12
2284	100.625	6
2285	85.0	1
2286	45.875	1
2287	42.0	3
2288	74.375	5
2290	305.125	14
2291	73.125	3
2292	123.25	1
2293	100.5	2
2294	87.125	3
2295	63.25	3
2296	43.5	2
2298	44.5	3
2299	41.5	3
2300	149.5	3
2301	124.125	5
2302	86.5	6
2303	328.875	6
2304	22.0	1
2305	182.5	7
2306	66.625	3
2307	94.0	5
2308	95.0	5
2309	276.125	4
2310	142.0	6
2311	70.5	4
2312	72.0	1
2313	39.5	3
2314	77.5	5
2315	420.125	2
2316	116.75	8
2317	62.75	5
2318	255.875	4
2319	57.25	3
2320	321.5	9
2321	55.25	5
2322	70.625	4
2323	41.875	4
2325	54.625	4
2326	28.25	1
2327	61.75	3
2328	78.375	3
2329	79.625	5
2330	21.0	2
2331	41.0	3
2332	18.75	2
2333	43.25	3
2336	75.25	3
2337	224.5	5
2338	142.875	7
2339	56.625	3
2340	32.375	2
2341	46.125	3
2342	53.375	3
2343	31.5	3
2344	85.375	1
2345	428.875	5
2346	71.875	1
2347	20.0	1
2348	21.25	1
2349	55.0	5
2350	79.0	3
2351	78.0	1
2352	176.25	4
2353	57.75	5
2354	192.75	2
2355	299.5	8
2356	143.0	7
2357	69.375	3
2358	44.0	3
2359	101.5	4
2360	176.875	7
2361	144.5	7
2362	98.0	10
2363	135.375	5
2364	30.5	3
2365	23.0	1
2366	72.75	5
2367	41.375	3
2368	70.625	7
2369	24.0	3
2370	55.125	3
2371	166.625	9
2372	81.25	5
2374	93.875	5
2375	68.25	4
2377	78.875	2
2378	24.0	1
2379	94.0	3
2380	101.5	6
2381	165.25	6
2383	87.375	5
2384	36.25	3
2385	33.625	2
2386	20.625	1
2388	67.375	2
2389	120.875	6
2390	93.375	3
2391	70.0	4
2393	105.0	3
2394	74.5	5
2395	28.75	3
2396	168.125	6
2397	135.875	3
2398	58.875	3
2399	24.75	3
2400	125.5	3
2402	58.5	3
2404	154.375	4
2405	80.0	5
2407	31.5	3
2408	34.0	3
2409	38.0	3
2410	80.5	1
2411	21.25	3
2412	65.625	4
2413	40.875	3
2414	72.5	3
2415	157.25	7
2416	54.625	4
2417	51.5	3
2418	99.375	5
2419	100.375	4
2420	75.5	4
2421	79.125	1
2422	25.0	2
2423	39.5	3
2424	46.75	3
2425	109.375	7
2427	95.875	7
2429	80.0	5
2430	212.25	3
2431	37.375	1
2432	25.25	2
2433	105.75	3
2434	69.0	3
2435	70.5	4
2436	18.75	1
2437	74.625	5
2438	105.125	6
2439	37.5	3
2440	214.875	9
2441	55.5	3
2442	115.75	5
2443	42.25	3
2444	60.875	3
2445	25.25	3
2446	19.25	2
2447	113.75	3
2448	27.25	1
2449	84.125	8
2450	89.375	4
2451	23.25	1
2452	21.5	2
2453	178.75	1
2454	50.625	4
2455	21.5	1
2456	89.5	3
2457	89.5	1
2458	45.75	3
2459	82.25	1
2460	151.375	6
2461	80.75	5
2462	320.5	7
2463	222.375	8
2464	86.0	4
2465	172.25	7
2466	231.375	4
2467	273.375	7
2468	219.875	7
2469	67.875	4
2470	58.375	1
2471	234.0	2
2472	70.75	4
2473	63.375	3
2474	57.875	3
2475	19.0	1
2476	30.25	1
2477	89.25	4
2478	33.75	3
2479	85.75	4
2480	49.75	2
2481	271.875	8
2482	130.625	6
2483	85.25	5
2484	149.0	2
2485	25.5	3
2486	17.75	1
2487	34.75	2
2488	134.375	8
2489	68.0	5
2490	39.25	3
2491	34.625	3
2492	297.25	2
2493	300.25	5
2494	85.625	1
2495	94.25	5
2496	17.875	2
2497	48.5	4
2498	36.875	2
2500	40.875	2
2501	33.0	2
2502	100.875	4
2503	177.75	3
2504	388.75	3
2505	85.25	5
2506	25.5	1
2507	74.5	3
2508	92.25	7
2509	78.75	1
2510	29.375	1
2511	87.625	5
2512	63.375	3
2513	24.0	3
2514	298.875	7
2515	68.0	5
2516	28.25	2
2517	247.125	8
2518	107.75	4
2519	17.625	1
2520	95.875	4
2521	76.0	5
2524	123.75	6
2525	16.25	1
2526	65.125	4
2527	57.125	3
2529	200.875	3
2531	163.125	4
2532	194.5	7
2533	174.625	6
2534	30.25	3
2535	66.0	4
2536	50.5	3
2537	39.5	2
2538	93.875	4
2539	157.75	5
2540	151.875	3
2541	89.875	6
2542	152.625	6
2543	114.0	6
2544	163.75	8
2545	36.25	3
2546	97.625	4
2547	75.875	2
2548	155.5	6
2549	254.75	7
2550	70.25	2
2551	24.5	3
2552	104.0	4
2553	23.25	3
2554	164.375	2
2555	38.0	2
2556	158.75	3
2557	88.75	4
2558	96.25	6
2559	32.0	1
2560	35.25	3
2561	78.0	5
2562	29.75	3
2563	57.125	4
2565	48.25	1
2566	50.75	2
2567	271.5	7
2568	251.125	9
2569	72.625	5
2570	110.5	6
2571	96.375	4
2572	60.5	5
2573	40.0	3
2574	29.25	3
2576	135.375	7
2577	117.25	5
2578	307.125	6
2579	82.625	5
2580	103.5	8
2581	102.625	5
2582	23.25	1
2583	53.0	3
2584	79.875	4
2585	41.5	1
2586	105.75	5
2587	73.5	4
2589	149.0	7
2590	39.25	3
2591	167.25	7
2592	47.5	5
2593	88.125	5
2594	22.75	1
2595	26.125	1
2596	271.25	5
2597	83.875	5
2598	31.75	2
2599	24.5	3
2600	92.0	5
2601	25.75	1
2602	326.25	12
2603	78.75	1
2604	251.625	3
2605	173.625	9
2606	65.625	1
2607	165.25	6
2608	148.625	5
2609	85.125	3
2610	191.75	4
2611	89.25	2
2612	56.875	3
2613	158.5	5
2614	83.25	6
2615	23.625	1
2616	184.25	9
2617	17.5	1
2618	90.75	3
2619	20.875	3
2620	117.0	6
2622	154.0	5
2623	46.5	3
2624	86.125	5
2625	111.25	4
2626	130.75	3
2627	108.5	5
2628	22.25	3
2629	172.375	6
2630	45.875	3
2631	218.5	7
2632	57.0	3
2633	25.0	1
2634	145.375	5
2635	52.625	4
2636	57.5	3
2637	44.75	3
2638	35.0	3
2639	43.5	3
2640	122.375	7
2641	36.25	3
2642	185.125	8
2643	53.25	3
2644	83.0	6
2645	86.75	4
2646	146.875	6
2647	77.75	4
2648	35.375	3
2650	42.75	3
2651	402.625	10
2652	185.25	6
2653	18.5	2
2654	118.875	6
2655	85.125	6
2656	116.375	5
2657	31.5	4
2658	149.5	4
2660	105.0	5
2661	109.0	4
2662	22.875	1
2663	299.25	5
2664	76.5	3
2665	233.0	6
2666	27.0	2
2667	63.0	1
2668	249.375	5
2669	34.875	1
2670	161.125	5
2671	30.5	1
2672	274.25	1
2673	85.625	3
2674	47.375	3
2675	87.125	2
2676	181.75	1
2677	95.75	6
2679	61.5	3
2680	37.25	3
2681	52.25	4
2682	233.375	6
2683	70.75	7
2684	152.125	5
2685	42.375	3
2686	71.0	5
2687	55.5	3
2688	173.5	5
2689	177.75	5
2690	26.625	1
2691	160.25	5
2692	41.125	3
2693	29.75	1
2694	44.25	4
2695	92.25	7
2696	118.125	3
2697	479.625	1
2698	82.25	1
2699	206.125	1
2700	30.75	3
2701	67.75	4
2702	117.75	6
2703	229.375	6
2704	54.875	3
2705	27.75	3
2707	92.625	5
2709	27.0	3
2710	166.75	5
2711	61.0	3
2712	67.0	4
2713	180.0	6
2714	29.0	1
2715	563.75	6
2716	66.875	3
2717	63.5	1
2718	49.75	4
2719	32.0	1
2721	133.875	6
2723	94.125	7
2724	270.875	3
2725	24.0	3
2726	71.5	1
2727	143.75	5
2728	38.0	5
2729	28.625	3
2730	206.75	6
2731	61.125	3
2732	29.0	3
2733	107.0	1
2735	71.625	3
2736	134.75	6
2737	47.25	3
2738	82.0	5
2739	86.25	3
2740	66.25	4
2741	344.75	1
2742	117.375	6
2743	174.375	2
2744	107.375	1
2745	24.625	3
2746	181.125	7
2747	346.125	7
2748	43.625	5
2749	123.0	7
2750	41.625	3
2751	110.75	5
2752	23.375	1
2753	52.5	3
2754	46.75	3
2755	22.0	1
2756	83.375	6
2757	117.125	5
2758	138.25	5
2759	290.25	6
2760	20.25	1
2761	54.125	4
2762	116.375	2
2763	103.25	6
2764	137.875	5
2765	49.75	4
2766	239.0	8
2767	65.625	3
2768	102.25	5
2769	32.25	3
2770	71.875	4
2771	77.625	1
2772	75.25	7
2773	42.875	3
2774	49.125	3
2776	67.75	5
2777	86.0	5
2778	226.375	7
2779	129.875	4
2780	391.875	2
2781	78.0	4
2783	85.0	4
2784	51.625	4
2785	72.75	3
2786	77.375	5
2787	151.875	5
2789	133.375	5
2790	57.0	4
2791	44.25	2
2792	249.75	6
2793	84.75	7
2794	95.0	4
2795	111.5	4
2796	39.125	2
2797	87.125	4
2799	49.125	3
2800	49.375	3
2801	114.25	5
2802	247.875	7
2803	105.375	5
2804	255.25	7
2805	40.75	1
2806	23.125	1
2807	77.0	5
2808	30.125	3
2809	73.0	4
2811	155.375	4
2812	25.25	3
2813	67.25	3
2814	61.75	1
2815	32.25	3
2816	70.75	5
2817	153.375	6
2819	213.625	9
2820	93.25	5
2821	45.625	4
2822	44.125	3
2823	88.75	7
2825	38.75	3
2826	38.5	3
2827	101.5	11
2828	191.625	8
2829	22.875	1
2830	92.875	7
2831	66.5	4
2832	254.375	3
2833	39.125	3
2834	128.875	5
2835	35.375	3
2836	169.0	7
2837	57.0	1
2838	93.875	4
2839	244.25	7
2840	20.25	1
2841	109.5	6
2842	69.875	4
2843	154.875	5
2844	53.875	4
2845	172.625	5
2846	119.125	2
2847	156.25	8
2848	92.25	5
2849	88.75	4
2850	71.25	1
2851	71.75	3
2852	40.125	3
2853	73.125	5
2854	41.75	1
2855	26.25	3
2856	102.625	6
2857	34.25	2
2858	49.75	3
2859	43.125	4
2860	174.125	8
2861	68.75	4
2862	133.0	5
2863	19.5	2
2864	206.25	4
2865	73.5	4
2866	77.75	1
2867	36.625	3
2869	83.375	5
2870	40.0	2
2871	100.875	10
2872	294.25	5
2873	66.0	3
2874	27.75	3
2875	107.5	6
2876	92.125	5
2877	174.625	7
2878	120.75	5
2879	135.625	7
2880	46.125	3
2882	334.375	11
2884	67.5	5
2885	169.125	4
2886	19.5	1
2887	213.25	11
2888	224.625	2
2889	55.0	4
2892	101.625	3
2893	111.125	8
2894	220.625	7
2895	96.875	5
2896	183.125	4
2897	388.75	9
2898	337.875	9
2899	51.125	4
2900	30.625	3
2901	30.625	3
2902	19.25	1
2903	72.25	8
2904	27.0	2
2905	96.0	7
2906	48.75	3
2907	95.75	8
2908	84.875	5
2909	69.125	3
2910	128.0	4
2911	25.625	1
2912	24.25	1
2914	49.25	5
2915	102.125	5
2916	26.25	4
2917	62.875	4
2918	133.25	3
2919	49.375	4
2920	174.5	9
2921	47.875	3
2922	52.75	3
2923	138.75	5
2924	157.125	4
2925	110.0	3
2926	21.625	1
2927	95.625	1
2928	41.375	3
2929	20.5	1
2930	21.0	1
2932	130.0	5
2933	146.875	7
2934	107.875	6
2935	66.0	1
2937	142.25	3
2938	102.125	5
2939	133.25	5
2940	119.875	4
2941	21.125	3
2942	19.0	2
2943	43.875	3
2944	180.125	3
2945	186.25	5
2946	32.125	3
2947	162.75	7
2948	75.375	2
2949	35.25	2
2950	233.625	4
2951	30.125	1
2952	46.75	3
2953	87.0	5
2954	29.5	3
2955	149.25	5
2956	23.5	3
2957	116.25	5
2958	78.5	1
2959	186.0	9
2960	46.5	3
2961	32.875	3
2962	20.75	1
2963	86.75	3
2964	185.625	6
2966	23.875	3
2967	67.875	4
2968	73.25	5
2969	72.5	3
2971	65.625	4
2972	250.25	2
2973	175.0	4
2974	58.625	1
2975	183.25	3
2976	109.5	5
2977	86.75	4
2978	30.625	3
2979	52.5	2
2981	89.25	6
2982	69.625	3
2983	71.75	1
2984	31.5	1
2985	29.5	2
2986	34.75	4
2987	45.75	3
2988	228.375	7
2989	67.125	3
2990	71.25	1
2991	93.875	4
2992	162.375	9
2993	40.125	3
2994	292.125	7
2995	102.125	3
2996	69.125	2
2997	32.5	1
2998	136.75	5
2999	268.0	5
3000	24.25	3
3001	21.75	1
3002	73.125	7
3003	26.0	2
3004	248.75	9
3005	56.625	4
3007	234.875	3
3008	152.25	5
3009	126.375	5
3010	77.375	2
3011	135.875	7
3012	173.25	3
3013	65.375	3
3014	147.5	6
3015	195.25	4
3016	110.0	5
3017	72.375	4
3018	423.625	3
3019	70.0	4
3020	132.125	5
3021	44.75	4
3022	139.5	5
3023	120.0	3
3024	101.75	4
3025	57.875	1
3026	103.75	5
3027	77.75	1
3028	300.0	3
3029	60.0	1
3030	22.75	3
3031	36.125	4
3032	84.375	5
3033	52.875	3
3034	45.5	3
3035	60.625	1
3036	183.5	5
3037	166.875	3
3038	97.25	10
3039	61.5	4
3040	76.25	4
3041	69.25	4
3042	29.0	3
3043	112.75	7
3044	88.125	4
3045	77.625	1
3047	50.125	3
3048	60.375	3
3049	64.625	3
3051	84.25	5
3052	199.0	3
3053	259.75	5
3054	98.25	3
3055	105.75	6
3056	70.25	1
3057	21.5	3
3058	108.5	4
3059	308.0	11
3060	68.25	4
3061	72.0	3
3062	51.25	3
3063	90.75	5
3064	67.0	3
3065	144.125	5
3067	74.5	3
3068	22.5	1
3069	87.625	3
3070	158.125	5
3071	96.375	5
3072	42.875	2
3073	129.125	5
3074	196.5	6
3075	37.5	2
3078	46.375	4
3079	161.75	4
3080	67.875	5
3081	72.375	5
3082	19.75	3
3083	79.75	3
3084	264.25	1
3085	123.0	3
3086	144.25	7
3088	208.0	1
3089	120.875	4
3090	41.0	3
3091	34.125	1
3092	92.25	5
3093	89.75	5
3094	91.75	4
3095	50.0	3
3096	93.625	6
3098	243.25	5
3099	44.5	3
3100	270.625	7
3101	101.125	2
3102	63.875	4
3103	67.625	3
3104	105.875	4
3105	94.0	5
3106	240.625	10
3107	61.625	4
3108	147.0	2
3109	32.375	3
3111	28.25	3
3112	98.75	5
3113	75.375	5
3114	81.5	1
3115	40.5	4
3116	40.75	2
3117	92.625	3
3118	41.25	4
3119	20.5	1
3120	164.0	6
3121	108.25	4
3122	42.875	3
3123	245.0	3
3125	277.75	9
3126	32.5	1
3127	356.875	3
3128	119.875	3
3129	199.625	8
3130	18.25	2
3131	87.375	7
3132	154.5	7
3133	72.125	6
3134	59.375	4
3135	43.125	3
3137	61.5	5
3138	247.625	11
3139	81.375	3
3140	175.875	7
3141	65.75	2
3142	79.625	4
3143	55.375	3
3144	78.375	4
3145	50.375	3
3146	19.75	1
3148	156.0	5
3149	73.0	5
3150	22.75	1
3151	107.75	7
3152	187.5	4
3153	76.5	5
3155	72.375	3
3156	78.5	2
3157	58.0	3
3158	212.875	2
3159	21.75	3
3160	128.25	2
3162	91.75	5
3163	35.625	2
3164	128.375	7
3166	124.125	6
3167	281.0	1
3168	54.0	4
3169	280.375	5
3170	83.5	4
3171	95.625	4
3172	42.0	3
3173	106.875	2
3174	80.75	5
3175	30.375	1
3176	66.75	3
3177	107.625	10
3178	243.75	1
3179	25.75	3
3180	183.375	8
3181	116.375	6
3182	100.625	2
3183	106.5	4
3184	178.375	5
3185	224.0	8
3186	60.125	2
3187	33.25	3
3188	49.125	5
3189	58.75	3
3190	54.5	4
3191	54.125	2
3192	118.25	4
3193	203.875	7
3194	23.25	1
3195	99.375	7
3196	91.25	4
3197	84.75	1
3198	67.25	3
3199	37.5	3
3200	28.875	1
3201	91.875	7
3202	76.25	5
3203	32.125	2
3204	96.125	7
3205	81.75	7
3206	23.125	3
3207	151.25	7
3209	93.5	5
3210	173.875	4
3211	533.375	1
3212	88.375	6
3213	36.75	4
3214	199.25	7
3215	281.0	6
3216	134.125	4
3217	34.25	4
3218	38.125	1
3219	34.75	3
3220	119.375	4
3221	54.25	1
3222	49.875	3
3223	146.375	5
3224	26.625	1
3225	27.0	1
3226	108.5	4
3227	70.5	5
3228	216.0	9
3229	62.25	4
3230	31.875	3
3231	26.25	2
3232	66.875	3
3233	165.125	4
3234	139.875	7
3235	59.0	1
3236	51.75	3
3237	36.375	3
3238	275.875	2
3239	79.625	5
3240	30.5	2
3241	110.0	5
3242	277.875	3
3243	329.25	3
3245	128.875	7
3246	21.0	1
3247	229.875	4
3248	20.75	2
3249	134.875	2
3250	47.125	3
3251	225.0	7
3252	26.25	2
3253	20.5	1
3254	140.0	4
3255	74.5	5
3256	32.5	3
3257	22.75	2
3258	130.0	3
3259	34.625	3
3260	62.0	4
3261	87.125	4
3262	114.0	4
3263	70.125	5
3264	53.875	3
3265	308.625	6
3266	147.875	6
3267	78.25	3
3268	53.0	3
3269	63.5	6
3270	260.5	4
3271	187.625	7
3272	37.5	3
3273	56.25	3
3274	29.5	3
3276	251.125	10
3277	54.0	3
3278	222.25	6
3279	73.0	3
3281	108.25	7
3282	193.25	7
3283	96.125	5
3284	38.375	3
3285	101.0	5
3286	184.25	4
3287	30.125	1
3288	132.625	9
3289	61.75	3
3290	144.125	7
3291	247.625	5
3292	84.75	5
3293	56.875	3
3294	387.375	8
3295	25.125	1
3296	89.5	5
3297	69.75	5
3298	47.25	4
3299	53.5	4
3300	30.875	1
3302	75.0	5
3303	64.5	3
3304	53.75	1
3305	24.0	3
3306	79.0	3
3308	321.25	1
3309	519.5	1
3310	36.75	3
3311	390.25	11
3312	167.875	3
3314	171.25	5
3315	73.5	6
3316	57.0	1
3317	39.625	4
3318	93.75	3
3319	45.5	3
3320	52.375	3
3321	116.5	4
3322	36.0	3
3323	112.0	4
3324	87.0	6
3325	261.125	6
3326	25.75	3
3328	170.375	5
3329	67.0	3
3330	35.5	1
3331	48.0	3
3332	174.625	3
3334	57.625	4
3335	160.0	5
3336	233.375	7
3338	26.0	3
3339	44.625	3
3340	213.875	6
3341	37.125	3
3343	160.25	6
3344	99.75	5
3345	22.25	1
3346	88.125	6
3347	182.125	7
3348	82.5	5
3349	21.0	2
3350	26.0	1
3351	58.0	3
3352	22.0	3
3353	188.625	6
3354	164.5	5
3355	104.25	4
3356	86.875	4
3357	71.375	4
3358	207.5	4
3359	21.0	1
3360	43.625	3
3361	64.125	4
3362	113.0	5
3363	28.25	1
3365	54.0	4
3366	44.75	3
3367	123.625	3
3368	329.625	9
3369	113.75	3
3370	23.75	3
3371	23.25	1
3372	60.0	3
3373	292.75	7
3374	115.375	7
3375	72.5	1
3376	52.125	3
3377	103.625	3
3378	95.25	5
3379	302.875	4
3380	37.75	1
3381	54.375	3
3382	40.5	4
3383	127.75	4
3384	35.375	1
3385	26.5	1
3386	129.0	5
3389	105.375	5
3390	48.75	3
3391	100.625	6
3392	27.375	1
3393	23.0	1
3394	129.5	7
3395	110.5	7
3396	62.0	4
3398	59.875	4
3399	30.0	1
3400	230.0	7
3401	123.0	5
3402	158.0	5
3403	39.125	3
3404	104.5	5
3406	73.375	1
3408	84.125	4
3409	79.875	6
3410	51.25	3
3411	165.625	5
3412	26.5	1
3414	340.25	1
3415	21.0	1
3416	99.0	7
3417	36.125	1
3418	134.25	7
3419	102.875	5
3420	170.5	7
3421	31.25	3
3423	160.0	5
3424	141.5	6
3425	48.125	2
3426	27.75	3
3427	246.375	9
3428	58.625	4
3430	107.625	3
3432	293.25	2
3433	176.875	9
3434	146.125	5
3435	122.75	7
3436	89.0	2
3437	78.375	4
3438	30.875	3
3439	31.875	3
3440	25.5	1
3441	236.625	3
3442	465.375	2
3443	78.625	4
3444	157.625	6
3446	74.125	6
3447	135.75	3
3448	33.75	3
3449	22.25	2
3450	77.125	4
3451	194.25	6
3452	115.25	3
3454	245.5	5
3455	227.75	1
3456	66.75	4
3457	57.75	3
3458	78.375	5
3459	77.625	5
3460	74.25	5
3461	126.0	3
3462	128.375	6
3463	77.5	2
3464	78.125	3
3466	44.375	3
3467	134.5	4
3468	82.0	3
3469	165.75	5
3470	114.0	3
3471	80.375	5
3472	114.375	5
3473	23.0	2
3474	151.125	3
3475	71.875	5
3476	29.0	1
3477	85.0	7
3478	149.25	5
3480	100.375	7
3481	207.5	5
3482	63.25	5
3483	98.625	4
3484	128.25	4
3485	137.625	3
3486	63.0	5
3487	122.375	5
3489	97.0	5
3490	32.5	5
3491	32.375	2
3492	56.75	4
3493	25.25	1
3494	43.75	3
3495	261.0	1
3496	57.125	3
3497	142.0	4
3498	175.625	7
3499	87.75	4
3500	208.125	2
3501	125.875	5
3502	232.5	4
3504	128.25	5
3505	44.0	2
3506	143.0	1
3507	31.5	1
3508	204.5	7
3509	121.25	2
3510	67.0	5
3511	228.0	3
3512	88.75	4
3513	64.125	3
3514	46.0	1
3515	175.5	4
3517	188.5	7
3518	206.0	8
3519	262.25	6
3520	282.125	12
3521	45.0	4
3522	35.625	1
3523	198.5	3
3524	29.75	1
3525	80.875	4
3526	175.0	4
3527	240.25	7
3528	229.125	6
3529	44.875	3
3530	51.375	1
3531	26.5	2
3532	177.375	6
3533	99.625	5
3534	50.625	3
3535	229.5	1
3536	29.875	3
3537	200.0	7
3538	26.875	2
3539	31.75	1
3540	135.125	3
3541	147.75	1
3542	152.5	5
3543	23.875	3
3544	40.5	3
3545	31.75	3
3546	144.0	7
3547	30.75	3
3548	108.25	4
3549	101.75	5
3550	168.625	3
3551	57.5	4
3552	218.0	8
3553	116.25	1
3554	29.0	3
3555	172.625	3
3556	87.125	4
3557	34.5	5
3558	75.5	4
3559	179.25	7
3560	26.5	1
3561	107.5	3
3562	40.625	3
3563	65.75	3
3564	186.0	6
3565	34.875	3
3566	74.625	1
3567	19.5	2
3569	22.875	1
3570	54.5	1
3571	86.0	1
3572	24.75	1
3573	97.5	6
3574	46.25	3
3575	158.75	5
3576	170.5	7
3577	258.375	3
3578	101.5	1
3579	153.5	4
3580	45.5	3
3581	134.75	5
3582	40.25	4
3584	26.0	1
3585	148.0	8
3586	99.375	6
3587	99.875	6
3588	129.375	8
3589	76.125	3
3591	176.0	8
3592	23.375	2
3593	37.25	3
3594	47.5	3
3595	107.875	4
3596	106.125	7
3597	17.5	1
3598	108.5	7
3599	59.625	5
3600	66.25	6
3601	286.875	4
3602	18.75	1
3603	28.0	1
3604	94.375	5
3605	66.5	1
3606	93.0	3
3607	124.75	5
3608	202.625	4
3609	29.625	1
3610	147.875	2
3611	204.0	1
3612	68.875	5
3613	107.75	4
3614	18.5	1
3615	41.25	3
3616	42.875	3
3618	99.125	4
3620	201.875	6
3621	25.0	3
3622	31.5	4
3623	99.5	2
3624	172.25	6
3625	116.25	5
3626	95.0	3
3627	175.25	7
3628	78.875	4
3629	88.875	6
3630	38.125	3
3631	199.375	7
3632	112.0	7
3633	46.75	2
3634	47.75	4
3635	243.75	6
3636	184.75	5
3637	248.75	2
3638	34.5	2
3639	151.0	7
3640	60.75	4
3641	63.0	3
3642	79.5	6
3643	24.625	2
3644	24.0	3
3645	233.5	6
3646	146.75	3
3647	40.5	3
3648	66.75	3
3649	49.75	3
3650	35.0	2
3651	273.25	4
3652	24.25	1
3653	114.75	5
3654	65.125	4
3655	106.0	6
3656	80.25	3
3657	168.0	8
3658	412.375	5
3659	34.0	3
3660	76.625	5
3661	95.875	6
3662	84.0	4
3663	39.25	3
3664	167.0	7
3665	178.625	7
3666	49.375	3
3667	32.625	3
3668	48.75	3
3669	138.75	5
3670	46.75	4
3671	34.25	1
3672	45.125	3
3673	72.5	5
3674	75.0	5
3675	97.125	5
3676	104.875	4
3677	189.5	5
3678	88.5	1
3679	39.625	1
3680	57.75	3
3681	30.0	3
3682	20.0	3
3683	122.0	6
3684	40.75	3
3685	316.75	4
3686	286.25	3
3687	68.5	2
3688	59.875	3
3689	42.75	1
3690	76.875	4
3691	25.75	1
3693	38.875	4
3694	49.125	3
3695	21.0	1
3696	113.375	6
3697	239.125	7
3698	60.75	1
3699	112.875	3
3700	271.875	8
3701	246.75	2
3702	74.625	5
3704	132.375	4
3705	136.125	7
3706	67.5	4
3708	39.875	3
3709	90.25	5
3710	314.625	4
3711	39.0	3
3712	33.125	3
3713	92.125	3
3714	292.125	9
3715	82.25	4
3716	22.875	1
3718	190.25	5
3719	71.375	5
3720	310.25	1
3721	59.0	2
3722	22.0	1
3723	122.625	7
3724	107.75	5
3725	238.625	8
3726	333.875	1
3727	25.75	2
3728	200.75	7
3729	70.625	3
3730	59.75	3
3731	78.375	4
3732	95.0	6
3733	149.625	1
3734	56.75	3
3735	77.125	4
3737	62.25	4
3738	30.75	3
3739	110.5	4
3740	62.0	4
3741	24.875	2
3742	48.375	3
3743	151.375	3
3744	21.75	1
3746	202.875	8
3747	94.0	7
3748	44.0	3
3749	72.25	4
3750	40.625	3
3751	55.0	4
3752	58.75	3
3753	19.875	1
3754	26.5	1
3755	62.875	4
3756	46.5	3
3757	78.25	4
3758	645.75	1
3759	294.25	9
3760	32.25	3
3761	93.375	6
3762	75.875	4
3763	76.0	5
3764	74.25	1
3765	116.625	3
3768	92.0	5
3769	39.875	3
3770	92.125	5
3771	53.0	3
3772	27.5	3
3773	374.5	1
3774	32.625	3
3776	24.0	3
3777	138.5	3
3778	23.25	1
3779	52.5	4
3780	289.5	1
3781	206.375	7
3782	58.25	4
3783	101.0	4
3784	58.25	1
3786	24.75	3
3787	47.375	4
3788	79.0	4
3789	30.0	3
3790	48.625	1
3791	59.875	3
3792	156.25	5
3793	119.25	6
3794	233.125	1
3795	22.5	1
3796	87.75	3
3797	37.5	1
3798	63.5	3
3799	117.125	3
3800	82.125	4
3802	92.0	4
3803	86.5	3
3804	53.75	3
3805	75.5	5
3806	21.0	2
3807	26.25	2
3808	113.125	3
3809	24.5	3
3810	29.25	3
3811	66.625	5
3812	133.125	10
3813	77.0	4
3814	112.625	4
3815	119.75	5
3816	24.5	1
3817	106.75	5
3818	17.5	1
3819	27.5	3
3820	108.25	5
3821	338.875	5
3822	47.125	3
3823	144.375	5
3824	282.625	7
3825	60.375	3
3826	25.625	3
3827	126.5	7
3828	92.5	5
3829	193.375	3
3830	89.0	5
3831	52.75	4
3832	136.5	6
3833	182.75	5
3834	92.0	7
3835	134.5	5
3837	93.25	5
3838	32.125	3
3839	144.875	5
3840	24.75	1
3841	193.75	8
3842	86.5	2
3843	113.5	5
3844	22.0	1
3846	89.0	5
3847	23.375	1
3850	63.75	3
3851	162.25	6
3852	143.625	8
3853	80.0	5
3854	61.625	3
3855	159.25	11
3856	29.5	1
3858	125.5	5
3859	70.5	3
3860	30.125	1
3862	42.875	3
3863	83.0	3
3864	57.125	3
3865	101.25	3
3866	80.5	5
3867	63.625	3
3868	127.5	5
3869	33.0	3
3870	167.5	7
3871	251.5	5
3872	149.375	8
3873	27.5	3
3874	240.125	5
3875	318.125	6
3876	105.375	1
3877	38.75	3
3878	101.25	6
3879	107.125	5
3881	31.375	2
3882	33.0	1
3883	24.5	1
3884	109.875	5
3885	40.5	2
3887	177.375	7
3888	187.875	5
3889	41.25	4
3890	81.5	3
3891	130.25	6
3892	295.0	6
3894	115.25	4
3895	272.375	5
3896	27.5	2
3897	60.75	3
3898	33.5	1
3899	63.125	3
3900	23.0	1
3902	30.5	2
3903	351.125	1
3904	55.0	3
3905	132.375	8
3906	122.5	6
3907	199.0	7
3908	170.75	4
3910	39.125	1
3911	75.5	6
3912	80.625	4
3913	32.375	3
3914	130.125	5
3915	101.625	1
3916	21.25	3
3917	136.25	1
3918	221.75	10
3919	49.375	4
3920	126.75	7
3921	64.375	5
3922	67.625	5
3923	25.875	1
3924	135.375	1
3925	189.625	3
3926	86.625	7
3927	100.0	6
3928	236.875	6
3929	77.75	4
3931	35.75	3
3932	314.25	9
3933	50.75	3
3934	79.0	4
3935	49.0	3
3936	109.875	4
3937	139.625	4
3938	204.0	3
3939	102.875	5
3941	82.125	4
3942	49.5	3
3943	170.125	4
3944	29.125	1
3945	118.75	7
3946	561.25	14
3947	40.25	3
3948	290.5	9
3949	75.625	3
3950	41.875	3
3951	47.5	3
3952	163.25	3
3953	43.75	3
3954	21.75	1
3956	115.0	1
3957	31.25	1
3958	63.875	4
3959	106.5	4
3960	19.0	1
3961	74.625	3
3962	182.75	5
3963	63.0	4
3964	51.375	3
3965	89.75	5
3967	52.5	3
3969	23.75	1
3970	29.25	1
3971	20.5	1
3972	91.75	5
3973	107.25	4
3974	418.625	7
3975	141.5	7
3976	320.375	11
3977	22.5	1
3978	33.125	3
3979	28.0	2
3980	24.5	3
3981	82.625	7
3982	157.875	6
3983	56.125	4
3984	110.375	4
3985	52.625	3
3986	470.25	5
3987	24.5	1
3989	260.5	6
3990	122.75	5
3991	99.625	6
3992	324.875	8
3993	89.5	3
3994	50.125	3
3995	40.0	3
3996	37.375	3
3997	296.0	8
3998	84.25	5
3999	144.0	4
4000	79.75	6
4001	27.0	3
4002	55.0	4
4003	102.0	1
4004	45.75	3
4005	151.375	7
4006	88.5	3
4007	21.0	1
4008	82.0	5
4009	51.0	4
4010	114.125	9
4011	142.5	5
4012	163.0	8
4013	228.75	8
4014	24.25	1
4015	42.125	3
4016	126.625	5
4017	49.25	3
4018	76.75	5
4019	50.25	1
4020	46.5	5
4021	87.625	3
4022	278.375	10
4023	45.25	3
4024	105.125	4
4026	24.75	3
4027	25.75	2
4028	56.75	3
4029	25.0	3
4030	206.25	5
4031	67.0	4
4032	100.0	5
4033	90.75	5
4034	209.75	3
4035	75.25	6
4036	207.375	1
4037	61.25	3
4039	165.5	2
4040	155.625	9
4041	162.5	6
4042	31.5	2
4043	42.5	2
4045	65.0	5
4046	223.875	8
4047	156.625	5
4048	179.375	6
4049	24.5	1
4050	113.0	4
4051	247.0	4
4052	117.375	2
4053	77.5	4
4054	80.25	5
4055	118.25	6
4056	196.375	6
4057	119.375	3
4058	283.125	9
4059	49.5	3
4060	60.375	5
4061	381.5	6
4063	80.5	5
4064	68.875	5
4065	42.25	4
4066	251.75	1
4067	161.25	3
4068	24.0	1
4069	322.75	1
4070	175.25	5
4071	32.375	3
4072	35.5	3
4073	74.75	1
4074	51.875	4
4075	89.625	4
4076	120.375	5
4079	20.75	1
4080	89.625	5
4081	31.75	1
4082	35.125	1
4083	74.375	4
4084	58.875	4
4085	73.75	1
4086	20.5	1
4087	98.5	1
4088	60.75	1
4089	141.125	9
4090	151.25	6
4091	200.75	11
4092	237.75	1
4093	24.75	3
4094	171.75	7
4095	27.5	1
4096	99.25	5
4097	58.25	3
4098	21.0	1
4099	51.5	5
4100	118.625	5
4101	166.0	8
4102	23.5	2
4103	112.0	4
4104	99.75	1
4105	175.625	5
4106	48.125	3
4107	161.5	6
4108	86.25	1
4109	32.25	3
4110	74.25	4
4111	100.0	4
4113	36.5	2
4114	61.125	2
4115	31.25	1
4116	172.375	4
4117	22.0	1
4118	40.75	3
4119	22.375	1
4120	69.375	5
4121	153.375	7
4122	75.0	1
4123	44.25	3
4124	107.375	2
4125	313.5	1
4126	87.75	2
4127	91.5	3
4128	27.0	3
4129	36.0	3
4130	162.75	2
4131	68.0	4
4133	181.5	1
4134	66.25	3
4135	30.25	3
4136	83.25	5
4137	67.5	5
4138	165.5	6
4139	109.125	4
4140	38.0	3
4141	312.875	4
4142	82.125	3
4143	75.25	1
4144	204.875	6
4145	83.375	3
4146	53.0	3
4147	137.125	5
4148	155.5	7
4149	91.125	5
4150	130.625	4
4152	46.875	3
4153	119.125	2
4154	88.25	5
4155	62.75	7
4156	74.0	3
4157	32.0	3
4158	132.5	4
4159	22.25	2
4160	116.875	3
4161	75.25	2
4163	184.125	5
4164	54.75	4
4165	121.0	4
4166	264.5	2
4167	235.5	2
4168	159.75	5
4169	36.5	3
4170	163.25	5
4171	171.875	6
4172	156.25	1
4173	72.0	4
4174	197.125	6
4175	133.0	5
4176	21.25	1
4177	27.5	1
4178	309.125	5
4179	137.0	4
4180	267.0	10
4181	92.625	3
4182	108.75	8
4183	288.375	8
4184	343.125	1
4185	80.375	2
4186	190.0	8
4187	46.875	3
4188	19.25	3
4189	21.125	1
4190	170.0	7
4191	61.875	3
4192	88.875	3
4193	116.25	4
4194	369.5	5
4195	40.125	3
4196	157.875	4
4197	136.75	3
4198	139.875	4
4201	251.875	5
4202	33.375	3
4203	33.625	3
4204	73.125	5
4205	124.125	3
4206	73.25	1
4208	259.5	3
4209	85.75	5
4210	167.375	5
4212	120.875	2
4213	20.875	1
4214	176.0	3
4216	360.625	13
4217	60.25	3
4218	22.5	1
4219	93.125	4
4220	105.375	7
4221	134.5	6
4222	158.75	5
4223	43.875	3
4224	24.5	3
4225	51.75	5
4226	30.625	3
4227	54.625	5
4228	31.75	3
4229	233.0	1
4230	54.25	3
4231	229.375	7
4233	181.0	4
4234	158.5	5
4235	21.25	1
4236	90.5	4
4238	47.5	3
4239	86.375	4
4240	96.875	6
4241	25.0	1
4242	70.625	4
4243	185.5	4
4244	98.125	4
4246	158.125	4
4247	69.25	4
4248	78.875	6
4249	70.75	3
4250	61.125	3
4251	103.75	6
4252	22.25	3
4253	106.375	3
4254	27.0	2
4255	144.25	4
4256	157.625	4
4257	43.0	3
4259	29.5	3
4260	93.125	3
4261	143.375	4
4262	142.125	8
4263	87.5	4
4264	98.375	3
4265	48.75	3
4266	109.75	5
4267	37.5	3
4268	76.0	3
4269	85.125	4
4270	142.0	6
4271	99.0	7
4272	179.625	5
4274	25.75	2
4275	350.875	2
4276	297.25	4
4277	89.5	6
4278	141.75	3
4279	39.5	3
4280	25.75	1
4281	97.25	3
4282	79.125	4
4283	21.75	1
4284	95.375	4
4285	25.625	2
4286	24.75	3
4287	33.5	1
4288	149.125	7
4289	46.875	3
4290	96.375	5
4291	21.25	2
4292	258.875	7
4293	107.625	7
4294	121.75	6
4295	132.5	3
4296	276.625	9
4297	145.875	7
4298	116.5	7
4299	273.875	2
4300	86.75	4
4301	87.75	5
4302	69.0	6
4304	146.75	5
4305	98.375	7
4306	152.75	5
4307	99.75	5
4308	46.75	3
4309	39.75	3
4310	122.375	6
4311	42.25	3
4312	24.0	1
4313	54.0	3
4314	102.875	1
4315	56.25	3
4316	142.5	3
4317	228.5	7
4318	115.0	4
4319	247.25	8
4320	21.0	1
4321	47.0	3
4322	25.5	1
4323	71.75	4
4325	124.25	1
4326	161.625	7
4327	174.75	6
4328	82.5	1
4330	307.125	10
4331	187.125	8
4332	110.375	7
4333	62.25	4
4334	48.5	3
4335	103.5	3
4336	144.75	5
4337	196.125	5
4338	333.875	5
4339	107.125	5
4340	54.75	3
4342	109.25	5
4343	128.625	8
4344	147.75	7
4345	49.125	3
4346	96.5	4
4347	252.875	4
4349	30.5	3
4350	46.25	3
4351	189.875	6
4352	41.0	1
4353	172.25	6
4354	64.625	4
4355	29.625	2
4356	134.875	5
4357	75.5	4
4358	150.375	5
4359	23.0	1
4360	46.25	3
4362	124.5	5
4364	94.125	6
4365	70.75	6
4366	41.0	3
4368	63.625	6
4369	74.25	5
4371	118.375	9
4372	78.125	1
4373	162.375	5
4374	70.25	5
4375	52.875	3
4376	43.5	1
4377	118.875	9
4378	25.875	1
4379	128.0	4
4380	45.0	4
4381	40.0	1
4382	99.75	6
4383	81.5	1
4384	19.0	1
4385	284.875	1
4386	58.875	4
4387	127.625	3
4388	157.5	6
4389	22.25	3
4390	211.75	7
4391	90.25	4
4392	249.625	2
4393	82.0	4
4394	97.0	1
4395	145.125	7
4397	22.0	1
4398	43.75	4
4399	34.75	3
4401	97.0	5
4402	54.625	3
4403	27.25	1
4404	20.75	3
4405	70.75	1
4406	57.375	3
4407	23.0	3
4408	23.5	1
4409	21.5	1
4410	55.0	4
4412	117.75	2
4413	171.25	4
4414	241.625	7
4415	120.625	5
4416	31.5	3
4417	99.125	6
4418	85.375	5
4419	125.375	9
4421	156.5	4
4422	141.125	5
4423	149.125	3
4424	24.25	2
4426	22.0	1
4427	38.5	3
4428	256.625	10
4429	22.875	1
4430	37.125	1
4431	25.5	1
4432	53.5	3
4433	187.625	3
4434	81.0	5
4435	112.5	5
4436	71.875	5
4437	21.5	1
4438	23.375	1
4439	113.625	7
4440	33.5	1
4441	19.5	1
4442	262.25	6
4443	329.125	4
4444	131.0	5
4446	121.0	7
4447	110.25	5
4448	52.5	3
4449	28.25	3
4450	102.25	1
4451	60.75	5
4452	57.125	3
4453	167.25	4
4454	285.0	3
4455	105.875	4
4456	26.375	3
4457	27.25	1
4458	21.25	3
4459	201.625	4
4460	156.625	3
4462	49.5	4
4463	72.0	1
4464	53.0	3
4465	121.25	4
4466	150.375	6
4467	296.875	5
4468	281.625	1
4469	39.0	1
4470	127.375	7
4471	113.5	1
4472	60.0	3
4473	42.875	3
4475	72.25	1
4476	133.625	4
4478	41.5	3
4479	24.5	1
4480	267.5	6
4481	47.5	5
4482	138.5	4
4484	181.25	5
4485	73.25	5
4486	37.25	3
4487	37.0	3
4488	24.5	3
4489	39.5	3
4490	259.75	7
4491	83.75	1
4492	127.5	11
4493	123.375	6
4494	116.125	5
4495	41.25	5
4496	74.5	5
4497	53.25	1
4498	203.75	9
4499	23.875	1
4500	193.0	6
4501	200.5	2
4502	20.0	2
4503	40.375	1
4504	37.625	3
4505	77.75	4
4506	88.75	5
4508	318.75	5
4509	79.875	7
4510	59.375	3
4511	83.5	5
4512	40.625	3
4513	138.75	6
4514	82.75	1
4515	158.125	5
4516	88.25	1
4517	115.25	11
4518	135.0	3
4519	22.75	2
4520	28.5	3
4521	119.25	7
4522	406.625	1
4523	39.75	4
4524	84.625	4
4525	75.75	3
4526	39.25	3
4527	54.875	5
4528	82.0	4
4529	35.5	4
4530	110.25	5
4531	56.25	1
4532	137.625	5
4534	29.375	1
4535	22.125	3
4536	185.875	7
4537	107.5	4
4538	77.875	1
4539	120.875	4
4540	121.875	4
4541	267.875	11
4542	105.75	6
4544	65.75	1
4545	22.75	1
4546	273.625	7
4547	129.25	5
4548	48.25	3
4549	114.5	3
4550	29.25	3
4551	171.25	6
4552	114.875	5
4553	81.625	5
4554	297.75	7
4555	225.375	6
4556	135.375	5
4557	144.75	4
4558	363.25	4
4559	51.625	3
4560	100.125	6
4561	28.375	1
4562	60.125	2
4563	112.75	4
4564	118.0	5
4565	311.75	8
4566	160.75	5
4567	174.0	6
4568	125.25	5
4569	32.75	1
4570	68.75	4
4571	197.625	6
4572	20.75	1
4573	431.875	9
4574	29.875	1
4575	77.625	1
4576	64.375	4
4577	107.125	9
4578	53.375	5
4579	27.5	1
4580	24.75	2
4581	298.25	1
4582	44.0	3
4583	25.0	2
4584	159.125	7
4585	36.0	3
4586	21.375	1
4587	284.0	8
4588	161.125	1
4589	197.125	5
4591	60.0	2
4592	132.375	7
4593	170.75	3
4594	67.625	3
4595	20.0	1
4596	21.75	2
4597	213.625	1
4598	113.5	5
4599	206.25	7
4601	17.625	2
4602	42.375	3
4603	74.125	5
4604	120.0	3
4605	68.5	6
4607	348.875	1
4608	65.25	3
4609	19.0	2
4610	185.25	9
4611	75.625	4
4612	166.875	6
4613	58.125	4
4614	198.875	3
4615	26.0	3
4616	24.75	3
4617	42.375	3
4618	64.625	3
4619	206.75	6
4620	17.0	1
4621	45.25	3
4622	175.25	3
4623	64.75	7
4625	26.375	3
4626	241.875	3
4627	69.25	6
4628	413.0	1
4629	168.0	5
4630	99.375	5
4631	56.25	1
4632	92.0	5
4633	20.5	3
4634	52.375	4
4635	189.5	4
4636	96.25	4
4637	207.25	6
4638	276.5	7
4639	31.0	3
4640	30.375	1
4642	63.125	1
4643	54.75	3
4644	49.875	3
4645	218.125	10
4646	146.5	5
4647	95.5	6
4648	17.5	1
4649	135.625	4
4650	20.75	3
4651	60.625	4
4652	86.25	4
4653	68.125	6
4654	63.875	3
4655	397.75	9
4656	121.875	2
4657	185.625	7
4659	73.25	5
4661	51.25	3
4662	20.25	1
4663	77.25	1
4664	26.75	2
4665	100.375	2
4666	87.0	6
4667	26.875	1
4668	79.125	3
4669	68.0	3
4670	72.0	4
4671	23.25	3
4672	37.75	2
4673	30.5	3
4674	159.875	6
4675	120.875	7
4676	229.125	8
4677	197.75	7
4678	32.0	3
4679	79.5	5
4680	85.375	7
4681	73.875	3
4682	455.0	5
4683	23.125	1
4684	19.875	2
4685	308.5	2
4686	31.0	3
4688	42.0	3
4689	157.25	3
4690	52.5	3
4691	70.25	5
4692	162.0	8
4693	215.25	11
4694	19.5	1
4695	175.625	6
4696	18.5	2
4697	61.75	4
4698	68.875	4
4699	68.25	4
4701	59.0	4
4702	102.875	4
4703	56.25	3
4705	76.125	4
4706	144.75	8
4707	130.0	1
4708	26.875	2
4709	33.5	3
4710	565.5	1
4711	62.5	3
4712	89.0	5
4714	18.0	1
4715	40.0	3
4716	25.25	1
4717	267.5	3
4718	133.5	1
4719	43.25	3
4720	95.75	5
4721	200.625	6
4722	146.75	5
4723	58.75	1
4724	338.5	5
4725	168.75	7
4726	220.0	7
4727	70.0	1
4728	31.5	2
4729	32.0	3
4730	21.5	1
4731	95.125	5
4732	120.75	6
4733	58.625	4
4734	68.25	5
4736	41.75	4
4737	20.0	2
4738	27.875	1
4739	49.125	4
4740	64.875	3
4741	93.25	2
4742	49.375	4
4743	26.625	3
4744	69.75	3
4745	48.625	2
4747	95.375	5
4748	79.625	5
4749	251.25	3
4750	23.375	1
4751	51.0	1
4752	136.5	5
4753	118.25	3
4754	65.75	5
4755	159.375	2
4756	75.125	3
4758	86.5	5
4759	220.25	7
4760	141.75	4
4762	151.25	5
4763	72.875	4
4764	36.125	3
4765	42.25	3
4766	127.75	4
4767	30.75	1
4768	65.375	4
4769	304.375	7
4771	72.375	5
4772	34.5	3
4773	123.875	5
4774	111.375	5
4775	26.125	1
4776	297.625	5
4777	45.25	3
4778	31.125	3
4779	25.5	1
4780	272.5	5
4781	113.25	4
4782	115.25	7
4783	28.75	3
4784	83.25	5
4785	177.375	9
4786	32.0	3
4787	43.625	3
4788	22.25	1
4789	195.5	4
4790	265.75	11
4791	51.0	5
4792	42.5	3
4793	62.25	3
4794	371.0	5
4795	52.375	1
4796	157.5	3
4797	241.5	4
4798	66.0	3
4799	27.5	1
4800	190.25	10
4801	217.625	3
4802	91.0	1
4803	90.875	4
4804	258.25	5
4805	320.0	1
4806	161.875	5
4807	27.5	1
4809	68.625	1
4810	35.0	3
4811	55.0	2
4812	36.0	3
4813	114.125	2
4814	72.625	3
4815	20.25	1
4816	26.5	3
4817	98.375	6
4818	59.0	4
4819	100.0	1
4820	83.375	7
4821	194.375	3
4822	70.125	5
4823	137.625	6
4824	55.75	3
4825	39.75	4
4826	48.125	2
4827	22.25	1
4828	356.75	2
4829	40.5	3
4830	23.0	1
4831	61.125	7
4832	31.625	1
4833	230.625	5
4834	28.0	1
4835	37.25	4
4837	21.25	1
4838	25.125	2
4839	94.125	3
4840	25.125	3
4841	38.0	3
4842	25.25	1
4843	87.75	5
4844	52.75	3
4845	82.0	1
4846	83.125	5
4847	136.375	4
4848	193.125	6
4849	136.25	4
4850	53.875	6
4851	312.25	3
4852	317.5	1
4853	22.5	2
4854	196.0	7
4855	92.25	6
4856	165.25	7
4857	228.0	6
4858	52.75	4
4859	81.0	6
4860	22.5	1
4861	71.625	4
4862	133.5	7
4863	38.875	3
4864	51.125	3
4865	216.0	6
4866	88.0	5
4867	30.375	1
4868	76.5	3
4869	209.75	9
4871	169.375	3
4872	52.625	3
4873	27.75	1
4875	108.625	4
4876	52.25	3
4877	110.375	5
4878	22.75	3
4879	180.125	6
4880	186.0	8
4881	26.5	1
4882	258.875	1
4883	46.625	4
4884	22.25	1
4885	115.125	8
4887	24.5	3
4888	31.5	1
4889	54.0	3
4890	61.75	1
4891	132.625	6
4892	20.75	1
4893	475.125	1
4894	77.125	3
4895	218.25	1
4896	39.125	2
4897	156.0	1
4898	109.375	4
4899	20.125	1
4900	142.75	5
4901	50.75	3
4902	62.625	6
4904	31.25	3
4905	98.375	5
4906	31.875	2
4907	30.25	1
4908	44.5	3
4909	23.25	1
4910	21.625	2
4912	70.125	3
4913	47.5	2
4914	151.125	5
4915	85.375	3
4916	21.75	1
4917	29.5	3
4918	80.25	2
4919	156.25	5
4920	269.25	7
4921	282.75	1
4922	26.0	1
4923	219.75	7
4924	69.25	3
4925	64.5	4
4926	35.25	2
4927	80.375	5
4929	64.0	3
4930	72.0	4
4931	74.75	4
4933	134.75	5
4934	55.125	3
4935	109.125	4
4936	207.125	1
4937	254.625	3
4938	22.75	3
4939	188.875	7
4940	131.25	6
4941	171.625	5
4942	68.5	4
4943	59.375	4
4944	31.0	3
4945	185.75	7
4946	279.875	2
4947	44.625	3
4948	167.75	4
4949	616.25	12
4950	110.25	5
4951	334.375	6
4952	215.5	3
4953	25.375	2
4955	126.5	4
4956	22.75	3
4957	30.375	1
4958	35.75	3
4959	103.75	3
4961	48.25	3
4963	36.75	3
4964	78.0	5
4966	144.875	4
4968	32.5	3
4969	34.75	3
4970	16.0	3
4971	30.25	3
4972	119.875	4
4973	167.375	8
4974	289.0	7
4975	185.5	2
4976	119.0	10
4977	42.25	3
4978	262.125	8
4979	58.75	4
4980	65.25	3
4981	35.25	3
4982	183.125	6
4983	128.0	3
4984	74.75	1
4985	118.25	7
4986	199.25	5
4988	33.0	3
4990	58.5	5
4991	55.25	4
4992	18.0	1
4993	148.0	6
4994	27.375	3
4995	70.75	4
4996	49.5	3
4997	115.0	6
4998	158.25	6
4999	75.75	4
5000	132.625	7
5001	87.0	1
5002	76.5	5
5003	114.75	3
5004	54.125	3
5005	247.5	4
5006	240.0	7
5007	124.375	6
5008	141.25	3
5009	416.0	9
5010	104.0	7
5011	19.75	1
5012	176.75	4
5014	81.375	1
5015	73.5	3
5016	46.25	5
5017	61.875	3
5018	46.625	3
5019	42.25	2
5020	220.875	4
5021	37.0	3
5022	114.75	3
5023	18.75	1
5024	128.0	6
5025	95.5	7
5026	93.25	4
5027	18.0	1
5028	50.5	3
5029	65.375	4
5030	26.25	3
5031	124.125	3
5032	176.375	4
5033	214.875	3
5034	55.375	4
5035	154.25	5
5036	26.25	2
5037	59.375	3
5038	46.5	3
5039	37.5	3
5040	232.25	6
5041	34.0	3
5042	110.75	4
5043	154.0	1
5044	158.0	5
5045	84.25	7
5046	153.375	2
5047	24.0	1
5048	150.5	5
5049	289.75	10
5050	124.875	5
5051	117.375	2
5052	83.875	5
5053	268.625	8
5054	29.875	3
5055	89.625	3
5056	201.25	1
5057	20.0	1
5058	95.875	4
5059	209.25	7
5060	19.25	2
5061	102.25	5
5063	31.5	3
5065	70.25	1
5066	109.125	8
5068	232.5	8
5069	164.25	6
5070	219.5	8
5071	113.375	4
5072	23.25	1
5073	145.375	5
5074	166.25	7
5075	66.125	5
5076	184.75	5
5077	205.125	7
5078	122.25	5
5079	63.75	3
5081	162.0	8
5082	231.375	6
5083	80.5	1
5084	95.875	7
5085	36.875	3
5086	37.75	3
5087	187.625	11
5088	174.875	6
5090	201.125	5
5091	37.25	2
5092	20.25	1
5093	95.5	6
5094	90.0	5
5095	83.75	6
5096	90.625	4
5097	61.75	5
5098	60.75	5
5099	77.625	1
5100	182.375	4
5101	64.625	3
5102	359.5	1
5103	59.75	4
5104	347.25	8
5105	20.25	3
5106	62.0	3
5107	39.25	3
5108	25.125	2
5109	19.625	1
5110	196.875	5
5111	23.25	2
5112	81.875	5
5114	276.375	3
5115	38.75	2
5116	128.75	3
5117	70.0	3
5118	75.25	6
5119	157.625	6
5120	45.25	3
5121	44.0	3
5122	98.25	6
5123	70.25	1
5124	94.5	6
5125	52.5	3
5126	147.5	7
5127	314.25	8
5130	154.125	4
5131	22.25	2
5132	20.0	1
5133	135.5	6
5134	168.875	7
5135	20.25	1
5136	28.625	1
5137	104.375	1
5138	65.0	3
5139	261.625	4
5140	105.75	4
5141	19.75	1
5142	135.25	6
5143	119.75	7
5144	334.125	1
5145	216.0	1
5146	138.875	4
5147	39.25	3
5148	60.0	4
5149	335.0	2
5150	71.0	1
5151	19.125	1
5152	81.875	6
5153	92.75	6
5154	91.125	5
5155	364.5	3
5156	200.875	5
5157	84.125	4
5158	103.25	1
5159	20.0	2
5162	46.625	3
5163	63.5	4
5164	166.25	6
5165	49.25	4
5166	238.0	3
5167	106.75	7
5168	133.875	1
5170	253.25	1
5171	62.5	4
5172	98.375	5
5173	381.875	8
5174	42.75	3
5175	191.875	7
5176	100.0	5
5178	36.75	3
5179	81.875	3
5180	205.375	5
5181	68.25	3
5182	126.0	4
5183	31.0	1
5184	149.75	1
5185	33.5	3
5186	60.0	3
5187	235.0	2
5188	59.5	3
5189	77.375	1
5190	253.375	8
5191	350.0	13
5192	272.875	2
5193	63.0	3
5194	22.75	2
5195	106.25	4
5196	73.75	1
5197	101.5	5
5198	70.75	3
5199	239.0	3
5200	56.5	3
5201	56.125	3
5202	76.25	1
5203	59.25	3
5204	32.75	1
5205	42.625	3
5207	150.375	3
5208	71.875	6
5209	195.375	6
5210	64.5	4
5211	43.0	3
5212	28.375	3
5213	64.625	1
5214	57.25	1
5215	40.25	3
5217	22.25	1
5218	60.5	1
5219	21.0	3
5220	56.75	3
5221	92.375	5
5222	129.625	3
5223	265.625	5
5224	31.25	1
5225	61.5	3
5226	117.0	4
5227	54.0	4
5228	106.875	5
5229	64.0	3
5230	86.875	1
5231	131.625	7
5232	34.5	3
5233	193.25	2
5234	174.625	3
5235	32.375	1
5236	38.125	3
5237	80.25	2
5238	59.875	5
5239	55.75	3
5240	459.375	6
5241	60.25	4
5242	76.375	5
5243	64.125	4
5244	21.0	1
5245	18.5	2
5246	81.75	4
5247	168.875	6
5248	211.25	8
5249	80.0	4
5250	115.375	9
5251	44.0	2
5252	76.0	5
5253	95.25	4
5254	387.625	1
5255	62.0	3
5256	43.0	1
5257	62.5	5
5258	95.25	4
5259	207.25	5
5260	149.25	3
5261	37.5	3
5262	72.875	7
5263	27.5	1
5264	61.5	1
5265	303.625	6
5266	21.875	2
5267	196.125	7
5268	29.25	3
5269	90.125	5
5270	194.625	6
5271	160.375	5
5272	79.125	4
5273	22.0	2
5274	77.125	4
5275	108.875	2
5276	25.75	3
5277	25.375	1
5278	144.25	5
5279	114.625	6
5280	264.875	6
5281	110.125	3
5282	46.75	3
5284	74.375	3
5285	43.875	3
5286	78.75	1
5287	26.375	3
5288	446.75	3
5289	191.5	2
5290	69.0	3
5291	132.75	5
5292	238.5	1
5293	112.375	4
5295	37.75	3
5296	31.25	1
5297	98.625	3
5298	36.75	3
5299	96.25	5
5300	42.25	3
5301	74.0	4
5302	96.0	6
5303	24.5	2
5304	31.0	3
5305	47.375	3
5306	131.0	2
5307	51.125	4
5308	87.625	5
5309	39.75	3
5310	325.0	1
5312	137.0	5
5313	46.875	4
5314	42.875	3
5315	27.375	3
5316	25.875	1
5317	246.25	8
5318	219.875	7
5319	61.0	1
5320	17.75	2
5321	37.75	1
5322	62.75	6
5323	159.25	4
5325	194.875	4
5327	68.5	1
5328	56.5	3
5330	56.875	4
5332	66.0	2
5334	286.5	1
5335	55.0	3
5336	193.625	7
5337	68.375	4
5339	40.75	4
5340	159.375	4
5342	131.0	5
5343	98.625	3
5344	87.0	1
5345	300.5	7
5346	120.75	5
5347	44.375	4
5348	26.0	1
5349	24.125	1
5350	65.0	4
5351	167.0	6
5352	122.5	5
5353	117.75	3
5354	108.5	6
5355	60.625	6
5357	59.5	5
5358	27.125	3
5359	257.375	4
5360	27.0	1
5361	79.875	5
5362	89.25	4
5363	54.875	3
5364	48.125	3
5365	57.125	4
5366	56.75	1
5367	317.25	1
5368	180.75	6
5369	45.25	4
5370	112.375	7
5371	72.75	4
5372	54.5	1
5373	89.625	6
5374	96.0	6
5375	112.125	5
5376	62.125	3
5377	115.0	4
5378	99.75	4
5379	43.0	3
5380	58.5	1
5381	80.875	5
5382	83.25	5
5385	40.25	3
5386	39.25	3
5387	43.375	2
5388	26.75	1
5389	171.0	3
5390	75.125	5
5391	68.25	5
5392	86.375	4
5393	104.5	5
5394	51.625	5
5395	41.25	3
5396	139.125	5
5397	46.125	3
5399	30.125	2
5400	89.5	4
5401	347.5	2
5402	219.125	8
5403	25.75	2
5404	58.25	3
5405	125.75	5
5406	138.125	4
5407	84.0	4
5408	23.25	3
5409	89.375	4
5410	42.75	3
5411	40.5	2
5412	33.875	3
5413	64.25	6
5414	136.5	5
5415	108.75	5
5416	46.75	3
5417	88.375	1
5418	40.25	4
5419	191.375	1
5420	125.75	6
5421	123.375	5
5422	56.875	4
5423	101.625	4
5424	112.0	5
5425	24.625	1
5426	39.75	3
5427	39.25	3
5428	28.375	1
5429	86.25	4
5430	77.25	5
5431	299.5	8
5432	324.5	7
5433	40.875	3
5434	92.5	5
5436	83.75	1
5437	114.75	5
5438	205.625	4
5439	69.0	4
5440	109.0	4
5441	195.5	1
5442	274.875	12
5443	108.375	6
5444	100.125	7
5445	203.375	6
5446	50.75	5
5447	119.5	7
5448	74.0	4
5449	98.25	5
5450	29.25	1
5451	118.375	5
5452	97.125	6
5453	109.625	4
5454	22.5	1
5455	28.75	1
5456	41.75	3
5457	55.5	4
5458	42.625	3
5460	97.375	3
5461	180.125	6
5462	67.75	1
5463	168.25	6
5464	65.25	5
5465	27.125	1
5466	319.0	2
5467	367.625	3
5468	134.0	3
5469	63.125	1
5470	325.5	5
5471	23.125	1
5472	106.75	5
5473	164.375	5
5474	69.875	4
5475	228.5	8
5476	34.5	3
5477	68.0	4
5478	46.0	3
5479	285.125	7
5480	109.75	2
5481	22.25	1
5482	149.125	5
5483	330.75	1
5484	151.625	4
5485	149.0	7
5486	68.5	5
5488	52.0	4
5490	81.75	5
5491	99.375	4
5492	217.375	4
5493	66.5	4
5494	209.125	6
5495	43.75	3
5496	77.875	4
5497	18.75	2
5498	30.75	3
5499	260.0	6
5501	107.25	6
5503	99.25	4
5505	196.5	7
5506	38.375	4
5507	40.25	3
5508	108.875	4
5509	34.0	1
5510	110.0	5
5511	26.75	1
5512	29.5	1
5514	41.75	1
5515	80.5	4
5516	60.0	3
5517	253.25	6
5518	66.75	7
5519	163.625	5
5520	37.5	4
5522	191.0	4
5523	100.75	5
5524	98.5	3
5525	49.75	3
5526	33.25	1
5527	50.875	3
5528	99.25	3
5529	144.0	6
5530	26.0	1
5531	167.25	7
5532	134.25	3
5533	233.875	7
5534	289.875	5
5535	156.125	4
5536	53.375	1
5537	103.625	5
5538	111.0	6
5539	193.5	4
5540	83.5	4
5541	254.875	8
5542	205.25	5
5543	14.5	1
5544	108.0	4
5545	120.25	4
5546	178.0	7
5547	50.375	3
5548	160.5	4
5549	32.0	3
5550	224.75	1
5551	51.875	2
5552	55.5	3
5553	46.375	3
5554	130.0	6
5555	42.0	3
5556	63.625	3
5557	107.25	5
5558	113.75	5
5559	112.875	3
5560	26.875	3
5561	40.25	3
5562	123.0	4
5563	199.375	11
5564	70.625	2
5565	34.0	3
5566	138.125	4
5567	57.75	3
5568	26.25	3
5569	55.875	5
5570	66.5	5
5571	50.25	3
5572	67.5	4
5573	26.625	3
5574	69.625	5
5575	25.625	1
5576	64.375	5
5577	133.75	4
5579	237.75	10
5580	231.5	6
5581	132.125	1
5582	74.75	4
5583	83.0	2
5584	203.125	3
5585	221.125	10
5586	128.125	8
5587	408.125	3
5588	120.125	4
5589	103.5	4
5590	87.75	3
5591	121.625	5
5592	103.875	7
5593	108.125	5
5594	22.5	2
5595	131.625	5
5596	217.0	6
5597	197.375	8
5598	90.375	3
5599	85.375	3
5600	319.0	5
5601	134.125	5
5602	186.25	7
5603	346.0	7
5604	142.375	5
5606	64.125	4
5607	66.25	4
5608	84.25	1
5609	38.25	3
5610	34.0	2
5611	44.5	3
5612	62.125	3
5613	251.75	4
5614	103.375	3
5615	34.625	1
5616	82.75	7
5617	123.625	7
5618	86.375	3
5619	102.875	7
5620	76.75	1
5621	32.75	3
5622	88.125	7
5623	65.5	3
5624	179.625	3
5625	27.0	2
5626	83.375	1
5627	139.375	4
5628	122.0	8
5630	18.5	3
5631	88.5	3
5632	106.625	7
5633	108.875	4
5634	238.375	5
5635	181.25	9
5636	87.25	4
5638	54.125	3
5639	41.0	3
5640	89.125	5
5641	64.25	3
5642	38.5	3
5643	55.0	3
5644	293.5	1
5645	128.0	7
5646	199.625	3
5647	30.0	3
5648	358.75	10
5649	20.5	1
5650	75.375	4
5651	138.125	5
5652	23.25	1
5653	19.75	1
5654	233.75	4
5655	81.75	4
5656	48.875	4
5658	228.75	3
5659	18.0	1
5660	37.0	3
5661	23.75	1
5662	92.75	6
5663	391.125	8
5664	88.0	9
5665	119.625	1
5666	76.5	4
5667	20.875	1
5668	139.75	5
5669	27.0	3
5670	247.25	10
5671	98.375	3
5672	40.5	3
5673	35.25	1
5675	27.5	3
5676	32.5	1
5677	57.375	1
5678	91.125	6
5679	84.0	2
5680	54.125	3
5681	29.25	2
5682	179.625	6
5683	19.25	2
5684	69.25	4
5685	39.25	1
5686	179.625	4
5687	73.5	4
5688	155.5	4
5689	67.25	3
5691	41.875	3
5692	217.5	1
5693	56.875	3
5694	164.375	2
5695	234.625	5
5697	30.125	1
5698	199.875	4
5700	42.875	3
5701	21.75	1
5702	85.0	3
5703	42.375	4
5704	130.875	2
5705	74.0	1
5706	59.5	4
5708	31.75	3
5709	353.5	8
5710	102.25	6
5711	34.0	3
5712	322.5	7
5713	172.375	5
5714	134.0	4
5715	309.0	8
5716	20.5	1
5717	357.125	2
5718	330.0	1
5719	66.75	4
5720	75.125	6
5722	44.25	1
5723	55.0	4
5724	36.75	3
5725	150.25	6
5726	166.125	8
5727	40.625	3
5728	103.875	3
5729	237.625	4
5730	48.125	2
5731	136.125	5
5732	158.75	2
5733	216.875	5
5734	112.375	3
5735	74.375	6
5736	47.0	3
5738	102.625	3
5739	91.375	8
5740	22.0	2
5741	181.0	5
5742	123.125	3
5743	338.375	5
5744	39.125	3
5745	122.0	6
5746	81.75	1
5747	168.375	4
5748	30.375	3
5749	31.25	3
5750	244.375	1
5751	21.0	1
5752	164.75	1
5753	25.125	2
5754	37.875	3
5755	69.5	1
5756	32.75	4
5757	37.625	1
5758	167.875	7
5759	26.375	1
5760	36.75	3
5761	127.625	4
5763	114.5	5
5764	42.125	3
5765	244.75	12
5766	182.625	3
5767	68.875	3
5768	36.0	1
5769	63.625	3
5770	260.375	3
5771	283.875	4
5772	129.0	5
5773	53.375	4
5774	22.875	1
5775	34.0	3
5776	200.375	8
5777	106.375	4
5779	63.75	1
5780	205.875	6
5781	284.125	5
5782	21.0	1
5784	43.125	3
5785	277.875	4
5786	32.75	1
5787	23.5	1
5788	199.25	3
5789	58.75	1
5790	33.75	2
5791	93.75	5
5792	153.375	4
5793	140.625	5
5794	79.125	5
5795	246.25	6
5796	20.25	1
5797	73.75	4
5798	49.875	3
5799	79.25	4
5800	187.5	4
5801	238.75	8
5802	44.125	3
5803	73.25	5
5804	208.875	5
5805	144.0	4
5807	130.625	4
5809	49.0	3
5810	110.875	3
5811	25.5	3
5812	40.25	3
5813	57.875	5
5814	21.0	1
5815	42.625	4
5816	124.5	1
5817	80.5	2
5818	155.25	6
5819	43.625	3
5820	66.375	4
5821	207.375	8
5822	38.75	3
5823	30.25	3
5824	68.875	3
5825	54.5	3
5826	21.0	2
5827	34.25	1
5828	112.25	6
5829	248.875	8
5830	31.875	1
5832	53.375	4
5833	112.0	5
5834	39.5	3
5835	139.25	6
5836	359.5	2
5837	149.25	4
5838	23.875	2
5839	34.125	3
5840	169.625	7
5841	194.75	5
5842	87.375	7
5843	181.0	6
5844	30.5	1
5845	26.25	3
5846	299.125	6
5848	111.25	5
5849	42.5	4
5850	88.0	7
5851	133.25	1
5853	78.5	5
5854	33.875	2
5855	45.5	1
5856	37.0	1
5857	126.375	5
5858	34.5	3
5859	60.25	3
5860	49.75	5
5861	58.875	3
5862	42.0	3
5864	385.75	9
5865	309.75	8
5866	170.375	7
5867	239.0	7
5868	58.0	3
5869	33.0	3
5870	67.125	5
5871	152.125	7
5872	25.0	3
5873	236.375	10
5874	26.5	3
5875	46.75	4
5876	133.625	6
5877	62.5	3
5878	104.375	2
5880	218.125	5
5881	76.625	3
5882	337.75	9
5883	94.0	5
5884	20.5	1
5885	42.875	3
5886	23.25	1
5888	388.5	2
5889	34.25	3
5891	44.75	3
5892	112.0	5
5893	126.25	5
5894	389.875	9
5895	48.375	3
5896	44.125	3
5897	77.25	1
5898	205.5	6
5900	108.0	7
5902	134.5	7
5903	86.375	7
5904	61.625	5
5905	36.25	3
5906	175.375	6
5907	26.0	3
5908	64.25	1
5909	100.0	5
5910	40.875	1
5911	183.75	9
5912	87.875	1
5913	173.75	7
5914	82.625	4
5915	83.875	3
5916	97.375	5
5917	73.25	4
5919	59.0	3
5920	40.875	2
5921	362.875	4
5922	69.0	3
5923	305.25	8
5924	224.125	7
5925	123.25	7
5926	30.25	3
5927	32.25	3
5928	38.875	3
5929	37.75	1
5930	191.375	5
5931	78.75	3
5932	98.5	5
5933	138.5	7
5934	195.25	6
5935	325.625	10
5936	112.625	8
5938	107.0	8
5939	40.0	3
5940	269.625	2
5941	527.25	1
5942	25.0	3
5943	206.125	7
5944	32.5	3
5945	25.0	1
5946	111.625	8
5947	109.0	3
5949	94.875	3
5950	70.375	5
5951	70.5	5
5952	186.625	6
5953	23.5	1
5954	182.25	1
5955	205.125	6
5956	92.0	9
5957	154.75	6
5958	24.25	1
5960	40.25	3
5961	143.375	2
5962	40.5	1
5963	56.375	4
5964	80.0	6
5965	35.75	3
5966	27.25	1
5967	224.875	5
5968	150.375	7
5970	134.75	4
5971	52.75	3
5972	284.75	1
5973	48.25	3
5974	23.5	2
5975	20.0	1
5976	62.75	1
5977	101.75	6
5978	55.125	5
5980	45.0	1
5982	45.0	1
5983	74.0	4
5984	17.0	1
5985	73.125	4
5986	19.75	1
5987	271.0	5
5988	51.375	3
5989	80.5	2
5990	29.625	3
5991	267.0	5
5992	116.875	5
5993	89.625	4
5994	46.5	2
5995	56.0	1
5996	31.0	1
5997	23.25	1
5998	78.375	5
5999	154.375	6
6000	48.0	3
6002	103.875	3
6003	80.75	4
6004	114.25	5
6006	72.5	4
6007	113.75	5
6008	80.75	3
6009	99.75	4
6010	223.25	7
6011	96.875	5
6012	319.25	1
6013	117.5	5
6014	42.875	3
6015	107.0	2
6016	138.25	5
6017	32.75	3
6018	38.375	3
6019	118.375	6
6020	47.75	1
6021	53.375	3
6022	77.0	2
6023	20.75	2
6024	168.0	3
6025	19.75	1
6026	269.75	6
6027	220.75	7
6028	205.625	11
6030	27.0	3
6032	23.25	1
6033	37.5	3
6034	418.625	5
6035	54.875	3
6036	145.75	5
6037	30.5	2
6038	80.875	4
6039	17.5	1
6040	234.25	8
6041	113.25	7
6042	472.375	3
6043	219.25	7
6044	59.875	4
6045	28.75	1
6046	127.25	5
6047	185.25	4
6048	84.375	7
6049	174.5	6
6051	107.375	1
6053	75.25	4
6054	283.125	5
6055	28.625	1
6056	113.0	6
6057	141.875	5
6058	24.75	1
6059	58.125	5
6060	71.375	4
6061	156.25	7
6062	44.875	3
6063	71.75	6
6064	285.625	8
6065	48.5	3
6067	82.0	1
6068	20.0	1
6069	124.0	7
6070	78.875	4
6071	236.5	7
6072	23.25	1
6073	112.875	6
6074	21.625	2
6075	56.25	3
6076	198.5	5
6077	95.125	5
6078	121.75	5
6079	83.875	5
6080	20.25	1
6081	28.25	3
6082	135.625	6
6083	51.5	5
6084	146.125	6
6085	20.75	1
6086	108.625	8
6087	59.0	4
6088	84.0	3
6089	96.375	5
6090	32.25	1
6091	153.5	9
6092	201.75	5
6093	192.0	5
6094	120.0	3
6095	159.375	4
6096	170.125	7
6097	101.5	7
6098	82.0	7
6099	24.125	1
6100	144.375	4
6102	28.0	1
6103	98.75	6
6104	180.125	7
6105	84.25	4
6106	159.125	4
6107	99.625	3
6108	56.5	5
6109	93.5	7
6110	47.0	3
6111	43.25	4
6112	36.25	4
6113	166.5	7
6114	80.125	4
6115	109.0	5
6116	91.5	2
6117	28.25	2
6118	176.25	5
6119	156.25	8
6120	71.75	1
6121	48.875	4
6122	22.0	2
6123	65.0	3
6124	58.375	1
6125	245.75	5
6126	469.625	6
6127	143.5	5
6128	190.5	7
6129	36.625	3
6130	48.0	3
6131	62.0	5
6132	58.25	3
6133	73.0	4
6134	38.0	3
6135	25.75	1
6136	22.625	2
6137	81.5	6
6138	19.0	1
6139	122.5	5
6140	82.0	2
6141	93.875	3
6142	47.5	3
6143	118.625	10
6144	19.5	2
6145	37.0	2
6146	55.25	3
6147	58.875	4
6148	30.25	1
6151	171.5	6
6152	129.5	4
6153	103.375	1
6154	136.875	3
6155	71.0	3
6156	399.125	2
6157	22.375	1
6158	136.5	3
6159	35.875	4
6160	52.375	3
6161	306.0	7
6162	109.0	4
6163	249.875	4
6164	259.375	8
6165	75.875	7
6166	315.375	2
6167	88.5	5
6168	117.5	3
6169	40.75	3
6170	137.125	7
6171	168.375	5
6172	225.25	8
6173	20.5	2
6174	170.75	7
6175	66.625	3
6176	65.5	6
6177	78.125	1
6178	69.5	4
6179	185.0	7
6180	85.125	4
6181	139.25	4
6183	106.25	4
6184	177.25	5
6185	79.5	1
6186	94.5	4
6187	53.75	3
6188	38.25	3
6189	154.5	2
6190	36.25	4
6191	192.0	5
6192	266.25	6
6193	331.625	5
6196	98.25	4
6197	148.5	3
6198	290.5	1
6200	32.875	2
6201	248.375	6
6203	79.875	5
6204	50.625	1
6205	70.125	4
6206	74.75	1
6207	162.875	7
6208	90.875	6
6209	90.75	5
6210	26.625	1
6211	277.25	5
6212	31.75	1
6213	207.5	7
6214	28.0	1
6216	51.375	3
6217	264.125	7
6218	173.0	7
6219	29.0	1
6220	47.0	5
6221	74.0	1
6222	124.375	5
6223	62.25	4
6224	81.875	5
6225	125.75	4
6226	204.875	7
6227	115.25	3
6228	33.875	1
6230	20.0	1
6231	40.5	3
6232	26.25	3
6233	87.375	5
6234	116.125	5
6236	97.625	6
6237	207.75	7
6238	359.125	1
6239	193.5	4
6241	182.625	7
6242	55.5	4
6243	52.0	3
6244	145.0	3
6245	39.125	3
6246	133.75	5
6247	235.25	4
6248	203.875	5
6249	321.5	3
6250	161.125	5
6251	21.75	2
6252	93.75	2
6253	179.75	1
6254	100.125	7
6255	113.125	3
6256	45.25	4
6257	139.875	8
6258	115.5	5
6260	29.25	3
6261	69.375	4
6262	19.75	1
6263	84.0	5
6264	34.875	1
6265	148.0	6
6266	130.0	6
6267	29.75	3
6268	21.75	3
6269	35.25	2
6270	25.5	2
6271	47.75	1
6272	135.625	8
6273	118.0	6
6274	216.375	5
6275	215.125	4
6276	81.375	5
6277	57.125	3
6278	241.0	7
6280	28.25	3
6281	261.5	1
6282	247.0	5
6283	36.5	3
6284	58.375	3
6285	93.5	5
6286	29.25	2
6287	45.0	1
6289	131.875	5
6290	127.75	7
6291	136.0	8
6292	145.25	8
6293	214.875	7
6294	48.875	3
6295	63.5	4
6296	60.75	3
6297	73.125	4
6298	48.375	3
6299	32.25	2
6300	146.25	8
6301	61.25	7
6302	300.125	3
6303	20.5	1
6304	22.125	2
6306	23.625	1
6307	39.5	2
6308	86.375	7
6309	288.0	2
6310	99.625	4
6311	57.25	3
6312	114.625	5
6314	17.25	1
6315	43.625	3
6316	22.25	3
6317	28.125	1
6318	32.25	2
6319	154.5	5
6320	89.5	4
6321	339.625	7
6322	42.25	3
6323	298.25	7
6324	94.875	3
6325	97.5	5
6326	139.5	5
6327	83.125	4
6328	115.625	3
6330	112.375	6
6331	25.125	3
6332	48.125	1
6333	256.0	9
6334	143.0	5
6335	147.75	5
6336	165.625	5
6337	41.25	5
6338	20.75	1
6339	38.0	3
6340	142.5	5
6341	45.75	3
6342	40.125	3
6343	70.875	5
6345	66.125	4
6346	90.125	5
6347	39.875	2
6348	60.5	3
6349	37.25	3
6350	55.25	3
6351	84.75	1
6352	26.5	3
6353	33.375	3
6354	107.25	5
6355	173.0	2
6356	175.375	5
6357	86.5	4
6358	76.5	6
6359	183.0	6
6360	182.625	1
6361	301.75	4
6362	261.5	8
6364	278.625	8
6365	39.75	3
6366	64.0	3
6367	33.0	3
6368	156.75	6
6369	23.25	2
6370	42.25	4
6371	248.875	1
6372	39.25	4
6373	97.75	8
6374	98.0	5
6375	23.25	1
6377	136.25	6
6379	164.5	1
6380	120.5	3
6382	87.125	1
6383	127.0	1
6384	95.0	6
6385	83.25	6
6386	31.0	3
6387	19.25	1
6388	94.375	6
6389	399.625	12
6390	99.875	5
6391	25.0	3
6392	213.0	5
6393	112.125	4
6394	30.5	3
6395	140.375	2
6396	151.75	6
6397	82.5	4
6398	92.375	1
6399	81.875	6
6400	217.625	6
6401	86.125	6
6402	70.625	3
6403	188.25	7
6404	144.75	3
6405	26.75	1
6406	40.0	3
6407	469.625	5
6408	51.625	3
6409	95.875	8
6410	97.875	4
6411	148.5	7
6412	68.5	5
6413	67.75	4
6414	138.625	5
6415	275.875	1
6416	103.25	4
6417	115.5	5
6418	72.375	3
6419	37.625	1
6421	100.0	6
6422	73.875	5
6424	239.125	7
6425	45.5	3
6426	45.125	3
6427	81.25	2
6428	140.5	3
6429	24.875	1
6430	68.875	5
6431	85.25	5
6432	42.875	2
6433	89.0	5
6434	38.0	3
6435	67.0	3
6436	44.75	3
6437	40.25	3
6438	115.125	5
6439	294.0	6
6440	38.5	1
6441	199.5	8
6442	80.625	2
6443	77.5	5
6444	119.0	8
6445	51.75	5
6446	107.375	5
6447	22.0	1
6448	360.125	6
6449	64.875	5
6451	91.25	5
6452	64.25	1
6453	94.75	1
6454	172.0	6
6455	302.0	8
6456	24.75	3
6457	104.5	1
6458	22.5	1
6459	45.25	3
6460	52.625	3
6462	29.75	1
6463	57.5	3
6464	33.0	1
6465	101.25	4
6466	151.0	3
6469	157.625	8
6470	82.25	5
6471	305.25	3
6472	160.75	5
6473	54.0	1
6474	38.25	3
6475	91.375	7
6476	44.75	3
6477	109.25	5
6478	38.375	3
6479	89.75	1
6480	20.5	1
6481	53.25	3
6482	38.875	2
6483	72.875	4
6484	134.5	7
6485	62.375	3
6486	44.75	6
6488	95.5	6
6489	71.375	3
6490	332.125	3
6491	219.25	5
6492	82.5	4
6493	25.625	2
6494	346.0	6
6495	158.875	6
6496	112.125	4
6497	143.125	7
6498	80.125	4
6499	64.25	3
6500	83.25	6
6501	100.375	5
6502	40.625	3
6503	26.0	1
6504	70.5	4
6505	39.25	3
6506	110.875	5
6507	193.0	7
6508	175.625	5
6509	152.875	6
6510	174.875	6
6511	22.875	1
6512	189.0	1
6513	158.75	7
6514	41.0	3
6515	19.75	1
6516	41.125	3
6517	136.625	2
6518	48.875	1
6519	328.75	5
6521	54.75	3
6522	98.0	4
6523	67.625	3
6524	194.5	5
6525	54.75	4
6526	70.5	4
6527	48.875	3
6528	193.125	7
6529	37.625	4
6530	92.125	5
6531	49.75	3
6532	20.75	1
6533	90.625	4
6534	18.0	1
6535	96.5	4
6536	22.0	2
6538	55.75	1
6539	32.625	3
6540	112.5	8
6541	203.125	2
6542	24.0	1
6543	212.625	6
6544	180.5	5
6545	59.125	3
6546	134.125	6
6547	81.375	1
6548	101.75	3
6549	89.125	5
6550	194.875	5
6551	83.25	6
6552	28.5	3
6553	152.0	6
6554	67.25	5
6555	227.875	1
6556	73.5	3
6557	102.5	4
6558	232.375	7
6559	136.375	7
6560	103.625	9
6561	89.125	4
6562	62.375	5
6563	47.25	3
6564	146.0	1
6565	124.75	1
6566	114.5	4
6567	106.125	2
6568	188.5	6
6569	58.25	5
6570	39.375	4
6571	250.75	1
6572	114.75	7
6573	181.625	4
6574	573.75	8
6575	29.375	1
6576	49.875	3
6577	82.75	5
6578	82.5	3
6579	68.75	5
6580	71.0	5
6581	162.875	3
6582	32.25	2
6583	238.625	7
6585	40.875	2
6586	102.375	6
6587	48.0	3
6588	333.375	2
6589	94.875	4
6590	47.375	3
6591	93.5	1
6592	71.125	2
6593	69.375	4
6594	101.0	3
6596	38.875	3
6597	40.125	3
6599	47.625	3
6603	95.625	5
6604	60.875	3
6605	22.5	1
6606	168.75	6
6607	60.75	5
6608	48.0	3
6609	140.625	9
6610	41.375	3
6611	94.75	1
6612	40.875	5
6613	176.875	5
6614	20.0	1
6615	150.625	7
6616	102.5	6
6617	72.125	1
6618	45.25	3
6619	46.0	3
6620	81.75	1
6622	127.25	5
6623	46.125	1
6624	75.0	3
6625	85.5	1
6626	51.0	3
6627	60.75	3
6628	60.25	1
6629	55.625	3
6630	74.0	6
6631	158.5	3
6633	60.375	2
6634	25.75	3
6635	92.875	4
6636	29.0	4
6637	31.5	3
6638	20.125	1
6639	150.5	7
6640	182.75	2
6641	52.625	3
6642	96.5	4
6643	235.375	5
6644	89.0	4
6645	87.375	5
6646	66.75	3
6648	107.5	6
6650	325.5	9
6652	92.0	1
6653	25.75	3
6654	21.5	1
6655	67.0	5
6656	249.125	5
6657	32.0	2
6658	20.25	1
6659	32.5	3
6660	103.25	5
6661	265.375	1
6662	41.0	3
6664	59.25	3
6665	154.375	4
6666	189.25	4
6668	92.125	4
6669	49.75	4
6670	176.0	2
6671	72.625	1
6672	148.25	5
6673	368.375	11
6674	63.375	1
6675	47.125	3
6676	514.875	1
6677	75.75	3
6679	69.75	3
6680	33.5	3
6681	220.125	7
6682	61.25	4
6683	175.5	5
6684	57.125	1
6685	125.375	4
6687	78.625	3
6688	125.375	5
6689	18.75	2
6690	161.25	5
6691	60.0	4
6692	310.5	1
6693	82.875	5
6694	240.875	4
6695	34.75	3
6696	196.875	7
6697	78.375	4
6698	27.75	3
6699	158.75	6
6700	84.0	4
6701	65.25	4
6702	96.875	5
6703	27.0	3
6704	117.125	9
6705	45.875	2
6706	79.875	4
6707	46.25	3
6708	108.375	3
6710	146.875	6
6711	37.75	1
6712	61.75	4
6713	32.125	4
6714	114.25	7
6715	19.75	1
6716	78.0	4
6717	42.125	4
6718	49.625	4
6719	278.75	4
6720	29.25	3
6721	77.25	4
6722	203.0	7
6723	89.875	4
6724	47.375	4
6726	125.875	7
6727	22.75	1
6728	48.625	4
6729	84.625	3
6730	216.125	4
6731	72.0	4
6732	207.125	5
6733	126.25	7
6734	90.375	4
6735	130.625	6
6736	52.75	4
6737	68.875	7
6738	21.625	1
6739	97.25	5
6740	148.125	4
6741	318.0	2
6742	34.5	3
6743	102.25	4
6744	163.25	5
6745	118.0	5
6746	129.0	5
6747	18.5	1
6748	123.0	5
6749	50.625	3
6750	87.25	5
6751	444.0	1
6752	110.5	7
6753	53.125	3
6754	125.0	6
6755	79.75	4
6756	204.125	10
6757	88.625	5
6758	122.25	5
6759	160.25	5
6760	75.375	3
6761	21.5	1
6762	91.75	5
6763	125.5	8
6764	150.25	4
6765	317.625	1
6766	66.0	5
6767	180.375	6
6768	397.375	2
6769	191.5	6
6770	167.75	4
6771	175.875	5
6772	144.125	7
6773	72.75	5
6774	65.75	2
6775	70.5	3
6777	63.625	4
6778	184.0	6
6779	276.0	2
6780	273.5	5
6781	115.25	2
6783	376.0	8
6784	66.0	3
6785	62.125	4
6786	180.5	6
6787	335.875	3
6788	20.375	2
6789	67.375	4
6790	98.75	3
6791	18.25	1
6792	111.375	6
6793	33.375	3
6794	201.25	4
6796	255.5	9
6797	96.25	6
6798	38.25	3
6800	239.5	2
6801	86.0	6
6802	61.75	5
6803	40.25	3
6804	58.25	1
6806	105.25	2
6807	172.75	6
6808	118.5	5
6810	128.5	8
6811	97.125	5
6812	58.25	4
6813	28.75	3
6814	168.375	7
6815	30.0	3
6816	75.25	5
6817	23.5	1
6818	143.75	4
6819	28.25	2
6820	25.25	1
6822	20.75	3
6823	37.75	2
6824	21.75	1
6825	54.0	4
6826	84.375	5
6827	187.625	3
6828	196.375	5
6829	53.25	3
6830	132.25	7
6831	85.25	5
6832	242.625	9
6833	87.75	3
6834	138.0	5
6835	26.875	1
6836	83.0	4
6837	83.875	1
6838	33.625	2
6839	99.5	5
6840	48.75	3
6841	140.375	5
6843	44.375	3
6844	40.125	2
6845	20.75	3
6846	52.75	3
6847	203.125	13
6848	85.25	5
6849	56.25	4
6850	21.0	1
6851	69.5	6
6852	78.0	6
6853	162.75	8
6854	38.5	4
6855	30.75	3
6856	291.0	10
6858	46.375	4
6859	329.875	6
6860	43.25	3
6861	113.75	3
6862	28.0	3
6863	65.125	3
6864	111.0	6
6865	44.0	5
6866	486.125	11
6867	80.5	1
6868	330.375	1
6869	43.0	3
6870	107.25	5
6871	198.875	7
6872	21.125	1
6873	22.75	3
6874	78.625	3
6875	112.0	5
6877	83.75	5
6878	22.0	1
6879	60.0	3
6880	51.625	3
6881	216.125	2
6882	99.625	4
6883	156.0	2
6884	67.375	1
6885	247.5	8
6886	215.25	7
6887	208.125	5
6888	156.0	6
6889	100.0	5
6890	86.25	6
6891	322.0	7
6892	24.875	1
6893	47.25	1
6894	60.75	3
6895	22.5	1
6896	33.625	3
6897	24.0	2
6898	46.875	3
6899	26.875	1
6900	144.75	4
6901	132.5	6
6903	121.125	6
6904	114.375	4
6905	26.75	3
6906	54.625	1
6907	64.5	3
6908	141.125	7
6909	105.25	4
6910	41.5	3
6911	50.875	3
6912	74.125	4
6913	22.25	3
6914	20.75	2
6915	55.0	4
6916	148.5	5
6917	57.75	1
6918	126.875	5
6919	85.125	6
6920	42.25	3
6921	48.0	3
6923	20.25	3
6924	220.625	4
6925	33.625	2
6926	28.0	3
6927	119.5	5
6928	37.875	3
6929	22.5	1
6930	73.625	1
6931	130.0	3
6932	131.0	5
6933	187.125	5
6934	24.875	1
6935	100.75	5
6936	61.0	5
6937	353.625	11
6938	45.625	3
6939	105.0	7
6940	21.5	1
6941	151.0	7
6942	76.875	5
6943	24.875	3
6944	23.5	1
6945	202.0	1
6946	241.625	6
6947	86.75	5
6948	27.125	1
6949	101.375	1
6951	37.625	2
6952	224.0	8
6953	68.25	3
6954	80.25	4
6956	140.125	7
6957	264.25	8
6958	78.25	1
6959	168.5	6
6960	34.625	3
6961	99.25	1
6962	58.5	3
6963	46.25	3
6964	45.25	3
6965	128.0	7
6966	172.875	7
6967	154.25	9
6968	35.625	3
6969	128.875	5
6970	46.25	3
6971	35.25	3
6972	68.5	1
6973	70.25	5
6974	19.25	1
6975	164.0	5
6976	65.25	3
6977	68.25	7
6978	45.25	1
6979	150.875	5
6981	242.875	4
6982	52.5	1
6983	20.5	1
6984	47.75	1
6985	79.5	2
6986	51.75	3
6988	74.0	3
6989	83.25	3
6990	139.625	5
6991	155.625	5
6993	35.625	4
6994	74.0	4
6995	138.25	7
6996	26.625	3
6998	244.875	9
6999	152.25	5
7000	186.875	4
7001	34.125	3
7002	33.0	3
7003	35.0	3
7004	123.875	4
7005	32.0	3
7006	51.75	3
7007	283.0	6
7008	44.0	3
7009	34.375	2
7010	95.75	1
7011	21.75	1
7012	59.125	1
7013	44.0	4
7014	36.5	3
7015	89.5	3
7016	135.5	3
7017	73.0	4
7019	39.125	4
7020	51.125	3
7021	92.125	3
7022	32.375	3
7023	80.375	1
7024	65.875	4
7025	123.75	1
7026	111.0	4
7027	63.875	3
7028	57.25	5
7030	254.0	1
7033	19.75	1
7034	247.625	6
7035	36.125	1
7036	25.375	1
7037	103.75	6
7038	46.375	3
7039	106.375	5
7040	198.5	7
7041	129.375	7
7042	257.0	8
7043	131.5	1
7044	386.375	8
7045	24.0	3
7046	166.25	5
7047	54.75	4
7048	32.375	3
7049	64.0	2
7050	92.625	3
7051	31.0	1
7052	100.875	5
7053	88.375	8
7054	75.75	5
7056	31.0	2
7057	38.875	3
7058	80.0	6
7059	267.25	10
7060	77.0	1
7061	25.25	3
7062	214.0	7
7063	28.375	3
7064	39.75	3
7065	69.0	2
7067	61.625	3
7068	41.375	4
7069	54.625	3
7070	23.75	1
7071	25.75	3
7072	115.125	5
7073	37.75	3
7074	25.25	1
7075	85.625	5
7076	28.5	1
7077	33.0	3
7078	32.5	3
7079	188.125	7
7080	30.875	1
7081	44.75	3
7082	42.25	4
7083	122.375	6
7084	30.0	1
7085	39.25	3
7086	252.625	3
7087	145.375	4
7088	29.5	3
7089	41.0	2
7090	140.875	7
7091	79.75	3
7092	83.5	3
7093	87.25	4
7094	154.0	8
7095	79.25	6
7096	79.25	4
7097	27.375	3
7098	107.375	4
7099	175.0	6
7101	24.5	1
7102	34.0	3
7103	88.125	5
7104	190.25	6
7105	100.75	3
7106	157.625	4
7107	24.0	1
7108	255.75	16
7109	269.625	4
7110	39.875	3
7111	152.75	4
7112	115.375	3
7113	94.25	4
7114	428.125	1
7115	39.25	1
7116	26.0	3
7117	49.75	3
7118	39.0	3
7119	78.375	2
7120	69.125	5
7121	42.5	3
7123	70.875	4
7124	137.125	7
7125	58.0	2
7126	248.0	7
7127	149.25	7
7128	122.25	2
7130	31.5	3
7131	89.75	3
7132	97.0	5
7133	23.75	1
7134	29.0	3
7135	115.125	2
7136	96.75	5
7137	21.5	3
7138	55.75	3
7139	260.0	5
7140	21.0	3
7141	114.0	3
7142	261.5	8
7143	171.875	5
7144	29.5	3
7145	81.625	5
7147	231.5	3
7148	43.5	3
7149	44.375	3
7150	116.5	5
7151	37.75	3
7152	82.0	4
7153	20.5	1
7155	61.75	4
7156	211.0	6
7157	461.75	1
7158	86.125	4
7159	163.25	6
7160	127.0	1
7161	172.75	6
7163	118.25	5
7164	67.625	5
7165	65.5	4
7166	41.25	3
7167	23.125	1
7168	58.25	5
7169	44.75	3
7170	166.25	2
7171	29.0	3
7172	197.0	4
7173	20.375	3
7174	84.5	3
7175	41.5	1
7176	30.75	1
7177	35.25	3
7178	28.625	1
7179	170.375	4
7180	255.5	5
7181	147.5	3
7182	39.125	4
7183	220.625	3
7184	79.875	6
7185	24.375	1
7186	196.75	7
7187	39.25	1
7188	156.0	8
7189	82.875	5
7190	125.75	5
7191	24.125	1
7192	54.25	4
7193	150.875	6
7194	27.375	1
7195	192.0	7
7196	165.75	7
7197	172.75	7
7198	30.375	3
7199	434.875	5
7202	145.625	4
7203	21.25	3
7204	60.875	4
7205	24.5	1
7206	30.5	2
7207	55.25	3
7208	37.25	2
7209	30.375	1
7211	90.0	5
7212	164.875	3
7213	142.875	7
7214	29.0	2
7215	82.5	4
7216	298.25	7
7217	72.25	5
7218	184.75	1
7219	30.375	2
7220	78.25	2
7221	27.625	1
7222	73.875	4
7223	101.5	5
7224	112.0	5
7225	46.25	3
7226	65.625	3
7227	27.0	3
7228	73.875	3
7229	56.5	3
7230	116.75	7
7231	225.0	7
7232	81.0	5
7233	113.375	6
7234	48.0	4
7235	129.125	5
7236	44.25	2
7237	24.25	1
7238	38.25	5
7239	99.25	5
7240	82.875	5
7241	73.125	4
7242	100.0	3
7243	30.25	2
7245	220.75	4
7246	45.0	3
7247	134.25	6
7248	56.75	4
7249	36.125	2
7250	83.0	1
7251	42.125	1
7252	22.625	3
7253	74.0	3
7255	123.25	8
7256	98.0	5
7257	62.25	4
7258	54.0	4
7259	28.5	3
7260	100.125	5
7261	163.125	7
7262	77.25	4
7263	67.25	3
7264	97.25	3
7265	25.75	3
7266	18.75	1
7267	73.25	3
7268	152.75	7
7269	133.875	3
7271	244.375	4
7272	296.75	7
7273	93.375	1
7274	42.5	3
7275	300.0	7
7276	18.25	1
7278	32.125	2
7279	31.5	3
7280	23.125	3
7281	48.375	3
7283	65.25	4
7285	208.375	2
7286	32.5	3
7287	30.25	1
7288	27.0	1
7289	38.75	2
7290	88.25	6
7291	317.875	5
7293	104.5	4
7294	30.75	2
7295	79.75	3
7296	30.5	3
7297	149.875	6
7298	115.5	5
7299	91.625	5
7300	237.0	5
7301	208.5	5
7302	35.625	2
7303	25.75	3
7304	42.375	3
7305	33.5	2
7306	95.625	7
7307	142.375	4
7310	91.75	5
7311	149.125	7
7312	80.25	5
7313	42.125	2
7314	299.0	8
7315	156.25	6
7316	163.0	4
7317	77.5	5
7318	26.75	1
7319	169.875	7
7320	249.125	6
7321	32.25	1
7322	161.25	1
7323	80.625	4
7324	73.5	3
7325	61.5	4
7326	49.5	3
7327	43.875	3
7328	37.875	2
7329	34.25	3
7331	72.0	6
7332	81.125	6
7333	48.5	3
7334	92.375	11
7335	79.5	6
7336	90.5	4
7337	33.25	3
7339	294.625	5
7340	41.0	4
7341	30.25	2
7342	85.5	4
7343	200.625	6
7344	72.375	7
7345	113.0	1
7346	29.25	3
7347	182.25	6
7348	36.875	3
7349	55.0	3
7351	124.0	3
7352	75.5	3
7354	110.875	5
7355	170.625	7
7356	31.0	3
7357	20.625	1
7359	89.375	5
7360	274.875	8
7361	55.25	3
7362	18.875	1
7363	44.75	3
7365	33.25	3
7366	80.75	9
7367	139.0	3
7368	193.375	4
7369	394.5	8
7370	47.25	4
7371	179.25	4
7372	168.75	8
7373	51.625	4
7374	16.0	1
7375	171.25	3
7376	214.5	5
7377	42.5	2
7378	92.5	5
7379	150.75	6
7380	62.25	3
7381	55.625	3
7382	48.375	2
7383	41.25	3
7384	30.5	3
7385	116.25	5
7386	129.375	5
7387	299.375	11
7388	124.875	6
7389	174.25	8
7390	211.875	6
7391	93.25	5
7392	56.75	4
7393	68.125	3
7394	74.5	3
7395	85.5	3
7396	145.375	4
7397	448.5	7
7398	186.125	4
7399	56.5	3
7400	60.5	4
7401	62.375	5
7402	91.875	3
7403	29.25	3
7404	307.0	8
7405	256.625	11
7406	177.875	4
7407	79.625	4
7408	34.0	3
7409	236.5	9
7410	167.0	7
7411	28.5	1
7412	64.625	1
7413	98.5	5
7414	96.75	7
7415	28.625	3
7416	40.5	3
7417	25.0	1
7418	27.0	3
7419	70.875	3
7421	40.75	5
7422	65.25	4
7423	59.875	3
7424	36.875	3
7425	41.625	3
7426	359.5	1
7427	182.625	4
7428	97.875	7
7429	64.75	3
7430	348.375	14
7431	268.0	1
7432	128.625	3
7433	40.5	3
7434	20.75	1
7435	33.5	1
7436	99.25	5
7437	41.25	3
7438	54.875	3
7439	88.375	4
7440	168.875	7
7441	130.125	5
7442	28.0	1
7443	214.125	1
7444	21.75	2
7445	172.75	10
7446	107.5	4
7447	120.5	7
7448	112.625	4
7449	81.0	1
7450	66.625	5
7451	26.0	3
7452	162.375	6
7453	24.5	1
7455	24.75	2
7456	203.5	1
7458	196.375	1
7459	33.75	3
7461	39.125	1
7462	171.0	7
7463	46.25	3
7464	82.0	3
7465	32.0	2
7466	118.125	6
7468	70.125	4
7469	54.0	3
7470	60.0	3
7471	118.125	6
7472	71.25	2
7473	160.25	1
7474	120.375	6
7475	66.125	3
7476	45.75	3
7477	19.5	1
7478	64.875	4
7479	33.875	3
7480	69.5	4
7481	81.25	4
7483	70.25	5
7484	50.375	3
7485	123.25	4
7486	215.375	7
7487	127.875	5
7488	35.75	3
7489	159.875	3
7490	176.75	7
7491	95.75	6
7492	25.75	2
7494	118.0	7
7495	173.25	6
7496	78.125	1
7497	100.875	6
7498	133.125	7
7499	248.0	2
7500	69.0	3
7501	43.5	3
7502	103.0	5
7504	143.875	6
7506	137.75	5
7508	595.125	8
7509	71.25	4
7510	87.75	3
7511	70.75	4
7512	168.875	4
7513	30.125	2
7514	98.0	4
7515	22.125	1
7516	84.875	3
7517	48.375	3
7518	64.625	4
7519	163.625	6
7520	45.875	3
7521	44.875	3
7522	88.75	3
7523	36.5	3
7524	58.125	3
7525	16.5	1
7526	49.5	3
7527	167.5	5
7528	234.125	7
7529	91.875	4
7530	92.125	6
7531	185.75	4
7533	63.875	7
7534	64.375	4
7537	146.125	7
7538	59.25	5
7539	37.25	4
7540	353.625	1
7541	51.75	3
7542	202.625	5
7544	172.5	4
7545	151.625	6
7546	70.875	4
7547	51.625	5
7548	73.375	4
7549	49.375	3
7550	337.75	11
7551	89.875	6
7552	49.0	3
7553	94.25	2
7554	22.75	3
7555	33.25	3
7556	95.625	6
7557	280.375	4
7558	22.0	1
7559	198.625	1
7560	111.125	7
7561	135.75	3
7562	249.125	8
7563	33.875	1
7564	45.0	3
7565	248.75	7
7566	35.625	3
7567	33.25	3
7568	162.625	5
7569	61.125	1
7570	310.875	8
7571	52.375	3
7572	69.625	5
7573	21.0	2
7574	74.75	3
7575	231.875	8
7577	351.625	9
7578	139.625	3
7579	25.25	1
7580	123.125	4
7581	167.125	6
7582	91.0	6
7583	220.375	7
7584	43.75	4
7585	46.125	3
7586	21.5	2
7587	37.25	1
7588	180.875	6
7589	33.125	3
7590	125.75	7
7591	157.0	6
7592	175.0	8
7593	23.5	2
7594	114.625	7
7595	115.5	9
7596	115.5	8
7597	235.375	5
7598	171.625	7
7599	199.0	6
7600	62.125	4
7601	53.75	3
7602	29.5	3
7603	35.5	3
7604	37.25	1
7605	82.125	9
7606	133.375	4
7607	248.0	4
7608	80.375	5
7609	275.75	6
7610	58.5	5
7611	69.5	4
7612	196.625	5
7614	17.75	2
7615	20.625	1
7616	23.25	1
7617	71.375	6
7618	74.25	6
7619	273.375	7
7620	52.25	3
7621	72.75	4
7623	166.75	1
7624	140.75	5
7625	203.0	6
7626	26.25	2
7627	166.25	4
7628	19.5	1
7629	36.0	3
7630	55.25	4
7631	89.5	5
7632	22.75	1
7633	78.625	4
7634	26.0	3
7636	66.25	4
7637	66.25	5
7638	54.375	4
7639	96.75	5
7640	274.25	2
7641	41.125	2
7642	75.125	1
7643	183.375	4
7644	32.875	2
7645	66.625	5
7646	95.625	5
7647	44.5	3
7648	203.875	3
7649	112.625	6
7650	115.0	6
7651	18.0	2
7652	73.0	3
7653	329.875	3
7654	20.75	1
7655	79.125	1
7656	19.25	1
7657	23.5	3
7658	159.875	10
7659	33.5	3
7660	26.25	1
7662	158.5	5
7663	162.375	1
7664	35.0	3
7665	48.625	4
7666	18.5	3
7667	32.0	3
7668	75.25	1
7669	138.25	5
7670	87.5	4
7671	68.375	4
7672	102.125	4
7674	97.0	3
7675	51.0	4
7676	62.5	1
7677	79.75	4
7678	57.0	4
7679	120.625	7
7680	78.5	4
7681	209.875	8
7682	114.125	7
7683	157.25	8
7684	40.125	3
7685	215.75	3
7686	17.5	1
7687	112.75	4
7688	307.75	6
7689	39.25	3
7690	116.125	5
7691	112.375	5
7692	83.625	3
7693	51.125	3
7694	69.625	2
7695	64.5	5
7696	54.375	3
7697	31.875	3
7698	241.125	5
7700	113.5	5
7701	61.25	4
7702	57.75	1
7703	72.75	1
7704	59.25	4
7705	57.0	1
7706	57.25	3
7707	54.75	3
7708	22.75	3
7709	156.625	7
7710	99.25	5
7711	216.5	7
7713	99.0	3
7714	148.0	4
7715	152.0	5
7716	162.375	6
7717	62.75	1
7718	27.75	1
7719	125.125	3
7720	103.5	7
7722	20.5	3
7723	93.5	5
7724	61.75	4
7725	86.125	4
7727	76.0	3
7728	66.375	5
7729	157.75	5
7730	67.0	1
7731	282.0	9
7732	21.5	3
7733	130.0	3
7734	20.0	1
7735	94.375	3
7736	30.25	3
7737	421.875	13
7738	151.5	5
7739	22.0	3
7740	118.625	4
7741	103.125	4
7742	36.25	1
7743	44.875	3
7744	28.0	1
7745	136.625	6
7746	73.5	7
7747	135.125	1
7748	34.375	3
7749	24.0	1
7750	39.25	3
7751	65.5	5
7752	133.5	5
7753	141.5	5
7754	19.625	1
7755	194.875	7
7756	235.125	7
7757	194.125	6
7758	161.625	5
7759	203.125	3
7760	214.0	1
7761	68.125	5
7762	77.0	1
7763	81.875	5
7764	26.5	2
7765	135.25	3
7766	88.75	3
7767	350.5	8
7768	32.125	3
7769	60.5	3
7771	109.75	3
7772	87.5	6
7773	209.375	1
7774	185.5	7
7775	109.875	4
7776	33.75	3
7777	72.0	5
7778	53.875	3
7780	38.25	2
7781	78.5	1
7782	23.0	1
7784	269.625	4
7785	20.25	1
7786	227.625	8
7787	71.125	4
7788	51.0	3
7789	195.125	3
7790	74.375	4
7791	264.25	1
7792	156.0	5
7793	161.25	3
7794	37.875	3
7795	190.25	2
7796	80.875	1
7798	97.625	5
7799	27.5	2
7800	47.75	3
7801	28.25	1
7802	27.625	2
7803	162.5	4
7804	97.75	6
7806	73.0	7
7807	153.5	5
7808	54.875	3
7809	52.5	3
7810	76.25	4
7811	48.125	3
7812	58.5	3
7813	484.875	1
7814	41.75	3
7815	289.625	7
7816	91.125	5
7817	154.0	3
7818	103.375	4
7819	106.75	5
7821	129.625	6
7822	220.875	5
7823	109.75	8
7824	181.875	6
7825	19.25	1
7826	149.25	4
7827	30.0	3
7828	172.375	7
7829	40.0	4
7830	46.25	1
7831	78.5	7
7832	199.125	9
7833	54.75	7
7834	143.25	5
7836	307.0	9
7837	27.125	3
7839	82.75	6
7840	94.25	4
7841	25.25	3
7842	186.625	1
7843	306.375	9
7844	78.0	5
7845	100.875	7
7846	128.75	6
7847	35.0	3
7848	71.125	3
7849	77.125	5
7850	24.25	1
7851	83.0	5
7852	138.0	4
7853	29.25	1
7854	24.75	3
7855	118.5	5
7856	74.0	5
7857	91.625	5
7859	104.75	5
7860	32.625	3
7861	84.5	4
7862	279.0	2
7863	141.875	5
7864	65.0	4
7865	80.75	4
7866	165.75	4
7867	380.0	1
7868	466.5	7
7869	69.375	8
7870	65.5	4
7872	172.125	5
7873	26.0	3
7874	161.125	7
7875	25.75	1
7876	100.5	1
7877	25.375	1
7878	163.75	8
7879	22.375	1
7880	205.75	1
7881	82.125	5
7882	72.625	5
7883	91.625	4
7884	294.875	2
7885	66.0	3
7886	90.375	5
7887	78.0	1
7888	31.375	1
7889	43.625	3
7890	99.25	4
7891	35.375	2
7892	65.25	3
7893	101.25	5
7894	344.375	2
7895	70.75	5
7896	74.875	7
7897	77.25	7
7898	59.0	5
7899	173.25	5
7900	73.75	6
7901	150.0	6
7902	119.75	4
7903	120.625	5
7905	208.625	9
7906	199.125	5
7907	128.375	6
7908	57.625	3
7909	72.75	3
7910	22.25	1
7911	42.25	1
7912	160.375	4
7913	111.625	6
7914	145.625	7
7915	424.625	8
7916	192.875	4
7917	51.375	4
7918	82.875	4
7919	309.375	1
7920	102.0	3
7921	170.125	4
7922	73.25	3
7923	44.5	4
7924	123.875	7
7925	192.125	5
7926	254.25	1
7927	30.5	3
7928	193.25	9
7929	23.25	2
7930	45.375	3
7931	129.375	6
7932	129.75	6
7933	98.5	4
7935	55.625	3
7936	42.625	3
7937	106.5	5
7938	31.25	1
7939	220.875	4
7940	72.25	3
7941	75.5	3
7942	271.125	4
7943	22.5	1
7944	33.875	1
7945	18.75	2
7946	77.875	4
7947	25.375	1
7948	67.625	3
7949	44.0	2
7950	57.75	3
7951	51.875	3
7952	69.0	1
7953	64.875	7
7954	65.75	3
7955	90.5	5
7957	79.0	5
7958	159.25	5
7959	21.75	1
7961	36.5	1
7962	63.125	8
7963	154.875	5
7964	134.0	6
7965	108.625	8
7966	79.375	2
7967	113.25	6
7968	193.25	5
7969	157.125	5
7970	61.5	3
7971	100.375	6
7972	102.625	4
7973	19.125	3
7974	271.0	2
7975	172.375	2
7976	96.5	7
7977	105.875	5
7978	478.5	10
7979	131.625	5
7980	109.625	7
7981	29.25	1
7982	135.0	5
7983	122.5	3
7984	115.375	6
7985	109.75	1
7986	41.25	3
7988	22.5	1
7989	37.75	3
7990	25.75	1
7991	143.625	3
7992	93.75	5
7993	38.875	3
7994	64.25	4
7995	193.125	4
7996	139.5	5
7998	151.75	3
7999	49.5	3
8000	46.0	3
8001	150.75	5
8002	65.375	1
8003	65.875	3
8004	48.375	4
8005	96.75	7
8006	43.5	3
8007	150.75	7
8008	359.75	9
8009	86.125	4
8010	249.0	6
8011	80.5	3
8012	59.875	4
8014	247.25	6
8015	84.0	4
8016	126.25	6
8017	118.0	6
8018	107.25	7
8019	112.125	5
8020	91.625	7
8021	91.625	7
8022	122.125	3
8023	95.625	4
8024	34.5	3
8025	167.5	8
8026	78.125	3
8027	58.75	4
8028	123.375	3
8029	27.5	2
8030	30.25	3
8031	58.5	4
8033	28.875	1
8034	124.25	6
8035	27.125	3
8036	459.0	14
8037	29.25	1
8038	25.25	1
8039	175.75	7
8040	246.0	6
8042	126.0	3
8043	35.0	1
8044	26.0	1
8046	181.125	6
8047	31.125	2
8048	24.875	1
8049	154.0	3
8050	53.25	3
8051	310.5	6
8052	64.25	5
8053	66.125	3
8054	65.5	4
8056	247.375	7
8059	111.0	9
8060	23.5	1
8062	42.375	2
8063	94.125	4
8064	24.75	1
8065	128.0	5
8066	288.125	8
8067	67.375	4
8069	289.5	8
8070	160.125	2
8071	128.75	7
8072	121.25	6
8073	90.75	6
8074	27.0	1
8075	133.125	6
8076	133.5	6
8077	70.5	4
8078	20.0	3
8079	180.375	5
8080	274.75	3
8081	103.125	6
8082	119.0	4
8083	25.875	3
8084	65.25	4
8085	100.875	6
8086	22.75	1
8087	344.875	1
8088	54.0	5
8089	46.125	3
8090	24.5	2
8091	36.25	3
8092	201.75	9
8093	82.625	7
8094	140.5	8
8095	408.0	8
8096	46.5	1
8098	133.5	9
8099	75.625	5
8100	131.625	5
8101	96.25	2
8102	66.75	3
8103	135.5	5
8104	175.375	8
8105	59.75	3
8106	24.75	3
8107	97.25	5
8108	69.75	6
8110	155.75	5
8111	88.375	6
8112	54.25	1
8113	182.5	6
8114	213.5	7
8115	63.25	4
8116	76.25	4
8117	22.75	2
8118	239.625	6
8120	215.625	1
8122	30.875	3
8123	58.75	3
8124	127.5	6
8125	102.5	5
8126	187.0	6
8127	169.875	5
8128	163.25	7
8129	375.875	1
8130	220.75	7
8131	40.75	3
8132	108.0	6
8133	84.375	4
8134	417.875	1
8135	28.75	1
8136	179.5	1
8138	23.25	3
8139	46.75	2
8140	45.75	4
8141	40.375	1
8142	33.875	3
8143	64.5	4
8144	37.375	4
8145	88.75	5
8146	107.875	2
8147	264.375	1
8148	58.5	1
8149	69.625	4
8150	347.0	9
8151	27.375	1
8152	128.25	5
8153	153.875	5
8154	158.875	7
8155	52.5	5
8156	135.25	6
8157	158.25	3
8158	73.75	5
8159	207.0	7
8160	83.375	1
8161	123.75	5
8162	85.75	4
8163	65.375	3
8165	171.625	7
8166	38.5	4
8167	60.75	3
8168	36.625	2
8170	232.375	3
8171	35.625	2
8172	67.125	5
8173	29.25	1
8174	145.375	6
8175	34.25	1
8176	195.125	6
8177	172.125	2
8178	142.5	4
8179	152.125	5
8180	34.5	1
8181	98.0	3
8182	246.375	7
8184	120.75	7
8185	53.375	4
8187	22.75	1
8188	143.25	7
8189	142.5	4
8191	495.125	10
8192	276.25	9
8193	245.75	1
8194	75.75	5
8195	19.75	1
8197	23.0	1
8198	20.5	1
8199	40.0	4
8200	273.375	1
8202	80.0	4
8203	31.75	2
8204	168.75	6
8205	181.375	7
8206	67.75	1
8207	46.25	3
8208	108.125	5
8209	190.5	3
8210	102.875	4
8211	143.5	6
8212	22.0	2
8213	272.5	1
8214	159.25	6
8215	112.0	4
8216	29.5	1
8217	63.0	3
8218	19.25	1
8219	117.875	6
8220	32.375	2
8221	72.375	4
8222	160.625	2
8223	301.875	8
8224	63.75	3
8225	86.25	5
8226	245.5	11
8227	140.5	2
8228	367.125	3
8229	167.375	6
8230	167.75	5
8231	144.125	7
8232	174.375	2
8233	64.75	5
8235	22.25	2
8236	126.125	6
8237	40.5	3
8238	31.75	1
8239	43.5	3
8240	236.0	9
8241	65.75	3
8242	61.0	1
8243	23.25	1
8244	78.625	4
8245	185.0	3
8246	201.75	6
8247	50.5	4
8248	110.875	5
8250	371.875	8
8251	84.0	3
8252	106.375	7
8253	92.25	6
8254	79.5	7
8255	235.5	4
8257	90.0	1
8258	19.5	1
8259	21.5	1
8260	115.5	6
8261	77.125	6
8262	40.625	3
8263	27.75	1
8264	161.0	6
8265	93.375	3
8266	93.75	5
8267	201.0	3
8268	27.75	2
8269	335.25	6
8270	30.0	2
8271	30.25	3
8272	196.25	5
8273	74.5	1
8274	88.5	7
8275	279.5	3
8276	30.25	3
8277	132.75	6
8279	215.5	4
8280	30.0	3
8281	20.5	1
8282	62.0	3
8283	119.125	4
8284	70.25	4
8285	37.125	3
8286	29.75	2
8287	29.5	1
8288	44.75	1
8289	65.5	2
8290	199.25	7
8291	93.625	4
8292	51.25	3
8293	61.25	3
8294	143.125	5
8295	118.5	2
8297	31.25	3
8298	96.75	4
8299	86.625	7
8300	22.125	1
8301	86.0	5
8304	170.5	4
8305	135.25	6
8306	21.5	2
8307	19.25	1
8308	87.5	1
8309	107.0	3
8310	29.5	3
8311	72.0	5
8312	75.5	1
8313	25.5	1
8314	225.5	8
8315	122.0	6
8316	40.25	3
8317	41.625	2
8318	64.125	5
8319	533.125	11
8320	158.5	6
8321	24.75	1
8322	36.5	3
8323	102.0	5
8324	75.75	5
8325	161.25	5
8326	156.625	9
8327	67.125	4
8328	89.75	5
8329	187.75	8
8330	33.75	3
8331	134.5	5
8333	23.25	2
8334	187.25	3
8335	22.25	3
8336	27.0	3
8337	115.375	1
8338	18.0	1
8339	54.0	4
8340	100.5	7
8342	133.25	4
8344	92.625	4
8345	76.25	3
8347	205.25	3
8348	98.625	6
8349	86.25	1
8350	67.75	5
8351	26.25	1
8352	64.5	4
8353	29.25	2
8354	88.0	1
8355	220.875	2
8356	227.75	1
8357	126.5	6
8358	78.5	6
8359	78.5	7
8360	156.875	6
8361	152.375	7
8362	23.75	1
8363	49.25	3
8364	59.5	3
8365	311.25	7
8366	66.375	1
8367	23.0	1
8368	100.875	3
8369	160.375	6
8370	157.125	6
8371	184.875	10
8372	57.125	4
8373	227.625	10
8374	118.0	5
8375	105.0	5
8376	35.75	3
8377	55.375	1
8378	115.125	6
8379	20.5	3
8380	33.5	1
8381	51.5	3
8382	65.75	4
8383	80.75	5
8384	19.75	1
8385	76.75	3
8386	22.75	2
8387	88.0	4
8388	151.5	5
8389	121.125	5
8390	226.25	7
8391	20.0	1
8392	30.25	3
8394	327.0	6
8395	209.5	5
8397	176.25	5
8398	246.0	8
8399	75.0	3
8400	31.0	1
8401	87.125	4
8402	114.5	6
8403	189.0	6
8404	39.375	3
8405	139.875	4
8406	68.375	1
8407	206.75	5
8408	104.625	5
8409	110.875	4
8410	20.75	1
8411	89.875	6
8412	101.625	4
8413	195.5	6
8414	70.0	4
8415	81.5	3
8416	42.125	3
8417	113.375	5
8419	177.875	4
8420	99.75	1
8421	41.125	3
8422	248.75	7
8423	170.625	4
8424	35.5	3
8425	63.0	3
8426	19.25	1
8427	186.75	4
8428	84.25	1
8429	416.0	6
8430	66.125	4
8431	306.625	1
8432	230.125	4
8433	312.5	6
8434	68.0	1
8435	47.75	3
8436	106.25	7
8437	29.25	1
8438	78.75	5
8439	20.75	1
8441	101.625	5
8442	83.625	4
8443	261.25	6
8444	203.625	8
8445	53.75	5
8446	152.0	5
8447	44.625	4
8448	22.75	1
8449	274.625	5
8450	50.5	1
8451	244.625	9
8452	36.375	3
8453	209.125	9
8454	24.625	3
8455	113.125	6
8456	87.75	5
8457	107.125	3
8458	118.0	4
8460	21.875	1
8461	47.75	3
8462	45.0	3
8463	69.25	1
8464	131.25	9
8465	74.375	1
8466	43.0	2
8467	86.25	1
8468	60.5	3
8469	173.875	4
8470	26.875	1
8471	59.75	3
8472	120.0	7
8473	65.75	4
8474	70.125	4
8475	144.125	4
8476	58.875	5
8477	215.5	2
8478	56.625	5
8479	49.625	3
8480	288.25	1
8481	53.0	3
8482	187.5	6
8483	178.375	7
8484	27.5	3
8485	151.75	7
8486	28.25	1
8487	25.5	1
8488	175.0	1
8489	116.375	6
8491	24.75	3
8492	197.5	3
8493	67.875	5
8494	53.625	3
8495	263.5	12
8496	374.875	1
8497	66.375	1
8498	147.625	8
8499	68.125	4
8500	169.125	7
8501	330.875	5
8502	72.75	4
8503	38.0	3
8504	114.5	5
8505	82.75	6
8506	38.0	3
8507	27.875	2
8508	155.375	4
8509	26.75	2
8510	174.5	3
8512	75.75	3
8514	214.25	7
8516	340.25	9
8517	19.25	1
8518	41.5	3
8519	56.0	1
8520	21.75	1
8521	25.25	3
8524	42.0	3
8525	145.625	3
8526	34.375	1
8527	144.5	5
8528	397.125	6
8529	187.25	9
8531	18.0	1
8532	101.0	7
8533	74.5	3
8534	33.125	3
8535	75.0	3
8536	155.0	6
8537	215.5	4
8538	379.75	3
8540	139.375	3
8541	58.125	3
8543	28.75	3
8544	210.5	5
8545	35.0	3
8546	106.375	5
8547	73.375	3
8548	138.875	4
8549	69.25	3
8550	105.25	6
8551	124.125	3
8552	157.375	8
8553	137.0	6
8554	58.25	4
8555	115.875	6
8556	134.5	5
8557	133.125	6
8558	75.0	3
8559	36.25	1
8560	37.0	4
8561	58.75	1
8562	86.125	6
8563	123.625	6
8564	36.5	3
8565	32.5	1
8566	30.25	3
8567	31.5	1
8568	31.25	3
8569	137.0	5
8570	68.5	5
8572	51.0	1
8573	170.875	3
8576	135.375	5
8577	76.375	4
8578	85.25	4
8579	83.875	4
8580	80.0	3
8581	65.125	4
8582	209.875	10
8583	24.5	3
8584	60.625	3
8585	184.375	1
8586	39.0	5
8587	36.5	3
8588	66.5	4
8589	122.125	7
8590	19.25	1
8591	98.75	4
8592	79.0	3
8593	46.75	1
8594	32.5	3
8595	78.875	6
8596	97.0	7
8597	22.375	2
8598	301.0	1
8599	33.75	3
8600	148.0	5
8601	92.25	1
8602	286.5	3
8603	78.375	4
8604	215.375	5
8605	24.25	1
8607	359.625	4
8608	24.0	2
8609	76.75	5
8610	69.125	4
8611	129.0	5
8612	67.125	4
8613	140.375	5
8614	340.125	1
8615	73.25	4
8616	346.0	1
8617	70.875	1
8618	630.75	1
8619	32.625	3
8620	49.25	4
8621	231.625	1
8622	45.875	3
8623	95.625	4
8625	43.0	3
8626	42.625	3
8627	179.375	10
8629	55.25	3
8630	90.625	4
8631	56.0	1
8632	103.75	6
8633	52.125	3
8634	116.375	5
8635	32.0	3
8636	87.875	1
8637	38.0	4
8638	84.875	3
8639	122.375	7
8640	70.25	3
8641	80.75	4
8642	31.25	2
8643	24.25	2
8644	173.75	5
8645	20.75	2
8646	171.5	6
8647	31.0	3
8648	159.5	6
8649	28.25	1
8650	83.5	4
8651	75.125	3
8652	259.25	7
8653	89.25	5
8655	209.5	1
8656	47.625	1
8657	52.875	4
8658	119.0	2
8659	34.5	1
8660	94.0	9
8661	243.375	9
8662	23.5	3
8663	30.0	3
8664	89.0	5
8665	50.125	4
8666	89.75	1
8667	58.5	3
8669	44.5	5
8670	548.5	1
8671	46.5	3
8672	274.25	9
8673	450.625	5
8674	50.875	4
8675	77.5	5
8676	191.625	7
8677	71.75	4
8678	246.25	9
8679	49.0	3
8680	28.5	1
8681	81.5	4
8682	23.5	1
8683	59.5	3
8684	124.125	6
8685	57.125	3
8686	103.0	5
8687	59.25	3
8688	222.375	1
8689	34.5	3
8690	72.125	3
8691	20.0	1
8693	182.25	5
8694	60.375	4
8695	39.0	3
8696	89.25	6
8697	33.5	3
8700	136.25	3
8701	71.5	3
8702	115.75	3
8703	33.25	3
8704	30.5	3
8705	188.25	4
8706	464.375	1
8708	224.25	5
8709	48.5	3
8710	225.25	6
8711	25.0	2
8712	64.0	3
8713	29.625	3
8714	102.125	2
8715	271.125	4
8716	47.0	3
8717	92.875	5
8718	186.375	5
8719	76.0	6
8720	184.125	7
8721	65.0	1
8722	36.75	3
8723	60.25	3
8724	36.5	4
8725	20.375	1
8726	335.625	11
8727	50.0	3
8728	45.25	4
8729	151.25	6
8730	22.5	2
8731	172.0	8
8732	70.625	4
8733	60.125	3
8734	221.5	2
8735	35.0	5
8736	43.25	3
8737	215.625	5
8738	66.25	3
8739	42.0	5
8741	50.75	4
8742	208.5	7
8743	20.75	1
8744	107.0	5
8745	78.75	6
8746	232.625	7
8748	65.5	5
8749	21.125	1
8750	41.125	3
8752	272.125	3
8753	68.125	3
8754	53.75	1
8755	74.375	3
8756	101.625	8
8757	75.0	4
8758	22.25	1
8759	261.75	8
8761	179.5	3
8763	52.5	3
8764	20.125	1
8765	122.25	2
8766	88.375	5
8767	34.25	1
8768	113.0	2
8769	19.25	1
8770	59.375	3
8771	70.625	4
8772	65.5	3
8773	24.25	1
8774	202.75	5
8775	46.5	3
8776	61.75	4
8777	18.5	1
8778	109.5	7
8779	36.75	5
8780	194.875	5
8781	45.875	3
8782	51.25	1
8783	91.125	6
8784	84.0	3
8785	108.0	6
8786	143.5	2
8787	33.125	3
8788	62.25	5
8789	79.5	6
8790	172.5	7
8791	155.125	7
8792	39.5	3
8794	43.5	3
8795	127.875	5
8796	71.875	1
8800	86.875	4
8801	204.375	5
8802	181.75	6
8803	199.75	7
8804	38.75	3
8805	96.625	6
8806	59.375	4
8807	97.125	4
8808	163.0	7
8809	77.625	6
8810	222.75	7
8811	34.625	3
8812	180.125	8
8813	25.625	3
8814	40.875	2
8815	38.875	3
8816	26.5	3
8817	62.375	3
8818	106.0	6
8819	64.625	6
8820	143.375	2
8821	33.0	2
8823	116.375	11
8824	30.5	3
8825	147.875	6
8826	299.125	10
8827	184.625	6
8828	78.25	4
8829	205.125	7
8830	72.75	5
8831	103.0	5
8832	22.0	3
8833	166.875	6
8834	99.375	7
8835	66.25	4
8836	75.625	4
8837	65.0	5
8839	51.375	1
8840	28.875	3
8841	71.375	1
8842	23.0	3
8843	139.0	5
8844	28.5	3
8845	43.625	3
8846	85.875	7
8847	36.875	3
8848	23.75	1
8849	233.75	8
8850	230.375	2
8851	165.5	4
8852	101.75	7
8853	101.0	3
8854	22.125	1
8855	33.875	2
8856	40.75	3
8857	59.375	3
8858	65.375	4
8859	79.0	1
8860	69.125	2
8861	123.0	3
8862	19.5	2
8864	87.0	5
8865	517.5	1
8866	220.0	9
8867	365.625	8
8868	38.5	3
8869	209.75	7
8870	80.875	5
8871	96.75	3
8872	94.125	8
8873	30.5	1
8874	65.625	4
8875	163.75	6
8876	302.75	4
8877	31.75	3
8878	95.375	10
8879	54.375	3
8880	140.0	7
8881	30.25	1
8882	193.25	7
8883	212.75	1
8884	24.25	3
8885	25.75	3
8886	18.0	1
8887	71.875	4
8888	94.75	4
8889	80.75	5
8890	86.0	3
8891	169.25	5
8892	92.375	6
8893	290.625	7
8894	170.875	6
8895	303.125	5
8896	42.75	5
8897	83.875	1
8898	113.875	2
8899	71.125	3
8901	76.375	4
8902	27.375	1
8903	215.875	11
8904	25.375	3
8905	60.75	3
8906	68.5	4
8907	71.5	3
8908	29.375	2
8909	30.375	1
8910	102.25	1
8911	147.5	4
8912	105.75	5
8913	42.125	3
8914	240.25	4
8915	89.75	7
8916	194.5	1
8917	194.5	1
8918	140.0	7
8920	191.375	5
8921	120.875	5
8922	155.375	4
8923	51.0	3
8924	132.75	6
8925	54.25	3
8926	24.375	3
8927	89.125	5
8928	41.5	3
8929	55.75	3
8930	106.125	5
8931	124.5	7
8932	98.125	4
8933	421.375	14
8934	83.75	4
8936	38.25	4
8937	73.875	3
8938	284.75	1
8940	60.75	3
8941	27.75	1
8942	17.75	1
8944	78.0	4
8945	59.25	1
8946	24.375	2
8947	103.875	3
8948	220.375	8
8949	64.375	3
8950	55.5	4
8951	173.5	6
8952	69.625	4
8954	29.75	3
8955	106.125	5
8956	144.25	4
8957	49.0	3
8958	37.5	4
8959	30.625	3
8960	51.75	3
8961	111.0	4
8962	61.25	4
8963	185.625	8
8964	42.25	5
8965	61.625	5
8966	35.75	3
8967	146.625	7
8968	57.5	1
8969	70.375	3
8970	123.5	5
8971	164.5	7
8972	34.75	3
8973	43.75	3
8974	121.375	1
8975	32.0	3
8976	247.0	6
8977	45.0	4
8978	158.0	6
8979	278.875	8
8980	76.0	4
8981	56.0	1
8982	55.125	3
8983	67.375	1
8984	98.25	3
8985	70.0	5
8986	78.75	4
8987	218.25	4
8988	99.0	5
8989	138.0	6
8990	74.25	4
8991	145.75	6
8992	140.125	6
8993	84.25	5
8994	53.25	5
8995	61.0	1
8996	172.625	6
8997	25.125	2
8998	42.25	3
8999	65.0	5
9001	77.5	1
9003	60.875	3
9004	46.25	1
9005	38.375	3
9006	233.75	5
9007	31.125	3
9008	34.75	3
9009	125.875	7
9010	122.875	6
9011	197.375	8
9012	37.625	2
9013	19.5	1
9014	195.25	7
9015	35.75	3
9016	84.375	6
9017	53.375	3
9018	114.75	6
9019	84.375	6
9020	33.5	3
9021	24.0	1
9023	35.25	1
9024	136.25	4
9025	68.625	1
9026	115.5	7
9028	31.5	1
9029	24.0	2
9030	114.0	7
9031	160.75	6
9032	151.375	3
9033	100.0	5
9034	76.0	8
9035	67.25	4
9037	67.875	3
9038	41.25	3
9039	20.75	3
9040	103.5	3
9041	186.125	5
9042	68.875	5
9043	209.75	5
9044	30.375	3
9045	27.125	3
9046	261.375	1
9047	194.5	5
9048	89.0	4
9049	63.25	3
9050	82.0	3
9052	54.25	3
9053	84.875	5
9054	35.75	4
9055	200.25	1
9056	84.875	3
9057	115.875	4
9058	61.0	4
9059	54.75	4
9060	98.375	10
9061	41.75	3
9062	69.5	1
9063	29.75	1
9065	134.25	5
9066	59.5	5
9067	18.75	1
9068	119.25	6
9069	198.375	7
9070	76.5	4
9071	164.5	5
9072	124.75	5
9073	181.125	7
9074	206.75	9
9075	87.5	7
9076	28.125	3
9077	43.0	3
9078	93.125	5
9079	82.5	4
9080	38.25	3
9081	37.875	5
9082	199.125	4
9083	316.25	6
9084	51.0	4
9085	39.5	3
9086	19.75	1
9087	105.375	9
9088	218.375	4
9089	85.75	1
9090	84.0	3
9091	28.0	3
9092	143.25	3
9093	27.75	1
9094	131.625	6
9095	147.25	5
9097	159.875	4
9098	67.75	4
9100	68.0	4
9101	80.875	7
9102	47.375	4
9103	29.25	1
9104	115.25	1
9105	352.375	3
9106	44.25	4
9107	140.25	3
9108	98.375	6
9109	138.125	4
9110	89.625	5
9111	26.25	3
9112	49.75	3
9114	156.25	8
9115	70.125	3
9116	91.25	1
9117	34.0	3
9119	118.75	5
9120	127.375	5
9121	52.5	3
9122	210.0	8
9123	47.625	2
9124	195.5	3
9125	26.875	2
9126	19.5	1
9127	130.25	5
9128	81.0	5
9129	78.5	4
9131	88.75	5
9132	170.125	7
9133	144.0	10
9134	137.75	2
9135	31.0	3
9136	383.375	11
9137	39.5	3
9138	46.75	4
9139	23.0	3
9140	30.125	2
9141	63.375	1
9142	165.25	5
9143	260.875	8
9144	189.375	7
9145	123.75	5
9146	137.5	5
9147	119.0	6
9148	94.75	5
9149	98.375	4
9150	32.625	1
9151	24.75	1
9152	35.875	3
9153	398.25	8
9154	91.75	5
9155	201.0	6
9156	146.75	6
9157	91.375	7
9158	250.25	8
9159	217.625	3
9160	37.25	3
9161	35.5	1
9162	233.75	5
9163	100.75	6
9164	97.0	7
9165	138.25	4
9166	51.75	3
9167	89.625	5
9168	128.375	3
9169	20.0	1
9170	90.0	1
9171	48.125	1
9172	31.75	3
9174	29.5	3
9175	57.25	3
9176	122.75	4
9178	335.25	9
9179	24.5	1
9180	76.125	5
9181	178.5	3
9183	80.25	5
9184	66.5	3
9185	40.25	3
9186	39.5	3
9187	115.5	3
9188	44.125	3
9189	168.25	4
9190	65.75	4
9192	69.0	5
9193	103.5	4
9194	113.875	5
9195	83.0	5
9196	115.375	7
9198	119.875	5
9199	71.375	4
9200	35.375	4
9201	287.625	7
9202	105.0	6
9203	67.25	1
9204	43.75	3
9205	75.5	7
9206	117.25	4
9208	39.125	4
9209	19.25	1
9210	421.375	5
9211	23.25	1
9212	114.125	5
9213	61.875	3
9214	124.25	5
9215	24.0	3
9216	45.375	3
9217	191.625	5
9218	84.25	7
9219	82.5	3
9220	38.25	3
9222	87.125	4
9223	95.0	4
9224	147.25	5
9225	84.75	4
9226	88.625	5
9227	108.75	5
9228	72.875	1
9229	25.0	1
9230	31.125	3
9231	36.5	3
9232	296.0	4
9233	430.75	9
9234	96.125	7
9235	30.75	1
9236	131.625	7
9237	30.5	3
9238	45.625	3
9239	26.625	3
9240	121.375	4
9241	107.625	5
9242	212.375	7
9243	54.75	1
9244	25.0	1
9245	23.5	2
9246	34.0	1
9247	117.0	4
9248	77.75	2
9249	32.0	1
9250	279.125	4
9251	160.5	5
9252	118.25	8
9253	164.375	5
9254	241.25	3
9255	93.0	2
9256	41.0	3
9257	133.375	5
9258	33.5	2
9259	123.25	6
9260	80.5	5
9261	82.75	4
9262	225.625	2
9263	38.5	3
9264	47.75	1
9265	31.5	3
9266	111.25	5
9267	96.875	6
9269	78.5	4
9270	26.0	3
9271	60.625	4
9272	267.375	8
9273	109.5	5
9274	35.625	3
9275	31.5	2
9276	93.0	5
9277	32.0	1
9278	32.0	1
9279	35.75	1
9280	66.25	3
9281	318.75	2
9282	90.0	8
9284	266.75	1
9285	86.875	5
9286	58.75	3
9287	30.25	3
9288	84.0	4
9289	21.25	1
9290	60.875	4
9291	58.375	3
9292	39.875	3
9293	254.375	5
9294	131.375	5
9295	89.0	5
9296	20.625	1
9297	36.5	3
9298	103.5	4
9299	72.125	1
9300	45.0	3
9301	75.875	3
9302	50.5	4
9303	26.25	1
9305	140.5	8
9306	111.625	7
9307	68.25	3
9308	27.375	1
9309	58.25	3
9310	150.625	7
9311	185.25	3
9312	211.25	1
9313	24.375	1
9314	83.75	1
9315	68.875	4
9316	128.875	5
9317	222.0	5
9318	154.5	5
9320	45.5	2
9321	232.875	1
9322	70.375	3
9323	100.75	11
9324	50.0	1
9325	96.625	6
9326	74.0	1
9327	67.5	4
9329	33.625	1
9330	261.625	3
9331	93.75	4
9332	22.75	1
9333	220.375	4
9335	71.625	5
9336	60.875	4
9337	86.625	5
9338	180.875	5
9339	25.75	3
9340	293.0	3
9341	32.375	3
9342	283.375	12
9343	21.75	1
9344	115.25	1
9345	34.375	3
9346	76.25	1
9347	65.75	4
9348	30.75	4
9349	76.0	5
9350	26.5	1
9351	81.25	5
9352	92.0	6
9353	71.0	4
9354	110.625	5
9355	71.75	5
9356	124.75	7
9357	57.0	1
9358	72.625	4
9359	61.5	3
9360	186.25	7
9361	52.375	4
9362	49.875	3
9363	77.125	1
9364	29.875	3
9365	215.0	8
9367	188.5	7
9368	79.625	4
9369	119.75	6
9370	40.5	3
9371	40.375	4
9372	41.25	3
9373	96.0	5
9374	198.0	5
9375	135.75	6
9376	93.125	2
9377	81.5	3
9378	21.25	1
9379	66.875	3
9380	23.5	3
9381	146.0	4
9382	108.0	6
9383	166.625	5
9384	110.375	5
9385	276.875	1
9386	21.75	2
9387	211.75	3
9388	164.375	6
9389	148.875	5
9390	24.5	1
9391	74.5	5
9392	72.875	4
9393	72.875	5
9394	164.625	7
9395	27.5	3
9397	47.5	3
9398	134.375	5
9399	110.625	7
9400	71.5	1
9401	60.0	3
9402	137.5	5
9403	89.25	3
9405	117.875	9
9406	28.75	2
9407	59.625	3
9408	87.0	3
9409	86.25	3
9410	123.875	6
9411	124.0	5
9412	68.25	1
9413	79.75	4
9414	35.25	1
9415	113.125	4
9416	93.875	4
9417	66.375	4
9418	36.25	3
9419	232.0	4
9421	79.875	5
9422	60.75	5
9423	184.625	6
9424	29.375	3
9425	64.75	1
9426	138.375	3
9427	138.375	7
9429	26.0	3
9430	148.875	4
9431	50.125	3
9432	238.25	5
9433	135.875	7
9434	115.75	4
9435	202.375	8
9436	55.75	3
9437	229.875	3
9438	69.5	5
9439	254.0	2
9440	196.25	7
9441	140.875	10
9442	66.125	3
9443	32.25	3
9444	222.125	3
9445	32.5	2
9446	165.125	8
9448	108.125	5
9449	151.0	5
9451	144.625	7
9452	40.25	4
9453	210.375	1
9454	314.75	16
9455	245.375	3
9456	91.125	7
9457	67.5	5
9458	78.875	1
9459	99.25	4
9460	21.375	1
9461	110.75	1
9463	23.0	1
9464	55.125	5
9465	37.5	3
9466	69.75	1
9467	77.25	6
9468	69.5	1
9469	21.75	3
9470	361.625	8
9471	320.875	5
9472	30.0	3
9473	185.125	6
9474	62.75	4
9475	97.625	6
9476	121.0	5
9477	33.0	4
9478	171.5	9
9479	193.5	7
9480	164.375	3
9481	115.75	5
9482	155.125	6
9483	79.375	3
9484	31.125	3
9485	115.25	4
9486	294.125	1
9487	29.875	3
9488	89.0	6
9489	76.875	5
9490	256.75	7
9491	48.75	3
9492	75.375	4
9493	20.5	1
9494	66.0	5
9496	31.25	3
9497	76.75	3
9498	287.375	1
9499	22.75	1
9500	32.375	1
9501	34.0	3
9502	30.125	3
9503	123.5	4
9504	48.5	3
9505	85.75	5
9506	72.5	1
9507	30.5	1
9508	60.625	4
9509	61.75	5
9510	155.5	6
9511	125.75	6
9512	118.0	5
9513	86.875	5
9514	150.25	5
9515	152.875	7
9516	20.0	1
9518	51.625	4
9519	223.875	6
9520	213.75	8
9521	49.875	4
9522	93.25	1
9523	203.125	8
9524	21.5	1
9526	122.25	5
9527	317.25	4
9528	201.375	6
9529	150.5	3
9530	79.125	3
9531	171.75	5
9532	26.25	1
9533	120.5	8
9534	43.5	3
9535	201.5	5
9536	71.75	5
9537	151.375	9
9538	122.0	5
9539	130.25	6
9540	42.25	4
9541	38.125	3
9542	39.75	3
9543	47.625	3
9544	99.625	1
9545	60.125	4
9546	50.5	4
9547	68.0	5
9548	141.25	7
9549	234.875	4
9550	99.125	5
9551	62.5	4
9552	191.0	7
9553	85.625	1
9554	122.0	4
9556	179.5	7
9557	305.125	8
9558	114.25	5
9559	49.5	4
9560	44.5	4
9561	118.75	6
9562	24.0	1
9563	62.875	2
9564	175.0	6
9565	108.875	5
9566	46.75	4
9567	196.75	6
9568	116.375	5
9569	248.25	7
9570	167.75	5
9571	56.875	5
9573	66.125	3
9574	148.375	6
9575	62.25	1
9576	65.25	5
9577	55.875	1
9578	73.875	5
9579	95.25	5
9580	324.625	5
9581	53.0	4
9582	61.25	3
9583	172.5	7
9584	99.75	4
9585	153.875	6
9586	176.25	5
9587	21.25	3
9589	35.375	3
9590	224.125	4
9591	42.875	1
9592	77.0	4
9593	29.75	2
9594	201.625	2
9595	46.625	3
9597	37.25	4
9598	148.0	7
9599	178.75	7
9600	63.5	4
9601	17.25	1
9602	61.5	1
9603	124.0	4
9604	229.0	8
9605	95.875	4
9606	83.375	5
9607	53.375	3
9608	191.5	6
9609	147.0	3
9610	114.0	8
9611	127.875	5
9612	137.5	3
9613	26.625	3
9614	24.0	1
9615	103.75	7
9616	93.875	6
9617	57.25	3
9619	35.75	3
9620	68.375	5
9621	34.75	3
9622	52.375	4
9623	127.75	4
9624	27.25	1
9625	26.25	3
9626	47.875	4
9627	131.25	5
9628	113.125	7
9629	18.125	1
9630	215.75	3
9631	212.0	6
9632	198.625	9
9633	51.25	3
9634	130.625	5
9635	104.875	8
9636	145.125	6
9637	66.0	3
9638	55.625	3
9639	25.5	1
9640	24.0	1
9641	253.75	1
9642	218.875	8
9643	94.625	4
9644	99.75	3
9645	75.0	5
9646	142.0	2
9647	53.625	3
9648	16.25	1
9649	42.0	5
9650	90.125	5
9653	31.125	3
9654	46.25	3
9655	72.25	1
9656	46.5	3
9657	17.75	1
9658	107.5	5
9659	174.0	2
9660	60.625	4
9661	117.375	5
9662	84.75	5
9663	53.125	2
9664	47.25	2
9665	39.75	3
9666	23.0	2
9667	75.25	1
9668	144.375	4
9669	71.375	6
9670	108.375	5
9671	187.875	7
9672	27.625	3
9673	89.0	1
9675	89.125	5
9676	196.625	7
9677	119.875	4
9678	76.375	4
9679	56.0	4
9680	91.0	5
9681	79.625	2
9682	94.875	2
9683	236.375	8
9684	43.75	2
9685	175.5	3
9686	107.375	3
9687	94.5	4
9688	171.0	5
9689	112.0	3
9690	42.0	3
9691	53.375	3
9692	292.375	6
9693	116.875	6
9694	118.25	4
9695	90.25	1
9696	71.375	3
9697	122.5	6
9698	85.375	5
9701	25.0	1
9702	31.75	1
9703	309.25	7
9704	243.375	3
9705	135.5	6
9706	80.75	5
9707	124.0	5
9708	95.5	4
9709	91.5	1
9710	57.25	3
9711	139.875	6
9712	261.375	8
9713	175.875	5
9714	66.25	4
9716	195.75	2
9717	58.25	5
9718	102.375	4
9719	95.5	1
9720	116.625	3
9722	43.125	3
9724	159.5	6
9725	101.5	4
9726	146.0	4
9727	145.25	6
9728	100.25	5
9729	133.125	1
9730	51.125	3
9731	46.5	3
9732	72.5	5
9733	44.125	3
9734	120.75	5
9735	232.125	1
9736	42.375	3
9737	97.0	3
9738	106.875	5
9739	27.5	3
9740	238.625	8
9741	89.5	8
9742	32.75	3
9743	60.875	4
9744	18.5	1
9745	111.625	5
9746	92.625	1
9747	92.75	7
9748	42.25	3
9750	212.25	8
9751	184.375	4
9752	130.5	5
9753	99.75	6
9754	95.5	3
9755	200.5	4
9756	252.75	5
9757	22.25	1
9758	56.625	3
9759	142.625	6
9760	128.875	4
9761	21.5	1
9762	71.5	4
9763	59.25	4
9764	224.0	6
9765	26.0	1
9766	189.625	7
9767	62.0	2
9768	170.5	4
9769	55.0	5
9770	24.25	1
9771	116.125	5
9772	14.5	1
9773	18.5	1
9774	197.375	6
9775	33.375	1
9776	180.0	3
9777	64.125	4
9778	100.0	4
9780	134.875	7
9781	20.25	1
9782	24.0	1
9783	200.0	2
9784	118.25	5
9785	115.625	4
9786	119.875	7
9787	125.75	5
9788	30.75	3
9790	213.875	4
9791	160.25	6
9792	133.5	4
9793	34.0	3
9795	94.25	5
9796	61.875	1
9797	20.75	1
9798	32.125	3
9799	153.0	6
9800	134.375	6
9801	45.5	4
9802	19.25	1
9803	76.125	5
9804	59.625	3
9805	118.25	7
9806	297.5	5
9807	212.25	3
9808	96.875	10
9809	86.0	1
9810	148.25	6
9811	26.5	2
9812	255.375	1
9813	74.875	2
9815	140.0	4
9816	209.0	3
9817	164.75	5
9818	95.75	1
9821	50.5	1
9822	34.125	4
9823	80.875	5
9824	40.5	2
9825	238.25	2
9826	296.625	7
9827	235.5	5
9828	91.0	7
9829	94.5	5
9830	43.25	3
9831	107.5	4
9832	45.625	3
9833	294.5	5
9835	31.0	1
9836	147.0	4
9837	76.25	5
9838	105.5	4
9839	43.875	3
9840	187.25	3
9841	163.375	7
9842	114.375	6
9843	108.375	4
9844	62.625	3
9845	21.5	1
9846	136.625	5
9847	160.625	4
9848	30.5	1
9849	108.75	6
9850	65.25	4
9852	80.0	9
9853	165.875	3
9854	27.5	1
9855	59.0	4
9857	290.0	9
9858	127.75	1
9859	99.125	4
9860	97.125	5
9861	157.375	6
9862	65.625	5
9863	129.75	8
9864	96.0	4
9865	237.125	5
9866	79.0	7
9867	117.875	4
9868	181.125	3
9869	96.125	4
9870	47.625	1
9871	203.875	1
9873	51.25	3
9874	38.875	2
9875	26.0	1
9876	23.5	3
9877	164.0	7
9878	152.875	5
9879	22.5	1
9880	93.875	5
9881	25.5	3
9882	85.0	1
9883	540.875	3
9884	85.25	1
9885	51.25	1
9886	129.375	8
9887	411.875	10
9888	36.5	2
9889	131.75	5
9890	301.125	1
9891	93.625	4
9892	43.25	3
9893	39.625	3
9894	20.5	1
9895	72.5	6
9896	38.5	3
9897	39.875	3
9898	187.0	9
9899	294.75	5
9900	20.5	1
9901	37.375	3
9903	157.75	7
9904	339.125	7
9905	52.0	4
9906	146.625	3
9907	129.25	3
9909	280.0	1
9910	134.375	6
9912	32.25	3
9913	34.75	3
9914	72.125	4
9915	105.5	5
9916	49.875	3
9918	376.5	6
9919	245.375	3
9920	63.125	4
9922	66.0	3
9923	33.25	2
9924	109.0	5
9925	241.625	1
9926	25.75	2
9927	30.25	3
9928	404.25	12
9929	45.625	3
9930	105.25	6
9931	31.875	2
9932	47.125	3
9933	235.75	7
9934	46.25	3
9935	75.875	6
9936	162.0	7
9937	109.125	4
9938	26.5	3
9939	257.875	3
9940	21.75	1
9941	173.75	3
9942	157.875	5
9944	112.375	5
9945	173.75	4
9946	125.25	7
9947	24.125	1
9948	169.25	4
9949	57.125	4
9950	42.875	3
9951	236.875	7
9952	110.75	2
9953	78.75	4
9954	195.0	7
9955	106.25	1
9956	26.25	3
9957	115.25	7
9958	121.0	3
9959	164.5	5
9960	123.375	5
9961	89.125	1
9962	38.125	3
9963	17.5	2
9964	175.25	4
9965	168.875	5
9966	24.0	3
9967	219.5	9
9968	126.25	3
9969	26.25	1
9970	89.75	6
9971	32.625	1
9972	46.125	3
9973	153.125	7
9974	65.375	4
9975	198.25	5
9976	183.25	3
9977	39.0	3
9978	203.75	1
9979	61.75	4
9980	65.25	4
9981	105.125	2
9982	60.0	3
9983	153.75	7
9984	335.5	3
9985	43.0	3
9986	78.5	4
9987	78.125	5
9988	38.125	1
9989	181.375	5
9990	214.625	7
9991	38.0	3
9992	189.875	12
9993	24.75	3
9994	95.375	3
9995	32.0	3
9996	100.0	9
9997	89.75	2
9998	132.75	5
9999	34.875	3
10000	103.125	6
